pair_type,lang,primary_genre,topic_cluster,cosine_similarity,doc_id_1,doc_id_2,author_id_1,author_id_2,token_length_1,token_length_2,length_ratio,split_1,split_2,doc_type_1,doc_type_2,source_1,source_2,text_snippet_1,text_snippet_2
same_author_same_genre_same_topic,es,literature,2,0.556820585889022,mix_026272,mix_026273,8618cb606766a21148b9e1971fe59763989785c36efaee5edf67ab3b0ebfa557,8618cb606766a21148b9e1971fe59763989785c36efaee5edf67ab3b0ebfa557,344.0,380.0,1.1046511627906976,train,train,query,candidate,spanish_pd_books,spanish_pd_books,"caiga c! ibmbrero.o le hiera el cauallo, v otro definan de losdc la ley.de fuerte que en fu co cepto lienta quedar ajado el no facarla entoncesjenelmionolo cfcufaiá el guardarla obferuancia délos preccptos.porquefonma...","«Jole quatro dedosde los cuernes.azialainuma cabcea.cs'muy cócingcntc con pocoq cntielaeipada.mararle, porcortaile hi cuerdacj le :.;Ouierna,qi!e por aquella parte de la nuca la tiene mat dclcubieita, y caerá luego de..."
same_author_same_genre_same_topic,es,literature,2,0.4221299438190471,mix_026663,mix_026664,adde0693b4f8272d418ead7cbc90250554b047b00bae4171ff219272c765a452,adde0693b4f8272d418ead7cbc90250554b047b00bae4171ff219272c765a452,408.0,365.0,1.1178082191780823,train,train,query,candidate,spanish_pd_books,spanish_pd_books,"' Mas como yuan en bufca de aquel tytano ColTano Sanfhn bailaron furgído en mar blanca,delante Porto Fariña^ pocos días defpues del gloriofo precurfor Bapnfta. Cierto queíie la ocafion mas que buena., puesíftaua dotmi...","fagre 5^ vidas , determinatori de que tuefíe ahorcado a lad’ ma de la entena de la Capí tana Malteza, y boca paraabaxo, halla que dio fu alma al núfmo que la,recibió,la de aquel mal dito Mahoma. Todo lo.fufodichoz nar..."
same_author_same_genre_same_topic,es,literature,2,0.40260987797617354,mix_026394,mix_026393,92f9dd8302b27ab439fa8424a5a32db922d6da845681e28f1e11453a104bddf7,92f9dd8302b27ab439fa8424a5a32db922d6da845681e28f1e11453a104bddf7,366.0,272.0,1.3455882352941178,train,train,candidate,query,spanish_pd_books,spanish_pd_books,"13 6 lar din ZÍfyCyftico, dexó próvifion al Convento para un año, y fíete doblones en el depofito. 6 Fué eíla V. Madre íingularmente virtuofa jy no havia virtud, que en alto grado no la defeára pracTicár. Velava fiemp...","Fili -, ó » J)eü,& ipCc curabit te. Dolor,f>a«itnt'u vin«etüí. $enteA> grande.embidia al Demonio. Era ordinario, que defpues de haver concluido la Comunidad en el Coro, fe quedava por largo tiempo la Sierva de Dios al..."
different_author_same_genre_same_topic,es,literature,2,0.43995894545210934,mix_027076,mix_025899,dcf50997c15f734bab31736095a9a5f8d8b9f8348cb08640f55275363e95b378,60386b0c00b379598722f8b84d4850251ff8101583c89017fe056a8577e30bff,334.0,364.0,1.089820359281437,train,train,query,query,spanish_pd_books,spanish_pd_books,Pi a .§ u ib£ El Medico de si mifmo; que el mejor partido que podia toma? era exercitar la Medicina un poco mas decentemente que lo avia hecho hafta: entonces: para efto procuró retener algunas palabras latinas de las...,"tales razones, que pa ­ fefcen verdaderas, yliguiendoá quaiquieí­.; См 34 DIALOGO ra de ellas: hade feria manera del curar particular, y contraria á la otra. De manera que pues de eftas caufas & origines es cota tan d..."
different_author_same_genre_same_topic,es,literature,2,0.4296472259461759,mix_025727,mix_026663,4d4e1b3b44316797db9b163ae18e5afad71539f02a5cf38b15f06b202bd66bf2,adde0693b4f8272d418ead7cbc90250554b047b00bae4171ff219272c765a452,357.0,408.0,1.1428571428571428,train,train,candidate,query,spanish_pd_books,spanish_pd_books,"Reboluieron fobreel vaxel, ya hora de medio día fue alcançado, y reconocido por Turquefco,ccmençaron a combatirlo con ti­ ros, el qual fin mucha defenfa fe rindió, y entrando en el, lo toma­ ron, que eftaua cargado de...","' Mas como yuan en bufca de aquel tytano ColTano Sanfhn bailaron furgído en mar blanca,delante Porto Fariña^ pocos días defpues del gloriofo precurfor Bapnfta. Cierto queíie la ocafion mas que buena., puesíftaua dotmi..."
different_author_same_genre_same_topic,es,literature,2,0.40886492518918094,mix_026920,mix_025230,cc135ee29490ecc3024d541815887c841ef9d4a5a4d39d377cf67f138dfbf3c8,163695e94eb44c996f9203c76612b291abe1344d02013e80ffa2947659325a54,406.0,465.0,1.145320197044335,train,train,candidate,candidate,spanish_pd_books,spanish_pd_books,":g ~ ut:5 ~ ., ~ ~ ~ r~ ~ ~ :i ~ :g Vl3 e~ ""'~ ~ ~ .,~ ~~ V~ t:g u~ ~ ""~ =~ uf! • t Todos rub lica nel gozo, Y,·l eahnentc prorumpen Demoníl:racioncs lucidas, Qye en fiel competencia fe vnen. Lunes veinte y dos de May...","y es aliento inhumano, ~ (lar J 1 e 3. ' un temor ,LientoS '"" (Je 1 eyrano. :'.v-; ~Jli. • La Agl1ia, q'c del Sol bebe los rayos, ~~ negJr quiere. a la noche fus defmayos, ~¿ de modo alnva generofament~, ~ que immdada..."
different_author_same_genre_same_topic,es,literature,3,0.33747510903754496,mix_025043,mix_027065,02df0e288bc69691403dba83d0fc57ac13ad1f7310b3f1511b7eca30340ed65d,db7f78557e13f109a2c9c4c5c82bea95a45f5cd50ef409233caed020e79ef334,101.0,126.0,1.2475247524752475,train,train,query,query,spanish_pd_books,spanish_pd_books,"«Oportuno Defensor de mi fama y de LXXXV Quién de aquí, quién de allí Cada uno se le aparece, á los otros ve con celo, A todos ella acoge, y aun parece Que cada cual le da gozo y consuelo. Nota Gofredo apenas amanece ...","; 11 — derrota á quién. CASTO. Si el demonio va ROQUE. á impedir mi acción, de la tentación Dios me librará. Pronto, oh mi Dios!, veremos bien quién de los dos derrota á quién. Frente á frente ya, va á empezar la acci..."
different_author_same_genre_same_topic,es,literature,3,0.27586467969056006,mix_026826,mix_026561,c11004532e35a57b2c1541f8b1bd2e6e75dbb992ac5ea1b6a2d31ad756d36f6b,a30e2b668551b800de770eee074db427d5d5ffbecb20a1a11d07125d5bc404a1,246.0,317.0,1.2886178861788617,train,train,candidate,candidate,spanish_pd_books,spanish_pd_books,"siderada la milicia palatina que la milicia armada. Á los criados de palacio se les concedió el privilegio de que no solamente ellos, sí no también sus mugeres, sus hijos, y aun sus esclavos fueran esentos de muchas c...","—G3— sus eos ¿timbres, bien diferente todo de lo nuestro, en una palabra, vendría la desaparición de nuestra raza en la Isla, ó por lo menos, la reducción de la mismaá la más completa nulidad. Ahora bien, advertidas p..."
different_author_same_genre_same_topic,es,literature,3,0.27153497757272826,mix_025763,mix_026726,50a5a41150e58f437b889ceed140f0f5230b64df9138f66922dc46010649c3d0,b4d155b120347a44d240a42f03b9e1624c7b3a4c71270f7ef154688e0fad17ec,149.0,202.0,1.3557046979865772,train,train,candidate,query,spanish_pd_books,spanish_pd_books,"—16— les silvestres, claro está que al llegar á su perfecto desarrollo físico no tendrá otras propiedades que las de aquellos animales en cuya sociedad vivió, Así pues, la educación es la joya de mayor precio que pode...","¿ Irán pues estos.Sres. de nuestra tutoría con los mismosde signios que tuvieron.aquellos venerables orates? No me atrevoá presumir tanto, al me'nos de Ja «universalidad de nues tros tutores. Mas probable.me parece,, ..."
different_author_same_genre_same_topic,es,literature,4,0.31441741267709766,mix_025064,mix_026106,05709593c8fc6d4b64abf03b63828ed34fe5c1eab4f9ffcce2802ebc5dda7e08,75922e551fa0bbb811c3435ddf2c55a41ba7bf2f347a846f03ba35dc2641bfe2,114.0,106.0,1.0754716981132075,train,train,candidate,query,spanish_pd_books,spanish_pd_books,"0,072 0,070 0,200 0,34'2 ¡:.tramus. Total de snstasu.ia« .fijas irlcm. litros; gramos. Acido carbónico. 0,01;) Evaporado un litro ele agna hasta sequedad dejó corno rcsicluo. . 0)340 AC¡¡:A DE lilLIlAL. ""1.](. Marcó ,...",Cahíz Fanega Celemín Cuartillo Hectolitro Decalitro Litro Cántara Azumbre Cuartillo Decalitro Litro = 666'012 = 5&'ó0 = 4'625 = 1'156 = 1^802 == 2''162 = 0'865 PARA LÍQUIDOS Litros. Litros. Litros. Litros. Fanegas. Ce...
different_author_same_genre_same_topic,es,literature,4,0.19037347418882788,mix_025421,mix_027249,2b4e4a9a9bc72d0612779f3adc3b2cb9a37f086e03415b1798e3920411b7a87c,eea4094e3c8904be8fc3645224e5cdaaf6aaab353bf66d5c08e316bb6614b89a,144.0,103.0,1.3980582524271845,train,train,candidate,candidate,spanish_pd_books,spanish_pd_books,"Nunca ^ han visto con vertidores m ás celosos; unos á otros P^iseguían con el más fervorosos ahinco, escribían f^oma tom os enteros de calumnias, y se trataban de Afieles y prevaricadores por un alma. H ab ia entre Ü0...","Entró el General Radet, Xefe de la gendarmería, con tropa armada, acompañada de algunos Italianos que hacían el oficio que habia practicado en otro tiempo el aleve Judas cuando prendieron á Jesucristo. Dixo Radet al S..."
different_author_same_genre_same_topic,es,literature,4,0.1877661533129409,mix_026135,mix_027249,787ddea277b69ccbdbe5fd886bfe543a4926ad97df39d15ab75d550112523fde,eea4094e3c8904be8fc3645224e5cdaaf6aaab353bf66d5c08e316bb6614b89a,115.0,103.0,1.116504854368932,train,train,query,candidate,spanish_pd_books,spanish_pd_books,"ÚPRÓé APROBACIÓN DE DON LEOPOLDO GERONTMÓ Puig, Capellán de S. M. en la Real de S. Ifid'ro, y Adminifirador del Real Hofpital de S. Luis, de la, Nación Francefa, en ejla Corté. M.'.. P... S. / "" * ' Uando el celebre A...","Entró el General Radet, Xefe de la gendarmería, con tropa armada, acompañada de algunos Italianos que hacían el oficio que habia practicado en otro tiempo el aleve Judas cuando prendieron á Jesucristo. Dixo Radet al S..."
same_author_same_genre_same_topic,es,literature,5,0.488911627563306,mix_025395,mix_025394,2760484cdbfb55364bf99024676aa0b3fc1b2adb9433cdfc968cfc7cc0467669,2760484cdbfb55364bf99024676aa0b3fc1b2adb9433cdfc968cfc7cc0467669,109.0,103.0,1.058252427184466,train,train,query,candidate,spanish_pd_books,spanish_pd_books,"' © Biblioteca Nacional de España 1 J.OS ~!AL~;'l'AS.-.. TORRJ::S MOLJo:S EN.G . Vnmos, feñora~, cal1:11'Se ya. ó el En~¡?üitas ~e '""' á enfadar. (, In. JJun1inndn1 sin .buccr cñso <le lllll' Jll'llttl> rns d<""l ~n1q;...","e '11$ : Vf'I' © Biblioteca Nacional de España T.OS )J.T.F.TAS.-A . 'COHRF.S ~¡o¡ ,~;,; 11 llegar ct>rca del hicbo, y en la cabeza p:trar 10$ pies; , 1nt-ler los br~zos, V en el IUOlTi 'lo Ú!ll'~1t . }c1~ p<ilt1R • ' :"
same_author_same_genre_same_topic,es,literature,5,0.3971490002697622,mix_026813,mix_026814,bfa2e35bf7b0403efa9eaffff71cba6dd07bfb0d72c0264aaa35391924d3049d,bfa2e35bf7b0403efa9eaffff71cba6dd07bfb0d72c0264aaa35391924d3049d,373.0,408.0,1.093833780160858,train,train,candidate,query,spanish_pd_books,spanish_pd_books,"Biblioteca Nacional de España USE FLEURON. 305 Lise se estremeció á su pesar, ganada por la emoción, y midiendo ahora el peligro: —¡Oh! (añadió): ¡los ojos! ¡Lo que hay de más precio en el mundo! ¡Piensa en la desgrac...","Biblioteca Nacional de España 610 LISE FLEURON. —M. La Barre (dijo): Bernard ha asistido al ensayo, y está muy contento.... —Y esto le extraña á V., ¿ no es verdad?— replicó Claudio con amargura. —Olvide V. todas esas..."
same_author_same_genre_same_topic,es,literature,5,0.3906450216989872,mix_025496,mix_025495,3573abddb117c09b48616b3753711f77ed952f16f542d3904f2a20cef3a8f757,3573abddb117c09b48616b3753711f77ed952f16f542d3904f2a20cef3a8f757,121.0,145.0,1.1983471074380165,train,train,candidate,query,spanish_pd_books,spanish_pd_books,Biblioteca Nacional de España PAX 123 XI Esta noche en tu falda mi vida se ha dormido como un niño asustado por los ogros de un cuento... Quiero cerrar los párpados para dar al olvidó­ la amargura vivida y el dolor qu...,"Biblioteca Nacional de España 86 VILLAESPESA En el silencio rechinó la llave, y el corazón, como paloma inquieta, quiso romper la cárcel de su seno, al contemplar, entre la luz suave del umbral, la ilusión de tu silue..."
different_author_same_genre_same_topic,es,literature,5,0.7710217736633225,mix_025784,mix_025915,52e7ab407560df2aff1ef6b6d115c6b4efbbfaa509781cb6bb31b15afc08e992,627d587946e297c8862b813ab5b40fb171dcd2eef588d87ea4e1aa22cb86713f,109.0,104.0,1.0480769230769231,train,train,candidate,query,spanish_pd_books,spanish_pd_books,"Fi14• :1 pis , :1 :1 .. :1 .. © Biblioteca Nacional de España Biblioteca Nacional DONATIVO I. 1 !,ertr.pier donado por: ( ;-<..S ~ i Feehe Alt?2 -1ol-o © Biblioteca Nacional de España 1 IAlll , Propiedad. Lutni ele D•...","D. JOAQUIN FRANCISCO CAMPCZANO. WN f.'VAhi'W ! tííitiU /A/ h: /■■¡f t.»! i ' 2:i o BIBLIOTECA NACIONAL DE ESPAÑA MADRID 18AK IMPRENTA DE DON MIGUEL DE BURGOS, donde se hallará. 1104026097 Biblioteca Nacional de España..."
different_author_same_genre_same_topic,es,literature,5,0.6741085552356006,mix_025374,mix_026887,24c7fce090373566f73a20333ab3b942c63d8542e865a9c978464df9bc9812ab,c9050829d8aeaa0048460ae8185330990f12b1f8a384b92b4cfa7bb4b6b814b6,31.0,49.0,1.5806451612903225,train,train,query,query,spanish_pd_books,spanish_pd_books,.. es b:nefi~io ? M a.s por que yes en C1 tanta TONA:~ © Biblioteca Nacional de España,"De las garras del águila en los vientos, Yerto en letal insulto Cayó, enroscado, entre la yerba oculto. © Biblioteca Nacional de España © Biblioteca Nacional de España"
different_author_same_genre_same_topic,es,literature,5,0.6710930310423043,mix_026009,mix_025374,6c5e93ee17d891f958b3fd0d2f439fc9938fc0c3bf4ab69f239f7a0b736ea460,24c7fce090373566f73a20333ab3b942c63d8542e865a9c978464df9bc9812ab,42.0,31.0,1.3548387096774193,train,train,query,query,spanish_pd_books,spanish_pd_books,1 ' • • Es propiedad. • Barcalona: Imp. de Luis Tasso. -1.872 • • ' • © Biblioteca Nacional de España © Biblioteca Nacional de España,.. es b:nefi~io ? M a.s por que yes en C1 tanta TONA:~ © Biblioteca Nacional de España
different_author_same_genre_same_topic,es,literature,6,0.31086841690271094,mix_026336,mix_025112,8db90c7fa3ca7af920ef962f907c8762deb4998859717e28e3c08338da6d540f,0a07938e1411045027d6c9328f10f23124275a4326a68b35f7d8547bb08be95a,159.0,165.0,1.0377358490566038,train,train,query,query,spanish_pd_books,spanish_pd_books,"SOF. BAR. SOF. BAR. EUF. SOF. BAR. EUF. El caballero Vinuesa licencia pide... ¡ Ay de mi!... Joven de tanto talento nos honra mucho... al momento... ¿Puede pasar? i Oh!... si, si... (Vase doña Eufemia.) Demos rostro á...","ESCENA FILOMENA, PRIMERA GERTRUDIÍ después FlL.? ¡Las once, ya! ¡Qué largas son las noches!... Mi marido está en el baile y yo esperando á que se aburra y se acuerde de su mujer... ¡que ya es esperar!... porque ningún..."
different_author_same_genre_same_topic,es,literature,6,0.3086491392176577,mix_025705,mix_026694,49bffcb352aca982decdd63b5bff000dbaf62c3e33cf6a0fd35ce7e952072bed,b0ca96f800fe3468ef08804348e9a5a4627ce0d9a2a7574ca34523418e82a287,254.0,172.0,1.4767441860465116,train,train,candidate,candidate,spanish_pd_books,spanish_pd_books,"(Con asombro.) Por mí? Pero... qué es esto?... Algo gira cerca de mí tan sombrío como un horrible estravío ó una espantosa mentira. Aunque mi razón procura coordinar alguna idea, aquí solo centellea (La frente.) el fu...",""" • la luz del sol, y tu honra volverá á brillar mañana. —No, madre, no me acaricies ni á mí te acerques... ¡aparta! ¿No ves que hay sangre en mis manos? ¿no ves mi frente manchada?"" —No es posible, tú deliras... ment..."
different_author_same_genre_same_topic,es,literature,6,0.30357341662433246,mix_026336,mix_027357,8db90c7fa3ca7af920ef962f907c8762deb4998859717e28e3c08338da6d540f,f8f875e9feb3cf8c30b71166f3fd1e1700860c9653edf783e440d577b3fa4494,159.0,152.0,1.0460526315789473,train,test,query,candidate,spanish_pd_books,spanish_pd_books,"SOF. BAR. SOF. BAR. EUF. SOF. BAR. EUF. El caballero Vinuesa licencia pide... ¡ Ay de mi!... Joven de tanto talento nos honra mucho... al momento... ¿Puede pasar? i Oh!... si, si... (Vase doña Eufemia.) Demos rostro á...",l ’ÎIÎBBEK). ^a-..Sî>k... lU k'v. ¿0üiïél(àridagîSorï>Gsa'è?èPon|(?iiéT-ûcitla%? 11£i)RB)0. (ÇOOét eiM ereafr)l &svcrîddd.¡¡por^q.uévvacülCi^W Jdo lihalddbbo. I$U*f. N ^oUo-onbiorido... 1¥.durk). œoooncJJibay.iàl«8in9...
same_author_same_genre_same_topic,es,literature,7,0.31912934108978863,mix_027358,mix_027359,f91164e52e479b545c0f5eaf99c405af85154062050be1b0499e2acf131d2a8f,f91164e52e479b545c0f5eaf99c405af85154062050be1b0499e2acf131d2a8f,267.0,341.0,1.2771535580524345,train,train,candidate,query,spanish_pd_books,spanish_pd_books,MIS DOS MITADES 27 —¿Y cómo lie venido yo a parar aquí? La enfermera se encogió de hombros. Yo estaba ya intrigadísimo por aquellas noticias tan ex­ trañas. —Oigame—seguí preguntando—. ¿Cuál ha sido la causa de mi enf...,"MIS DOS MITADES 83 nar esta pista cuando me hizo dar un salto al con­ tarme lo siguiente: «El sitio de reunión de ese y otros puntos para sus juergas, dicen que es un hotelito en S. Gervasio que tiene alquilado uno de..."
different_author_same_genre_same_topic,es,literature,7,0.47799620641757334,mix_026031,mix_026349,6f7f5cf41c91a7a9d45b084583d5b15eed803411ba04b6e30c676a1f368523a9,8e811c06804d08c03b8cc11a5877c671a990352baa331cb2ae9337851e48a16a,357.0,361.0,1.011204481792717,train,train,query,candidate,spanish_pd_books,spanish_pd_books,"— 5 — querido Carlos, le hice presente que era muy vieja para usted, que tenía una hija y... —Por Dios, no diga usted semejante desatino. ¡Vieja, una mujer de veinticinco años, sobre cuyo semblante parece que al resba...","Luis. INÉS. Luis. INÉS. Luis. INÉS. Luis. INÉS. Luis. INÉS. — 72 — fatal á que hemos venido, se necesita de un hombre la entereza, el noble brio. Si ese hombre dio su palabra, y caballero ha nacido, antes que faltar á..."
different_author_same_genre_same_topic,es,literature,7,0.4653597064558832,mix_027265,mix_026031,efd8af625dc9e322db1cafe9b1cc4a917ccefe85ce2eb2dbb81ddbe7c1b03b95,6f7f5cf41c91a7a9d45b084583d5b15eed803411ba04b6e30c676a1f368523a9,471.0,357.0,1.319327731092437,train,train,candidate,query,spanish_pd_books,spanish_pd_books,"RITA MADAME D.a CEES. MADAME D.a CEES. RITA D.a CEES. 23 — que ya con los años que pesan sobre mí, no resistiré tu ausencia, me moriré y quedarás sola en el mundo y lo que es peor, sola con tus abominables defectos. R...","— 5 — querido Carlos, le hice presente que era muy vieja para usted, que tenía una hija y... —Por Dios, no diga usted semejante desatino. ¡Vieja, una mujer de veinticinco años, sobre cuyo semblante parece que al resba..."
different_author_same_genre_same_topic,es,literature,7,0.42313589761797643,mix_027265,mix_026349,efd8af625dc9e322db1cafe9b1cc4a917ccefe85ce2eb2dbb81ddbe7c1b03b95,8e811c06804d08c03b8cc11a5877c671a990352baa331cb2ae9337851e48a16a,471.0,361.0,1.3047091412742382,train,train,candidate,candidate,spanish_pd_books,spanish_pd_books,"RITA MADAME D.a CEES. MADAME D.a CEES. RITA D.a CEES. 23 — que ya con los años que pesan sobre mí, no resistiré tu ausencia, me moriré y quedarás sola en el mundo y lo que es peor, sola con tus abominables defectos. R...","Luis. INÉS. Luis. INÉS. Luis. INÉS. Luis. INÉS. Luis. INÉS. — 72 — fatal á que hemos venido, se necesita de un hombre la entereza, el noble brio. Si ese hombre dio su palabra, y caballero ha nacido, antes que faltar á..."
same_author_same_genre_same_topic,es,literature,8,0.4672038309999045,mix_026594,mix_026593,a6316516ab8169e12c721cb7fd3ca19c61e5ae98584218a58c0b291532f876dd,a6316516ab8169e12c721cb7fd3ca19c61e5ae98584218a58c0b291532f876dd,440.0,403.0,1.0918114143920596,train,train,query,candidate,spanish_pd_books,spanish_pd_books,"4 34 y que han ofrecido el estado de carnes mas satisfactorio. Estas dos circunstancias, solo se observan en los que tiran por imitación, ó por distraer el ocio. Los que tienen el tiro patológico, siempre están mas ó ...","132 apoyo, de la fuerza con que se haga esle, y de la frecuencia con que tiren los animales. El grado del desgaste, tiene que estar siempre en relación con las circunstancias que acabamos de esponer, y con el tiempo q..."
same_author_same_genre_same_topic,es,literature,8,0.45800696346422554,mix_027057,mix_027056,dacd1516f90dc2b01edec5c45c5f0a7a36433aab5f4707912ae26519d5b8164a,dacd1516f90dc2b01edec5c45c5f0a7a36433aab5f4707912ae26519d5b8164a,249.0,319.0,1.2811244979919678,train,train,query,candidate,spanish_pd_books,spanish_pd_books,"Será eterna su gloria. A gloria que viene de la virtud, no acaba con la muerte. Este termi, no fatal de todas las grandezas humanas, asegura para siempre la reputación de los justos, que* como dice el P. S. Juan Chrys...","que vinieron á venerarle * Exiguus pülvfc tan± tum populum congregavit. (i)« Este contraste entre la gloria pasagera de los grandes del Mundo y la eterna de los héroes de la Religión, se hace mas notable hoy que celeb..."
same_author_same_genre_same_topic,es,literature,8,0.44471124467084167,mix_025449,mix_025450,2ecc63023ffc245b3b61850f8136449a7f80b855f448db5acf577030273de91c,2ecc63023ffc245b3b61850f8136449a7f80b855f448db5acf577030273de91c,110.0,150.0,1.3636363636363635,train,train,candidate,query,spanish_pd_books,spanish_pd_books,"200- Soo200- $2oo,ooo-á los acreedores, por vía de intereses, en el modo que acuerden. Con ellas podrá hacerse una bpnificacion á los privilegiados. $8oo,ooo-á los acreedores que quieran convertir sus créditos en capi...",". • —15— 12. Los productos que la comisión de acreedores obtenga de los bienes no comprendidos en la sociedad, ya en frutos ó rentas, ó por ventas que se -acuerden, ó de cualquier otro modo, se agregarán á los plazos ..."
different_author_same_genre_same_topic,es,literature,8,0.4669154677933458,mix_025734,mix_026225,4e1fba536415a0995c73149f605cb114ad839c98701f7691fbd386ff17540ec0,8249dbc4208938a1e644a84616dad9f1d8b9bade26872d71a80fcd4cf63f5953,394.0,371.0,1.0619946091644206,train,train,candidate,candidate,spanish_pd_books,spanish_pd_books,"¿ Qué deducen u sted es de todo esto? Que así com o en tod as la s cuestiones en tre pa tro nosyob re­ ros suelen sa lir ésto sg an an do, en es ta ocasión quien g an ó fu éel patrono. TESTAMENTOCUMPL ID O;P ob re don...","lleza de sus costas, la excelencia de sus fo nd ead ero s, fìjan en elm ar su po rv en ir. Elde la N ació n com oN ación, es ev id en te; y so rp ren de no cons­ titu yael id ealp ro c la m ad oy reconocido denue stra..."
different_author_same_genre_same_topic,es,literature,8,0.46420338999105215,mix_026406,mix_025085,9411e177ffdfc5e5d51e5c08d2ce73ec39edadbec548a6a1a28a0a0e4b632558,07f9d5e01b7165349c82e7762d4c890e3feac3bf7de31cf00a7429a07469fd93,505.0,469.0,1.0767590618336886,train,train,candidate,candidate,spanish_pd_books,spanish_pd_books,"íS8 INSTITUCIONES eon el comedimí&nto de su condición y el respete debido á su señor y dueño. Sin embargo, el artículo constitucional que previene no poder ser detenido, ni preso, ni separado de su domicilio ningún es...","Biblioteca Nacional de España 193 Adviértase aquí, de paso, lo que entienden los masones por «existencia independiente» de un Oriente. Slgnifloa que no forma parte de otro, que no está subordinado á la Jurisdicción de..."
different_author_same_genre_same_topic,es,literature,8,0.4630311014265429,mix_025085,mix_025845,07f9d5e01b7165349c82e7762d4c890e3feac3bf7de31cf00a7429a07469fd93,5ad0c02cb3b7d9ecc90b28c7c973fe1d101a8ff122b19708e33af6bdcc992ee9,469.0,309.0,1.5177993527508091,train,train,candidate,candidate,spanish_pd_books,spanish_pd_books,"Biblioteca Nacional de España 193 Adviértase aquí, de paso, lo que entienden los masones por «existencia independiente» de un Oriente. Slgnifloa que no forma parte de otro, que no está subordinado á la Jurisdicción de...","Biblioteca Nacional de España — 253 - sin protesta del partido liberal que del año 14 al 20 conspiró para derribar el régimen absoluto pereciendo en los cadal­ sos L'acy, Porlier y otros liberales. Periodo constitucio..."
same_author_same_genre_same_topic,es,literature,9,0.9506051927376404,mix_026978,mix_026977,d2c87780a6f909426d9911080a33ae2e904418cb3c6860a1b80e259541576977,d2c87780a6f909426d9911080a33ae2e904418cb3c6860a1b80e259541576977,134.0,137.0,1.0223880597014925,train,train,candidate,query,spanish_pd_books,spanish_pd_books,"Ortotfrafia ' r Z'7Z ¿'ZZ77ZÍ7Z7ZZZZYZZ7Z ZWZ /ZZzZ £í/m-. /e. Z'ZZZ/i7 e7(77ZZZ^<r Z'zZ yiZZ7reZzl 7^Z'¿¿/ ^ZYYY’zf/zY Z’ZZ//ZZ^ ,Z’7Z z7 i YZ/Zi-iZ^ .ZZ/^/^WZ^y ZYZZ/ZZ zY7rZZ7ZcZ/zZ7ZzYzZ","(ír¿iflrfr/(ir /.á/^íMo/a Si'sfM/a e/e ¿a.r¿{7¿(i ■ £[/. /^fe(rra^i.r. ,/ /fff '/iosff i/raáo Sistema:, cíe. CastiClíí . ¿ií Se /fritas. Áanoto yraóff. ¿am^. 3? ZZ 7ZZZ^ZZ/ZZ ZZZZ^ZZ/ZZ zzzzz/z/zzZZzzz/z/ZZ ZZZíZZZ/zZ..."
same_author_same_genre_same_topic,es,literature,9,0.6594853304086427,mix_025645,mix_025646,4452a3b3791eab51e7be6d5c5244139d7e37e48e33af411d20e125a4aa3faa31,4452a3b3791eab51e7be6d5c5244139d7e37e48e33af411d20e125a4aa3faa31,101.0,100.0,1.01,train,train,candidate,query,spanish_pd_books,spanish_pd_books,"Provincia de G uadalajara. Partido de Gua. Majara, id. de Sigüenza. id. de Colmenar Viejo, Condado. de Manzanares. Reino de Mallorca. Isla de Ibiza, id. de Mai lima, id. de Menorca. Provincia de Jaén. Lugares de 'la T...","• • _31 — .• Provincia de Toro. Lugares de la, tierra y jurisdicción de Toro, Partido de. Carrión, id. de Reynosa. Provincia de Valladolid. Partido de Valladolid, id. de Medina del Campo, id. de Olmedo, idem de Tordes..."
same_author_same_genre_same_topic,es,literature,9,0.313491574821708,mix_025904,mix_025903,60b4663bd04e155058777f61cc385d31f7ca7b763f1824378216211fc6a03e5e,60b4663bd04e155058777f61cc385d31f7ca7b763f1824378216211fc6a03e5e,113.0,97.0,1.1649484536082475,train,train,query,candidate,spanish_pd_books,spanish_pd_books,"Carniancib® Franco ,!-n»ntand® «1 caball® Chispa, ayudada per sus papás. 6C <^'|c;> 2/^/-^3 iXîMNOITA FRANCOrgtntil amazena s®br« CHISPA. Vld^^amiliar del GeneralisiK Caraienclta Franco Polo ^^:^ y^F GARîiîSNOITA FRAN...","2^ LeonSeptiembre 1937Carmencita î’raneo y Polo LeonSeptiembre 1937Garuoncita frjiinGO y Polo s «s Avenida del eener^Uiííno ftranco, 5 AC ""s ÜALiBÂD £ S o^á^s^ao burgos C. I. F. R. A= Avenida del Generelitlino Franco, 5"
different_author_same_genre_same_topic,es,literature,9,0.5481789306730289,mix_025875,mix_025086,5ee2530cacec9bdc26c06f9dc00e2fde5912b335911839c489ba5bb8561369c1,07f9d5e01b7165349c82e7762d4c890e3feac3bf7de31cf00a7429a07469fd93,98.0,101.0,1.030612244897959,train,train,query,query,spanish_pd_books,spanish_pd_books,"Martín. D. T. Peña Fernández. R. P. T. Rodríguez. D. T. deS. y Torres-Linero. D."" Teresa Casas. D. Tiburcio Vega. D. Tomás Domínguez. D. Tomás de la Fuente Roinoso. D. Tomás Sanchiz. D. Trinidad Delgado Cisneros. D. U...","(Gran Logia) de Inglaterra.— •Que desde 1836 á 1840, el Sup.'. Cons.', estaba compuesto de don •Francisco de Borbón, D. Evaristo y D. Santos San Miguel, D. Joa•quín María López, D. Pedro González (?) de la Serna, D. S..."
different_author_same_genre_same_topic,es,literature,9,0.5130191068868353,mix_025437,mix_025551,2d921aaa253073b0efaa74b214df2716460f4984a45896e56318c0972722d12f,39f04c410b89eaa7b8a3dcd32da5193a4c86e2c45c6d2cf3f931c0c115739af3,215.0,328.0,1.5255813953488373,train,train,query,query,spanish_pd_books,spanish_pd_books,"— 32 — restar el producto del cociente por el divisor, del número dividendo, se llama residuo; por lo tanto, el dividendo será en este caso igual al producto del divisor por el cociente, más el residuo. Así: 27 : 6 = ...","..•; . ' 2 8 - , , ,i ,.. . ,, y per este mismo número djviídase el 9jtro facr lor, y el producto' defiera iser el misnió Si tenemos,12 multiplicado por,8,,suj«-o-» düctoes 96; si'ahora se divide el factor 12, ,vg.' p..."
different_author_same_genre_same_topic,es,literature,9,0.4796722212697746,mix_027216,mix_025037,ead7e8b67248cb630eb9d575a80716ba2833bad2931d05f8350f4fb51c6ae801,025852c534ca4254a4c1ce8dee1e94dd58481c01837e09a27ba9e317ee2a9c12,151.0,212.0,1.403973509933775,train,train,candidate,query,spanish_pd_books,spanish_pd_books,"— 45 — Dada una circunferencia, reducirla á rectángulo (fig. 70). Sea z la circunferencia dada. Se tira un eje, ox^ perpendicular; y por el punto X se tira unatanjente indefinida á la circunferencia. Sobre la tanjente...","—13— Luego la relación de la circunferencia al diámetro ' y sera — y de consiguiente Siendo 2o el diámetro, se* rá —~ la circunferencia. Luego la circunferencia de cualquier círculo es igual al diámetro multiplicado p..."
same_author_same_genre_same_topic,ar,news,0,0.6936662195914101,mix_001499,mix_001498,29d200595353fdac2dbb723d171cc412af7332fd9117bcb7b44c7f9831fad910,29d200595353fdac2dbb723d171cc412af7332fd9117bcb7b44c7f9831fad910,130.0,130.0,1.0,train,train,candidate,query,babel_briefings,babel_briefings,سعر الدولار اليوم الخميس 18 فبراير 2021، في البنوك والسوق السوداء، ارتفع سعر الدولار اليوم مقابل الجنيه في أغلب البنوك العاملة في القطاع المصرفي المصري، بنهاية تعاملات اليوم، وارتفع أيضا سعر الدولار ا,سعر الدولار اليوم الأحد 14 فبراير 2021 في البنوك والسوق السوداء، تحديث ومتابعة مستمرة لسعر الدولار اليوم في البنوك والسوق السوداء، نقدم لحضراتكم جدول محدث باستمرار لسعر الدولار اليوم في البنوك وفق أخر
same_author_same_genre_same_topic,ar,news,0,0.5063110764441405,mix_003182,mix_003181,f2afc3d70c56db2b863cc7ad4aa9022984c61c759c82db852467cd14aff609de,f2afc3d70c56db2b863cc7ad4aa9022984c61c759c82db852467cd14aff609de,123.0,161.0,1.3089430894308942,train,train,candidate,query,babel_briefings,babel_briefings,عاود سعر الذهب في مصر في بداية التعاملات، اليوم الجمعة، 9 أبريل 2021، انخفاضه مرة ثانية بعدما ارتفع بالأمس حيث حقق انخفاض قدره 5 جنيهات للعيار 21 الأكثر انتشارا في مصر عن <a...,واصل سعر الذهب هبوطه في مصر بشكل كبير فى نهاية تعاملات اليوم الاثنين 29 مارس 2021 بعدما حقق ارتفاعا طفيفا في بداية التعاملات صباح اليوم وأعقبها هبوطا مستمرا حتى المساء محققا خسارة تقارب 10 جنيهات لجرام الذهب عيار 21 ق...
different_author_same_genre_same_topic,ar,news,0,0.46431858004026316,mix_001499,mix_002235,29d200595353fdac2dbb723d171cc412af7332fd9117bcb7b44c7f9831fad910,7edac10dd8e781ffa3a28d42ae3e06e7466741f50a9b05257a4be0beacc40868,130.0,82.0,1.5853658536585367,train,train,candidate,candidate,babel_briefings,babel_briefings,سعر الدولار اليوم الخميس 18 فبراير 2021، في البنوك والسوق السوداء، ارتفع سعر الدولار اليوم مقابل الجنيه في أغلب البنوك العاملة في القطاع المصرفي المصري، بنهاية تعاملات اليوم، وارتفع أيضا سعر الدولار ا,تراجع سعر الدولار مقابل الليرة اللبنانية، اليوم السبت 3 أبريل 2021، بنحو 50 ليرة في تعاملات السوق الموازية غير الرسمية (السوداء).
different_author_same_genre_same_topic,ar,news,0,0.38270800635721214,mix_002235,mix_001498,7edac10dd8e781ffa3a28d42ae3e06e7466741f50a9b05257a4be0beacc40868,29d200595353fdac2dbb723d171cc412af7332fd9117bcb7b44c7f9831fad910,82.0,130.0,1.5853658536585367,train,train,candidate,query,babel_briefings,babel_briefings,تراجع سعر الدولار مقابل الليرة اللبنانية، اليوم السبت 3 أبريل 2021، بنحو 50 ليرة في تعاملات السوق الموازية غير الرسمية (السوداء).,سعر الدولار اليوم الأحد 14 فبراير 2021 في البنوك والسوق السوداء، تحديث ومتابعة مستمرة لسعر الدولار اليوم في البنوك والسوق السوداء، نقدم لحضراتكم جدول محدث باستمرار لسعر الدولار اليوم في البنوك وفق أخر
different_author_same_genre_same_topic,ar,news,0,0.3171046007287299,mix_003182,mix_002407,f2afc3d70c56db2b863cc7ad4aa9022984c61c759c82db852467cd14aff609de,921993a86e0d03ad899136009e87f41550f3fe0576414b60f558273aa3afd273,123.0,176.0,1.4308943089430894,train,train,candidate,candidate,babel_briefings,babel_briefings,عاود سعر الذهب في مصر في بداية التعاملات، اليوم الجمعة، 9 أبريل 2021، انخفاضه مرة ثانية بعدما ارتفع بالأمس حيث حقق انخفاض قدره 5 جنيهات للعيار 21 الأكثر انتشارا في مصر عن <a...,"انخفضت أسعار الذهب بمقدار 5 جنيهات، في السوق المحلى بعد تراجع سعر الاوقية عالميًا، وأصبح عيار 21 الأكثر تداولا في الصاغة المحلية ب800 جنيه للجرام الواحد. وأكد أميررزق عضو شعبة الجواهرجية بإتحاد الغرف التجارية، لـ"" الم..."
same_author_same_genre_same_topic,ar,news,1,0.3546083546716434,mix_002917,mix_002916,d2d55423f0e848237b42777cf52107990cb8931389825de380005980661bcd4b,d2d55423f0e848237b42777cf52107990cb8931389825de380005980661bcd4b,171.0,176.0,1.0292397660818713,train,train,candidate,query,babel_briefings,babel_briefings,اصدرت محكمة القضاء الإداري بيانا منذ قليل تضمن التفاصيل الكاملة لحكمها الصادر بالغاء قرار اللجنة الأوليمبية المصرية بوقف مرتضي منصور رئيس نادي الزمالك السابق عن ممارسة النشاط الرياضي لمدة ٤ سنوات.. إلى نص البيان :قضت ...,مرافعة استمرت قرابة ساعتين وسط إجراءات أمنية استثنائية شهدتها محكمة القضاء الإداري اليوم بمبني مجلس الدولة، حيث نظر الطعن المقام من مرتضي منصور رئيس نادي الزمالك السابق، واحمد عادل عبدالفتاح واسماعيل يوسف وأحمد مرتضي ...
same_author_same_genre_same_topic,ar,news,1,0.17644277241906825,mix_001129,mix_001130,018bf09734ff025834a56b5c944cba4526d5b888c246226d2874a7b01d87d9e3,018bf09734ff025834a56b5c944cba4526d5b888c246226d2874a7b01d87d9e3,58.0,83.0,1.4310344827586208,train,train,candidate,query,babel_briefings,babel_briefings,هدد مرتضى منصور - رئيس نادي الزمالك - الإعلامي خالد الغندور بإبراز تسجيلات محرجة له.,أكد خالد مرتجي - عضو مجلس إدارة النادي الأهلي - أن الإجراءات الاحترازية التي تطبقها إدارة الفندق في الدوحة مشددة جدًا.
different_author_same_genre_same_topic,ar,news,1,0.38213866494260396,mix_002056,mix_002542,69a40c2f3d3ba1086fea585b5711e05d2549aa78eb015b457ea140088ab809ed,a1f5aba7d10cfef61d663de65187f2efadbf3277e4563461cf043b9367cbaa61,120.0,177.0,1.475,train,train,candidate,query,babel_briefings,babel_briefings,برعاية سمو الشيخ منصور بن محمد بن راشد آل مكتوم رئيس مجلس دبي الرياضي انطلقت أمس بملعب نادي دبي لأصحاب الهمم النسخة السابعة لبطولة فزاع الدولية للقوس والسهم لأصحاب ..,افتتح سموّ الشيخ منصور بن محمد بن راشد آل مكتوم، رئيس مجلس دبي الرياضي، فعاليات الدورة الـ42 لمعرض «الخمسة الكبار» المتخصص في قطاع البناء والتشييد والأكبر من نوعه في المنطقة والذي يستمر حتى 15 سبتمبر الحالي على أرض مر...
different_author_same_genre_same_topic,ar,news,1,0.33755977705025786,mix_001483,mix_002925,2904b6b842e73a6ce01c77f8c83d898ed42a0c921399c1c46ba7bbc8ba7a70fc,d3de0fc6992f447fc624034cf764157d3cf66a644223ab08f5a49fff17123069,96.0,124.0,1.2916666666666667,train,train,candidate,candidate,babel_briefings,babel_briefings,أشرف بن شرقي لاعب الفريق الكروي الأول بنادي الزمالك أحد الأعمدة الرئيسية في التشكيل الأساسي للفريق الأبيض واللجنة المؤقتة تسعى لتجديد عقده,أكد أيمن يونس رئيس اللجنة التنفيذية لكرة القدم بنادي الزمالك أنه لا صحة لما تردد عن تدخله في عمل الجهاز الفني للفريق الأول لكرة القدم بالنادي بقيادة البرتغالي جايمي باتشيكو.
different_author_same_genre_same_topic,ar,news,1,0.32743123366189786,mix_002383,mix_001130,8fb37b82598a76357e8b9f9c2eebb722bf7f9ddf3134f8557798cb6cea545670,018bf09734ff025834a56b5c944cba4526d5b888c246226d2874a7b01d87d9e3,132.0,83.0,1.5903614457831325,train,train,candidate,query,babel_briefings,babel_briefings,"اجتمع محمود الخطيب رئيس مجلس إدارة الأهلي بخالد ""بيبو"" رئيس قطاع الناشئين ومدربي القطاع اليوم الأحد من أجل إعادة تشكيل فرق الناشئين والشباب بالأهلي بداية من الموسم المقبل 2020-2021.",أكد خالد مرتجي - عضو مجلس إدارة النادي الأهلي - أن الإجراءات الاحترازية التي تطبقها إدارة الفندق في الدوحة مشددة جدًا.
same_author_same_genre_same_topic,ar,news,2,0.48691137959341546,mix_002185,mix_002186,7a38a7a44dec7d65f71079f678f0453ef8b27073326436f729143450dac68d2c,7a38a7a44dec7d65f71079f678f0453ef8b27073326436f729143450dac68d2c,53.0,70.0,1.320754716981132,train,train,candidate,query,babel_briefings,babel_briefings,حقق 12 فريقا الصعود لدوري الدرجة الثانية المصري من خلال 12 مجموعة في القسم الثالث.,واصل عمرو قلاوة تصدر ترتيب هدافي مجموعة القاهرة من دوري الدرجة الثانية المصري بعد نهاية الجولة الثامنة.
same_author_same_genre_same_topic,ar,news,2,0.42458671218102173,mix_002198,mix_002199,7aea45fb39e814457164f96f2a084454be01605654ed58ec563de551b5389fbb,7aea45fb39e814457164f96f2a084454be01605654ed58ec563de551b5389fbb,137.0,126.0,1.0873015873015872,train,train,candidate,query,babel_briefings,babel_briefings,فاز ريال مدريد بهدفين لهدف على شاختار دونيتسك الأوكراني على ملعب سانتياغو بيرنابيو في العاصمة الإسبانية مدريد، ضمن الجولة الرابعة من دور المجموعات لدوري أبطال أوروبا. ورغم تحقيق ريال مدريد الفوز...,نستعرض إليكم موعد مباراة ريال مدريد وليفانتي اليوم في الدوري الإسباني في اطار الجولة الثانية من المسابقة على ملعب سيوتات دي فالنسيا.وكان الفريق الأبيض العاصمي بقيادة المدرب الإيطالي كارلو...
same_author_same_genre_same_topic,ar,news,2,0.39527529548732165,mix_002133,mix_002132,72d842666d49e9a1e098ccc0e310fc51765bea59fc02721c2c24541ece177fdd,72d842666d49e9a1e098ccc0e310fc51765bea59fc02721c2c24541ece177fdd,89.0,94.0,1.0561797752808988,train,train,candidate,query,babel_briefings,babel_briefings,مباراة ريال مدريد ضد بلد الوليد Real Valladolid vs. Real Madrid يحل نادي ريال مدريد ضيفا ثقيلا على بلد الوليد في المباراة التي ستقام على ملعب نيوفو ج…,مباراة جالطة سراي ضد الانيا سبور Alanyaspor vs. Galatasaray يحل نادي غلطة سراي ضيفا علي نادي ألانيا سبور في المباراة التي ستقام على ملعب بهجة شهير سك…
different_author_same_genre_same_topic,ar,news,2,0.5903130556821877,mix_002198,mix_002884,7aea45fb39e814457164f96f2a084454be01605654ed58ec563de551b5389fbb,cf2ce9da664e8f8125c35efb2626e1bcfb5903dca95287f676c64470a82f929c,137.0,130.0,1.0538461538461539,train,train,candidate,query,babel_briefings,babel_briefings,فاز ريال مدريد بهدفين لهدف على شاختار دونيتسك الأوكراني على ملعب سانتياغو بيرنابيو في العاصمة الإسبانية مدريد، ضمن الجولة الرابعة من دور المجموعات لدوري أبطال أوروبا. ورغم تحقيق ريال مدريد الفوز...,"يسعى فريق ريال مدريد الإسباني إلى التخلص من لعنات ملعبه ""سانتياغو برنابيو"" عندما يستضيف شاختار دونيتسك الأوكراني، غدا الأربعاء، ضمن أحداث الجولة الرابعة من بطولة دوري أبطال أوروبا."
different_author_same_genre_same_topic,ar,news,2,0.5375823800582015,mix_002686,mix_001448,b417b9253fb1dc5f1813e779cd69790e50b1619ee664ed152d01fd7b6ddc0309,24f9f6d21c4ebd3a6cabf73ab08a443fee4a439a5e0442bcfb70b64e9165d2c9,86.0,100.0,1.1627906976744187,dev,train,query,query,babel_briefings,babel_briefings,"ملخص مباراة العين والسد في دوري أبطال آسيا ""عيال الذيب يطيحون بزعيم الإمارات خارج البطولة"" .. ملخص احداث مباراة العين والسد",العين وسباهان Sepahan vs. Al-Ain مباراة ليس لها أهمية على مستوى النقاط بعد تأكيد توديع الفريقين لبطولة دوري أبطال آسيا، بل هي مباراة على الجانب النفس…
different_author_same_genre_same_topic,ar,news,2,0.5112564157729603,mix_002901,mix_002547,d174f9a5cf909bdaec880784087f6d0a6dcf206ef0221bad8e5e99ec042b4263,a2074eb822fffbef19b5ddcc688c9b39b0e5baa89a0d0bae27e7abfb6420196b,104.0,77.0,1.3506493506493507,train,train,query,query,babel_briefings,babel_briefings,فاز إينتراخت فرانكفورت على بايرن ميونيخ بهدفين مقابل هدف واحد في المباراة التي أقيمت على ملعب أليانز أرينا ضمن مباريات الجولة السابعة من الدوري الألماني.,فاز سامبدوريا على روما بهدفين دون مقابل في المباراة التي أُقيمت على ملعب لويجي فيراريس في الجولة 34 للدوري الإيطالي.
same_author_same_genre_same_topic,ar,news,3,0.35793673587907726,mix_001867,mix_001868,54b30645e94ab25f0cb0bb592d0cfa868a647f7842283521fe66337e848a2d88,54b30645e94ab25f0cb0bb592d0cfa868a647f7842283521fe66337e848a2d88,182.0,163.0,1.116564417177914,train,train,candidate,query,babel_briefings,babel_briefings,قالت الفنانة مها أبوعوف، إنها عاشت صدمة كبيرة مع رحيل زوجها السابق الموسيقار والفنان عمر خورشيد، إذ عاشت في عزلة لمدة 3 سنوات بسبب هذا الحادث. أضافت «مها»، خلال تصريحاتها لبرنامج «صاحبة السعادة»، أن شقيقها الفنان الرا...,رفضت الفنانة سمية الخشاب، حملة الانتقادات التي طالت حلقة مسلسل موسى، الذي تشارك في بطولته مع الفنان محمد رمضان، بسبب مشهد ظهور الفنان الراحل إسماعيل ياسين. وقالت الخشاب، عبر إتصال هاتفي مع ببرنامج «كأس انرجي للدرام...
same_author_same_genre_same_topic,ar,news,3,0.3338782175772934,mix_001133,mix_001132,024913ec6b3addae1680af8704832273a4a9e8f8bf5cd5bcf522160e60c39d45,024913ec6b3addae1680af8704832273a4a9e8f8bf5cd5bcf522160e60c39d45,167.0,182.0,1.089820359281437,train,train,candidate,query,babel_briefings,babel_briefings,لا زالت تصريحات الفنانة المعتزلة شمس البارودي لأحد المواقع المصرية الفنية تحتل مواقع التواصل الاجتماعي وتثير عاصفة من التعليقات والجدل حيث تبرأت من اعمالها الفنية السابقة وألمحت بأنه تم استغلالها وهي صغيرة في أفلام في...,مفاجأة لكثيرين شكّلها خبر ارتباط الفنانة حلا شيحة رسمياً بالداعية معز مسعود، الذي كان متزوجاً بالفنانة شيري عادل، وانفصلا العام الماضي.وضجّت مواقع التواصل الاجتماعي، أخيراً، بخبر الارتباط، نقلاً عن بعض المواقع الإعلام...
same_author_same_genre_same_topic,ar,news,3,0.32565676526742693,mix_002048,mix_002049,68f1753965fb78a70f3c843457a5a0996e9a8599a7357938f0e955da3de0db40,68f1753965fb78a70f3c843457a5a0996e9a8599a7357938f0e955da3de0db40,180.0,188.0,1.0444444444444445,train,train,candidate,query,babel_briefings,babel_briefings,ألقت الأجهزة الأمنية بالقاهرة القبض على رجل ظهر في مقطع فيديو متداول أثناء تحرشه بطفلة في مدخل أحد العقارات بمنطقة المعادي في القاهرة.وانتشر فيديو تحرش الرجل بطفلة في المعادي، بعدما نشرته إحدى السيدات على حسابها بموقع...,شغلت قضية التحرش بالمجني عليها الشهيرة بـ«طفلة المعادي»، ساحات مواقع التواصل الاجتماعي، بعد انتشار مقطع فيديو للمتهم (م. جودت) وهو يتحرش بها، قبل أن تظهر سيدة اكتشفت الواقعة، من خلال كاميرا مراقبة مثبتة في المدخل، وخر...
different_author_same_genre_same_topic,ar,news,3,0.4970251680105411,mix_002870,mix_002299,ce1209ed612167dd26d615a2893d93e7c1a512edbd0ec3d0aefb312d0da5909a,862fc22407507202799f33521c148c161b49874bcc928586516cc26a5be54ea5,169.0,180.0,1.0650887573964498,train,train,candidate,query,babel_briefings,babel_briefings,كشف السيناريست محمد سيد بشير عن حقيقة عودة التحضير لفيلم &quot; ترانيم إبليس &quot;.وقال محمد سيد بشير :&quot; لم نتخذ قرارا بعودة التصوير مرة أخرى الفيلم ولا أعلم أي شيء من فترة طويلة عن التحضيرات &quot;.أضاف محمد سي...,يحتفل جميع محبي السينما والفن في الوطن العربي، الأربعاء، بذكرى ميلاد الفنان المصري الراحل أحمد زكي، كما وضع محرك البحث الشهير &quot;غوغل&quot; اليوم تصميمًا يضم النجم الشهير ورموزًا معبرة عن أشهر أعماله كـ&quot;النمر ...
different_author_same_genre_same_topic,ar,news,3,0.4721196068351792,mix_002696,mix_002242,b589c54ea93d297651360596562a5992aea41d163fceac54d3940d5f8875ce5b,7f8cdef90b3ed5ff9b61e5e9f8865a3a5840a42f0fadf7cecc035c99687e0073,88.0,63.0,1.3968253968253967,train,train,candidate,query,babel_briefings,babel_briefings,وداع أسطوري &quot;للحانوتي&quot;.. أندرتيكر يترجل عن الحلبة &#039;وداع أسطوري &quot;للحانوتي&quot;.. أندرتيكر يترجل عن الحلبة&#039;,الرئيس اللبناني لا يستبعد أن يكون حريق اليوم بمرفأ بيروت &quot;عملًا تخريبيًا&quot;...
different_author_same_genre_same_topic,ar,news,3,0.46136124548486357,mix_002696,mix_003102,b589c54ea93d297651360596562a5992aea41d163fceac54d3940d5f8875ce5b,e941a8dc538749d35458d69d64cf1f95f267f4411390797509326f78f895ee92,88.0,62.0,1.4193548387096775,train,train,candidate,candidate,babel_briefings,babel_briefings,وداع أسطوري &quot;للحانوتي&quot;.. أندرتيكر يترجل عن الحلبة &#039;وداع أسطوري &quot;للحانوتي&quot;.. أندرتيكر يترجل عن الحلبة&#039;,هاني شاكر يطرح أغنيته الجديدة &quot;لو سمحتوا&quot; بعد ضجة إطلالته على البوستر.. بالفيديو
same_author_same_genre_same_topic,ar,news,4,0.5376308070470762,mix_002568,mix_002569,a40f861722e91a88e1eb809c63c41b1f81a25c5b4a9b6c05cb9f66cff99f37c9,a40f861722e91a88e1eb809c63c41b1f81a25c5b4a9b6c05cb9f66cff99f37c9,73.0,77.0,1.0547945205479452,train,train,candidate,query,babel_briefings,babel_briefings,نستعرض معكم كل ماهو جديد في عالم الهواتف الذكية وسنتحدث اليوم عن هاتف ZTE الجديد كليًا الذي يعد قفزة كبيرة,نتابع معكم بواسطة موقعنا كل ما هو جديد في عالم الهواتف الذكية واليوم نستعرض معكم أحدث إصدارات فيفو الشركة الصينية
same_author_same_genre_same_topic,ar,news,4,0.3913159223771815,mix_003223,mix_003224,f84e813604f65fd29684c90c9b5347721820c3d447182a0082549da24d371ac5,f84e813604f65fd29684c90c9b5347721820c3d447182a0082549da24d371ac5,77.0,63.0,1.2222222222222223,train,train,candidate,query,babel_briefings,babel_briefings,قامت شركة سامسونج الجديدة بالإعلان عن انطلاق هاتف Galaxy M51، حيث بدأت التسريبات الخاصة بذلك الهاتف من الشهر الماضي، حيث,حقائق مسربة لهاتف iPhone 12 Pro Max ، حيث بدأت شركة Apple بالاستعداد التام لإصدار جميع الهواتف الجديدة من iPhone
same_author_same_genre_same_topic,ar,news,4,0.16250458764957276,mix_001977,mix_001976,603e40a5b1c53a7619810e1b2c4a9a8a0fd599f6df1bf4190858fd1908f3fe85,603e40a5b1c53a7619810e1b2c4a9a8a0fd599f6df1bf4190858fd1908f3fe85,100.0,109.0,1.09,train,train,candidate,query,babel_briefings,babel_briefings,"أعلنت غوغل عن خطوتها التالية للحفاظ على الصحة العقلية لمستخدمي الهواتف الذكية، إذ سيتم تعطيل بعض المرشحات في ""Google Camera""، وهو تطبيقها الرسمي لأجهزة","أعلنت شركة ""غوغل""، أنها ستطلق هاتفها الذكي Pixel 5 بإصدار G5 في وقت لاحق من هذا العام، وقبل الإطلاق، جرى تسريب التفاصيل الرئيسة للهاتف المقبل عبر الإنترنت."
different_author_same_genre_same_topic,ar,news,4,0.5475927462819993,mix_002568,mix_001795,a40f861722e91a88e1eb809c63c41b1f81a25c5b4a9b6c05cb9f66cff99f37c9,4c43a48363e2c0ed3fe4c7ee8a22ef1057efccbedb6401e63b70bde277045ef3,73.0,83.0,1.1369863013698631,train,train,candidate,query,babel_briefings,babel_briefings,نستعرض معكم كل ماهو جديد في عالم الهواتف الذكية وسنتحدث اليوم عن هاتف ZTE الجديد كليًا الذي يعد قفزة كبيرة,نأتي لكم بالجديد دائمًا في عالم الهواتف الذكية واليوم نتحدث عن آوبو الجديد x2021 الهاتف الرائع من الشركة العالمية الرائدة
different_author_same_genre_same_topic,ar,news,4,0.464687051183708,mix_002688,mix_001795,b439634f5445c44685fe62fc165419fcf3ae974e86413815dbf8201ab8d3e284,4c43a48363e2c0ed3fe4c7ee8a22ef1057efccbedb6401e63b70bde277045ef3,105.0,83.0,1.2650602409638554,train,train,candidate,query,babel_briefings,babel_briefings,كانت شركة أوبو الصينية الرائدة في صناعة الهواتف الذكية، أطلقت أحدث مجموعة هواتفها الذكية الرائدة سلسلة هاتف OPPO Reno6 في بلدها الأم الصين، وفي وقت لاحق،,نأتي لكم بالجديد دائمًا في عالم الهواتف الذكية واليوم نتحدث عن آوبو الجديد x2021 الهاتف الرائع من الشركة العالمية الرائدة
different_author_same_genre_same_topic,ar,news,4,0.43004112628604774,mix_001795,mix_002569,4c43a48363e2c0ed3fe4c7ee8a22ef1057efccbedb6401e63b70bde277045ef3,a40f861722e91a88e1eb809c63c41b1f81a25c5b4a9b6c05cb9f66cff99f37c9,83.0,77.0,1.077922077922078,train,train,query,query,babel_briefings,babel_briefings,نأتي لكم بالجديد دائمًا في عالم الهواتف الذكية واليوم نتحدث عن آوبو الجديد x2021 الهاتف الرائع من الشركة العالمية الرائدة,نتابع معكم بواسطة موقعنا كل ما هو جديد في عالم الهواتف الذكية واليوم نستعرض معكم أحدث إصدارات فيفو الشركة الصينية
same_author_same_genre_same_topic,ar,news,5,0.33429097445861156,mix_001179,mix_001178,06f25ca4cdc9c78d3789f2bb72b88056651cc3f7400ba0123b415e3cbf7d5043,06f25ca4cdc9c78d3789f2bb72b88056651cc3f7400ba0123b415e3cbf7d5043,178.0,180.0,1.0112359550561798,train,train,candidate,query,babel_briefings,babel_briefings,قال المبعوث الخاص لمنظمة الصحة العالمية لشؤون مواجهة جائحة فيروس كورونا المستجد (كوفيد-19)، ديفيد نابارو، إنه يتعين على البشرية تعلم كيفية التعايش مع الفيروس ومنعه من الانتشار ومنع ارتفاع حالات الإصابة به أو التسبب في...,رجّح تقرير مشترك لخبراء منظمة الصحة العالمية وآخرين صينيين، أن يكون فيروس كورونا المستجد (كوفيد-19) قد انتقل إلى الإنسان عبر حيوان وسيط انتقلت إليه العدوى من خفّاش، مستبعداً فرضية تسرّب الفيروس من مختبر صيني.وجاء نشر ...
different_author_same_genre_same_topic,ar,news,5,0.3728116380040776,mix_003146,mix_001444,ef2730c75cf0052d371b99dae1b2871d34c39c1e3fa2b613964ae81a85a09c6a,24d06a158b0d05f59d8e82c510b21acfcbb2bb7a6ea1fc75b9c60c841118d8de,68.0,78.0,1.1470588235294117,train,train,query,query,babel_briefings,babel_briefings,محاربة الفيروسات والبكتيريا تتطلب الحفاظ على نظام مناعة قوي، خصوصا مع انتشار فيروس كورونا في العالم.,في ظل انتشار فيروس كورونا المستجد كوفيد 19 وبداية الموجة الثانية من الفيروس اللعين بقوة داخل جمهورية مصر العربية، وما
different_author_same_genre_same_topic,ar,news,5,0.33980149638598833,mix_003146,mix_002904,ef2730c75cf0052d371b99dae1b2871d34c39c1e3fa2b613964ae81a85a09c6a,d183cd783b362c0ac02fca5ec5ddf0fbaf38818c1df94318f839c012d8ee919b,68.0,92.0,1.3529411764705883,train,train,query,query,babel_briefings,babel_briefings,محاربة الفيروسات والبكتيريا تتطلب الحفاظ على نظام مناعة قوي، خصوصا مع انتشار فيروس كورونا في العالم.,الفطر الأسود من الأمراض التى انتشرت مؤخرا، رغم وجودها منذزمن، ولكن ساهم فيروس كورونا فى انتشارها وارتفاع عدد الإصابات بها فى العالم.
different_author_same_genre_same_topic,ar,news,5,0.3077971501570683,mix_001575,mix_002022,325b7887374f093b692efebcf815779cf19d94d2ae781bbbf5661fb87df175c7,64fe18b97acb60b6b81489b0571d5f6ba23bba2203c0f08295a43bcb2ee44bfe,99.0,93.0,1.064516129032258,train,train,query,query,babel_briefings,babel_briefings,استُئنفت مباريات بطولة الدوري المصري الممتاز لكرة القدم مطلع الشهر الحالي بعد فترة طويلة من التوقف امتدّت إلى 4 شهور على خلفية تفشي فيروس كورونا...,أوضح حمزة الجمل المدير الفني لنادي الاتحاد العماني، أنه مستمر مع فريقه رغم صدور قرار بإلغاء الدوري الممتاز جراء تفشي فيروس كورونا في السلطنة.
same_author_same_genre_same_topic,ar,news,6,0.47075841358050696,mix_001847,mix_001848,527b301df63e49930faa3a6f5d6749de6a09a971f506147ee8992e80d82e8367,527b301df63e49930faa3a6f5d6749de6a09a971f506147ee8992e80d82e8367,95.0,98.0,1.0315789473684212,train,train,candidate,query,babel_briefings,babel_briefings,اخبار الامارات اليوم : كشف «لانور بيوتي لاونج»، صالون التجميل الرائد في دبي، عن إطلاق أول رقاقة ذكية في الإمارات والتي تتيح تخزين البيانات على More......,اخبار الامارات اليوم : أعلن «سيزرز بلوواترز دبي» عن عروض الإقامة الفندقية، التي تتيح للضيوف الاحتفال مع عدد من الأنشطة الترفيهية. ويدعو عرض More......
same_author_same_genre_same_topic,ar,news,6,0.2739929596754834,mix_002764,mix_002765,c0192a4cf1ed42df30889b233184dacac5840745dce4a5dc4b2531ab986135d8,c0192a4cf1ed42df30889b233184dacac5840745dce4a5dc4b2531ab986135d8,82.0,80.0,1.025,train,train,candidate,query,babel_briefings,babel_briefings,اخبار الامارات اليوم أبوظبي في 4 يناير / وام/ أكد سعادة يوسف البطران عضو مجلس إدارة اتحاد الإمارات للجوجيتسو أن العام ال...,اخبار الامارات اليوم نور الهرمودي : - السماح لـ 6 آلاف متفرج لأول مرة بحضور المنافسات من المدرجات. - افتتاح صالة الاتحا...
same_author_same_genre_same_topic,ar,news,6,0.1728131695959938,mix_002841,mix_002842,c96ab14cdca96595c10448f33bd4993d299e0a587abcabbdbbcb2b6e79773b14,c96ab14cdca96595c10448f33bd4993d299e0a587abcabbdbbcb2b6e79773b14,65.0,81.0,1.2461538461538462,train,train,candidate,query,babel_briefings,babel_briefings,البنكان اللذان يعتزمان الاندماج يغردان خارج السرب للربع الثاني على التوالي وينضم لهما بنك البلاد ......,توقع رؤوف فهيم، رئيس قسم الأسهم للشرق الأوسط وتركيا لدى &quot;إتش إس بي سي&quot; السعودية، زيادة الصفقات بسوق ......
different_author_same_genre_same_topic,ar,news,6,0.5042137639177086,mix_001847,mix_003192,527b301df63e49930faa3a6f5d6749de6a09a971f506147ee8992e80d82e8367,f41e9140311cda078a5cecb75922ca58befc62191a55cd9f561b339c444fa37a,95.0,96.0,1.0105263157894737,train,train,candidate,query,babel_briefings,babel_briefings,اخبار الامارات اليوم : كشف «لانور بيوتي لاونج»، صالون التجميل الرائد في دبي، عن إطلاق أول رقاقة ذكية في الإمارات والتي تتيح تخزين البيانات على More......,اخبار الامارات اليوم : قال مديرون وعاملون في قطاع السياحة والسفر، لـ«الإمارات اليوم»، إن دبي وجهة سياحية بارزة عالمياً لقضاء عطلتي الميلاد More......
different_author_same_genre_same_topic,ar,news,6,0.49560311452503525,mix_001158,mix_001254,0580304017d678d8fe82596e18614b2bd6e6945e99ce8449b116234e42283d7e,0eea56e089aa75814b8eb67ed544e0510b91b12e884850752bdaa28160b668d5,93.0,98.0,1.053763440860215,train,train,candidate,query,babel_briefings,babel_briefings,اخبار الامارات اليوم : كشف نائب المدير العام في الهيئة العامة لتنظيم قطاع الاتصالات، ماجد المسمار، أنه &quot;سيتم إطلاق خدمة نقل أرقام الهاتف More......,اخبار الامارات اليوم : أعلنت &quot;اتصالات&quot; اليوم عن شراكة جديدة أصبحت بموجبها شريك الاتصال الرسمي للاتحاد للطيران في خطوة تهدف إلى توفير أحدث More......
different_author_same_genre_same_topic,ar,news,6,0.4874958032973996,mix_002095,mix_001152,6f12485c05c995aa81d946b4d8889ed598f3ed637b88bbe76b921d07a5b6426a,0555bc8b15dfa4c0fc1aeaf731170a49c1109ecc8c8f945d96c8cac917231db5,96.0,92.0,1.0434782608695652,dev,train,candidate,candidate,babel_briefings,babel_briefings,اخبار الامارات اليوم : أدى النقص العالمي في رقائق أشباه الموصلات إلى تحديات ضخمة أمام صناعة السيارات في أميركا الشمالية، حيث أعلنت شركة «فورد» More......,اخبار الامارات اليوم : يتهافت عدد متزايد من سكان نيويورك على شراء السيارات لأن ملايين السكان يتجنبون وسائل النقل العام بسبب فيروس كورونا More......
same_author_same_genre_same_topic,ar,news,7,0.879249680315173,mix_001667,mix_001666,3da3a1750ebc7ce6abc70864c50d1932ad6d00a7ec49395a0d448c3b6fc92729,3da3a1750ebc7ce6abc70864c50d1932ad6d00a7ec49395a0d448c3b6fc92729,133.0,131.0,1.015267175572519,train,train,candidate,query,babel_briefings,babel_briefings,أعلن الناطق الرسمي باسم وزارة الصحة الدكتور عبدالله السند، اليوم الأربعاء، تسجيل 1345 إصابة جديدة بفيروس كورونا المستجد (كوفيد 19) في الساعات الـ 24 الماضية ليرتفع بذلك إجمالي عدد الحالات المسجلة في...,أعلن الناطق الرسمي لوزارة الصحة الدكتور عبدالله السند، اليوم الثلاثاء، تسجيل 1153 إصابة جديدة بفيروس كورونا المستجد (كوفيد-19) في الساعات الـ 24 الماضية ليرتفع بذلك إجمالي عدد الحالات المسجلة في...
same_author_same_genre_same_topic,ar,news,7,0.8330356176312513,mix_001237,mix_001236,0d770c91ea031ef4d5a1d33ba647c6d538afafc588078c93b9f65ee611bf9f17,0d770c91ea031ef4d5a1d33ba647c6d538afafc588078c93b9f65ee611bf9f17,172.0,183.0,1.063953488372093,train,train,candidate,query,babel_briefings,babel_briefings,"تماشيا مع خطة وزارة الصحة ووقاية المجتمع لتوسيع وزيادة نطاق الفحوصات في الدولة بهدف الاكتشاف المبكر وحصر الحالات المصابة بفيروس كورونا المستجد ""كوفيد - 19"" والمخالطين لهم وعزلهم أعلنت الوزارة عن إجراء 157,461 فحصا جدي...",تماشياً مع خطة وزارة الصحة ووقاية المجتمع لتوسيع وزيادة نطاق الفحوص في الدولة بهدف الاكتشاف المبكر وحصر الحالات المصابة بفيروس كورونا المستجد (كوفيد-19) والمخالطين لهم وعزلهم، أعلنت الوزارة عن إجرائها 118 ألفاً و58 فح...
same_author_same_genre_same_topic,ar,news,7,0.7234415975084384,mix_001770,mix_001769,4a9c03ea6809169522dbed3b81c1af14f8f0731a9244b2ccaffd2980a6aa73d2,4a9c03ea6809169522dbed3b81c1af14f8f0731a9244b2ccaffd2980a6aa73d2,181.0,180.0,1.0055555555555555,train,train,candidate,query,babel_briefings,babel_briefings,أعلنت وزارة الصحة ووقاية المجتمع عن إجراء 143 ألفاً و991 فحصاً جديداً، خلال الـ24 ساعة الماضية، تماشياً مع خطتها لتوسيع وزيادة نطاق الفحوص في الدولة، بهدف الاكتشاف المبكر وحصر الحالات المصابة بفيروس كورونا المستجد (كو...,أعلنت وزارة الصحة ووقاية المجتمع عن إجرائها 85 ألفاً و93 فحصاً جديداً خلال الـ24 الساعة الماضية على فئات مختلفة في المجتمع باستخدام أفضل وأحدث تقنيات الفحص الطبي، تماشياً مع خطة لتوسيع وزيادة نطاق الفحوص في الدولة، به...
different_author_same_genre_same_topic,ar,news,7,0.9692751473285852,mix_002351,mix_001236,8bd0575e84208f7c816df3fe88d79b0b66fc0e4ebd1ab2311ef10ae7b5b1b2e5,0d770c91ea031ef4d5a1d33ba647c6d538afafc588078c93b9f65ee611bf9f17,181.0,183.0,1.011049723756906,train,train,candidate,query,babel_briefings,babel_briefings,تماشياً مع خطة وزارة الصحة ووقاية المجتمع لتوسيع وزيادة نطاق الفحوص في الدولة بهدف الاكتشاف المبكر وحصر الحالات المصابة بفيروس كورونا المستجد (كوفيد - 19) والمخالطين لهم وعزلهم، أعلنت الوزارة إجراءها 61 ألفاً و544 فحص...,تماشياً مع خطة وزارة الصحة ووقاية المجتمع لتوسيع وزيادة نطاق الفحوص في الدولة بهدف الاكتشاف المبكر وحصر الحالات المصابة بفيروس كورونا المستجد (كوفيد-19) والمخالطين لهم وعزلهم، أعلنت الوزارة عن إجرائها 118 ألفاً و58 فح...
different_author_same_genre_same_topic,ar,news,7,0.9419397809007272,mix_001135,mix_001237,02837b6330ddca04ae5b19d77520ea17a869de61dde0a2206dff3dd4eeed26d9,0d770c91ea031ef4d5a1d33ba647c6d538afafc588078c93b9f65ee611bf9f17,169.0,172.0,1.017751479289941,train,train,candidate,candidate,babel_briefings,babel_briefings,"تماشيا مع خطة وزارة الصحة ووقاية المجتمع لتوسيع وزيادة نطاق الفحوصات في الدولة بهدف الاكتشاف المبكر وحصر الحالات المصابة بفيروس كورونا المستجد ""كوفيد-19"" و المخالطين لهم و عزلهم أعلنت الوزارة إجراء 139,909 فحوص جديدة ...","تماشيا مع خطة وزارة الصحة ووقاية المجتمع لتوسيع وزيادة نطاق الفحوصات في الدولة بهدف الاكتشاف المبكر وحصر الحالات المصابة بفيروس كورونا المستجد ""كوفيد - 19"" والمخالطين لهم وعزلهم أعلنت الوزارة عن إجراء 157,461 فحصا جدي..."
different_author_same_genre_same_topic,ar,news,7,0.9281161047142105,mix_001217,mix_002351,0b5017e51604f618eb7acff256d9de4ad6dec3d94d0df829bd345907a14d71f0,8bd0575e84208f7c816df3fe88d79b0b66fc0e4ebd1ab2311ef10ae7b5b1b2e5,177.0,181.0,1.0225988700564972,train,train,candidate,candidate,babel_briefings,babel_briefings,"تماشياً مع خطة وزارة الصحة ووقاية المجتمع لتوسيع وزيادة نطاق الفحوصات في الدولة بهدف الاكتشاف المبكر وحصر الحالات المصابة بفيروس كورونا المستجد /كوفيد 19/ والمخالطين لهم وعزلهم، أعلنت الوزارة عن إجرائها 120,665 فحصا ج...",تماشياً مع خطة وزارة الصحة ووقاية المجتمع لتوسيع وزيادة نطاق الفحوص في الدولة بهدف الاكتشاف المبكر وحصر الحالات المصابة بفيروس كورونا المستجد (كوفيد - 19) والمخالطين لهم وعزلهم، أعلنت الوزارة إجراءها 61 ألفاً و544 فحص...
same_author_same_genre_same_topic,ar,news,8,0.5289954704567522,mix_001630,mix_001629,39dd70017512224461e798fe9d338113c352d61ed34233d2a55c584ca8670290,39dd70017512224461e798fe9d338113c352d61ed34233d2a55c584ca8670290,102.0,101.0,1.00990099009901,train,train,candidate,query,babel_briefings,babel_briefings,أظهرت إحصاءات تدفقات أسبوعية من بنك أوف أمريكا أمس أن المستثمرين ضخوا المال في صناديق السندات والذهب في الأسبوع المنتهي 2 سبتمبر وتخارجوا من الأسهم،,قال «بنك أوف أمريكا» إن المستثمرين عززوا مشترياتهم من الأصول العالية المخاطر مثل الأسهم الأسبوع الماضي بينما سحبوا المال من الذهب الذي يُعتبر ملاذاً
same_author_same_genre_same_topic,ar,news,8,0.4593785006789387,mix_002193,mix_002192,7a641d02815a58c06a613b18e40360a06eb65d533ce82d36dd42acd0d547b1cf,7a641d02815a58c06a613b18e40360a06eb65d533ce82d36dd42acd0d547b1cf,176.0,182.0,1.0340909090909092,train,train,candidate,query,babel_briefings,babel_briefings,يصدر بنك مصر مجموعة من شهادات الإدخار ذات العائد الأعلي بالسوق والذى يصل إلي 12% و 12.25% للشهادات الثلاثية و 13% لشهادات أمان.وتصدر شهادة القمة الثلاثية لمدة 3 سنوات ويبلغ الحد الأدنى لشراء الشهادة نحو 1000 جنيه ومضا...,يقدم البنك العربي الإفريقي باقة من شهادات أدخار اميرالد بالجنية المصري بأجال من 3 سنوات وحتى 10 سنوات. وتتيح شهادة البنك الخماسية عائد يصل إلي 10.125% شهريا، و 10.250% ربع سنوي، و 10.37% نصف سنوي، و 10.50% عائد سنوي و...
same_author_same_genre_same_topic,ar,news,8,0.3990657874212059,mix_001889,mix_001888,57bc038b5e451e37756d6e85696f1572c75a6bd0fb3a7a20d4dc66182fe7f3d4,57bc038b5e451e37756d6e85696f1572c75a6bd0fb3a7a20d4dc66182fe7f3d4,125.0,129.0,1.032,dev,dev,candidate,query,babel_briefings,babel_briefings,تحميل برنامج مايكروسوفت تيمز يعتبر ذلك واحد من اكثر التسأولات التي يبحث عن اجابه لها الكثير من الطلاب في المملكة العربية السعودية، حيث ان هذة المنصة التعليمية يتم استخدامها في الكثير من المجالات التعل,منصة مدرستي توكلنا دخول backtoschool.sa مع الأخذ في الاعتبار الوضع الوبائي في المملكة العربية السعودية ، أطلقت وزارة التربية والتعليم منصة مدرستي التعليمية ، والتي تهدف إلى توفير جميع الأدوات والعناصر
different_author_same_genre_same_topic,ar,news,8,0.504710389131843,mix_001431,mix_001630,22a13e66547661c80652bd3c2824a48ef5b3d1402378aab75c9d9af5837877ff,39dd70017512224461e798fe9d338113c352d61ed34233d2a55c584ca8670290,106.0,102.0,1.0392156862745099,train,train,candidate,candidate,babel_briefings,babel_briefings,أظهرت بيانات لتدفقات الصناديق الأسبوعية من «بنك أوف أمريكا»، أن صناديق الأسهم العالمية تلقت تدفقات قياسية بلغت 58.1 مليار دولار على مدى الأسبوع الفائت.,أظهرت إحصاءات تدفقات أسبوعية من بنك أوف أمريكا أمس أن المستثمرين ضخوا المال في صناديق السندات والذهب في الأسبوع المنتهي 2 سبتمبر وتخارجوا من الأسهم،
different_author_same_genre_same_topic,ar,news,8,0.47683570043073153,mix_002931,mix_002458,d42379d36d602a32fa442eafad8b48b3fd08cc04fbdff74573e45b5b6bdc8121,97ce1096c2d419319e11abca00d23fed040164c102ea7d970928f794bfe19ad7,107.0,146.0,1.3644859813084111,train,train,query,query,babel_briefings,babel_briefings,حافظت الأسهم المحلية على وتيرة الصعود للأسبوع السادس على التوالي بعدما ربح رأسمالها السوقي نحو 24.4 مليار درهم بفعل عمليات شراء للأجانب والمؤسسات مدفوعة .,أغلقت الأسهم المحلية في الدائرة الخضراء، بختام جلسة أمس، بعدما ربح رأسمالها السوقي ما يربو على 13.5 مليار درهم، مدفوعاً بعمليات شرائية انتقائية، استهدفت بعض الأسهم القيادية في قطاع البنوك والعقار والطاقة.
different_author_same_genre_same_topic,ar,news,8,0.4658405313754783,mix_001327,mix_003255,179f0355634dd76111777aaddf7f129a268baf97c1983b65a7645a14dcdbbef0,fc9e0e554ad95a3e4c2ac198956e22228ea1c93b3af3afd58924e81e4e57fcfc,74.0,87.0,1.1756756756756757,train,train,candidate,candidate,babel_briefings,babel_briefings,أعلنت شركة لوفتهانزا الألمانية للطيران اليوم الخميس استخدام طائراتها كرهن للحصول على رأس مال خارجي إضافي.,أعلنت مجموعة لوفتهانزا الألمانية للطيران، ريادتها لسوق الطيران في العاصمة الألمانية برلين، مع افتتاح المطار الجديد للعاصمة....
same_author_same_genre_same_topic,ar,news,9,0.12773471442983064,mix_001703,mix_001702,41c068a670f63993c5a45e2b9baebe23690edf36c68227c9a32108edcb21da41,41c068a670f63993c5a45e2b9baebe23690edf36c68227c9a32108edcb21da41,119.0,115.0,1.0347826086956522,train,train,candidate,query,babel_briefings,babel_briefings,"كشفت شركة ""سامسونغ""، يوم الأحد، أنها ستقوم بتعميم تجربة القلم الضوئي الإلكتروني الذي تتميز به S Pen على مزيد من الأجهزة القادمة؛ وذلك لنقل تجربة سلسلة ""نوت"" إلى","تعتزم شركة ""أبل"" تقديم هاتف واحد على الأقل ضمن سلسلة ""آيفون 13"" الجديدة، بلا منافذ شحن أو سماعات، خلال العام المقبل، حسب ما ذكرت تقارير تقنية. وسيساعد التخلي عن"
different_author_same_genre_same_topic,ar,news,9,0.419568275361729,mix_002588,mix_002585,a612cba5d6414a4acace46fc9117174d1da1792490ade7fea7783a552783a628,a575223519f491f786d600fc7876265ce391288ae451088bf9f61c0aed0118cd,95.0,94.0,1.0106382978723405,train,train,candidate,candidate,babel_briefings,babel_briefings,نقدم لكم أهم مواصفات هاتف Oppo Find X3 Neo الجديد، أعلنت شركة أوبو عن هاتفها الجديد Oppo Find X3 Neo الذي يعد من أقوى الهواتف لسنة 2021 فقد وضعت الشركة,أعلنت شاومي رسمياً عن هاتفها الجديد المعروف باسم Xiaomi 11 Lite 5G NE والذي يأتي بمواصفات عالية، من ناحية الشاشة والمعالج وبعض المواصفات الأخرى.
different_author_same_genre_same_topic,ar,news,9,0.3981574523682915,mix_001232,mix_001603,0cb0c083a01b58f56c70973da1880751ea5e4bd5a25acc048b0aa6efc9a9b882,37a73e3fc0149ccdec705073b434c9b02fbddd691b2bc2838225939fae9d0507,68.0,96.0,1.411764705882353,train,train,candidate,query,babel_briefings,babel_briefings,كوبرا تطلق سيارة Formentor VZ5 الجديدة بقوة 390 حصان &#039;كوبرا تطلق سيارة Formentor VZ5 الجديدة بقوة 390 حصان&#039;,"كشفت شركة كيا الكورية الجنوبية، التي غيرت اسمها بدلا من شركة كيا موتورز، النقاب عن سيارة السيدان الجديدة ""كي-8"" كأول سيارة تحمل الشعار الجديد."
different_author_same_genre_same_topic,ar,news,9,0.39296982374484957,mix_003145,mix_002694,ef2730c75cf0052d371b99dae1b2871d34c39c1e3fa2b613964ae81a85a09c6a,b57e9cdd8f4af8bbc4307a1d1e57ce557b92f8cacb057256317e09e1e2cf2ecf,112.0,76.0,1.4736842105263157,train,train,candidate,candidate,babel_briefings,babel_briefings,"عملاق التكنولوجيا ""مايكروسوفت"" يستعد للكشف عن ""جيل جديد"" من نظام التشغيل ""ويندوز"" خلال مؤتمر مايكروسوفت بيلد 2021 ، الذي انطلق الثلاثاء ويستمر حتى الخميس.",مايكروسوفت تعلن نهاية انترنت اكسبلورر للأبد &#039;مايكروسوفت تعلن نهاية انترنت اكسبلورر للأبد&#039;
same_author_same_genre_same_topic,ru,news,0,0.6324694512989967,mix_041534,mix_041535,dfcbd37484300cadd5899da73d42dffb5457516426e8699eb41935c6db755d40,dfcbd37484300cadd5899da73d42dffb5457516426e8699eb41935c6db755d40,59.0,45.0,1.3111111111111111,train,train,candidate,query,babel_briefings,babel_briefings,"Бывший президент «Спартака», а теперь колумнист «Чемпионата» раскритиковал качество дерби, но поддержал арбитров.",Бывший президент «Спартака» и колумнист «Чемпионата» настаивает на отставке Черчесова.
same_author_same_genre_same_topic,ru,news,0,0.16433115514700636,mix_040822,mix_040823,7a676001c137da35d4cd514c0f32fc0011535bc6905cac3d787477755fda8ccc,7a676001c137da35d4cd514c0f32fc0011535bc6905cac3d787477755fda8ccc,86.0,74.0,1.162162162162162,train,train,candidate,query,babel_briefings,babel_briefings,"На следующий день после презентации новой машины, в McLaren провели съёмочный день в Сильверстоуне. Проехав несколько кругов по мокрой трассе, Ландо Норрис рассказал о первых впечатлениях от машины.",Руководитель команды Mercedes Тото Вольфф прокомментировал штраф Валттери Боттаса после несколько необычного инцидента на пит-лейн по ходу второй тренировки в пятницу.
different_author_same_genre_same_topic,ru,news,0,0.4386578692898948,mix_040950,mix_039911,88b9f9d1b1e43ca5505ea7c7fbdb12650ab0f424e51d9a40b14c45a2a760fb7a,0a1dc68b4bd1f9ecc298f532f4c959b51419c5c0d5057a485fe9b2ace5a7626c,70.0,47.0,1.4893617021276595,train,train,candidate,candidate,babel_briefings,babel_briefings,Главный тренер «Ювентуса» Массимилиано Аллегри прокомментировал победу в матче 7-го тура итальянской Серии Ас «Торино» (1:0).,Главный тренер «Динамо» Сандро Шварц прокомментировал подписание нового контракта Антоном Шуниным.
different_author_same_genre_same_topic,ru,news,0,0.42412190097339164,mix_040950,mix_041585,88b9f9d1b1e43ca5505ea7c7fbdb12650ab0f424e51d9a40b14c45a2a760fb7a,e6171f2c75df1672c2bb5d57156ed633ae1dc45e704f57326c32ca19d07b707c,70.0,88.0,1.2571428571428571,train,train,candidate,query,babel_briefings,babel_briefings,Главный тренер «Ювентуса» Массимилиано Аллегри прокомментировал победу в матче 7-го тура итальянской Серии Ас «Торино» (1:0).,"Заслуженный артист России, болельщик «Зенита» Михаил Боярский прокомментировал «СЭ» победу «Спартака» над ЦСКА в матче 27 тура Тинькофф РПЛ (1:0)."
different_author_same_genre_same_topic,ru,news,0,0.4061282942899931,mix_040148,mix_041216,2704ce675135740d9e68bcf32a2a79b3d66eef6b4c897e087d012d737e0c44cc,aeaa0db051117aaa9196a1a386ecdeafd2b5d4954e8408ca4e2080ea334704af,71.0,97.0,1.3661971830985915,test,train,candidate,query,babel_briefings,babel_briefings,Старший тренер мужской сборной России по биатлону Юрий Каминский поделился мнением о кандидатах в состав национальной команды на чемпионат мира.,36-летний форвард сборной Португалии Криштиану Роналду эмоционально отреагировал на поражение национальной команды в заключительном матче групповой стадии отбора к ЧМ-2022 со сборной Сербии (1:2).
same_author_same_genre_same_topic,ru,news,1,0.5515231189496623,mix_040239,mix_040240,31780474ba3968c06e803bdbd3c88cbbe4fc06f5dc2f114cfbc16b7bee87c5d5,31780474ba3968c06e803bdbd3c88cbbe4fc06f5dc2f114cfbc16b7bee87c5d5,50.0,56.0,1.12,train,train,candidate,query,babel_briefings,babel_briefings,Практикующие психологи предлагают пройти тест и определить ваши острые психоэмоциональные потребности.,"Профессиональные психологи предлагают пройти тест на определение процента ""романтической составляющей"" в вашем характере."
same_author_same_genre_same_topic,ru,news,1,0.4780887867603909,mix_040494,mix_040493,52725262705207292a9847fad7b4fedd1a234c4537abcbe07c1b799aff2e52e9,52725262705207292a9847fad7b4fedd1a234c4537abcbe07c1b799aff2e52e9,84.0,73.0,1.1506849315068493,train,train,candidate,query,babel_briefings,babel_briefings,"Один практикующий психолог прислал в нашу редакцию тест, чтобы каждый желающий смог определить свой истинный возраст. Как правило, он намного отличается от тех цифр, что стоят в паспорте.","Насколько сильно вы нуждаетесь в партнёре, чтобы быть счастливым? Практикующий психолог прислал в нашу редакцию специальный тест, а мы делимся им с вами."
same_author_same_genre_same_topic,ru,news,1,0.2916592049244856,mix_040189,mix_040190,2b8dac9132c501f349834f0e57ec5e341093cb92a8fb1ec84764f841ace8aca6,2b8dac9132c501f349834f0e57ec5e341093cb92a8fb1ec84764f841ace8aca6,47.0,49.0,1.0425531914893618,train,train,candidate,query,babel_briefings,babel_briefings,"А вы задумывались, что для вас является главной ценностью? Нужно лишь выбрать картинку и прочитать текст ниже.","Специалисты в области психологии составили для вас тест. Надо выбрать клоуна, а далее прочитать описание."
different_author_same_genre_same_topic,ru,news,1,0.43894127328483556,mix_040239,mix_040081,31780474ba3968c06e803bdbd3c88cbbe4fc06f5dc2f114cfbc16b7bee87c5d5,1e540ebc3adce4771564e384d7a0775dfb13a78423fffd3487a425fad8e86ed5,50.0,39.0,1.2820512820512822,train,train,candidate,query,babel_briefings,babel_briefings,Практикующие психологи предлагают пройти тест и определить ваши острые психоэмоциональные потребности.,Тест по картинке от практикующего психолога расскажет про ваши отрицательные стороны.
different_author_same_genre_same_topic,ru,news,1,0.34962122044296506,mix_039884,mix_040190,077395b482e072bc8551bf076e85a5ecc29b360c8f0b2cd4dcb89cc194346b71,2b8dac9132c501f349834f0e57ec5e341093cb92a8fb1ec84764f841ace8aca6,60.0,49.0,1.2244897959183674,train,train,query,query,babel_briefings,babel_briefings,"Эксперт в области психологии подготовил для вас тест, раскрывающий качества характера, которые не нравится окружающим в вас.","Специалисты в области психологии составили для вас тест. Надо выбрать клоуна, а далее прочитать описание."
different_author_same_genre_same_topic,ru,news,1,0.34166705777153006,mix_040081,mix_040252,1e540ebc3adce4771564e384d7a0775dfb13a78423fffd3487a425fad8e86ed5,3354345764c4b964eb278d2528554f88a9c962105a3c065a9bcb8631ee974df0,39.0,57.0,1.4615384615384615,train,train,query,query,babel_briefings,babel_briefings,Тест по картинке от практикующего психолога расскажет про ваши отрицательные стороны.,Простой психологический тест поможет вам лучше узнать свой характер. Внимательно посмотрите на картинку и прочтите описание ниже.
different_author_same_genre_same_topic,ru,news,2,0.43466719939184695,mix_040754,mix_040229,70dbe2dba257f02eb05b96c9692315ceb03f56f14f77a5b39ce3741fd4eb5142,300eaaaf0e84a68a42db9abee4c22cab0af7501051744184e9d6634ad3e48261,45.0,68.0,1.511111111111111,train,train,query,query,babel_briefings,babel_briefings,"Instagram и WhatsApp принадлежат компании Facebook. У соцсети крупный сбой, а данные пользователей уже утекли в Интернет.","Компания использовала данные добровольного опроса, проведенного в сентябре среди пользователей Steam. Ниже представлены самые популярные компоненты персональных компьютеров пользователей Steam."
different_author_same_genre_same_topic,ru,news,2,0.29954369553710647,mix_041231,mix_041024,b130d6580774c844105151567de2833d7410a4d3c1fd8f51e8cb1d4b84a5a0e1,938e422c1284574a2efd88228d94c256897e196068b04da9d02726db5341a6d2,58.0,62.0,1.0689655172413792,train,train,candidate,query,babel_briefings,babel_briefings,"Скончался американский актёр Дин Стоквелл, игравший в ""Квантовом скачке"" и ""Дюне"" Дэвида Линча","16 июня 1971 года родился Тупак Шакур — американский рэпер, легенда хип-хопа, вокруг убийства которого до сих пор полно тайн."
different_author_same_genre_same_topic,ru,news,2,0.2773966337637891,mix_041532,mix_040741,df8ad4e0617839e5df7e16e4a277aeace7a8061a829ddce93add9768d72fb932,701438717dbb7ab9f7c481ad678285ac68a7d8a67589a068f01f201c6c09b7cb,83.0,106.0,1.2771084337349397,train,train,candidate,query,babel_briefings,babel_briefings,"Журналист Эмили Каплан заявила, что руководство Национальной хоккейной лиги может отказаться от участия своих игроков в Олимпийских играх — 2022, которые пройдут в Пекине.","Руководство Xbox пыталось поднять цены на подписку Xbox Live Gold, но под давлением критики игроков Microsoft была вынуждена отказаться от своего шага и извиниться перед сообществом. По словам известного аналитика игр..."
same_author_same_genre_same_topic,ru,news,3,0.1981275439567769,mix_041705,mix_041704,f6c5713436b2f2ee2d168310272d1c2bf0ff86a77c06e63b732a1a2fd31512c4,f6c5713436b2f2ee2d168310272d1c2bf0ff86a77c06e63b732a1a2fd31512c4,118.0,118.0,1.0,train,train,candidate,query,babel_briefings,babel_briefings,"Долгое время считалось, что черные дыры поглощают огромное количество окружающей материи, что приводит к смерти галактик. При этом процессе формируется высокоэнергетический объект, называемый квазаром, который останав...","Большинство вирусов распространяются осенью и зимой. Эту закономерность смогли объяснить ученые из Италии. Исследователи считают, что во многом на распространение вирусов влияет количество солнечного света, сообщает i..."
same_author_same_genre_same_topic,ru,news,3,0.17017671995204908,mix_040020,mix_040019,17495df1822e321e9edd78ecc97e1fb29d859dcdbb301a2e1b57f53c1f5408a8,17495df1822e321e9edd78ecc97e1fb29d859dcdbb301a2e1b57f53c1f5408a8,68.0,98.0,1.4411764705882353,train,train,candidate,query,babel_briefings,babel_briefings,"Ученые из Мичиганского университета США рассчитали, сколько времени жизни отнимает или добавляет потребление того или иного продукта. Об этом сообщила газета The Telegraph.","В США в четырех известных марках детского питания выявили наличие высокого уровня содержания токсичных тяжелых металлов — мышьяка, кадмия, свинца и ртути. Об этом в четверг, 4 февраля, сообщил CNN."
different_author_same_genre_same_topic,ru,news,3,0.3569975055487772,mix_040395,mix_041008,443452bbfea6382d992264484146b40fb8c5c915d853c469017ece1d55bbde0c,92045027ac756a6d485ea818da6421d18da6b9fb3a10678e89f518c68d64139e,94.0,117.0,1.2446808510638299,dev,train,query,query,babel_briefings,babel_briefings,"Ульяновский автозавод опубликовал 22 июня на своей официальной странице «Вконтаке» изображение фургона УАЗ-452 следующего поколения, который известен как «буханка». Автором проекта стал художник Тимур Даутов.","Компания «АвтоВАЗ» опубликовала в своей официальной группе в социальной сети «Вконтакте» видео, в котором продемонстрировала, как снимали рекламный ролик, посвященный выпуску новой Lada Niva Travel. Для съемок задейст..."
different_author_same_genre_same_topic,ru,news,3,0.3566903414589857,mix_040412,mix_040446,4699e71afd72a96aaee7d338ab11fdd30b418e92471bca1f8780f33ee9a073d6,4bad4c2c86dfa36203a011e6c61927357183e977f599e6ccfe909aae995cfb9b,71.0,78.0,1.0985915492957747,train,train,candidate,candidate,babel_briefings,babel_briefings,"Употребление жирной пищи повышает риск возникновения проблем с сердцем и сосудами. Исследование провели ученые из Китая, материал опубликован на портале iNews.","Ученые из Китая сочли маловероятным искусственное происхождение вируса SARS-CoV-2. Результаты нового исследования опубликованы в журнале Science China Life Sciences, сообщает Xinhua."
different_author_same_genre_same_topic,ru,news,3,0.35537867681434376,mix_040672,mix_040446,678f8af0b688de689879b457e9e158905f452e443b16e6e20cb1361b0826db36,4bad4c2c86dfa36203a011e6c61927357183e977f599e6ccfe909aae995cfb9b,86.0,78.0,1.1025641025641026,train,train,candidate,candidate,babel_briefings,babel_briefings,Китайские ученые предрекают России и другим странам Северного полушария катастрофические климатические изменения к 2100 году. Результаты их исследований опубликованы 8 марта на сайте Phys.org.,"Ученые из Китая сочли маловероятным искусственное происхождение вируса SARS-CoV-2. Результаты нового исследования опубликованы в журнале Science China Life Sciences, сообщает Xinhua."
same_author_same_genre_same_topic,ru,news,4,0.9810902876671387,mix_041252,mix_041253,b3da7a34808aca55fc62425823fb2be140a772a795c41672e4ac18a12f87690c,b3da7a34808aca55fc62425823fb2be140a772a795c41672e4ac18a12f87690c,97.0,95.0,1.0210526315789474,train,train,candidate,query,babel_briefings,babel_briefings,Коронавирус: оперативная информация по состоянию на утро 14.04.2021 На данный момент в Тамбовской области подтвердились 30 569 случаев заболевания коронавирусом. Из них 6 963 — без клинических проявле,Коронавирус: оперативная информация по состоянию на утро 18.04.2021 На данный момент в Тамбовской области подтвердились 30 854 случая заболевания коронавирусом. Из них 7 025 — без клинических проявлен
same_author_same_genre_same_topic,ru,news,4,0.27337927475666435,mix_039924,mix_039923,0b78ccf76da24cbcae65d4736c8f797058fc30411bf6c53631adc1c780ccc434,0b78ccf76da24cbcae65d4736c8f797058fc30411bf6c53631adc1c780ccc434,90.0,88.0,1.0227272727272727,train,train,candidate,query,babel_briefings,babel_briefings,"Чаще всего люди заболевают не из-за прививки, а потому что заразились коронавирусом до вакцинации, сами о том не подозревая. Об этом рассказала доктор биологических наук Анча Баранова.",Элементы вакцины от коронавируса «Спутник V» были разработаны ранее против вируса лихорадки Эболы. Об этом журналистам заявил эксперт по биологической безопасности Николай Дурманов.
same_author_same_genre_same_topic,ru,news,4,0.14687560774230957,mix_040642,mix_040641,64a9eb5c8f383a253d6bd53d738ebb347a07dbccd41770830396aa696a344a4c,64a9eb5c8f383a253d6bd53d738ebb347a07dbccd41770830396aa696a344a4c,69.0,67.0,1.0298507462686568,train,train,query,candidate,babel_briefings,babel_briefings,Специалисты из России создали технологию наработки вирусных векторов для производства на их базе препаратов для лечения редких генетических заболеваний.,"Человек может получить две прививки, сделанные разными препаратами от коронавируса. Такое мнение выразил доктор биологических наук Алексей Аграновский."
different_author_same_genre_same_topic,ru,news,4,0.39994786782675107,mix_040641,mix_039924,64a9eb5c8f383a253d6bd53d738ebb347a07dbccd41770830396aa696a344a4c,0b78ccf76da24cbcae65d4736c8f797058fc30411bf6c53631adc1c780ccc434,67.0,90.0,1.3432835820895523,train,train,candidate,candidate,babel_briefings,babel_briefings,"Человек может получить две прививки, сделанные разными препаратами от коронавируса. Такое мнение выразил доктор биологических наук Алексей Аграновский.","Чаще всего люди заболевают не из-за прививки, а потому что заразились коронавирусом до вакцинации, сами о том не подозревая. Об этом рассказала доктор биологических наук Анча Баранова."
different_author_same_genre_same_topic,ru,news,4,0.3599294082272203,mix_041607,mix_039924,e9f14a3acd47708b7970ff11fb65d3fc30737fb072f12d4af4837c0c038ea13c,0b78ccf76da24cbcae65d4736c8f797058fc30411bf6c53631adc1c780ccc434,107.0,90.0,1.1888888888888889,train,train,candidate,candidate,babel_briefings,babel_briefings,"Доктор биологических наук, глава лаборатории молекулярной эволюции РАН Георгий Базыкин заявил, что главная опасность «дельта»-штамма коронавируса заключается в его способности заразить больше людей. Об этом он рассказ...","Чаще всего люди заболевают не из-за прививки, а потому что заразились коронавирусом до вакцинации, сами о том не подозревая. Об этом рассказала доктор биологических наук Анча Баранова."
different_author_same_genre_same_topic,ru,news,4,0.33829966282635027,mix_040268,mix_040094,36a4041438610394a8e421d78a905ecacc597a6fadd02907660b9618f5c49d5e,20422668af79cbe2f057f087ca85e5f58b2358605a09a57dcf2c1b27420db22b,74.0,82.0,1.1081081081081081,train,train,query,query,babel_briefings,babel_briefings,"Российские ученые разработали наномембрану, которая способна мгновенно очищать воздух от вирусов и микроорганизмов, в том числе от коронавируса.","12 января на совещании Всемирной организации здравоохранения (ВОЗ), посвященном вариантам коронавируса SARS-CoV-2 ученые обсудили разработку новой системы наименований"
same_author_same_genre_same_topic,ru,news,5,0.27441077763576405,mix_040314,mix_040315,3bc409e1900f91c721c38a1746d0bea51a8e5f21b82291cc373407f07519d3e8,3bc409e1900f91c721c38a1746d0bea51a8e5f21b82291cc373407f07519d3e8,64.0,65.0,1.015625,train,train,candidate,query,babel_briefings,babel_briefings,"Полуфинал пройдёт без двухкратного чемпиона. Разбитые ракетки и другие страсти, которые кипят на кортах Баварии, — в видеообзоре.","Лунная походка Майкла Джексона, розыгрыш в 30 ударов и другие интересные моменты соревнования в столице Баварии в нашем видеообзоре."
same_author_same_genre_same_topic,ru,news,5,0.1889690653390601,mix_041728,mix_041727,f936f095220360d15d5523bc78d7be99821b39e688074ee2c4542743e23a01eb,f936f095220360d15d5523bc78d7be99821b39e688074ee2c4542743e23a01eb,99.0,107.0,1.0808080808080809,train,train,candidate,query,babel_briefings,babel_briefings,"Неделя выдалась интересной и насыщенной. Тут ещё первый снег выпал, намекая на скорый Новый год. Куда так летит время? Apple Многие эту новость прочитали так: Тим Кук советует пересесть на Android. Ну в каком-то смысл...","Всю неделю мы задавались вопросом: почему лето закончилось так быстро? В этой ситуации радовать может только одно — скоро презентации Apple, а значит, будет много айфончиков, часиков и вот этого всего! А пока подведём..."
same_author_same_genre_same_topic,ru,news,5,0.09042997254358764,mix_039846,mix_039845,034ac747faac6e3d157d590b91a95c5c0dab780bd2632d4372818008df31e199,034ac747faac6e3d157d590b91a95c5c0dab780bd2632d4372818008df31e199,102.0,111.0,1.088235294117647,train,train,query,candidate,babel_briefings,babel_briefings,"Дженнифер Лопес и Арми Хаммер согласились на участие в экшен-комедии Shotgun Wedding при студии Lionsgate. Режиссировать по сценарию Лиз Меривезер и Марка Хаммера будет Джейсон Мур, постановщик «Идеального голоса».","Netflix выпустил первый трейлер драмы «„Black Bottom“ Ма Рейни» — экранизации пьесы, которая, так уж получилось, стала заключительным фильмом с участием Чедвика Боузмана («Чёрная Пантера»). Премьера состоится на поток..."
different_author_same_genre_same_topic,ru,news,5,0.4684308185756192,mix_041132,mix_040303,a42bb76339282429d1f64fe74bf8036367bd5a84a28740fab4d8e2162d9915c8,3a830c0b830b0236c89246e76b1b4eeb8e1c784644f34c7cbb25dbeb5bb17c6b,120.0,85.0,1.411764705882353,train,train,query,query,babel_briefings,babel_briefings,"Я уже, наверное, всем надоел повторять одно и то же, но всё-таки для новых читателей скажу ещё раз: хотя не Apple изобрели смарт-часы, именно они сейчас диктуют моду. И все остальные производители очевидно равняются н...","«Связной» запустил топовую акцию для тех, кто не решается оформить подписку на Apple Music и Apple Arcade: можно получить до 5 месяцев бесплатно. Для активации подписки Apple Music необходимо перейти по этой ссылке, A..."
different_author_same_genre_same_topic,ru,news,5,0.4430601328363497,mix_040840,mix_040303,7cc56a377099e4f788f019d30aa68e55e33fce63afa81a961cad676eb958ecbe,3a830c0b830b0236c89246e76b1b4eeb8e1c784644f34c7cbb25dbeb5bb17c6b,101.0,85.0,1.188235294117647,train,train,query,query,babel_briefings,babel_briefings,"В прошлом году Apple выпустила ряд сервисов для просмотра видео, игр и прочего. Её приложение Apple Music также пользуется популярностью. Логично, что компания предложит общую подписку на все сервисы. Кажется, скоро т...","«Связной» запустил топовую акцию для тех, кто не решается оформить подписку на Apple Music и Apple Arcade: можно получить до 5 месяцев бесплатно. Для активации подписки Apple Music необходимо перейти по этой ссылке, A..."
different_author_same_genre_same_topic,ru,news,5,0.41399379612676546,mix_041134,mix_040589,a42c16737f802e2c8641022b83fac3a051eb22f0774332e76236cca6540060a3,5da16c3a5d8ef892a3af0fe06fb820f49ddba43d29be780f363d812d8b734c7a,61.0,42.0,1.4523809523809523,train,train,query,query,babel_briefings,babel_briefings,"Саймон Сегарс, генеральный директор директор компании ARM, крупнейшей в производстве полупроводников, написал в своем блоге следующее:","Компания объединяет усилия с Taiwan Semiconductor Manufacturing, крупнейшим производителем полупроводников в мире"
same_author_same_genre_same_topic,ru,news,6,0.7550163082086788,mix_040007,mix_040006,158669756bbf7710f9ad08af1d04890a4557dddc33706e2c07e94de9fc566e22,158669756bbf7710f9ad08af1d04890a4557dddc33706e2c07e94de9fc566e22,60.0,60.0,1.0,train,train,candidate,query,babel_briefings,babel_briefings,"Главные новости утра 22 июня, на которые стоит обратить внимание участникам криптосообщества, редакция BeInCrypto собрала в одном обзоре.","Главные новости, на которые инвесторам и другим участникам криптосообщества стоит обратить внимание утром 8 июня – в нашем обзоре."
different_author_same_genre_same_topic,ru,news,6,0.41082995963467783,mix_040658,mix_040619,665937cbc491356cf2c9ae372c4be6ba6e2d2e172fdabc1562f2f030646b1ae2,61a11f854b5875f14026bdef59e21e8a89732525ddf611c63af45d5ae38b347c,88.0,89.0,1.0113636363636365,train,train,candidate,candidate,babel_briefings,babel_briefings,"Прощание с актером и музыкантом, сооснователем рок-группы «Звуки Му» Петром Мамоновым пройдет завтра, 17 июля, в Донском монастыре, сообщила его жена Ольга Мамонова.","Ранее стало известно о смерти актера и музыканта Петра Мамонова, две недели пребывавшего в коме. Основатель группы «Звуки Му» умер 15 июля в возрасте 70 лет."
different_author_same_genre_same_topic,ru,news,6,0.3681866135339077,mix_041610,mix_041214,ea0f7f0726e5a976a6bd5bbaef296f903d7e7cb2507f5984fca019a845fc2528,aea9c77f6dca8a225d46f16ecd82e53a765fd64f5c630bab2d8210ba10ef4914,47.0,59.0,1.2553191489361701,train,train,candidate,query,babel_briefings,babel_briefings,"Астрономы обнаружили очень необычную чёрную дыру, которая может оказаться старше всех звёзд и галактик.","Астрономы обнаружили планету под названием TOI-1431b, которая по размерам в полтора раза больше Юпитера ив три раза его тяжелее."
different_author_same_genre_same_topic,ru,news,6,0.3318860548177087,mix_041043,mix_040224,965b297572f9f10d97c77b531d29901d412a6dcc4a2f3f533d62f38cf5f3403c,2f9a9ac563cf7363e258b8d35a5ffd34a0e5e1a5e7c84cc50ccab8f2706130a7,70.0,109.0,1.5571428571428572,train,train,candidate,query,babel_briefings,babel_briefings,Бывшая звезда проекта «Дом-2» Дарья Пынзарь рассказала о себе некоторые секреты. Малоизвестными фактами инстадива поделилась в Instagram.,"Джереми Реннер, известный по роли супергероя по кличке Соколиный глаз, поделился некоторыми подробнями о грядущем сольном сериале, который в скором времени должен выйти на стриминговом сервисе Disney+. Также стала изв..."
same_author_same_genre_same_topic,ru,news,7,0.44407419899111633,mix_041400,mix_041401,c9b46599317a87f743b110a4a9989b77b7ad38756e56dc46ac2083abc7662990,c9b46599317a87f743b110a4a9989b77b7ad38756e56dc46ac2083abc7662990,78.0,100.0,1.2820512820512822,train,train,candidate,query,babel_briefings,babel_briefings,Главный тренер «Локомотива» Андрей Скабелка высказался после поражения от «Йокерита» (1:4) в матче регулярного чемпионата Континентальной хоккейной лиги.,"Сегодня, 23 сентября, московское «Динамо» одержало победу в матче регулярного чемпионата Континентальной хоккейной лиги, обыграв ХК «Сочи» со счётом 4:0 (0:0, 1:0, 3:0)."
same_author_same_genre_same_topic,ru,news,7,0.1909693280441519,mix_040133,mix_040132,24bb2d00a6a7db52baeff04223659b218d9eb0131d596c387e0932c6ca58c430,24bb2d00a6a7db52baeff04223659b218d9eb0131d596c387e0932c6ca58c430,107.0,76.0,1.4078947368421053,train,train,query,candidate,babel_briefings,babel_briefings,"Нападающий «Наполи» Лоренсо Инсинье не примет участия в матче пятого тура группового этапа Лиги Европы против «Спартака» из-за проблем с коленом, сообщает официальный сайт неаполитанского клуба.",Нападающий «Вашингтона» Александр Овечкин отметился заброшенной шайбой в матче регулярного чемпионата НХЛ с «Сиэтлом» (2:5).
same_author_same_genre_same_topic,ru,news,7,0.10874060741880565,mix_039926,mix_039925,0bf18e48720f30a63036820e449c23eeb70e84b00ccef3bdf8406d4117d57a8b,0bf18e48720f30a63036820e449c23eeb70e84b00ccef3bdf8406d4117d57a8b,56.0,69.0,1.2321428571428572,train,train,query,candidate,babel_briefings,babel_briefings,Форвард «Вашингтона» Александр Овечкин получил самый мощный бросок по воротам в хоккейном симуляторе NHL 22.,Форвард «Атлетико Минейро» Халк оформил дубль в матче 12-го тура чемпионата Бразилии против «Коринтианса» (2:1).
different_author_same_genre_same_topic,ru,news,7,0.6597084648191833,mix_040632,mix_041302,63861c3362537ff77540370e435510ec631a5eb6dec9f08581926d1b42985e1d,be12d3fbbc3172f3cf6c9b3246bc647e6211aea1b179bc4e913d777aaf75a9b7,119.0,91.0,1.3076923076923077,train,train,query,query,babel_briefings,babel_briefings,"В Санкт-Петербурге завершился матч регулярного чемпионата Евролиги между местным «Зенитом» и немецкой «Баварией». Встреча завершилась со счётом 79:71 (31:16, 12:19, 11:25, 25:11) в пользу российской команды.",Казанский УНИКС на домашней площадке проиграл санкт-петербургскому «Зениту» в мате первого тура регулярного чемпионата Евролиги. Встреча завершилась со счётом 70:69.
different_author_same_genre_same_topic,ru,news,7,0.5519398319882463,mix_040597,mix_041401,5e348e81b9e0ef47621c01bd9e65dfd4901e8c7238c5a96d3269ea94c82a04f8,c9b46599317a87f743b110a4a9989b77b7ad38756e56dc46ac2083abc7662990,132.0,100.0,1.32,train,train,query,query,babel_briefings,babel_briefings,«Чемпионат» представляет турнирную таблицу регулярного чемпионата Континентальной хоккейной лиги по состоянию на 13 октября. Лидеры Западной конференции «Йокерит» из Хельсинки и московское «Динамо» набрали уже по 24 о...,"Сегодня, 23 сентября, московское «Динамо» одержало победу в матче регулярного чемпионата Континентальной хоккейной лиги, обыграв ХК «Сочи» со счётом 4:0 (0:0, 1:0, 3:0)."
different_author_same_genre_same_topic,ru,news,7,0.5377712386668426,mix_040538,mix_041302,573bcd602d1706bb69dca4ad5a808bca0cf897608fcc3c044c7a1981d127f2d5,be12d3fbbc3172f3cf6c9b3246bc647e6211aea1b179bc4e913d777aaf75a9b7,106.0,91.0,1.164835164835165,train,train,candidate,query,babel_briefings,babel_briefings,Московский «Спартак» обыграл на выезде со счетом 4:1 петербургский СКА в матче регулярного чемпионата Континентальной хоккейной лиги (КХЛ). Встреча прошла в Ледовом дворце в Санкт-Петербурге.,Казанский УНИКС на домашней площадке проиграл санкт-петербургскому «Зениту» в мате первого тура регулярного чемпионата Евролиги. Встреча завершилась со счётом 70:69.
same_author_same_genre_same_topic,ru,news,8,0.4957335645773304,mix_040421,mix_040422,488ab9cbc4d4e2ad319b22c09eec83671bd1bf49e7731ee311f1e04336eae0a6,488ab9cbc4d4e2ad319b22c09eec83671bd1bf49e7731ee311f1e04336eae0a6,72.0,108.0,1.5,train,train,candidate,query,babel_briefings,babel_briefings,"Ежедневный гороскоп на 5-tv.ru: сегодня, 12 августа, растущая Луна в Тельце благоприятствует начинаниям во всех жизненных сферах.","Ежедневный гороскоп на 5-tv.ru: сегодня, 14 августа, убывающая Луна в Близнецах порождает сомнения и мешает взаимопониманию. Тельцам следует проявлять осторожность, а Ракам — поработать над гибкостью."
same_author_same_genre_same_topic,ru,news,8,0.42974674010536584,mix_040585,mix_040584,5d2366335f155fb0432c5b821b6695a50489a0ee9bb1c3dc7b941c7cf0cd0a9e,5d2366335f155fb0432c5b821b6695a50489a0ee9bb1c3dc7b941c7cf0cd0a9e,107.0,80.0,1.3375,train,train,candidate,query,babel_briefings,babel_briefings,"Ежедневный гороскоп на 5-tv.ru: сегодня, 24 августа, убывающая Луна в знаке Рыбы благоприятствует людям с открытым сердцем. Способных к эмпатии ждут успехи в рабочих и любовных делах.","Ежедневный гороскоп на 5-tv.ru: сегодня, 13 июля, растущая Луна в знаке Дева будет на стороне людей, готовых к искренности и внутренним переменам."
same_author_same_genre_same_topic,ru,news,8,0.2590135375823559,mix_040694,mix_040695,6951caf6590499445635229847d3e806a1ae63bd8c63ded9a88568f9f0004eeb,6951caf6590499445635229847d3e806a1ae63bd8c63ded9a88568f9f0004eeb,102.0,81.0,1.2592592592592593,train,train,candidate,query,babel_briefings,babel_briefings,"Сегодня, 12 октября, убывающая Луна в знаке Лев благоприятствует всем энергичным и действенным начинаниям. Сегодня стоит отложить все серьезные финансовые дела, связанные с большими средствами.","Ежедневный гороскоп на 5-tv.ru: сегодня, 15 марта, растущая Луна в знаке Овна благоволит представителям ряда знаков зодиака заниматься самообразованием."
different_author_same_genre_same_topic,ru,news,8,0.6510921560459108,mix_040421,mix_040585,488ab9cbc4d4e2ad319b22c09eec83671bd1bf49e7731ee311f1e04336eae0a6,5d2366335f155fb0432c5b821b6695a50489a0ee9bb1c3dc7b941c7cf0cd0a9e,72.0,107.0,1.4861111111111112,train,train,candidate,candidate,babel_briefings,babel_briefings,"Ежедневный гороскоп на 5-tv.ru: сегодня, 12 августа, растущая Луна в Тельце благоприятствует начинаниям во всех жизненных сферах.","Ежедневный гороскоп на 5-tv.ru: сегодня, 24 августа, убывающая Луна в знаке Рыбы благоприятствует людям с открытым сердцем. Способных к эмпатии ждут успехи в рабочих и любовных делах."
different_author_same_genre_same_topic,ru,news,8,0.6119185563183821,mix_040585,mix_040164,5d2366335f155fb0432c5b821b6695a50489a0ee9bb1c3dc7b941c7cf0cd0a9e,2894a8b69463ba8879c7c6e4c67cfe166f96aeec9da9dfd26f305b13d0e394e0,107.0,88.0,1.2159090909090908,train,train,candidate,query,babel_briefings,babel_briefings,"Ежедневный гороскоп на 5-tv.ru: сегодня, 24 августа, убывающая Луна в знаке Рыбы благоприятствует людям с открытым сердцем. Способных к эмпатии ждут успехи в рабочих и любовных делах.","Ежедневный гороскоп на 5-tv.ru: сегодня, 21 апреля, Луна в знаке Лев благоприятствует активным и энергичным действиям. Любой замысел обречен на успех."
different_author_same_genre_same_topic,ru,news,8,0.5696231701392154,mix_040421,mix_040164,488ab9cbc4d4e2ad319b22c09eec83671bd1bf49e7731ee311f1e04336eae0a6,2894a8b69463ba8879c7c6e4c67cfe166f96aeec9da9dfd26f305b13d0e394e0,72.0,88.0,1.2222222222222223,train,train,candidate,query,babel_briefings,babel_briefings,"Ежедневный гороскоп на 5-tv.ru: сегодня, 12 августа, растущая Луна в Тельце благоприятствует начинаниям во всех жизненных сферах.","Ежедневный гороскоп на 5-tv.ru: сегодня, 21 апреля, Луна в знаке Лев благоприятствует активным и энергичным действиям. Любой замысел обречен на успех."
same_author_same_genre_same_topic,ru,news,9,0.9856368665086642,mix_041259,mix_041260,b58c2bd1825f2d53f2be583e5ae7d681dcb7cf74da58cd3ff5c883fbbee1b5b1,b58c2bd1825f2d53f2be583e5ae7d681dcb7cf74da58cd3ff5c883fbbee1b5b1,109.0,109.0,1.0,train,train,candidate,query,babel_briefings,babel_briefings,Бесплатный прогноз на матч Бетис — Севилья ✅Состоится 02.01.2021 в рамках турнира Чемпионат Испании ⚽Статистика и анализ матча ☝Прогнозы экспертов ✔️Коэффициенты букмекеров на сайте ᐉ ФУТБУМ,Бесплатный прогноз на матч Алавес — Севилья ✅Состоится 19.01.2021 в рамках турнира Чемпионат Испании ⚽Статистика и анализ матча ☝Прогнозы экспертов ✔️Коэффициенты букмекеров на сайте ᐉ ФУТБУМ
same_author_same_genre_same_topic,ru,news,9,0.8828055955095123,mix_040194,mix_040193,2bef5c5cae000346383eb309dd13d57dd12505554948c49bd628a7ec51b451c3,2bef5c5cae000346383eb309dd13d57dd12505554948c49bd628a7ec51b451c3,73.0,65.0,1.123076923076923,train,train,candidate,query,babel_briefings,babel_briefings,"Комментатор телеканала «Матч ТВ», эксперт «Рейтинга Букмекеров» Денис Казанский записал прогноз на матч «Манчестер Юнайтед» - «Вест Хэм».","Комментатор телеканала «Матч ТВ», эксперт «Рейтинга Букмекеров» Денис Казанский сделал прогноз на матч «Лестер» - «Арсенал»."
same_author_same_genre_same_topic,ru,news,9,0.5759675275407471,mix_040279,mix_040278,37be1cb452bb1db8a159ebd1791bd69385b75b2a254f8911a7663c061748f95c,37be1cb452bb1db8a159ebd1791bd69385b75b2a254f8911a7663c061748f95c,95.0,88.0,1.0795454545454546,train,train,candidate,query,babel_briefings,babel_briefings,"Прогноз на «Сассуоло» — «Торино» 24.10.2020: «Нероверди» закрепятся в лидерах Серии А? / Прогноз, статистика, коэффициенты и ставки на матч «Сассуоло» — «Торино» / LiveSport.Ru","Прогноз на Хорватия — Швеция 11.10.2020: Швеция надежно сыграет в обороне / Прогноз, статистика, коэффициенты и ставки на матч Хорватия — Швеция / LiveSport.Ru"
different_author_same_genre_same_topic,ru,news,9,0.46396749241528534,mix_040193,mix_041146,2bef5c5cae000346383eb309dd13d57dd12505554948c49bd628a7ec51b451c3,a6d54d569692c8add50ffab074156b1c86375aae9389f6ea97eeefe772690bab,65.0,82.0,1.2615384615384615,train,train,query,query,babel_briefings,babel_briefings,"Комментатор телеканала «Матч ТВ», эксперт «Рейтинга Букмекеров» Денис Казанский сделал прогноз на матч «Лестер» - «Арсенал».","Профессиональный гандикапер, эксперт «Рейтинга Букмекеров» Алексей Смирнов дал прогноз на матч 27-го тура Серии А сезона-2020/21 ""Аталанта"" - ""Специя""."
different_author_same_genre_same_topic,ru,news,9,0.4448129919626077,mix_041259,mix_040279,b58c2bd1825f2d53f2be583e5ae7d681dcb7cf74da58cd3ff5c883fbbee1b5b1,37be1cb452bb1db8a159ebd1791bd69385b75b2a254f8911a7663c061748f95c,109.0,95.0,1.1473684210526316,train,train,candidate,candidate,babel_briefings,babel_briefings,Бесплатный прогноз на матч Бетис — Севилья ✅Состоится 02.01.2021 в рамках турнира Чемпионат Испании ⚽Статистика и анализ матча ☝Прогнозы экспертов ✔️Коэффициенты букмекеров на сайте ᐉ ФУТБУМ,"Прогноз на «Сассуоло» — «Торино» 24.10.2020: «Нероверди» закрепятся в лидерах Серии А? / Прогноз, статистика, коэффициенты и ставки на матч «Сассуоло» — «Торино» / LiveSport.Ru"
different_author_same_genre_same_topic,ru,news,9,0.443100836772663,mix_040194,mix_041146,2bef5c5cae000346383eb309dd13d57dd12505554948c49bd628a7ec51b451c3,a6d54d569692c8add50ffab074156b1c86375aae9389f6ea97eeefe772690bab,73.0,82.0,1.1232876712328768,train,train,candidate,query,babel_briefings,babel_briefings,"Комментатор телеканала «Матч ТВ», эксперт «Рейтинга Букмекеров» Денис Казанский записал прогноз на матч «Манчестер Юнайтед» - «Вест Хэм».","Профессиональный гандикапер, эксперт «Рейтинга Букмекеров» Алексей Смирнов дал прогноз на матч 27-го тура Серии А сезона-2020/21 ""Аталанта"" - ""Специя""."
same_author_same_genre_same_topic,ru,literature,0,0.08885549804314419,mix_046056,mix_046055,c3817c242b195fca9fad3bd59f8e4c7eba94c18127c651d341454f24788e18a4,c3817c242b195fca9fad3bd59f8e4c7eba94c18127c651d341454f24788e18a4,115.0,102.0,1.1274509803921569,train,train,candidate,query,russian_pd,russian_pd,"Визант1Йцы именовали Влаа^ами кочевавшихъ тогда въ Молдо-Влахш Печен^говъ и т1]хъ самыхъ Комановъ, которыхъ Русскхе ЛЬто* писцы называли Половцами '^^, Имя Влааоовь","По прошествш трехъ дней вторично учинено отъ Пераявъ такой же пристунъ. Потомъ ни одной недели не проходило, чтобъ непр1ятели не делали подобныхъ опытовъ, и завсегда"
different_author_same_genre_same_topic,ru,literature,0,0.23787646473451607,mix_044524,mix_045302,009cab11acd39137ad93ef69e1ba5e708156e9a73047939294a244be4c016555,67351cbd388a09501c1f7edc5062427c5bf2494d906e2301c52d7af867cedacd,209.0,208.0,1.0048076923076923,train,train,candidate,candidate,russian_pd,russian_pd,"11 XXIX. Онѣ... но тайны женскихъ грёзъ Для насъ всегда темнѣй загадки. Въ снахъ женскихъ, вѣрно, много слезъ (Имъ и во снѣ рыданья сладки). Ихъ бредъ мнѣ слышать привелось Порой, въ нервическомъ припадкѣ, Но... здѣсь...","Въ двѣнадцать часовъ по ночамъ Не спятъ свистуны-либералы, Ихъ перья подобно бичамъ Бичуютъ всѣ наши скандалы. Нѣтъ тайны для нихъ никакой, Все знаютъ, все видятъ, все слышатъ, И насъ для потѣхи людской Тотчасъ же въ ..."
different_author_same_genre_same_topic,ru,literature,0,0.19765001467598298,mix_045833,mix_045588,a8547c4721568d2b2229075957e8d569408fbeedc76e8382516f5f4befb6aa4e,8cd91fdad868071e502001aa311efe0a4006e91a9879bc07b9bfa8f6651a65ed,114.0,121.0,1.0614035087719298,train,train,candidate,query,russian_pd,russian_pd,"слыхалъ 5 искръ, одѣтыхъ холодомъ, вообра¬ зить не умѣю, и чтобы кого, вмѣсто воды, обдавали шумомъ, мнѣ видѣть не случалось. Но въ сей же самой главѣ, которую я на¬ чалъ разбирать по порядку, есть дѣйстви¬","для изсл'Ьдователя. Ему приходится считать себя счастливымъ, когда он'Ь можетъ употребить критергй возможности и р']^шить, что такое-то событае никогда не случалось, потому что онъ доста- точно знаетъ о ход4 природы, ..."
different_author_same_genre_same_topic,ru,literature,0,0.1950582964219606,mix_046056,mix_046363,c3817c242b195fca9fad3bd59f8e4c7eba94c18127c651d341454f24788e18a4,e6d5fbeec46fb8737373d775e4dfb7ccde7200013166c2f4cb6d4008bde310f2,115.0,105.0,1.0952380952380953,train,train,candidate,candidate,russian_pd,russian_pd,"Визант1Йцы именовали Влаа^ами кочевавшихъ тогда въ Молдо-Влахш Печен^говъ и т1]хъ самыхъ Комановъ, которыхъ Русскхе ЛЬто* писцы называли Половцами '^^, Имя Влааоовь","нихъ уверовали. И иначе: овцы не послушали ихъ. Ска- залъ это въ похвалу. Но нигдЬ не видно, что бы Онъ хвалилъ тЬхъ, которые не слушали пророковъ, напро-"
same_author_same_genre_same_topic,ru,literature,1,0.3121782529768352,mix_045945,mix_045944,b6b3382d6e34001f770bf0d67af83e52769255906842005bec0ae1a60277947f,b6b3382d6e34001f770bf0d67af83e52769255906842005bec0ae1a60277947f,118.0,136.0,1.152542372881356,train,train,candidate,query,russian_pd,russian_pd,"Ч 0 5 »« 0ідіІІ2ѳс1 Ьу Соодіе 154 Тууошшт Ваегатеп^ФгитФ 2>е потіпе Варіі/ті- Вар{іГши5,Пие ЬаргіГвда§г5сс,аЬ-- (Ышс й Гшпашг,%пШса1: отп е аЬ-",". Ідшиш 4(1 іспЬеп ^цш раи^ . ,са (іе ;""еІідц(5 5асгатетІ5 еэссісагцш і Ошв Д іарІ5 , * • ■ « 0ідііі2ѳс1 Ьу Соодіе Ші 5асегіІогсш Ѵсіассипі Сагііісіі Гпсегсі АиЛош. ."
same_author_same_genre_same_topic,ru,literature,1,0.28110989085858973,mix_046168,mix_046169,d0ec21873d94bd661c1fec88591241f8dbc243b934a092204490e90a5baef474,d0ec21873d94bd661c1fec88591241f8dbc243b934a092204490e90a5baef474,104.0,108.0,1.0384615384615385,train,train,candidate,query,russian_pd,russian_pd,"Ше Ьа^е хЬгег БеЫк га Ьезишшеп апс1 ^еЬе пасЬзСеЬепд Не Ве8и1(:а1е д1езег Меззипдеп. ^. Ь. йег &теп Ь1п1еп, , угекЬе Ье1т ПеЪегсор^егеп",В1е Уегйоррекпб йег Вапйеп 1п (1ипк1е ипй Ье11е ЬеГйг\уог1е1; 1п ЬоЬет бгаде с11е НуроЛезе йег Еп1- з1е11ип§ пеиег 81егпе йигсЬ 2и8аттеп81о88.
same_author_same_genre_same_topic,ru,literature,1,0.2793581403560659,mix_045497,mix_045496,82ba335ea73e8a183ac869d081f0574e0a4709107a95c57c488390e17d32dfa8,82ba335ea73e8a183ac869d081f0574e0a4709107a95c57c488390e17d32dfa8,328.0,358.0,1.0914634146341464,train,train,candidate,query,russian_pd,russian_pd,пез гекітепклз Т^отапл Сипл сопиетё > ехаегюре - сипілгит . Еізіуиіз кіеегеі ілУл еііат пссІе[ілт рглйз лссері^е іетрот лУл^.^исіиз > ф ? еккііиз. Ке~ %опкео. уиок ікео поп іепеіигрег Уапс щніатргл- ііз клгеуплт гериі...,"* ТІиз сегіе рѵориіі (Ъгіфнз іптопТе ргрДіс ап /, ф"" 5 рл феспз ; рилтфіиз фгшізіп Дефгіо 3 (^Г ріизрго/иіс Есс1е(іл Ну Іи е Пег ^ цилт фсеІсДііпиз. ъЛириі фіісііи- Да іПл іп огДіпе гфгіиг лД (рігіікліет сриотл Ьо пиф..."
different_author_same_genre_same_topic,ru,literature,1,0.3105428131368829,mix_044900,mix_045734,32fb784e990270db0019a5367094aafa59efd6275b99c094f62c47936ef6255d,9da5a98de070577291dfae77e3eb60ebeae3449ec74cc3e0ce1187b8fe1c823f,391.0,304.0,1.2861842105263157,train,train,candidate,query,russian_pd,russian_pd,"Ке()і^і(иг епіт Ьес ірГо аЬПіпепііі ЬепсЯсіо Гии$ Ьеге5 лЛ, ІоАаг сшапсірзп. 4.1.29, і^і^і ^лЫЛ'. ЛМ^Л. Оіс, сфп/. 144* ^о* . X ^. ГаШс гс§:ии апсе сгасііга Г. іп саГіЬи$ сеІеНгасеіп ^саиегапсіЬи$^ ^иао(іоѵі(і.регіси1...","^иа?^іси^ . ^иі(і ргасіісаЬіс Сигагиз } ЯсГр. СопсіІ. Тгі(і.(с(Г.^ар.Лсіо,иа ЬаЬсге,гісіэ,яиае ео5 сіссііаагсэ ас ѵігшсв5, чііа$ Гсбіпі ороггсс , ѵс Іроепаг» сгссгпгт *"" сиасіеге» & ссгісйет діогіагл сопГсяиі ѵаісаос ..."
different_author_same_genre_same_topic,ru,literature,1,0.3083637206707146,mix_045559,mix_045675,8a2c4d1224ad1188dde10b909e2d89247b12622d7c35502ac1cc44daf1ca39b4,96c55f94b1d5d48f577638d4a057337a9abc007bea07e2f3a6d79dbe243be419,282.0,285.0,1.0106382978723405,train,train,query,query,russian_pd,russian_pd,"аиёіас агсапогит ту&егіогит Гасгатё.- шт; 6 Ьеаіа Ѵіг^іпДаз, сріх Ап§с1ісх $г ігшІаригігаизДайо сит ссеІейіЬиз сот- шегсіо, І)еі йііит, Яогст сашІіДит & гиЬісипсіит Йопсіа сопсеріііі , Йогісіа ^ рербгіЛі , 1оп§ё ргогі...","•I- ІІпсіе саисі іТпі іПі, с^ѵіЬиз погаіпа гвпсіипшр ѵсі іп Гоіисит сіагісиг.аиіаііа гаиопсссіипсиг,исіпГирег аЛіопе5 ІіЬі піапсіаг»,і«1я ?^'^спІ5.ѵегЬ25 ш іпЛгитепіІБ сх- кргіті Гасіапг. -І"" 5і епіт Нос отііГит Гиегі..."
different_author_same_genre_same_topic,ru,literature,1,0.3033866643889851,mix_045370,mix_046344,703901d29e1ad80f01f195df3ef03f44d0490d0d7102f36c43a1642c7e111b3b,e415db69a9bf359b7095214abccabfd6bac13020641ce4be89ed88eafd7a7512,266.0,282.0,1.0601503759398496,train,train,candidate,query,russian_pd,russian_pd,"Ѵарі тгео ехсеііепііірта шіопіиг Ьоііе ех Мигопо оррііо Ѵепеі^! ргохіто , ш ірр А^.гіоіі- со тагі. Соіісеі ніігеіу норегаероіопОуіріето^Ьпоіит еНот поУщш>г1т ргштітііопшгросгороп^ іі- и сяІіоеіусрііУио поРгі ртогеі іп...","іАііо пеЩ ЩеФ&прІі- - сапі'и фі^паШех сШга рорііпіііаіет , іпрпііі лйи СаіЪ&?огетаіісі, Іісеі рпфе Аігефлт ге/роп/ю- пет^сіагат, /лсііет, ® ені- Аетем поп ЪаЬеафуШж іате піЫІ ргоЬаге роіер ііето^глН. І^Агіоей, ^иіа ех..."
different_author_same_genre_same_topic,ru,literature,2,0.25622744618429416,mix_046261,mix_045360,db7b628bba565f23203cdf4619c8b25f611fe485580c7553e047f3af92f7bfe9,6f7ac9f720ca8acdeaff5dff807efb4bd770e953bfafa3f04181d484430b0f75,495.0,465.0,1.064516129032258,test,train,query,candidate,russian_pd,russian_pd,"шЦ^аг! 1ог1каА1пе, ^иЬегпапд! ты для сов'Ъщашй ^ и въ пред* ставлен1дхъ своихъ изьяс- ндтьсд сообразно съ мн'^кнх- * емъ иашвмъ. Обьявивъ Его В^ииче- сгаву отеческое и апостоль- ское благословенье Свят:Ьи- шаго Отца^ ...","I. |ъ прошедшемъ маѣ Его Императорское Высо- чество Николай Максимиліановичъ, герцогъ ЛейхтенбергскіГц съ высочайшаго соизволенія, пред- принялъ путешествіе на Уральскій хребетъ для обо- зрѣнія горныхъ заводовъ. Пишущ..."
different_author_same_genre_same_topic,ru,literature,2,0.1992500499441151,mix_044891,mix_045608,317124989eff4f31d249ab49cb5727a4dd86c5a7d5f604bf26a8283d6fe2247e,8f85ac34ce59bd1693769e7565e14330251e09848e36d4f294b6842a5308b035,94.0,128.0,1.3617021276595744,train,train,candidate,query,russian_pd,russian_pd,"(1834 — 1841.). Эти гигантскія сооруженія слу- жагъ благодарнымъ памятникомъ отеческой по- печительное™, на благо Россіи, блаженныя памя- ти Александра Iи царствующаго Государя","роны, вознаграждаетъ благочестиваго читателя. Такъ зача- стую говоритъ языБъ ханжества! ЕаБЪ высоки и истинно строги, чисты въ своемъ благочестхи, кажутся, сравнительно съ этими мелкими, щеголеватыми деворащями, фреск..."
different_author_same_genre_same_topic,ru,literature,2,0.19780675514720192,mix_044891,mix_044538,317124989eff4f31d249ab49cb5727a4dd86c5a7d5f604bf26a8283d6fe2247e,03593d4c13ec4f254a76ee1600a21e7fe13f774139692b5b2428bc4d54de3395,94.0,97.0,1.0319148936170213,train,train,candidate,query,russian_pd,russian_pd,"(1834 — 1841.). Эти гигантскія сооруженія слу- жагъ благодарнымъ памятникомъ отеческой по- печительное™, на благо Россіи, блаженныя памя- ти Александра Iи царствующаго Государя","Въ Царсшвоваше Императора. Алек- сандра 1-го, Корпусъ продолжалъ быть^ предметомъ Монаршаго благоволешя л ' шшустеА. Къ числу оныхъ принадлеяшшъ ч 5; чг I. } » I; 1"
same_author_same_genre_same_topic,ru,literature,3,0.20239735926102254,mix_045774,mix_045773,a1a1c9c83893292153081ba57a797af1be6dac256dc3c7b7f35f09d7f70a9fd7,a1a1c9c83893292153081ba57a797af1be6dac256dc3c7b7f35f09d7f70a9fd7,109.0,143.0,1.311926605504587,train,train,candidate,query,russian_pd,russian_pd,"ел Бе дет а сы татдана обе 41 Фе тоне 65"" Детрте се жет [сто,меЧет{ано СБ стапо | Зрарииой, втат4 рто [раето ро» зопо [1 1ифази, 4 медете тона [е тат «Пе [ото фе `, оДа тшона ра",": атдате ретйа ща сфе ди 41 Монета а —— дир танано ретсбе: ста линия ©"" ретещоя ‘Де, Гесоядо [о шёадето И брартиоН сё атотто @1 У щйато,ретере [0 #0 Тежето а Гаеате те (Та , [вотдо Фбсиало аще! СЧоЙоЙат, [е поп рет ит"
same_author_same_genre_same_topic,ru,literature,3,0.17917531520159447,mix_046482,mix_046481,f587e23bf831cee4bf9c62894f2d6a9f41574d64eb099dc581e1dc513a0787ab,f587e23bf831cee4bf9c62894f2d6a9f41574d64eb099dc581e1dc513a0787ab,111.0,114.0,1.027027027027027,train,train,candidate,query,russian_pd,russian_pd,"Чазйисфах. Суивайея › УТ Чертая > т аи ен шТетаз4е дите: Руа › о Ва- тт, репа 4е тИ отказ 4е ди атет Це где соттатететем ще ехбегр у ары- сане в Ца Беда Соне ШИ `ейат от.","из ‘Чересаа гей Чопипиит-уепие › фиат 111$ пт ё тиНете! пагаз › & пс схсшйюопет‘райсостаг оменлет И сёгуна д О, ворзоай ртететити: 3. Сит паз рего= паг сиса ейсыщи сопйЧеганозсх диа"
same_author_same_genre_same_topic,ru,literature,3,0.1448500671632137,mix_045715,mix_045716,9b8f079ebcf7cc8e88ddf144ae7f89dd869b67ec71674e96f5e52f4d3c3fce40,9b8f079ebcf7cc8e88ddf144ae7f89dd869b67ec71674e96f5e52f4d3c3fce40,130.0,187.0,1.4384615384615385,train,train,candidate,query,russian_pd,russian_pd,"из 4ий5: ‚ №ее тит ошт аще ве вебе 24 отвё реп рае Я ота!1о ует рагфейса; ©’ ""сии [етепий ед ‘тефти Ё- Зитатни тшапотфив Цебсг тешг атет аи паситйа, Йииате.упа етдо пов УетоШата отано рио ехетр4о ВЕ:","ртосте [из т ртозрит, Ф* сарат ди Чебефшит ежеери, © ао ши: оттит пива тевнетф, попотта 4е тре- 4:8 рачетдо. Ратет оБетщатна Фдеппат Нотека рег оттиа ре’ебНопитиаеот Мато тлайфив диодие те- рис оретий. патя ари Иштв Л..."
different_author_same_genre_same_topic,ru,literature,3,0.2911362103578353,mix_045964,mix_045891,b99c111e1e4359d41e2b85fd477eecb7b675324ad5cf89fbb223d8cdf4f95874,ae5de2128bf7c0f2d04e910933f0b1cbb75a90f916a09e33c5931c1eb255139c,106.0,123.0,1.1603773584905661,train,train,candidate,query,russian_pd,russian_pd,"Фаго [ерагагесит ушоега (уг 4) пов депешг а4 тепагат. Тот ша Зея рипстрасег ре тап4аши › диод па денса реает #асИь сгапйге роиие, сб схушпетЬиз Вото #сЙе тонагог,диоф","Зерагатогол? {ерагага с паеига./ г. рае саштт1аг. берагатогита {ератага «Й тацо, [2а. Раррютие, |. Че. 27217207. Зерагагагит ро:еЙанит {ерагаи! {ипё Не из. СУП, Че таг.Ли4.1$.1.сар.9."
different_author_same_genre_same_topic,ru,literature,3,0.23674298329169263,mix_045176,mix_046191,560d932ffa4e079dbdba731352e2dc20b735bd6f1b032d8abaf6cbf7785271ee,d2a86c0ee7b9883a6f48495818ca2dd34b5819a11eba30e2579fd4b2cbb5cb2f,354.0,240.0,1.475,train,train,candidate,query,russian_pd,russian_pd,"$ Ошо4фрго дакапа! гапопе Оио- тат сгедиат гарпши дата рег- `` авситатапо» пас! ргосееит, @ сге@1- рез еше ‚ 8 дати! ИНиз инойги- ог ауогеп аеБконзвса ойапцат глерто о юачцоп!5 тепно аа ве, ае- -. {рб опер(етлегресипа...","178.8. ТАФи а оихе. 178.15 Тат дит, Чиоа®. , 178.12. ""Тат маки. Тат уа1- 4е. 52» 17 $8.16. Татаньчай 4.17 8:13. ""Тат,аиат. о 227841 Тат, днатьпопугра-, — таг, сит 10 поп тап3 сотрагапихт » дцапз сорШаюииг, 8 с.178.2 ""..."
different_author_same_genre_same_topic,ru,literature,3,0.21991316039653375,mix_045989,mix_044851,bc058ac28c98aad9c12dd1a66bbf88bc824b9c505b364755411e0f16173d2523,2d0c2843e46a0dcf9f4ed2826493609fdeab1e11343c68384feb94055eb9d666,146.0,216.0,1.4794520547945205,train,train,candidate,candidate,russian_pd,russian_pd,"рииано тосайит. Ратиег енат ль паите ‚ «бщиодабегатиз ехетр/ит , рута таета ‹ эесит отб ,тей сит адие рютта сброса, - е рувепегтипс аетз ртта риее[епиа-са- > теаг-; арейитет татеп диапдат ас ро Йа ` Фет еатафрисетаЕ е...",Заза < сут оО и. ЯЕМТмМИМ & _. «Яр ша метро диатиз омениа сю ‹ $ _ ФиеВизиит осно$ ата теоз. | „АЙга [е4 › ап Пот аш Зортшйатиот аш чи Саиют Еоох [и/[сйа 1ет1з едино; | к Тат ргоси сфеп4иие подтит ща итта роте) \ Её т...
same_author_same_genre_same_topic,ru,literature,4,0.08832904081500603,mix_044755,mix_044756,1fb2a3dd952b6d692cb74cb413c1d73b751e56be83b2d3687d225ca00bd4d8ff,1fb2a3dd952b6d692cb74cb413c1d73b751e56be83b2d3687d225ca00bd4d8ff,100.0,127.0,1.27,train,train,candidate,query,russian_pd,russian_pd,"в11рныхъ ему воиновъ, носящ1йся по горамъ и доламъ съ п1умомъ, звономъ и бряцаньемъ мечей (Ф. Мишель (*) сбли- жаетъ легепду объ Гилекен'Ь съ порманскимъ сказашемъ о за-","женныхъ въ прямой линш, или р]^же амФитеатромъ. Поэма Палермитанца Фоленго, XVI стол'Ьт1я, даетъ полное описаше веЬшности стариннаго мистер1альнаго театра. Авторъ подроб- но описываетъ всЬ впечатления, возбужденный въ..."
same_author_same_genre_same_topic,ru,literature,4,0.054365783869120166,mix_046152,mix_046151,ce127d7370e8b2457aeea36d25f688e50e8261af4bf8eca1c77cbaadacbf7936,ce127d7370e8b2457aeea36d25f688e50e8261af4bf8eca1c77cbaadacbf7936,165.0,186.0,1.1272727272727272,train,train,candidate,query,russian_pd,russian_pd,"-^€Н. Ш'ЛСЛРОЫШИ 8т. указывается Георги около Костромы н Палласомъ около Владим1ра (ЪейЬ. Ш. 696). ~€Н. ОР1;ЫРОЕ|11Т]11 8сНгай, (Ье^Ъ. III. 696) указывается Веовевмейе- ромъ въ Симбире. губ. (Уеезшп. 98).",Въ гербар1*Ь г. Плетнева находится растете изъ окрестаостей Твери! отличающееся стелющимся и во вс-Ьхъ междоузлтяхъ укореняющимся стеб- демъ съ овальными длинно-черешковыми листьями^ следовательно 9ли№ое къ равяовидно...
different_author_same_genre_same_topic,ru,literature,4,0.25316412564157065,mix_046099,mix_045616,c77de144daca171967c42fbdfd1f36a4d264f19a72af2b7520e536e825f80678,904f680ecc6649de648caa5ca2f8d10abbf51ac6ae5f005ea77ebbb01a722caf,106.0,129.0,1.2169811320754718,train,train,candidate,query,russian_pd,russian_pd,ловѣкъ^ суть тѣ; коихъ хрмстіанскіе родители^ благодатнымъ воспитаніемъ и ученіемЪ; отъ самого нѣжнего возраста образуютъ И; поселяемою въ нихъ б іа-,"конъ объемъ, свободи его оттуду, и къ себѣ въ келію пріемъ^ таже казначеемъ постави^ потомъ надъ ііечатаніемъ кннгъ исправленіе ему вручи и волю во всемъ даде, за оно его прореченіе."
different_author_same_genre_same_topic,ru,literature,4,0.1908305761483805,mix_045460,mix_044727,7db9a3e65e19804f831a4dece450d5a49fda27ba0b7016223b339c290c12c3e6,1d5b725f757fcfc7cec1213446589bdc11d4b3f21db8fe3d594dfbd1d5b475f9,367.0,316.0,1.1613924050632911,train,train,candidate,query,russian_pd,russian_pd,"Ст. 62. Посту пившимъ на страхъ, на основаши 57 — 61 ста- -тей, строешдмъ въ во достномъ правлеши ведется особый списокъ. Ст. 65. Для возобновлен1я ст|раховатя по истечеши годоваго срока, въ прежней страховой сумм4, д...","120 больше свидѣтельствуетъ. Вопросъ шелъ о времени, опъ разрешился въ нашу пользу. Только ве слѣдуетъ ошибаться въ одномъ ; обстоятельства — многое, но не все. Безъ іичнаго участія, безъ воли, безъ труда — ничего не ..."
different_author_same_genre_same_topic,ru,literature,4,0.17993461425681856,mix_044750,mix_045616,1f39f1e10dfd6e14cccef2394defd1886f17b67b619911753a6a7010d9e353f0,904f680ecc6649de648caa5ca2f8d10abbf51ac6ae5f005ea77ebbb01a722caf,118.0,129.0,1.0932203389830508,train,train,candidate,query,russian_pd,russian_pd,"ними заводами^; усердхе и трудолюбк, съ какимъ онъ действо- валъ тамъ и чемъ пронзвелъ улучшен1е по всемъ частямъ управлен1я ^ — все это можетъ только решительно уничтожать тень подозрен1я къ намеренному имъ извращевш...","конъ объемъ, свободи его оттуду, и къ себѣ въ келію пріемъ^ таже казначеемъ постави^ потомъ надъ ііечатаніемъ кннгъ исправленіе ему вручи и волю во всемъ даде, за оно его прореченіе."
different_author_same_genre_same_topic,ru,literature,5,0.1861236824144198,mix_044812,mix_044918,257dfc0dcdd0686549202a24c8ab9b6e4c0aa480750075ee23f22bbc6de1d97c,352b99e36521fabca88cc694400efdd4d7c9a7166123f85393b6e887b2937fc1,116.0,99.0,1.1717171717171717,dev,train,query,query,russian_pd,russian_pd,"ки. Съ послЪъдней болЪе всего получается жельза, чугунныхъ, м5дныхъ и же- аЪзныхъ издЪ.ий, составляющихъ предметы весьма обширныхъ оборотовъ. Во- обще торговые обороты, производимые покупкою и продажею товаровъ здыш-","Крайне-интересную новость составляютъ на этой выставкѣ изображенія художническихъ мастерскихъ, съ портретами ихъ хозяевъ, за- нятыхъ работою. За лучшія изъ произве-"
different_author_same_genre_same_topic,ru,literature,5,0.1730505005862406,mix_045180,mix_045429,56d0cc58604841d0a07648de9e788770be26a1439247bb74794ba43031295749,7968b5a3f52bfebeb10cf65f3df93564b57453ea9adbb107547957842b10361d,138.0,188.0,1.3623188405797102,train,train,candidate,query,russian_pd,russian_pd,"губ. Отчетъь Лаборатор!и за 1884—85 и 86 гг. составлень Дв. Ка- лантаромъ. М. 1887. 8°. (Н *1672). ОП 3741. 834 Шмакова, И. Взглядъ на вопросъ: „Стоить ли поощрать русскую промышленность?“ въ примЗнев!и къ ""иВстнымъ н...","верЪ ,и ЮгЪ. На правой его сто* ронЬ островЪ э ХликахЬ'-ликЪ ^ а на лЬвой матерая земля ; но за прошивнымЪ и сильнымЪ течет* емЪ воды не дошсдЪ до желаема го мЬ^та, принуждены стать вЪ устьЬ того пролива на пятнад- ца..."
different_author_same_genre_same_topic,ru,literature,5,0.1619930343483288,mix_046078,mix_045645,c59cbbea9b477b6c965490b9f792ebcfc97f0fcead7f7ae0de34419aca8fd5be,934bbcf8f0914f7a2f130220c231a318ac97b0adfc85001758a14d82bf2d6100,123.0,180.0,1.4634146341463414,train,train,candidate,candidate,russian_pd,russian_pd,"вость началі.никовъ губерній, съ коими мииистрі. »|>инаігсовъ не 0('тавит7> войти въ бли- жайтія сноіііенія но всѣмъ предметамъ, къ лучшему устройству сего состоянія принадле-","РАх2 -+- яОАхАу -г Шу* — б , и можетЪ быть величина онаго отношенія будетЪ заключаться вЪ семЪ уравненій , которое есть второй степени ; естьли же нЬтЪ , то по взятіи сего уравненія еще дифференціала , почитая Ах и Ау..."
same_author_same_genre_same_topic,ru,literature,6,0.15688737372198325,mix_046117,mix_046116,c92a6eaf65c6d3b783aaab91ed5534cc1961ae675d288beaaad08ad856e49e1a,c92a6eaf65c6d3b783aaab91ed5534cc1961ae675d288beaaad08ad856e49e1a,92.0,101.0,1.0978260869565217,train,train,candidate,query,russian_pd,russian_pd,"II. Я карты взялъ — ихъ только съ разу Мнѣ мой пріятель уступилъ , Да впрочемъ рюмку водки мазу Еще въ цѣпѣ договорилъ. 23","Наговоритъ нелѣпыхъ Фразъ, Тотъ будетъ строго оштраФоваиъ И еъ той поры у насъ никто Кричать не смѣетъ за лото. 17 МАТ Ь, Однако мы заговорились, Ужь мнѣ ложиться слать пора..."
different_author_same_genre_same_topic,ru,literature,6,0.2571284616769123,mix_046045,mix_045427,c28cc43aa50c6b16482e6e3955c2093c2c2d12e944e2cd0290078f4a02cdc9f7,78ccd3a3337f6dfe962ab8fe4ce02ddd1cdebcb29fcbd274034c833d2ead4837,133.0,102.0,1.303921568627451,train,train,candidate,query,russian_pd,russian_pd,"О! сколько мукъ шерпѣлъ, и сколько грустныхъ дней, Въ разлукѣ поссіятилъ я памяти твоей ! Въ татрѣ, среди іпревогъ и шума ополченій; Въ день ратна отдыха, въ мятежны дни сраженій,","ЭРНЕСТЪ. Я хочу только звать, сколько нхъ ? РОЗ*. Первая-съ, госпожа Грииардо, ваша управитель- СГЖВЙАГО КПВЕНЪ ВЕ 0Б1«ДЕШЬ. 433"
different_author_same_genre_same_topic,ru,literature,6,0.23815227152539697,mix_046419,mix_044949,ee345bbc3ac12d21c9eca0dafd3c9b41a92e232d057cc12b6c616d0ce17dc0b6,38ed76392a57ec113656734ef27f33a3b95c7d808f63b8353abb8b4269955aa1,122.0,110.0,1.1090909090909091,train,train,candidate,query,russian_pd,russian_pd,"642. Блягов'кщеиск!^ Соборъ, въ Казавя, 260. Блудогк гр. Днятр!! Нняолаевячь, 97, 136, 414, 519, 558. Бобровые говы, 223. Боборыкинъ, Няквта, воев. Зяевягород*","евн, Маркевичъ^ Масловсюе, Мещериновы, Михайловсше, Маль- хановы^ МещапБОвы, Мистровы^ Мещеряковы, Мат1асъ, Малаховы, Мев1усъ, Медведевы, Мункины, Миногины, Мурзины, Никифоровы,"
different_author_same_genre_same_topic,ru,literature,6,0.2379003240936709,mix_044963,mix_046424,3aff803ebd475d0ad0ab73b460e42729d4c425d9135a0c50b8993352e4a174bf,eea596c6dc26ab03aabe6de0b0d84da876f2dcfc697eafdf0b88b3fd99cd96e8,115.0,104.0,1.1057692307692308,train,train,candidate,candidate,russian_pd,russian_pd,"тивы^^ или „крепко стоятъ за старые предразсудки^^; иногда также говорили тпЪ: „что они горды^. При всемъ томъ однако, ни собеседники мои, ни „Голосъ^ съ товарищами не могли","ща подъ городомъ (Ливорно) стояло съ пятьдесятъ в болыпи 14 (стр, 164). „И после того посланники спрашивали: съ турскиии людьми бон у йихъ каторгами-ль, или кораблями"". И Альбертусъ говорилъ: „бои"
same_author_same_genre_same_topic,ru,literature,7,0.2994536482725726,mix_046143,mix_046144,cce153a7e90851414731237b25249050f12cf283ebe41678b51b20a92c48c364,cce153a7e90851414731237b25249050f12cf283ebe41678b51b20a92c48c364,108.0,118.0,1.0925925925925926,train,train,candidate,query,russian_pd,russian_pd,"договорившихся державъ въ Неапол'Ь и Марсели ^). Подобныя же постановлен1я содержатся въ конвенщяхъ 45аключенныхъ Франщею съ Тосканою, съ Дуккою и съ Римскою Кур1ею, а также въ конвенщяхъ заклю-","банкротств* ^). Франко-англ1йшя конвенцш 1787 и 1815 гг. стипушруютъ взаимную выдачу злоумышлен- внБовъ, б'Ьжавшяхъ въ восточно-индШсш владМя той ИЛ0 другой изъ договаривающихся державъ % Въ 1843"
same_author_same_genre_same_topic,ru,literature,7,0.10150038731845079,mix_045986,mix_045987,bb69d36ae6431a9f5be4a1acda3675349790a36755e88bb0d41f4a72538b0f2b,bb69d36ae6431a9f5be4a1acda3675349790a36755e88bb0d41f4a72538b0f2b,110.0,138.0,1.2545454545454546,train,train,candidate,query,russian_pd,russian_pd,"Время года 2-го, 1866-го съ половины августа, № 4, л. 2 об. нач.; въ Адр1анополе также была у ушатовъ своя церковь еще до посвящешя РаФаила, Дня 1862 г.","скаго народа, въ болгарскомъ округ* будетъ наппсанъ, на осно- вами изложенныхъ выше постановлены, въ определенное время особый уставъ касательно крута деятельности обдастнаго синода. О всякомъ необходимомъ пзмЬнешп въ..."
different_author_same_genre_same_topic,ru,literature,7,0.27600658772881737,mix_046143,mix_046478,cce153a7e90851414731237b25249050f12cf283ebe41678b51b20a92c48c364,f4e4b8e638329806337d45de639123fd5dc9db9415442cf7d2f2543789318867,108.0,100.0,1.08,train,train,candidate,query,russian_pd,russian_pd,"договорившихся державъ въ Неапол'Ь и Марсели ^). Подобныя же постановлен1я содержатся въ конвенщяхъ 45аключенныхъ Франщею съ Тосканою, съ Дуккою и съ Римскою Кур1ею, а также въ конвенщяхъ заклю-","06*6 Высошя договаривающ1яся Державы, подтверждая все постановленное отд'Ьльнымъ актомъ Аккерманской конвенщи,' касательно избрашя Господарей Молдав1и и Валах1и, призна- - 81 -'"
different_author_same_genre_same_topic,ru,literature,7,0.25564545367529345,mix_044919,mix_044964,352b99e36521fabca88cc694400efdd4d7c9a7166123f85393b6e887b2937fc1,3aff803ebd475d0ad0ab73b460e42729d4c425d9135a0c50b8993352e4a174bf,324.0,492.0,1.5185185185185186,train,train,candidate,query,russian_pd,russian_pd,"— Нѣкоторые изъ нашихъ выдающихся живописцевъ задумали учредить въ Петербур- 1 гѣ новыя большія художественныя выставки, ко- торыя должны происходить ежегодно, въ зимніе мѣсяцы. На выставки предполагается допускать пр...","Въ настоящее время кр'Ьпостные люди состоятъ въ почти оолиовластномъ распоряжен1и пом']^щика, который несегь за вихъ предъ правите л ьствомъ всец'Ьдую отв']^тственность въ платеже податей н въ исправлен1И -повинностей..."
different_author_same_genre_same_topic,ru,literature,7,0.22798188762115457,mix_045930,mix_045392,b4d08597fd3be55b958599170c510ac0eb8fdf9eb04fbc53a197979d7c769f3b,730923fe715e885a3698ac8794fb90daf205e9fe62d9ac1408725f0b93e69921,129.0,100.0,1.29,train,train,candidate,query,russian_pd,russian_pd,"Справедливый договоръ, который существовалъ во времена Сапа-ли-ли, великаго царя Хита, и справедливый договоръ, ко- торый существовалъ во времена Мау-тан-ера великаго царя Хита, брата моего, — я буду держать.","ская, въ знакъ почтенія къ супругѣ великаго царя, стояла до самаго того времени, какъ ей указали мѣсто за однимъ столомъ съ придворными гос¬ пожами."
same_author_same_genre_same_topic,ru,literature,9,0.3264372703466484,mix_046370,mix_046371,e7363b9bf5733ccc5db405f477df563fbd1877b5c7f44cac25d6aea7febc08c6,e7363b9bf5733ccc5db405f477df563fbd1877b5c7f44cac25d6aea7febc08c6,103.0,103.0,1.0,train,train,candidate,query,russian_pd,russian_pd,"Цвътутъ между ними, какъ между колосьями ЦвФты голубые и алые. ,уСоо§1е — 271 — Цвъты голубые и аллые! Жнецъ ворчливый на васъ и не взглянетъ, Какъ на траву безполезную;",",уСоо§1е Въ тепогра*1в К. Шультсе, въ Берлин-к. Коттап(1ап1еп • 81г««ае 7<. ,уСоо§1е 01д1112ес1ЬуСоО§1е ,уСоо§1е 01д1112ес1ЬуСоО§1е"
same_author_same_genre_same_topic,ru,literature,9,0.2584310939023682,mix_044765,mix_044764,2100416976b11575c4557403382b0145dd4b6efb2300f655447b7eee7d3223a3,2100416976b11575c4557403382b0145dd4b6efb2300f655447b7eee7d3223a3,110.0,126.0,1.1454545454545455,train,train,candidate,query,russian_pd,russian_pd,"Але КАЛУ бооблы, $. алллАлАю + САЛА, УААЛМЛМЮ Улкялллиьи 4% ИАА, 906. оны \ Улемиюе, ум ^^ 9. Ули Мллла делА— Ала. О ААА ЛАД коклАаи 0 АмюлАА слоя еле","ИА ЗАЛИЛ мо» полом - Эла побллюм - Амялаа, Силриалииь А Эту дали %лАльсмиль ке паллоаййи 4 не. ЗоолА сдлучь ЭМ аолил Ад наедиж фею АмАолуч, с мых Сил АлЛАЛА лю поиимудлютисл/ пидоилАьх7 писсллллАлА ви Аа"
same_author_same_genre_same_topic,ru,literature,9,0.2513340121884621,mix_045830,mix_045829,a80ba709fa4307d910ce5b6cdda36a1caa629eb4613dd314879f10f8e2b488a6,a80ba709fa4307d910ce5b6cdda36a1caa629eb4613dd314879f10f8e2b488a6,160.0,213.0,1.33125,train,train,candidate,query,russian_pd,russian_pd,"шит 1791.; жен. на И {.:?. (.3 43 43. 13. 13 . 44. 47. Князь Александр!. Кагпльсвичь + 17 граФшгк Анн* бедоровн'* Головиной -{- 5 марта 1796 . 48. Кнлзь Впиши Васильевич»., вюяюввжжъ, ~\' II чал 1775 жен. на МарИ; Пнк...","— МарЫ Сергеевна, за ген.-машромъ Серпемг Нет ровлчеш. Бутурлииьмъ . Княжна Наташ Сергеевна иадвш, р. 1817 ""|* 1831 Князь Григорш Григорьевичи, иолкшшикь и Фдигедь-ядъю таить, р. 29 аир. 1810. Жен. 1. из КМЯШВ Анн* Ни..."
different_author_same_genre_same_topic,ru,literature,9,0.44268521500000957,mix_044663,mix_046371,14b69871ac5ef2cf177b2c1e3213bcaaa3183e787f6a7d4a12705da222d90a32,e7363b9bf5733ccc5db405f477df563fbd1877b5c7f44cac25d6aea7febc08c6,73.0,103.0,1.4109589041095891,train,train,candidate,query,russian_pd,russian_pd,"вать решительно, то на другой же день отпра- вился съ визитами къ сос^дямъ, чтобъ высмо- с^ьуСоо§1е - 47 -",",уСоо§1е Въ тепогра*1в К. Шультсе, въ Берлин-к. Коттап(1ап1еп • 81г««ае 7<. ,уСоо§1е 01д1112ес1ЬуСоО§1е ,уСоо§1е 01д1112ес1ЬуСоО§1е"
different_author_same_genre_same_topic,ru,literature,9,0.28687312808775967,mix_045073,mix_045914,47af7c64fecafae17056b2947ddd049bdde8a51edf68670b0dd6427aab0ba539,b1f8f9b7e9ff614770b9f833e0c6a7554a90314c0c22809b8ffa67dd4e6b9a1b,363.0,261.0,1.3908045977011494,dev,train,candidate,query,russian_pd,russian_pd,"VI. ПАСТУХЪ. Охъ дорога ль моя, ты дороженька! Ты меня на добрый путь наставила, Дурака меня оболванила, Добрымъ молодцомъ въ люди вывела. Какъ я былъ еще младъ-младешепекъ, А потомъ какъ былъ и на возрасти, Нерадивый...","Какъ къ милому дружку На санкахъ парой мчится. Служивой былъ нахалъ , Такъ вздумалось ему за ней поволочиться., Онъ въ слѣдъ ей поскакалъ Иагналъ И не далъ имъ дороги. Слуга ему кричалъ что мочи есть: «прочь! прочь! «..."
different_author_same_genre_same_topic,ru,literature,9,0.2798270880337681,mix_045352,mix_046397,6e46fc13a5e31d7eeb2433fe0f78bccf7b85c97023b7a99c95ac59a1eda6012d,ebcca5d9b210141000d4e8c2ac9dfe007e08dd928e23b279356a83528979e325,118.0,100.0,1.18,train,train,candidate,candidate,russian_pd,russian_pd,"Дѣвицѣ, Что мое кольцо златое Почернѣло; Все сбылося! ужь не стало, Мила друга! Какъ одинъ на ясномъ небѣ Свѣтелъ мѣсяцъ, Такъ одинъ былъ у дѣвицы","И далъ онъ людямъ іудейскимъ Совѣтъ, что лучше, чтобъ одинъ Учитель сей, Назорянинъ, Но не народъ весь, былъ утраченъ. Нагой, обернутъ полотномъ,"
same_author_same_genre_same_topic,ko,news,0,0.7117705568844005,mix_036202,mix_036203,b3ae47a47b279bc3707ca676051ff76a6e14d6986abd839ebc7e2f80f0883fcb,b3ae47a47b279bc3707ca676051ff76a6e14d6986abd839ebc7e2f80f0883fcb,92.0,95.0,1.0326086956521738,train,train,candidate,query,babel_briefings,babel_briefings,[OSEN=선미경 기자] 2년 만에 컴백하는 배우 이지아(42)가 변함 없이 우아한 미모를 자랑했다.이지아는 지난 17일 자신의 SNS에 &ldquo;#펜트하우스 #심수련 #첫 촬,[OSEN=선미경 기자] 배우 겸 대학교수 이인혜가 아름다운 미모를 자랑했다.이인혜는 지난 13일 자신의 SNS에 &ldquo;오랜만에 인터뷰했네요&rdquo;라는 글과 함께 사진
same_author_same_genre_same_topic,ko,news,0,0.5957082617647899,mix_036145,mix_036144,adc394ab64421876fbc2adfb362f2724d5b57ffdee0e6778a71c444b6f9857df,adc394ab64421876fbc2adfb362f2724d5b57ffdee0e6778a71c444b6f9857df,88.0,76.0,1.1578947368421053,train,train,candidate,query,babel_briefings,babel_briefings,"[OSEN=잠실, 조은정 기자] 1일 오후 서울 잠실야구장에서 &lsquo;2020 신한은행 SOL KBO 리그&rsquo; LG 트윈스와 롯데 자이언츠의 경기가 열렸다.1회초 무","[OSEN=잠실, 조은정 기자] 27일 오후 서울 송파구 잠실야구장에서 &lsquo;2020&nbsp;신한은행&nbsp;SOL&nbsp;KBO리그&rsquo; 두산 베어스와 키움"
same_author_same_genre_same_topic,ko,news,0,0.4624990066593764,mix_036665,mix_036664,eecbd35aadee8250ec9eea1a2b6ad0301b393435b13555fe3e53e0dc7179f2d2,eecbd35aadee8250ec9eea1a2b6ad0301b393435b13555fe3e53e0dc7179f2d2,82.0,94.0,1.146341463414634,train,train,candidate,query,babel_briefings,babel_briefings,"[OSEN=우충원 기자] 기성용(32, 서울)의 성폭행 의혹을 제기한&nbsp;관계자들의&nbsp;태도 변화가 감지되고&nbsp;있다.&nbsp;이미 에이전트를 통해 자신이 연관되",[OSEN=우충원 기자] FC 서울이 새로운 사령탑으로 박진섭 감독을 선임했다.&nbsp;26일 축구계 소식통은 &quot;FC 서울이 박진섭 감독과 합의를 마쳤다. 올 시즌 K리
different_author_same_genre_same_topic,ko,news,0,0.8123254972979504,mix_036059,mix_036144,a31f506e88f6ea17f0b07cea63b248a3960b5f8239d4ce528afb94ff98ea19e6,adc394ab64421876fbc2adfb362f2724d5b57ffdee0e6778a71c444b6f9857df,90.0,76.0,1.1842105263157894,train,train,candidate,query,babel_briefings,babel_briefings,"[OSEN=최나영 기자]&nbsp;지난&nbsp;3월, KBS2 &lsquo;사랑은 뷰티풀 인생은 원더풀&rsquo;&nbsp;종영 이후 약&nbsp;9개월간 휴식기를 가졌던 배우","[OSEN=잠실, 조은정 기자] 27일 오후 서울 송파구 잠실야구장에서 &lsquo;2020&nbsp;신한은행&nbsp;SOL&nbsp;KBO리그&rsquo; 두산 베어스와 키움"
different_author_same_genre_same_topic,ko,news,0,0.7850870014446394,mix_036665,mix_036059,eecbd35aadee8250ec9eea1a2b6ad0301b393435b13555fe3e53e0dc7179f2d2,a31f506e88f6ea17f0b07cea63b248a3960b5f8239d4ce528afb94ff98ea19e6,82.0,90.0,1.0975609756097562,train,train,candidate,candidate,babel_briefings,babel_briefings,"[OSEN=우충원 기자] 기성용(32, 서울)의 성폭행 의혹을 제기한&nbsp;관계자들의&nbsp;태도 변화가 감지되고&nbsp;있다.&nbsp;이미 에이전트를 통해 자신이 연관되","[OSEN=최나영 기자]&nbsp;지난&nbsp;3월, KBS2 &lsquo;사랑은 뷰티풀 인생은 원더풀&rsquo;&nbsp;종영 이후 약&nbsp;9개월간 휴식기를 가졌던 배우"
different_author_same_genre_same_topic,ko,news,0,0.696295198817335,mix_034987,mix_035710,21b4d6a6b6c51042b2644ec42f66f5d93e8716dbc6178534787b0fc2aa4bc31c,7892fea4cdbb06816fd8891aedd59af74dcba6ec6c57e436700477bb4adc77a6,89.0,103.0,1.1573033707865168,train,train,candidate,query,babel_briefings,babel_briefings,유재석이 자신의 말에 대한 남다른 책임감을 보였다. 28일 방송된 tvN &quot;유 퀴즈 온더 블럭&quot;은 &quot;법의 날&quot; 특집으로 꾸며졌다. 이...,"대한민국 1호 프로파일러 권일용이 연쇄살인범 강호순과의 만남을 떠올렸다.17일 방송된 tvN &quot;알쓸범잡&quot;에서는 윤종신과 박지선, 정재민, 김상욱, 장..."
same_author_same_genre_same_topic,ko,news,1,0.3963527862897922,mix_034828,mix_034829,0c45da181fe327b4ea216a7d888d98a4031940a9a4264a55540ba3480d0241af,0c45da181fe327b4ea216a7d888d98a4031940a9a4264a55540ba3480d0241af,105.0,116.0,1.1047619047619048,dev,dev,candidate,query,babel_briefings,babel_briefings,[베타뉴스=이승희 기자] 팩토리얼게임즈는 와이랩과 공동 개발한 모바일 게임 '슈퍼스트링 with NAVER WEBTOON'(이하 슈퍼스트링)을 구글플레이와 애플 앱스토어를 통해 출,"[베타뉴스=이승희 기자] 스마일게이트 메가포트는 슈퍼크리에이티브가 개발하는 모바일 RPG '에픽세븐' 구글플레이 인기순위 1위 달성을 기념해 스페셜 보상을 지급한다. 또한, 신규"
same_author_same_genre_same_topic,ko,news,1,0.2931794174150466,mix_034850,mix_034851,0eeb8edaa7e7615b844c04442430cbf473ed7aaf3f18964d433d5cdebe522c63,0eeb8edaa7e7615b844c04442430cbf473ed7aaf3f18964d433d5cdebe522c63,246.0,279.0,1.1341463414634145,train,train,candidate,query,babel_briefings,babel_briefings,[서울파이낸스 권진욱 기자] 100년 전통의 독일 명품 라이카(Leica) 카메라가 새로운 Q 시리즈 카메라 '라이카 Q2 모노크롬(Leica Q2 Monochrom)'을 출시했다고 13일 밝혔다. 라이카 Q2 모노크롬은 흑백 사진 전용 카메라로 새롭게 개발 된 4700만 화소의 모노크롬 센서를 갖추어 어떠한 조명에서도 최고의 해상도를 제공한다. ISO200에서 10만까지 매우 넓은 감...,[서울파이낸스 권진욱 기자] 한국후지필름이 올인원 카메라 '인스탁스 미니 리플레이'와 스마트폰 프린터 '인스탁스 미니 링크'의 홀리데이 한정판 '베이지 골드'를 출시한다고 1일 밝혔다. 인스탁스 미니 리플레이는 즉석카메라에 스마트폰 프린터 기능이 접목된 올인원 카메라다. 255g의 가벼운 무게로 높은 휴대성과 촬영 순간의 음성을 녹음하는 '사운드' 기능으로 2019년 6월 출시 이후 꾸...
same_author_same_genre_same_topic,ko,news,1,0.10573351519535767,mix_035701,mix_035702,7824b972b6c68e28bd1c0437d118e5f4065c67842afb97182b660808cac4b663,7824b972b6c68e28bd1c0437d118e5f4065c67842afb97182b660808cac4b663,260.0,277.0,1.0653846153846154,train,train,candidate,query,babel_briefings,babel_briefings,"암호화폐(가상자산) 시장이 날로 커지는 가운데, 정부가 암호화폐 규제방안을 놓고 어정쩡한 모습을 보이고 있다.내년부터 암호화폐 거래차익 및 상속·증여에 세금을 부과하는 등 정부는 이미 암호화폐의 자산 가치를 인정하고 있다. 하지만 주식 같은 금융상품처럼 시장 안정 및 활성화를 위해 정부가 적극적으로 관리해달라는 업계의 요구에는 투기를 조장할 수 있다는 우려로 선뜻 나서지 않는다. 그렇다...","9월25일 시행하는 가상자산(암호화폐) 거래소 신고제를 앞두고 코인 이동 규제가 새로운 쟁점으로 떠올랐다.5일 은행권과 가상자산업계의 설명을 종합하면, 최근 엔에이치(NH)농협은행은 가상자산 거래소 빗썸과 코인원 쪽에 ‘트래블룰’ 시스템 구축 전까지 자금세탁 방지를 위해 거래소 간 코인 전송을 제한해달라고 요청했다.트래블룰은 코인 보유자가 가상자산을 다른 거래소로 옮길 때 거래소가 송·..."
different_author_same_genre_same_topic,ko,news,1,0.4349575232102285,mix_035701,mix_035983,7824b972b6c68e28bd1c0437d118e5f4065c67842afb97182b660808cac4b663,98e69d41ae329aea841c540bcd9ebd2d7c94e87221f8fe25574a8df9bdad4664,260.0,270.0,1.0384615384615385,train,train,candidate,query,babel_briefings,babel_briefings,"암호화폐(가상자산) 시장이 날로 커지는 가운데, 정부가 암호화폐 규제방안을 놓고 어정쩡한 모습을 보이고 있다.내년부터 암호화폐 거래차익 및 상속·증여에 세금을 부과하는 등 정부는 이미 암호화폐의 자산 가치를 인정하고 있다. 하지만 주식 같은 금융상품처럼 시장 안정 및 활성화를 위해 정부가 적극적으로 관리해달라는 업계의 요구에는 투기를 조장할 수 있다는 우려로 선뜻 나서지 않는다. 그렇다...","주요소식 1. 일론 머스크, ""정부는 암호화폐를 아예 건드리지 말아야""테슬라 CEO 일론 머스크는 세계 각국 정부들이 암호화폐 산업을 규제해선 안 된다는 입장을 취했다.그는 지난 28일 미국 캘리포니아에서 열린 개발자, IT 컨퍼런스 코드 2021(Code 2021)에서 미국 정부는 암호화폐 선업을 아예 건드리지 말아야 한다고 말했다. “암호화폐를 없앨 수 없으나 그의 발전을 지연시킬 ..."
different_author_same_genre_same_topic,ko,news,1,0.3509260139617927,mix_035481,mix_036427,5bebfbc9beb4131a64f25c504eff40e640cfb2f02b33eef28faedc299ce5ae69,cff87e7de4da5abccda7cd241b88586abb1ac8276703038fc39a8a64cf13103d,281.0,246.0,1.1422764227642277,test,train,query,candidate,babel_briefings,babel_briefings,[강원도민일보 정승환 기자]춘천 출신 손흥민(29·토트넘·사진)을 향한 인종차별에 대해 소속팀 토트넘이 강경대응을 예고했다.영국 매체 ‘더 선’은 13일(한국시간) ‘손흥민이 온라인상에서 인종차별을 받고 있어 토트넘이 SNS 보이콧을 고려하고 있다’고 보도했다.손흥민은 지난 12일 2020~2021시즌 잉글랜드 프리미어리그(EPL) 31라운드 맨체스터 유나이티드와 경기에서 전반 33분 ...,"'손세이셔널' 손흥민(29·토트넘)이 잉글랜드프로축구선수협회(PFA)가 뽑은 '프리미어리그(1부) 올해의 팀'에 선정됐다. PFA가 5일(한국시각) 소셜미디어(SNS)를 통해 공개한 '올해의 팀' 명단에 따르면 손흥민은 왼쪽 공격수로 이름을 올렸다. 한편 PFA는 올해의 팀을 발표하는 트위터 게시물에서 손흥민의 이름을 빼놓는 - 손흥민,프리미어리그,프리미어리그 올해,아시아 선수,아시아 최초"
different_author_same_genre_same_topic,ko,news,1,0.32838844647301446,mix_035481,mix_036131,5bebfbc9beb4131a64f25c504eff40e640cfb2f02b33eef28faedc299ce5ae69,ac5ba1857188477c6d22f7cfa0d627494ca265ab4198aa814c0ff413ddf0bbd6,281.0,300.0,1.0676156583629892,test,train,query,candidate,babel_briefings,babel_briefings,[강원도민일보 정승환 기자]춘천 출신 손흥민(29·토트넘·사진)을 향한 인종차별에 대해 소속팀 토트넘이 강경대응을 예고했다.영국 매체 ‘더 선’은 13일(한국시간) ‘손흥민이 온라인상에서 인종차별을 받고 있어 토트넘이 SNS 보이콧을 고려하고 있다’고 보도했다.손흥민은 지난 12일 2020~2021시즌 잉글랜드 프리미어리그(EPL) 31라운드 맨체스터 유나이티드와 경기에서 전반 33분 ...,"[인터풋볼] 신동훈 기자= 손흥민(28)이 토트넘 훗스퍼에 대한 사랑을 드러냈다.손흥민은 대한민국과 토트넘을 대표하는 스타다. 함부르크, 레버쿠젠을 거친 그는 2015년 토트넘 유니폼을 입었다. 2016-17시즌 잉글리시 프리미어리그(EPL)에서 14골 8도움을 기록하며 본격적인 활약을 펼치기 시작했다. 매 시즌 리그 두 자릿수 득점을 넣으며 뛰어난 결정력을 보였다. 또한 빠른 속도를 ..."
same_author_same_genre_same_topic,ko,news,2,0.936838300753496,mix_036620,mix_036621,e89857790e1663445b9c0dedb60bbb6d201fc0ba75b8133b133fb059e5f11253,e89857790e1663445b9c0dedb60bbb6d201fc0ba75b8133b133fb059e5f11253,125.0,129.0,1.032,train,train,candidate,query,babel_briefings,babel_briefings,서울 한강공원에서 술을 마신 뒤 실종됐다가 숨진 채 발견된 대학생 손정민(22)씨 사건을 수사 중인 경찰이 친구 A씨의 휴대전화를 최초 습득해 경찰에 넘긴 환경미화원을 상대로 '법최면'을 실시한다. 31일 서울 서..,서울 한강공원에서 술을 마신 뒤 실종됐다가 숨진 채 발견된 대학생 손정민(22)씨 사건을 수사 중인 경찰이 친구 A씨의 휴대전화를 최초 습득해 경찰에 넘긴 환경미화원을 상대로 '법최면'을 실시한다. 더불어 손씨 ..
same_author_same_genre_same_topic,ko,news,2,0.8695679560363581,mix_035706,mix_035705,785ae416e77ccaa339532688f4fb38cc3ed4e78de1ebcf420a0a5894087bd6dc,785ae416e77ccaa339532688f4fb38cc3ed4e78de1ebcf420a0a5894087bd6dc,127.0,126.0,1.007936507936508,train,train,candidate,query,babel_briefings,babel_briefings,"오전 9시 5분 현재 나노엔텍(039860)의 매수잔량이 89,145주로 1분전 매수잔량 12,745주 대비 599% 급증했다. 거래대금은 154억4,770만이며 거래량은 158만1,782주로 거래량회전율은 5.90%로 나타났다.이 시각 현재 ..","오전 10시 3분 현재 라온시큐어(042510)의 매수잔량이 150,346주로 1분전 매수잔량 34,772주 대비 332% 급증했다. 거래대금은 572억245만이며 거래량은 1,491만425주로 거래량회전율은 39.88%로 나타났다.이 시각 현.."
same_author_same_genre_same_topic,ko,news,2,0.8551569384218614,mix_036254,mix_036255,ba74257b3d3a8a79c94722b9d369f041758ec94fd8249ea8a1cbeeee7541f7da,ba74257b3d3a8a79c94722b9d369f041758ec94fd8249ea8a1cbeeee7541f7da,95.0,102.0,1.0736842105263158,dev,dev,candidate,query,babel_briefings,babel_briefings,"#1.지난 7월 빌 게이츠 마이크로소프트 창업자와 일론 머스크 테슬라 CEO, 제프 베이조스 아마존 CEO 등 내로라하는 기업인들의 트위터 계정이 무더기 해킹 당했다. ...","17살 소년에 당한 빌게이츠…재택근무 당신의 PC도 노린다#1.지난 7월 빌 게이츠 마이크로소프트 창업자와 일론 머스크 테슬라 CEO, 제프 베이조스 아마존 CEO 등 ..."
different_author_same_genre_same_topic,ko,news,2,0.6399132261501006,mix_036205,mix_036271,b46e8a9c59f1ce74fbc404d6ac2a1bc7855e935aa8e318d1fea2d3fa08768ec9,bc38321f5d5a3dbc784452f4d4d06dd7cf4014e5955cb1b9e5d9a3d0c4168cf0,275.0,240.0,1.1458333333333333,train,train,candidate,query,babel_briefings,babel_briefings,"걸그룹 브레이브걸스가 밝은 근황을 전했다. 27일 방송된 tvN 예능 ‘업글인간’에는 브레이브걸스와 김종민이 게스트로 출연했다. 이날 방송에서 MC 신동엽은 브레이브걸스에게 “얼굴 기운이 좋아 보인다, 몇년 전에 본 적이 있는데 그때는 굉장히 우울했다. 그때랑 지금이랑 천지 차이”라며 이들을 “인생 역전의 주인공”이라고 소개했다. 이어 현재까지 광고를 몇 개정도 찍었는지 물었고, 브레이...","한 가요계 관계자는 ""지금은 입대해도 휴대전화를 사용할 수 있기 때문에 군심(軍心)이 걸그룹 흥행에 끼치는 영향력이 더 커질 것으로 보인다. 브레이브걸스가 이번에 그 예를 보여준 것""이라며 ""브레이브걸스의 '롤린'은 최근 트렌드인 걸크러시하고는 동떨어진 남심에 호소하는 콘셉트""라고 말했다. 김진우 가온차트 수 - 브레이브걸스,평행이론,차트 역주행,역주행 스토리,군부대 위문공연"
different_author_same_genre_same_topic,ko,news,2,0.45616439237567796,mix_036224,mix_036571,b5f7ef84c72310b464e145aa4e928fac6053691f504ea52190b514c80d65a64c,e2c33259655beb79f3ce8c6809e63a8f05e368d536c319f8e8ab790c9eef5379,130.0,118.0,1.1016949152542372,train,train,query,query,babel_briefings,babel_briefings,"삼성전자가 하반기 전략 스마트폰 갤럭시Z폴드3, 갤럭시Z플립3 등의 정보가 유출되면서 회사 차원에서 대응에 나섰음에도 이를 보란 듯이 관련 신제품 렌더링이 버젓이 등장했다. 12일 관련 업계에 따르면 신제품 ..",갤럭시Z 폴드2.[사진=삼성전자 제공]삼성전자가 내년 6월 새 폴더블폰 갤럭시Z 폴드3(가칭) 출시를 확정하고 양산을 위한 최종 샘플 개발에 나섰다. 갤럭시Z 폴드3는 S펜(전자펜...
different_author_same_genre_same_topic,ko,news,2,0.42456409856551214,mix_036050,mix_036045,a2507f2efc9d14ce26bc4547f4ae33fc450db3168fea1d57b00d829f26899ad8,a12e4af773f360e906b6c9e3daadd22f8418b6fa8a7ae0e80afefff8943dc2e0,133.0,134.0,1.0075187969924813,train,train,candidate,candidate,babel_briefings,babel_briefings,삼성전자 갤럭시Z폴드2/사진제공=삼성전자외국인과 기관의 동반 매수세가 몰리며 삼성전자(005930)가 장중 상승 전환에 성공했다. 최근 삼성전자는 세계 1위 통신사 버라이즌에 약8조원 규모의 5G(5세대) 장비 공급..,갤럭시버즈 라이브./삼성전자 유튜브 캡처공개 전부터 강낭콩을 닮은 디자인으로 화제를 모은 삼성전자(005930)의 무선이어폰 ‘갤럭시버즈 라이브’가 애플의 콩나물 ‘에어팟’을 밀어낼 수 있을까. 갤럭시 무선이..
same_author_same_genre_same_topic,ko,news,3,0.49984742577149366,mix_034941,mix_034940,1b0407ec5e81b1a3fed32eb1a29effd5eef8340f4baac134125a92b32e2ff89c,1b0407ec5e81b1a3fed32eb1a29effd5eef8340f4baac134125a92b32e2ff89c,250.0,266.0,1.064,train,train,candidate,query,babel_briefings,babel_briefings,"발광다이오드(LED) 업체 우리이앤엘이 LG디스플레이 LED 모듈 시장 절반을 확보했다. 코로나19 지속으로 노트북 등 IT 제품용 LED 모듈 수요가 함께 늘면서 2분기 실적도 개선될 전망이다.22일 업계에 따르면 우리이앤엘의 LG디스플레이 LED 모듈 시장 점유율이 50% 내외인 것으로 파악됐다. LED 모듈은 액정표시장치(LCD) TV와 노트북, 모니터 등에 사용하는 후면 광원(백...",삼성디스플레이에 이어 LG디스플레이의 차세대 유기발광다이오드(OLED) 중심 사업재편계획이 정부 승인을 받았다.28일 산업통상자원부는 제28차 사업재편계획심의위원회에서 LG디스플레이 등 신산업으로 진출하는 23개 기업의 사업재편계획을 승인했다. 사업재편기업으로 승인받으면 기업활력촉진법에 따라 세제 감면이나 절차 간소화 등 정부 지원을 받을 수 있다.LG디스플레이는 기존 사업인 액정표시장...
same_author_same_genre_same_topic,ko,news,3,0.26607689969997295,mix_035025,mix_035024,25ccf96345454f47fffdcd1e0fface218c5124276bd576265eedbc0a223e455e,25ccf96345454f47fffdcd1e0fface218c5124276bd576265eedbc0a223e455e,289.0,278.0,1.039568345323741,train,train,candidate,query,babel_briefings,babel_briefings,"[이코노믹리뷰=최진홍 기자] 영국의 괴짜 억만장자 리처드 브랜슨 버진그룹 회장이 우주 관광을 무사히 다녀왔다. 11일(현지시간) 우주 비행선 VSS 유니틱을 통해 오전 7시 40분 날아올라 1시간 뒤 무사히 지상에 착륙했다. 모선인 VMS 이브를 통해 비행한 VSS 유니틱에는 리처드 브랜슨 회장을 비롯해 버진 갤러틱 소속 조종사 2명과 임원 3명 등총 6명이 탑승했으며, 그의 무사 귀환...",[이코노믹리뷰=최진홍 기자] 국내 이커머스 시장에서 네이버와 함께 시장을 양분하고 있는 쿠팡이 11일(현지시간) 뉴욕증시에 상장됐다. 시초가 대비 40.71% 급등한 49.25달러에 거래를 마치며 환상적인 데뷔전을 펼쳤다는 평가다. 35달러로 정해진 공모가는 장중 한때 69달러까지 치솟으며 쿠팡에 대한 기대감을 키웠다. 시가총액은 종가 기준 840억달러다. 김범석 의장은 쿠팡 지분 10...
same_author_same_genre_same_topic,ko,news,3,0.1736307251561091,mix_035913,mix_035914,910daba2c3473b8db83e5b0c249165628895c6e3f8671dd63ff32082694d1e3e,910daba2c3473b8db83e5b0c249165628895c6e3f8671dd63ff32082694d1e3e,280.0,279.0,1.003584229390681,train,train,candidate,query,babel_briefings,babel_briefings,"[에너지신문] 한국가스기술공사(사장 고영태)는 21일 전라북도 완주군, 우석대학교와 함께 참여한 ‘2020년 소규모 수소추출시설 구축사업(산업통상자원부)’에서 공모사업자로 선정됐다.이번 공모사업은 전국 2개 지자체를 선정해 국비 48억 8000만원을 지원하는 사업으로, 공사는 천연가스 등 에너지 설비 분야에서 쌓아온 노하우를 바탕으로 완주군, 우석대학교와 협력해 이번 공모사업을 유치하는...",[에너지신문] 제21대 국회 전반기 산업통상자원중소벤처기업위원회 간사(더불어민주당)인 송갑석 국회의원. 지난해 송 의원은 한전이 직접 신재생에너지 발전사업을 운영할 수 있도록 하는 내용의 ‘전기사업법 개정안’을 대표 발의해 주목받았다. 본지는 송갑석 의원에게 이를 비롯해 에너지 분야 전반에 대한 견해를 물어 봤다.◆ 월성 1호기 조기폐쇄가 정쟁의 대상이 되고 있다는 지적이다.정부는 국무...
different_author_same_genre_same_topic,ko,news,3,0.5523559421935554,mix_035220,mix_035160,3fb18bc04e40f3e9047f4134b31dfefd9f9d16c781eff82dd55a3c181366017d,373f338153a3367d2fd5b3a111554a2c97f2c73338a57dee50f493a091346aa8,253.0,232.0,1.0905172413793103,train,train,query,query,babel_briefings,babel_briefings,"내연기관차에서 전기차로 바뀌는 산업 전환에 맞춰 전기차 부품이나 소재 관련 산업도 가속을 받고 있다. LS일렉트릭 관계자는 ""중국 장쑤성 공장에서 릴레이를 생산해 중국 시장에 공급하고 있다""며 ""중국 친환경차 시장이 급성장하고 있어 올해는 700억~800억원으로 매출이 성장할 것으로 보고 있다""고 말했다. 전기차 부 - 고압전선,후방산업,전기차용 릴레이,전기차 릴레이,전기차용 부품,전기...","세계 1위 전기차 생산국 중국에서 무슨 일이 벌어진 걸까. 현지 매체 보도에 따르면 현장 인근의 한 정비소 직원은 ""버려진 차량들은 전부 렌트카 회사들이 사들인 영업용 전기차""라며 ""몇 년 전부터 계속 방치돼 있다""고 말했다. 우웨이창 저장과기대 교수는 ""저렴한 전기차 판매가 초기 중국 전기차 시장 성장을 주도했다 - 중국,전기차,보조금,전기차 모델,배터리,항저우,창안,웨이라이,신에너지..."
different_author_same_genre_same_topic,ko,news,3,0.5446263416551905,mix_036435,mix_036148,d08d892f29d85f0f0661ce791728d5531a77e9910598b8b9a9fe0f244d1879c2,adf11d7675d91ffe9328ce09f902eec58458d01796d37bef64282daa86de5da0,96.0,109.0,1.1354166666666667,train,train,candidate,candidate,babel_briefings,babel_briefings,"현대·기아차와 SK이노베이션이 전기차 배터리 관련 다양한 사업 분야에서 협업한다고 밝혔습니다. 양사는 리스·렌탈 등 전기차 배터리 판매와 배터리 관리 서비스, 전기차 배터리 재사용...",LG에너지솔루션이 오는 2025년께 리튬황 배터리 전고체 배터리를 상용화한다. 리튬황 및 전고체 배터리는 시장 주력인 리튬이온 배터리를 대체할 차세대 제품으로 꼽힌다. LG가 차세대 배터리 개발 로드맵과 상...
different_author_same_genre_same_topic,ko,news,3,0.44291395175056536,mix_036435,mix_036414,d08d892f29d85f0f0661ce791728d5531a77e9910598b8b9a9fe0f244d1879c2,ce176a9ffac5643afcb2bd29e63d28c0ba6180548c7f27d2e3d8f514a71cc652,96.0,89.0,1.0786516853932584,train,train,candidate,query,babel_briefings,babel_briefings,"현대·기아차와 SK이노베이션이 전기차 배터리 관련 다양한 사업 분야에서 협업한다고 밝혔습니다. 양사는 리스·렌탈 등 전기차 배터리 판매와 배터리 관리 서비스, 전기차 배터리 재사용...","[앵커]화재가 잇따른 코나 EV 등 현대 전기차 세 종류의 배터리 교체가 이달(3월) 말부터 시작됩니다.리콜 대상은 모두 8만여 대, 들어가는 비용은 1조 원 수준..."
same_author_same_genre_same_topic,ko,news,4,0.16048797683902327,mix_035304,mix_035305,4847d0e44385ac20dde4bc54c1417d2bd0ea32d12389d0e03f299fd7bff7da25,4847d0e44385ac20dde4bc54c1417d2bd0ea32d12389d0e03f299fd7bff7da25,290.0,269.0,1.0780669144981412,train,train,query,candidate,babel_briefings,babel_briefings,전 국민의 약 88%가 1인당 25만 원씩 받는 상생 국민지원금의 사용처가 기본적으로 지역사랑상품권 사용 업종·점포로 한정된다.국내외 대기업과 명품 브랜드 매장에서는 국민지원금을 사용하지 못한다. 대기업 프랜차이즈 브랜드의 경우 직영점에서는 못 쓰고 가맹점에서는 사용 가능하다.11일 국민지원금 지급 관계부처 태스크포스(TF)에 따르면 정부는 이달 말 지급 계획인 신종 코로나바이러스 감염...,"가수 심수봉의 26년 만의 첫 TV 단독쇼가 시청률 10%를 돌파했다.20일 시청률 조사회사 닐슨코리아에 따르면, 전날 오후 8시부터 약 150분간 방송된 KBS 2TV ‘2021 한가위 대기획- 피어나라 대한민국, 심수봉’ 시청률은 11.9%로 집계됐다. 수도권에서는 12.1%를 기록했다.신종 코로나바이러스 감염증(코로나19)으로 지친 국민들을 위로하기 위해 지난해 나훈아에 이어 두 ..."
different_author_same_genre_same_topic,ko,news,4,0.5125364307241201,mix_036765,mix_036020,fdaeaa8e14152bea109f9a7705164a51d4af70d85a33009899e9e977b14158c5,9e4df5e9b88cc8bed293e946563ddb93f5499adea0ceac293e4418ef998d584d,189.0,130.0,1.4538461538461538,train,train,query,query,babel_briefings,babel_briefings,국내 연구진이 신종 코로나바이러스 감염증(코로나19)에 걸릴 위험을 줄일 수 있는 실마리를 찾아냈다.한국연구재단은 고려대 박만성·김윤기 교수와 서울대 백대현 교수 공동 연구팀이 코로나19의 원인인 '사스 코로나바이러스-2'(코로나19 바이러스)의 감염 후 시간에 따른 전사체(유전체에서 전사되는 RNA 총체)와 번역체(전사체를 …,정부가 수도권의 신종 코로나바이러스 감염증(코로나19) 재확산에 따른 사회적 거리두기를 오는 12일부터 2주간 최고 수준인 4단계로 격상키로 했다. 김부겸 국무총리는 9일 정부서울청사에서 코로나19 중앙재난안
different_author_same_genre_same_topic,ko,news,4,0.48907347612522534,mix_036695,mix_036404,f3f2b570f69b57cd17999e360054514bebfbd98b13a713c5901e6326fbf31e71,cd431da009b3f8b070c0685ec4d6a56ae64a4fcc114fe6281c0bbe790445d7a8,136.0,102.0,1.3333333333333333,train,train,query,query,babel_briefings,babel_briefings,국내에서 신종 코로나바이러스 감염증(코로나19) 백신 접종이 시작된 이후 36일간 전 국민의 1.83%가 1차 접종을 마쳤다. 2분기 코로나19 예방접종에 쓰일 아스트라제네카(AZ) 백신 21만6천명분(43만2천회분)은 이날..,(서울=연합뉴스) 신선미 기자 = 유럽의약품청(EMA)이 얀센(존슨앤드존슨)의 신종 코로나바이러스 감염증(코로나19) 백신 접종을 계속하도록 권...
different_author_same_genre_same_topic,ko,news,4,0.4847059088385677,mix_035606,mix_036765,6b808cf56044937fefb923b97acbb8d844b7a6d211cc068d9a9dd82692a70ddb,fdaeaa8e14152bea109f9a7705164a51d4af70d85a33009899e9e977b14158c5,266.0,189.0,1.4074074074074074,train,train,candidate,query,babel_briefings,babel_briefings,포비돈 요오드를 함유한 의약품이 신종 코로나바이러스 감염증(코로나19)의 원인 바이러스를 99.99% 사멸시킬 수 있다는 연구 결과가 나왔다.한국먼디파마는 포비돈 요오드를 주성분으로 함유한 '베타딘 인후스프레이'가 시험관 내(in vitro) 시험에서 사스코로나바이러스-2(SARS-Cov-2)를 99.99% 이상 감소시켰다고 7일 밝혔다.고려대학교 의과대학 바이러스병연구소에서 진행한 이...,국내 연구진이 신종 코로나바이러스 감염증(코로나19)에 걸릴 위험을 줄일 수 있는 실마리를 찾아냈다.한국연구재단은 고려대 박만성·김윤기 교수와 서울대 백대현 교수 공동 연구팀이 코로나19의 원인인 '사스 코로나바이러스-2'(코로나19 바이러스)의 감염 후 시간에 따른 전사체(유전체에서 전사되는 RNA 총체)와 번역체(전사체를 …
same_author_same_genre_same_topic,ko,news,5,0.7725804719816872,mix_035355,mix_035354,4c839934441d98fa3d09f703fec4885f19ec8d04400bd55351cb458c291fb98c,4c839934441d98fa3d09f703fec4885f19ec8d04400bd55351cb458c291fb98c,78.0,92.0,1.1794871794871795,train,train,candidate,query,babel_briefings,babel_briefings,"(서울=연합뉴스) 한기천 기자 = 코로나19(신종 코로나바이러스 감염증)에 대한 장기 면역은, 기억 B세포(memory B cells)가 신종 ...",(서울=연합뉴스) 한기천 기자 = 과학자들은 코로나19(신종 코로나바이러스 감염증)의 공포로부터 자유로운 인류의 미래가 순환 항체와 기억 B세포...
same_author_same_genre_same_topic,ko,news,5,0.5180822598779505,mix_035331,mix_035332,4a885ecc758b7f40b8e73b27967f78252486129133dc41eb2616c0fad468062b,4a885ecc758b7f40b8e73b27967f78252486129133dc41eb2616c0fad468062b,92.0,89.0,1.0337078651685394,train,train,candidate,query,babel_briefings,babel_briefings,(서울=연합뉴스) 은행팀 = 비트코인 등 가상자산(가상화폐)를 향한 개인 투자자의 커지는 관심이 제도권 금융의 핵심인 시중은행에도 영향을 주고 ...,(서울=연합뉴스) 은행팀 = 국내 가상자산(가상화폐) 거래소 4곳과 실명확인 계좌 발급을 맺은 은행들이 일단 계약 연장 여부의 결정을 오는 9월...
same_author_same_genre_same_topic,ko,news,5,0.3852208892447402,mix_034798,mix_034799,0954e8c6c2fccdf4471af7cdd674ce149f5f7f5513f2b250b60d78db8a909dcf,0954e8c6c2fccdf4471af7cdd674ce149f5f7f5513f2b250b60d78db8a909dcf,92.0,96.0,1.0434782608695652,train,train,candidate,query,babel_briefings,babel_briefings,(로스앤젤레스=연합뉴스) 정윤섭 특파원 = 테슬라 최고경영자(CEO) 일론 머스크가 미국 유명 코미디쇼 '새터데이 나이트 라이브'(SNL)에 출...,(로스앤젤레스=연합뉴스) 정윤섭 특파원 = 미국 우주 탐사 기업 블루 오리진을 이끄는 제프 베이조스가 향후 인류의 생활 근거지는 우주 공간이 될...
different_author_same_genre_same_topic,ko,news,5,0.5239351356287528,mix_036354,mix_035624,c7495139e5d3d60e78baace3b786f9d7be70156511814e90a6158cfee5f35b69,6d94da3dd5872abafd8bad465294f60f9acbe8502f447db0dd921f3d7974c77a,83.0,90.0,1.0843373493975903,train,train,candidate,candidate,babel_briefings,babel_briefings,(서울=연합뉴스) 이주영 기자 = 태양보다 수십 배큰 별이 수소와 헬륨 등 내부 연료를 모두 핵융합에 소진한 뒤 생을 마감하는 초신성 폭발 현...,(서울=연합뉴스) 최송아 기자 = 박인비(33)와 박희영(34)이 미국여자프로골프(LPGA) 투어 HSBC 위민스 월드 챔피언십(총상금 160만...
different_author_same_genre_same_topic,ko,news,5,0.5022958397057007,mix_035522,mix_035624,60da39dd17f1a4b41f5d8806706f66042176ffea263539a9b9dba97f11b893c8,6d94da3dd5872abafd8bad465294f60f9acbe8502f447db0dd921f3d7974c77a,88.0,90.0,1.0227272727272727,train,train,candidate,candidate,babel_briefings,babel_briefings,(서울=연합뉴스) 이효석 기자 = '신드롬'에 가까운 반응을 자아내며 혜성처럼 등장했던 오디오 소셜미디어(SNS) '클럽하우스'가 약두달 만...,(서울=연합뉴스) 최송아 기자 = 박인비(33)와 박희영(34)이 미국여자프로골프(LPGA) 투어 HSBC 위민스 월드 챔피언십(총상금 160만...
different_author_same_genre_same_topic,ko,news,5,0.5018211048349566,mix_034798,mix_035200,0954e8c6c2fccdf4471af7cdd674ce149f5f7f5513f2b250b60d78db8a909dcf,3d2bb5bc99b0bc27a9579aa83f13ae9946eb533eedf6b19ccbcda00ee59f5cbe,92.0,81.0,1.1358024691358024,train,train,candidate,query,babel_briefings,babel_briefings,(로스앤젤레스=연합뉴스) 정윤섭 특파원 = 테슬라 최고경영자(CEO) 일론 머스크가 미국 유명 코미디쇼 '새터데이 나이트 라이브'(SNL)에 출...,(도쿄=연합뉴스) 이세원 특파원 = 구글 최고경영자(CEO)를 지낸 에릭 슈밋 미국 인공지능 국가안보위원회(NSCAI) 위원장은 반도체 제조 기...
same_author_same_genre_same_topic,ko,news,6,0.7380172449633993,mix_035674,mix_035675,74cd3323991b71d1a4a9bc8a4e860fa906b16d363161857bd985acc256e11ac2,74cd3323991b71d1a4a9bc8a4e860fa906b16d363161857bd985acc256e11ac2,100.0,106.0,1.06,train,train,candidate,query,babel_briefings,babel_briefings,Microsoft에는 장치에서 Windows 11을 실행할 수 있는지 확인하는 데 도움이되는 도구가 있습니다. Sarah Teo / CNET 새로운 윈도우 11 운영 체제는 시장에 나와있는 대부분의 컴퓨터와 호환되어야합니다. 목요일에 게시 된 Windows 블로그에,Microsoft는 올해 초 Windows 11을 발표했는데 일부 구형 장치에서 실행하는 데 여러 제한이 있습니다. 아니면 심지어 맥. 그러나 오늘 회사는 Windows 11의 CPU 요구 사항에 대한 일부 변경 사항을 확인했지만 Mac 지원은 여전히 ​​불확실합니다. 지난
same_author_same_genre_same_topic,ko,news,6,0.24706582257139487,mix_035783,mix_035782,811daf1c3a36a28006b8c0792adca48539db70f17a509d0832788300db5d0007,811daf1c3a36a28006b8c0792adca48539db70f17a509d0832788300db5d0007,93.0,86.0,1.0813953488372092,train,train,candidate,query,babel_briefings,babel_briefings,[앵커]내년부터 새로 지어지는 아파트는 물론 기존 아파트도 전기차 충전시설을 설치해야 합니다.전기차 보급이 빠르게 늘면서 가장 큰 문제로 지적됐던 충전소...,[앵커]6월 이전에 집을 팔려는 절세 매물이 대부분 해소되면서 이번 주 서울 아파트값은 11개월 만에 가장 많이 올랐습니다.서울 아파트 전세시장도 서초구가 ...
same_author_same_genre_same_topic,ko,news,6,0.17928911900615918,mix_036209,mix_036210,b4b370d73505df928982540b4f64d81986761ac9e12c530b6df0b39edd6acc00,b4b370d73505df928982540b4f64d81986761ac9e12c530b6df0b39edd6acc00,100.0,94.0,1.0638297872340425,train,train,candidate,query,babel_briefings,babel_briefings,"[앵커]배구계를 강타한 '학교 폭력' 사태로 한국배구연맹, KOVO(코보)가 비상대책회의에 돌입했습니다.대책 마련과 함께 실질적인 징계 방안 등을 논의하고 있...",[앵커]배구계를 강타한 학교폭력 논란이 자칫 프로야구로 확산할 조짐입니다.의혹이 제기된 수도권 구단의 투수 두 명은 구단 자체 조사에서 혐의를 부인했습니...
different_author_same_genre_same_topic,ko,news,6,0.8250795065474504,mix_035475,mix_036586,5b71752346a65b82d4ff96033e18a2f179b607dfc1b6790bd2381527b25561bd,e454b47b4d56239c973a95e90fc229121622d7d6adc436b7e75b35f5c9abee0c,223.0,229.0,1.0269058295964126,dev,train,query,query,babel_briefings,babel_briefings,"숫자들(Numbers)로 기업과 경제, 기술을 해석해 보겠습니다. 숫자는 정보의 원천입니다. 정보는 누구에게나 공개되어 있고 숫자도 누구나 볼수 있지만, 그 뒤에 숨어 있는 진실을 보는 눈은 누구나 가지고 있는 것이 아닙니다. 누구나 공감할 수 있도록 숫자 이야기를 <넘버스>로 쉽게 풀어보겠습니다. SK텔레콤·KT·LG유플러스 등 이동통신 3사의 지난 2020년 실적은 5G가 이끄는 가...","숫자들(Numbers)로 기업과 경제, 기술을 해석해 보겠습니다. 숫자는 정보의 원천입니다. 정보는 누구에게나 공개되어 있고 숫자도 누구나 볼수 있지만, 그 뒤에 숨어 있는 진실을 보는 눈은 누구나 가지고 있는 것이 아닙니다. 누구나 공감할 수 있도록 숫자 이야기를 <넘버스>로 쉽게 풀어보겠습니다. 오는 11일부터 미국 라스베가스에서 열리는 세계 최대규모 IT‧가전 전시회인 ‘CES 2..."
different_author_same_genre_same_topic,ko,news,6,0.45708532642594957,mix_034781,mix_035021,05863f6273f4c0f447517714917f9c4ad7754fb92208171004d03ad59f337df3,2553ff3855b08d61c64cf561e4de4fc3129e6112fe6f1d7a6111214b75504a3f,99.0,109.0,1.101010101010101,train,train,candidate,query,babel_briefings,babel_briefings,잉글랜드 프리미어리그 토트넘의 해리 케인의 이적이 가시화됐습니다. 영혼의 단짝 손흥민 선수도 팀에 남을지 떠날지를 두고 진지한 고민에 들어갔습니다. 손장훈 기자입니다....,유로파리그에서 잉글랜드 프리미어리그 맨체스터 유나이티드와 아스날이 나란히 4강에 진출했습니다. 맨유는 스페인 그라나다와 8강 2차전 홈경기에서 전반 6분 카바니의 골로 앞서 나갔습니다.
different_author_same_genre_same_topic,ko,news,6,0.4359334431810006,mix_036073,mix_035972,a4894031ae8b0ce63a000e710c33587bbff45e67b9f4cf990ab5d34708cf7c9a,97a3782f83857134a490e6d534519255170790d86c7779b95c2f11510bb8a5df,191.0,208.0,1.0890052356020943,train,train,candidate,query,babel_briefings,babel_briefings,조아제약이 조아제약 프로야구 대상 월간 MVP 기부 챌린지를 통해 따뜻한 마음을 나눴다고 7일 밝혔다.조아제약 프로야구 대상은 국내 유일한 제약사 주최 야구 시상식으로 프로야구 페넌트레이스 동안 주간·월간 MVP를 선정하고 상금과 함께 조아제약 대표 건강기능식품 조아바이톤을 부상으로 증정한다.올해는 월간 MVP 수상자 온택트 인터뷰와 월간,"두산은 5일 ""고교시절 피해를 주장하는 당사자 측과 두 차례 만났다. 그러나 당사자와 해당 선수의 진술이 중요 부분에서 엇갈렸다""고 밝혔다. ""청소함 가두고 집단폭행""…배구 이어 프로야구도 학폭 미투 프로야구 LG ""학폭 의혹 선수 사실관계 입증 어렵다"" 결론 . 두산은 ""해당 선수와의 면담, 주변인에 대한 조사를 객 - 프로야구,학폭,두산 베어스"
same_author_same_genre_same_topic,ko,news,7,0.23903076652012345,mix_036258,mix_036259,baecd89f73a29af05bf5e28cb00a8129e8d69df4d7ea0cbc2dcccab350fdae03,baecd89f73a29af05bf5e28cb00a8129e8d69df4d7ea0cbc2dcccab350fdae03,245.0,295.0,1.2040816326530612,train,train,candidate,query,babel_briefings,babel_briefings,[이코노믹리뷰=황진중 기자] 제넥신(095700)은 자궁경부암 치료제 신약으로 개발 중인 인유두종바이러스(HPV) DNA 백신 GX-188E(NOV1702)와 미국에 본사를 둔 글로벌 바이오헬스케어 기업 MSD의 면역항암제 키트루다(성분명 펨브롤리주맙)의 병용 임상(KEYNOTE-567/GX-188E-005) 2상 중간 결과가 국제학술지인 ‘란셋 온콜로지(The Lancet Oncolo...,"[이코노믹리뷰=황진중 기자] 식품의약품안전처가 국내 항체 치료제 개발 업체가 12월 중 사용승인을 신청할 예정임을 밝혔다고 강조했다.식품의약품안전처는 27일 국내외에서 개발 중인 코로나19 백신ㆍ치료제와 관련해 향후 허가과정에 대해 설명하면서 해외 제약사가 개발한 백신 3개 품목에 대해 사전검토를 진행 중이며, 국내 항체 치료제 개발 업체는 이달 중에 사용 승인을 신청할 예정임을 밝힌 ..."
same_author_same_genre_same_topic,ko,news,7,0.23686968979117495,mix_035267,mix_035266,457dbb33d242935aeb496e999c4630900e281e3da1f6c2c6eac0ae484ccfe0e6,457dbb33d242935aeb496e999c4630900e281e3da1f6c2c6eac0ae484ccfe0e6,95.0,93.0,1.021505376344086,train,train,candidate,query,babel_briefings,babel_briefings,국내 코로나19 '3차 대유행'이 지속하는 가운데 어제 하루 신규 확진 자 수가 4백 명 아래로 떨어졌습니다.중앙방역대책본부는 오늘(28일) 0시 기준으로 코로나...,[앵커]코로나19 국내 발생 300일째인 오늘 하루 신규 확진자 수는 다시 2백 명 대를 넘어섰습니다.지난 9월 2일 이후 73일 만에 200명대를 기록한 건데요.감염 ...
same_author_same_genre_same_topic,ko,news,7,0.21571468223045875,mix_035056,mix_035055,28da28dee8c47a42d04fc725a035c81bd920ba7f7153619dc46cb9fc513fcb44,28da28dee8c47a42d04fc725a035c81bd920ba7f7153619dc46cb9fc513fcb44,263.0,273.0,1.038022813688213,train,train,candidate,query,babel_briefings,babel_briefings,"최근 태국과 베트남, 브라질에서 코로나19 백신에 대한 임상시험에 돌입했다는 소식이 전해졌다. 이들 백신은 모두 미국 텍사스대 연구팀이 개발한 바이러스 벡터 백신 플랫폼을 이용한 것으로, 달걀을 이용해 생산하는 까닭에, 기존 독감백신 시설에서도 대량 생산이 가능하다는 장점이 있다. 그렇다면 우리나라에서도 이 백신을 도입해야 할까. 학계는 해당 백신에 대해 기본적으로는 아스트라제네카 백신...","영국이 비상시 코로나19 백신을 폭탄주처럼 섞어 쓰겠다고 선언해 논란이다. 코로나19 백신은 보통 1‧2차에 나눠 접종하는데, 대유행 상황에서 1차 접종한 백신과 같은 제품을 구하지 못할 경우 2차 접종에서 다른 회사의 백신 접종을 허가하겠다는 것. 국내 전문가들은 영국의 방침에도 일리가 있기는 하지만, 인체에서 증명된 바가 없는 만큼 과학적 근거를 더 제시해야 한다는 입장이다.영국 잉..."
different_author_same_genre_same_topic,ko,news,7,0.41255488400775586,mix_036126,mix_036296,ab6eac3d9296525ceeb3e13379e2b68f237a60b007dfe4746a89d77986f4bc17,be4d3a93e213f124ccb539b6c6501fc494f8ab0d1f07848d6137607f2c2ad827,99.0,100.0,1.0101010101010102,train,train,candidate,query,babel_briefings,babel_briefings,[앵커]유럽의약품청 안전성위원회가 모세혈관 누출 증후군 병력이 있는 사람은 아스트라제네카의 코로나19 백신을 맞지 말라고 권고했습니다.또 모세혈관 누출 ...,최근 코로나19 아스트라제네카 백신이 혈전 생성 등 안전성 논란에 휩싸이자 인도 당국이 백신 부작용에 대해 심층 조사를 벌이기로 했다고 타임스오브인디아 등 현지 언론이 보도했습니다.
different_author_same_genre_same_topic,ko,news,7,0.39368038579262454,mix_036126,mix_036691,ab6eac3d9296525ceeb3e13379e2b68f237a60b007dfe4746a89d77986f4bc17,f3b0bdd963088a6476314a27181ee620a9f13bf41fe0a028b27ba10921a029cd,99.0,88.0,1.125,train,train,candidate,query,babel_briefings,babel_briefings,[앵커]유럽의약품청 안전성위원회가 모세혈관 누출 증후군 병력이 있는 사람은 아스트라제네카의 코로나19 백신을 맞지 말라고 권고했습니다.또 모세혈관 누출 ...,[앵커]아스트라제네카의 최고경영자가 자사가 개발 중인 코로나19 백신의 '성공공식'을 알아냈다며 효능에 대한 자신감을 피력했습니다.특히 입원해야 할 정도...
different_author_same_genre_same_topic,ko,news,7,0.3170925034031469,mix_035096,mix_036126,2e501bd24b44953e03277b6044c82be3107670ad829f3bf026860d3ef0527e34,ab6eac3d9296525ceeb3e13379e2b68f237a60b007dfe4746a89d77986f4bc17,86.0,99.0,1.1511627906976745,train,train,candidate,candidate,babel_briefings,babel_briefings,전 세계적으로 코로나19 백신 공급의 불확실성이 커지고 있는데요. 정부는 국내에서 생산하고 있는 아스트라제네카 백신의 수출을 제한하는 방안과 관련해 가능한 대안을 모두...,[앵커]유럽의약품청 안전성위원회가 모세혈관 누출 증후군 병력이 있는 사람은 아스트라제네카의 코로나19 백신을 맞지 말라고 권고했습니다.또 모세혈관 누출 ...
same_author_same_genre_same_topic,ko,news,8,0.33056361692890435,mix_035641,mix_035640,6eecb7775eb19a2df16591faf23e649600a8307c65c7b60eaeae83f683ed9652,6eecb7775eb19a2df16591faf23e649600a8307c65c7b60eaeae83f683ed9652,93.0,83.0,1.1204819277108433,train,train,candidate,query,babel_briefings,babel_briefings,더불어민주당 홍익표 정책위의장이 4차 재난지원금으로 소상공인·자영업자에게 최대 650만 원이 지원될 수 있다고 밝혔습니다.홍 의장은 MBC 라디오 '김종배의 ...,더불어민주당 안에서 정부의 부동산 정책에 대한 공개 비판이 이어지고 있습니다.더불어민주당 최고위원인 노웅래 의원은 어제(18일) 아침 회의에서 전국 36곳...
different_author_same_genre_same_topic,ko,news,8,0.4316582628449006,mix_036531,mix_035640,dca2c458980c751ee4e2335a7376a9e0dbdd34b2fc237ce3de55a7177e86e0f3,6eecb7775eb19a2df16591faf23e649600a8307c65c7b60eaeae83f683ed9652,125.0,83.0,1.5060240963855422,train,train,candidate,query,babel_briefings,babel_briefings,더불어민주당 송영길 대표가 15일 국회에서 열린 최고위원회의에서 발언하고 있다. /연합뉴스더불어민주당은 15일 윤석열 전 검찰총장이 재직 당시 받은 징계가 정당하다는 취지의 법원 판결이 나오자 '법무부 징계..,더불어민주당 안에서 정부의 부동산 정책에 대한 공개 비판이 이어지고 있습니다.더불어민주당 최고위원인 노웅래 의원은 어제(18일) 아침 회의에서 전국 36곳...
different_author_same_genre_same_topic,ko,news,8,0.33047067479691483,mix_035965,mix_035640,972e68ef76a19422b18035053ad16d728f2cf56123f70df74a920245842e9c62,6eecb7775eb19a2df16591faf23e649600a8307c65c7b60eaeae83f683ed9652,86.0,83.0,1.036144578313253,train,train,query,query,babel_briefings,babel_briefings,"더불어민주당 대권주자인 이광재 의원은 16일 &quot;이재용 삼성전자 부회장의 역할이 있다면, 사면을 긍정적으로 검토할 때가 아닌가&quot;라고 말했다.이 의원은...",더불어민주당 안에서 정부의 부동산 정책에 대한 공개 비판이 이어지고 있습니다.더불어민주당 최고위원인 노웅래 의원은 어제(18일) 아침 회의에서 전국 36곳...
different_author_same_genre_same_topic,ko,news,8,0.300305017255187,mix_036531,mix_035310,dca2c458980c751ee4e2335a7376a9e0dbdd34b2fc237ce3de55a7177e86e0f3,48c994c1608253f66ee5e605fe71be62a49304680d8e52621fcff15a2fbfb97b,125.0,112.0,1.1160714285714286,train,train,candidate,query,babel_briefings,babel_briefings,더불어민주당 송영길 대표가 15일 국회에서 열린 최고위원회의에서 발언하고 있다. /연합뉴스더불어민주당은 15일 윤석열 전 검찰총장이 재직 당시 받은 징계가 정당하다는 취지의 법원 판결이 나오자 '법무부 징계..,"더불어민주당과 국토교통부는 오늘 국회에서 당정협의를 열고 정부가 마련한 한국토지주택공사 혁신안을 논의했지만, 결론에 이르지 못했습니다. 정부 안은 가칭 '주거복지공단'이라는 지주회..."
same_author_same_genre_same_topic,ko,news,9,0.7174801325699544,mix_035572,mix_035571,67222f4740d75cd43b0e828ca46c8b293190d022579b79600488f2342a7ddeb1,67222f4740d75cd43b0e828ca46c8b293190d022579b79600488f2342a7ddeb1,121.0,119.0,1.0168067226890756,train,train,candidate,query,babel_briefings,babel_briefings,"/사진=TV CHOSUN '내 딸 하자' 제공 ‘미스트롯2’ TOP7 양지은, 홍지윤, 김다현, 김태연, 김의영, 별사랑, 은가은이 TV CHOSUN 신규 프로그램 ‘내 딸 하자’에 전격 출연을 확정지었다.3월 말첫 방송될 TV CHOSUN..",/사진=TV CHOSUN '미스트롯2' 방송화면 캡처‘미스트롯2’ 결승전에 진출할 최후의 7인이 가려졌다.지난 18일 밤 10시 방송된 TV CHOSUN ‘미스트롯2’ 10회 방송에서는 준결승전 1라운드 ‘레전드 미션’의 나머지 ..
same_author_same_genre_same_topic,ko,news,9,0.5938121875383804,mix_035576,mix_035577,6755e24ab9279d2a16c397c932d924f2ca69273d190f62e03c2124725c6e53c6,6755e24ab9279d2a16c397c932d924f2ca69273d190f62e03c2124725c6e53c6,160.0,168.0,1.05,train,train,candidate,query,babel_briefings,babel_briefings,"메이저리그&#40;MLB&#41; 토론토 블루제이스가 '에이스' 류현진&#40;34&#41;을 영입한 효과를 톡톡히 보는 것 중에 하나는 뉴욕 양키스전이다. 양키스를 상대로 밀리지 않고 있는데,&nbsp;올해는 2연속 위닝시리즈를 거뒀다. 토론토는 15일&#40;한국시간&#41; 가진...","메이저리그&#40;MLB&#41; 텍사스 레인저스가 뒷심을 발휘해 보스턴 레드삭스에 역전승을 거뒀지만, 선발투수 조던 라일스는 또 대량 실점을 했다. 텍사스는 2일&#40;한국시간&#41; 미국 텍사스주 알링턴 글로브라이프필드에서 열린 2021 메이저리그 홈 경기에서 보스턴을 8-6으..."
same_author_same_genre_same_topic,ko,news,9,0.3549316421451719,mix_036588,mix_036587,e4b4d7f90690beee8190cb5076f1cfa69725db4a680bb030919ddbd33ed37586,e4b4d7f90690beee8190cb5076f1cfa69725db4a680bb030919ddbd33ed37586,121.0,140.0,1.1570247933884297,test,test,candidate,query,babel_briefings,babel_briefings,‘버터’(Butter)로 빌보드 핫100 차트에서 2주 연속 정상에 오른 그룹 방탄소년단(BTS). /사진 제공=빅히트 뮤직그룹 방탄소년단(BTS)의 두 번째 영어 곡 ‘버터’(Butter)가 미국 빌보드 메인 싱글차트인 ‘핫100..,빅히트의 새로운 사명인 ‘하이브(HYBE)'의 새로운 심볼마크. /사진 제공=빅히트엔터테인먼트그룹 방탄소년단(BTS)의 소속사 빅히트(352820)엔터테인먼트가 사명을 ‘하이브(HYBE)’로 바꾸고 ‘엔터테인먼트 라이프..
different_author_same_genre_same_topic,ko,news,9,0.7525936577855132,mix_035765,mix_035577,7ee748e372ad75351fc37ddc97bfe72ae63834bdedebd7f2acb2711b4cd19085,6755e24ab9279d2a16c397c932d924f2ca69273d190f62e03c2124725c6e53c6,182.0,168.0,1.0833333333333333,train,train,candidate,query,babel_briefings,babel_briefings,양현종&#40;텍사스 레인저스&#41;이 빅리그 데뷔 후 최악투를 펼쳤다. 텍사스도 LA 에인절스에 패해 상승세가 꺾였다.양현종은 26일&#40;한국시간&#41; 미국 캘리포니아주 애너하임 에인절스타디움에서 열린 2021 메이저리그 에인절스와 경기에서 3⅓이닝 5피안타&#40;2피홈런...,"메이저리그&#40;MLB&#41; 텍사스 레인저스가 뒷심을 발휘해 보스턴 레드삭스에 역전승을 거뒀지만, 선발투수 조던 라일스는 또 대량 실점을 했다. 텍사스는 2일&#40;한국시간&#41; 미국 텍사스주 알링턴 글로브라이프필드에서 열린 2021 메이저리그 홈 경기에서 보스턴을 8-6으..."
different_author_same_genre_same_topic,ko,news,9,0.6332963436654638,mix_035576,mix_035765,6755e24ab9279d2a16c397c932d924f2ca69273d190f62e03c2124725c6e53c6,7ee748e372ad75351fc37ddc97bfe72ae63834bdedebd7f2acb2711b4cd19085,160.0,182.0,1.1375,train,train,candidate,candidate,babel_briefings,babel_briefings,"메이저리그&#40;MLB&#41; 토론토 블루제이스가 '에이스' 류현진&#40;34&#41;을 영입한 효과를 톡톡히 보는 것 중에 하나는 뉴욕 양키스전이다. 양키스를 상대로 밀리지 않고 있는데,&nbsp;올해는 2연속 위닝시리즈를 거뒀다. 토론토는 15일&#40;한국시간&#41; 가진...",양현종&#40;텍사스 레인저스&#41;이 빅리그 데뷔 후 최악투를 펼쳤다. 텍사스도 LA 에인절스에 패해 상승세가 꺾였다.양현종은 26일&#40;한국시간&#41; 미국 캘리포니아주 애너하임 에인절스타디움에서 열린 2021 메이저리그 에인절스와 경기에서 3⅓이닝 5피안타&#40;2피홈런...
different_author_same_genre_same_topic,ko,news,9,0.5672705001991248,mix_035576,mix_036211,6755e24ab9279d2a16c397c932d924f2ca69273d190f62e03c2124725c6e53c6,b4c9c9e9515c49c32d69af26799931b91a232c45083e0e38eac261b2f4c6ca99,160.0,170.0,1.0625,train,train,candidate,candidate,babel_briefings,babel_briefings,"메이저리그&#40;MLB&#41; 토론토 블루제이스가 '에이스' 류현진&#40;34&#41;을 영입한 효과를 톡톡히 보는 것 중에 하나는 뉴욕 양키스전이다. 양키스를 상대로 밀리지 않고 있는데,&nbsp;올해는 2연속 위닝시리즈를 거뒀다. 토론토는 15일&#40;한국시간&#41; 가진...","극한의 압력 조건 없이, 대기압에서 저항이 0이 되는 새로운 소자가 발견됐다. 기초과학연구원&#40;IBS&#41; 나노구조물리연구단의 김성웅 연구위원&#40;성균관대 교수&#41;과 송준성 박사후연구원은 한국과학기술원, 와이즈만연구소 등 국제공동연구진과 함께 평상시 대기압&#40;상..."
different_author_same_genre_same_topic,ar,poetry,0,0.18513065971512133,mix_001015,mix_000398,eb5dcf569a183c8e1a94334ee916f811c5fdd1d4392d987054aae34fd9c5d359,55e4d4e0f67dd19ddc9d4a7269967a0e3a3f635421dde03a5e8e0897f7b55fa2,143.0,114.0,1.2543859649122806,train,train,candidate,query,arabic_poetry,arabic_poetry,يَا أَيُّهَا المَلِكُ المنصورُ مِن يَمَنٍ وَالمُبتَني نَسَباً غَيرَ الذي انتَسَبَا بِغَزوَةٍ في قُلُوبِ الشِّركِ رَاتِعَةٍ بَينَ المَنَايَا تُنَاغِي السُّمرَ وَالقُضُبَا,الشِّعْرُ عبْدٌ في بنِي عُبْدانِهَا مدح المُلُوكَ وكان أَيْضا منهُمُ ولقد يُرى والشِّعْرُ مِن ذُؤبانِهَا أَمْسى الفَرزْدقُ كُفْؤَها في حوْكه
different_author_same_genre_same_topic,ar,poetry,0,0.12913977710895108,mix_001036,mix_000870,efb1100a1a06e9c8dac86f78a6c86ecb7387ef910952dacea613702d7984a9ad,c9cadd38a78b55fd6226de13f51bb90d9a2dfaa8432985e97dcef9420271d869,110.0,101.0,1.0891089108910892,train,train,candidate,query,arabic_poetry,arabic_poetry,وما الفتكُ فتك الضارب الهامَ في الوغى ولكنّهُ فَتْكُ العَميدِ المُتيَّم وبينَ حَصَى الياقوتِ لَبّاتُ خائفٍ حَبِيبٍ إليه لو تَوَسّدَ مِعْصَمي,دنا العيد لو تَدْنو به كعبةُ المُنى ورُكْنُ المَعالي من ذُؤابة يَعُرب فيا ويلتَا للشعر تُرمي جماره ويا بُعد ما بيني وبين المُحصَّبِ
different_author_same_genre_same_topic,ar,poetry,0,0.11040980115849619,mix_000634,mix_000870,8c602b0f2c3b788829a4cabc820f88eaa1858b0f3444ce1b5a9f08f4e427246a,c9cadd38a78b55fd6226de13f51bb90d9a2dfaa8432985e97dcef9420271d869,115.0,101.0,1.1386138613861385,train,train,candidate,query,arabic_poetry,arabic_poetry,والورد ضرج بين نسرينِ يا منعما ما زال يكنفني بغزير جدواه ويكفيني آتيه ممتدحا فيسعفني وأجم نائله فيبدوني كم آخر الإفلاس لي أملا ونداك أقرنني بقارونِ,دنا العيد لو تَدْنو به كعبةُ المُنى ورُكْنُ المَعالي من ذُؤابة يَعُرب فيا ويلتَا للشعر تُرمي جماره ويا بُعد ما بيني وبين المُحصَّبِ
same_author_same_genre_same_topic,ar,poetry,1,0.1494379025724205,mix_000015,mix_000014,024a670e19c0f8cb7da8de71074f6791f6e78a0f407deb7492809ac7801a1643,024a670e19c0f8cb7da8de71074f6791f6e78a0f407deb7492809ac7801a1643,104.0,115.0,1.1057692307692308,train,train,candidate,query,arabic_poetry,arabic_poetry,والدّهرُ مسلولُ الحُسَام فَبَكَتْ عليه عوائدٌ غُرٌّ بأدمعها السّجام اللّه يرحم يُوسُفاً ختم الكِرام بلا كلام لا غَرْوَ أن أرّختُه,حتّى تَضَلّعَ كلُّ ظام أوَلَمْ يَشِدْ للدّين ما أنوارُه ذات ابتسام مِنْ جامعٍ جُمِعَتْ له كلّ المحاسن بالتّمام ومكاتبٍ أضحى بها دُرُّ المفاخر في انتظام
same_author_same_genre_same_topic,ar,poetry,1,0.10780500029135243,mix_000087,mix_000086,12813edfa8b8b06d3148f77ecf7618d340792da2315aba6a76a890f52e944c51,12813edfa8b8b06d3148f77ecf7618d340792da2315aba6a76a890f52e944c51,126.0,106.0,1.1886792452830188,train,train,candidate,query,arabic_poetry,arabic_poetry,فَوضعتُ في فَمه فمي فعل الَّذي يَهوى بريق حَبيبه المَعسولِ غنيَّ الطُّراةُ مِن الذباب لَنا بِها طرباً فَهجنَ شَمائِلاً بِشمولِ رَوضٌ تعاهده السّحابُ كَأَنَّه,وَما حُسنُ هذا الشعر إِلا لنفثةٍ لَهُ في فَمي مِن قَبل قطع وَصالِهِ نَطقت بِسحر عِندها غَير أَنَّهُ مِن السحر ما لَم يُختَلَف في حَلالِهِ
different_author_same_genre_same_topic,ar,poetry,1,0.208437589229998,mix_000818,mix_000338,bec9415e3cdcc3c67caa2921c509c61022331855bec2efa8c6f51c6909e6e37d,46eb08c721a769826b2b5df83d8ef934a9102ccdf07b1241440cf3c7a79996fd,116.0,172.0,1.4827586206896552,train,train,candidate,query,arabic_poetry,arabic_poetry,أَيَّ شَيءٍ رَأَيتَ أَعجَبَ مِن ذا إِن تَفَكَّرتَ ساعَةً في الزَمانِ كُلُّ شَيءٍ مِنَ السُرورِ بِوَزنٍ وَالبَلايَا تُكالُ بِالقُفزانِ,نَعيبُ زَمانَنا وَالعَيبُ فينا وَما لِزَمانِنا عَيبٌ سِوانا وَنَهجو ذا الزَمانِ بِغَيرِ ذَنبٍ وَلَو نَطَقَ الزَمانُ لَنا هَجانا وَلَيسَ الذِئبُ يَأكُلُ لَحمَ ذِئبٍ وَيَأكُلُ بَعضُنا بَعضاً عَيانا
different_author_same_genre_same_topic,ar,poetry,1,0.1853049802815081,mix_000519,mix_000522,7258313c17ba9ea1015c0ad606ed5a7268eb127aed8fc1abd2fae3ad4cf602e6,72ae6bd5e33474690ebffd56e04609a70df746740db41efabd1dfad61b2acb6f,103.0,78.0,1.3205128205128205,train,train,candidate,query,arabic_poetry,arabic_poetry,مُحتَبِلٌ يَرصُدُ في مَرصَدِ وَمَجلِسُ النُسوَةِ بَعدَ الكَرى في رَوضَةٍ ذاتِ أَقاحٍ نَد خَرَجنَ يَمشينَ مَعاً موهِناً,بَعدَ القُصور وَبَعدَ الشِيدِ مَيدانا ساقَ المياهَ إِلى سَدٍّ لمارِبنا للجَنتين معايِينا وَثُعبانا
different_author_same_genre_same_topic,ar,poetry,1,0.18177863311133047,mix_000015,mix_000815,024a670e19c0f8cb7da8de71074f6791f6e78a0f407deb7492809ac7801a1643,be9b25f9ec0928816ecd9c4fba19b136e0afd961a95e0f26efe8a0826107fadf,104.0,91.0,1.1428571428571428,train,train,candidate,candidate,arabic_poetry,arabic_poetry,والدّهرُ مسلولُ الحُسَام فَبَكَتْ عليه عوائدٌ غُرٌّ بأدمعها السّجام اللّه يرحم يُوسُفاً ختم الكِرام بلا كلام لا غَرْوَ أن أرّختُه,أنا الزبير ولد العوام ليث شجاع فارس الإسلام قرم همام فارس هجام أقتل كل فارس ضرغام وإنني يوم الوغى صدام وناصر في حانها الإسلام
same_author_same_genre_same_topic,ar,poetry,2,0.2886102234973613,mix_000857,mix_000858,c54efcb5828b93fcb5f0a0a0ab1bc77ba34c1b84faa44a530d59f10089550d9a,c54efcb5828b93fcb5f0a0a0ab1bc77ba34c1b84faa44a530d59f10089550d9a,124.0,106.0,1.169811320754717,train,train,candidate,query,arabic_poetry,arabic_poetry,مِحَشُّ حُروبٍ ماجِدٌ غَيرُ خامِلِ أَرومَتُهُ مِن خَيرِ قَيسٍ نَما بِهِ إِلى المَجدِ قِدماً وَالعُلى كُلُّ فاضِلِ أَخو ثِقَةٍ مَحض النِّجارِ مُهَذّبٌ,مَنيعُ الجانِبَينِ فَما يَزِلُّ سَمَونا فَوقَ عَرشِ المَجدِ قِدماً وَعَرشُ المَجدِ فيهِ لَنا المَحَلُّ وَرثنا المَجدَ عَن آباءِ صِدقٍ
same_author_same_genre_same_topic,ar,poetry,2,0.24264896852041828,mix_000467,mix_000466,65fac5252f75d42094cdee36bd96c14c79805bbb38213e4179c2f3f419b62d1a,65fac5252f75d42094cdee36bd96c14c79805bbb38213e4179c2f3f419b62d1a,261.0,348.0,1.3333333333333333,train,train,candidate,query,arabic_poetry,arabic_poetry,دَع عَنكَ رَسمَ الدِيارِ وَدَع صِفاتِ القِفارِ وَعَدِّ عَن ذِكرِ قَومٍ قَد أَكثَروا في العُقارِ وَدَع صِفاتِ الزَناني رِ في خُصورِ العَذاري وَصِف رَغيفاً سَرِيّا حَكَتهُ شَمسُ النَهارِ أَو صورَةُ البَدرِ لَمّا اِس تَت...,جانَبتُ وَصلَ الغانِياتِ وَصَحَوتُ عَن وَصلِ اللَواتي نَعِمَت بِهِنَّ عُيونُ مَن واصَلنَهُ حَتّى المَماتِ فَدعِ الطلولَ لِجاهِلٍ يَبكي الدِيارَ الخالِياتِ وَدَعِ المَديحَ لِأَمرَدٍ وَلِخادِمِ وَلِغانِياتِ وَاِمدَح رَغ...
same_author_same_genre_same_topic,ar,poetry,2,0.20872571457001476,mix_000043,mix_000044,0837d4ebff3a0ab50bddc548e5c10a316c2b0577eb1e7f63933655f3a9d084dc,0837d4ebff3a0ab50bddc548e5c10a316c2b0577eb1e7f63933655f3a9d084dc,110.0,107.0,1.02803738317757,train,train,candidate,query,arabic_poetry,arabic_poetry,مِن مُنادٍ وَمِن مُجيبٍ وَمِن تَص هالِ خَيلٍ خِلالَ ذاكَ رُغاءُ أَيُّها الناطِقُ المُرَقِّشُ عَنّا عِندَ عَمرَوٍ وَهَل لِذاكَ بَقَاءُ,أَعَلَينا جُناحُ كِندَةَ أَن يَغ نَمَ غازِيهُمُ وَمِنّا الجَزاءُ أم عَلَينا جُرّى حَنيفَةَ أَو ما جَمَّعَت مِن مُحارِبٍ غَبراءُ
different_author_same_genre_same_topic,ar,poetry,2,0.384756098128044,mix_000786,mix_000167,b786d4add0ef6265906c190a54e4feffec68166d3af5bbc01bd13eee269eaff2,27251f47c238d2bff3f93005159421802e1345a5aa5e35fbd6a36ed176aac7a3,1990.0,1973.0,1.0086163203243792,train,train,candidate,query,arabic_poetry,arabic_poetry,يُخالِجنَ أَشطانَ الهَوى كُلَّ وِجهَةٍ بِذي السِدرِ حَتّى خِفتُ أَن لَن تَرَيَّما غَرائِزُ لَم يَترُكنَ لِلنَفسِ إِذ عَلَوا عَلى الصُهبِ تَحدي السيرَ روحاً وَأَعظُما سَراةَ الضُحى ثُمَّ اِستَمَرَّ حُداتُهُم عَلى كُلِّ...,ذَهَبتَ مِنَ الهِجرانِ في غَيرِ مَذهَبٍ وَلَم يَكُ حَقّاً كُلُّ هَذا التَجَنُّبُ لَيالِيَ لا تَبلى نَصيحَةُ بَينِنا لَيالِيَ حَلّوا بِالسِتارِ فَغُرَّبِ مُبَتَّلَةٌ كَأَنَّ أَنضاءَ حَليِها عَلى شادِنٍ مِن صاحَةٍ مُتَر...
different_author_same_genre_same_topic,ar,poetry,2,0.36978085761484913,mix_000786,mix_000339,b786d4add0ef6265906c190a54e4feffec68166d3af5bbc01bd13eee269eaff2,475c77b682f0caa6be61dbab09ca8f4a2bf6713b4da0031711b238ef913417d4,1990.0,1995.0,1.0025125628140703,train,train,candidate,query,arabic_poetry,arabic_poetry,يُخالِجنَ أَشطانَ الهَوى كُلَّ وِجهَةٍ بِذي السِدرِ حَتّى خِفتُ أَن لَن تَرَيَّما غَرائِزُ لَم يَترُكنَ لِلنَفسِ إِذ عَلَوا عَلى الصُهبِ تَحدي السيرَ روحاً وَأَعظُما سَراةَ الضُحى ثُمَّ اِستَمَرَّ حُداتُهُم عَلى كُلِّ...,أَجَدَّ رَواحُ القَومِ أَم لا تَرَوُّحُ نَعَم كُلُّ مَن يُعنى بِجُملٍ مُتَرَّحُ إِذا اِبتَسَمَت أَبدَت غُروباً كَأَنَّها عَوارِضُ مُزنٍ تَستَهِلُّ وَتَلمَحُ لَقَد هاجَ هَذا الشَوقُ عَيناً مَريضَةً أَجالَت قَذاً ظَلَّت...
different_author_same_genre_same_topic,ar,poetry,2,0.34792143035203815,mix_000167,mix_000339,27251f47c238d2bff3f93005159421802e1345a5aa5e35fbd6a36ed176aac7a3,475c77b682f0caa6be61dbab09ca8f4a2bf6713b4da0031711b238ef913417d4,1973.0,1995.0,1.0111505321844907,train,train,query,query,arabic_poetry,arabic_poetry,ذَهَبتَ مِنَ الهِجرانِ في غَيرِ مَذهَبٍ وَلَم يَكُ حَقّاً كُلُّ هَذا التَجَنُّبُ لَيالِيَ لا تَبلى نَصيحَةُ بَينِنا لَيالِيَ حَلّوا بِالسِتارِ فَغُرَّبِ مُبَتَّلَةٌ كَأَنَّ أَنضاءَ حَليِها عَلى شادِنٍ مِن صاحَةٍ مُتَر...,أَجَدَّ رَواحُ القَومِ أَم لا تَرَوُّحُ نَعَم كُلُّ مَن يُعنى بِجُملٍ مُتَرَّحُ إِذا اِبتَسَمَت أَبدَت غُروباً كَأَنَّها عَوارِضُ مُزنٍ تَستَهِلُّ وَتَلمَحُ لَقَد هاجَ هَذا الشَوقُ عَيناً مَريضَةً أَجالَت قَذاً ظَلَّت...
different_author_same_genre_same_topic,ar,poetry,3,0.2233934882013877,mix_000196,mix_000963,2b60687464441a8fbf45a3317ac6714aa40a3710b58f57e752e2b0e4657589ec,df680800b0d925ea654fca5d7fce0f204c50d67425fd568f7ee29876493ca22d,76.0,79.0,1.0394736842105263,train,train,candidate,query,arabic_poetry,arabic_poetry,في حبك هجرت أمي وأبي الراحة للغير وحظي تعبي يا ظالم في الهوى أما تنصفني وحدتك في العشق فلم تشرك بي,روحي بك يا معذبي قد شقيت في جنب رضاك في الهوى ما لقيت لا تعجل بالله عليها فعسى أن تدركها برجمة إن بقيت
different_author_same_genre_same_topic,ar,poetry,3,0.19386693600159777,mix_000548,mix_000963,779e3041a5741dfa7b12d6b067490b63fd48aa39feadee8fdaa2cdd9b6ee50e4,df680800b0d925ea654fca5d7fce0f204c50d67425fd568f7ee29876493ca22d,116.0,79.0,1.4683544303797469,train,train,query,query,arabic_poetry,arabic_poetry,وأقلُّ ما لاقيتُ من كُلَف الهوى بعدَ الصّبابةِ لائمٌ وعَذولُ ألا اقتديتَ بحُوَّلٍ في وجدِه قد عارك الأشجانَ وهْوَ نحيلُ أظننتَ أنّ العِشقَ سهلٌ بئس ما,روحي بك يا معذبي قد شقيت في جنب رضاك في الهوى ما لقيت لا تعجل بالله عليها فعسى أن تدركها برجمة إن بقيت
different_author_same_genre_same_topic,ar,poetry,3,0.18823547401723772,mix_001074,mix_000916,f735fd6d4de4fa88af3b6d565edee2ef47a81a3f9eb56fed1892d061dac932cd,d4593cb6bb03f170f477e6b468ca8b918209e457fcc5160e03d4cdf3cf84113c,286.0,205.0,1.395121951219512,dev,train,query,query,arabic_poetry,arabic_poetry,أما الفراق فلي في يومه فرَقُ وقد أرِقتُ له لو ينفعُ الأرقُ أظعانهم سابقت عيني التي انهملت أمُّ الدموع مع الأظعان تستبقُ عاق العقيقُ عن السّلوان واتضحت في توضح لي من نهج الهوى طرق لولا النسيمُ الذي تأتي الرِّياحُ به إذ...,أما والعيون النجل تصمي نبالها ولمع الثنايا كالبروق تخالها ومنعطف الوادي تأرج نشره وقد زار في جنح الظلام خيالها وقد كان في الهجران ما يربح الهوى ولكن شديد في الطباع أنتقالها أيا ابن الألى جادوا وقد بخل الحيا وقادوا الم...
same_author_same_genre_same_topic,ar,poetry,5,0.10965034371679672,mix_001022,mix_001023,ed6b926cce7452e0bc9506969ec4232a3bdd78fb6d4731f16e44bf0ab01bc9a4,ed6b926cce7452e0bc9506969ec4232a3bdd78fb6d4731f16e44bf0ab01bc9a4,107.0,104.0,1.0288461538461537,train,train,candidate,query,arabic_poetry,arabic_poetry,قل لشيخ قلبه منها نفور لا تخف فالله توّاب غفور يا مغني إن عندي كلّ غمّ قم وألق النار فيها بالنغم يا مغني قم فإنّ العمر ضاع لا يطيب العيش إلاّ بالسماع,ومالها في حسنها ثانية منذ أنخت الركب في أرضها أنسيت أصحابي وأحبابية فيا حماها الله من روضة بهجتها كافية شافية فيها شفاء القلب أطيارها بنغمة القانون كالدارية
same_author_same_genre_same_topic,ar,poetry,5,0.06491332946512152,mix_000016,mix_000017,026e7827a8ab8eadb45849c7a0e229f8e7f1c42660ee5422960642c729fb4fd6,026e7827a8ab8eadb45849c7a0e229f8e7f1c42660ee5422960642c729fb4fd6,102.0,88.0,1.1590909090909092,train,train,query,candidate,arabic_poetry,arabic_poetry,فداءٌ لركْبٍ من نُميرٍ تداركوا حنيفةَ بالنِّشّاشِ أهلي ومالِيا أصابوا رجالاً آمنينَ وربّما أصابَ بريئاً حُرْمُ منْ كانَ جانيا,لو أنها رخصةٌ قضيتُ من وطري لكن جلدتها تربي على السفنِ أشكو إلى اللَه نعظاً قد منيت به وما ألاقي من الأملاقِ والحزنِ
different_author_same_genre_same_topic,ar,poetry,5,0.2614202556887688,mix_000344,mix_000287,48aa796f03f3e0fe52bcabcbd52c8020d9d4df5417c497fe8af0e56e48bc4019,3beb9ccb173c55b735b4cb608c9d1456958c3bf08d0c9c23000f9ce669832ad5,120.0,119.0,1.0084033613445378,train,train,candidate,query,arabic_poetry,arabic_poetry,قديماه من طود لنقض ثباتها وكم سوءة للمرء فيها تذلّه بدفع أذى مأكولها ومقاتها إذا ألفت شمل المحبين آذنت وقد جمع شملا بسهم شتاتها فما فرحةٌ فيها لخلق وإن حظى,شِيَمُ الصوارمِ أن تُقرِّبَ ما نأى لكنْ على مَنْ عَزْمُه كظُباتها أخلصتَ للرحمن نيّةَ عالمٍ أنَّ النُّفوسَ له على نيَّاتها وجعلتَ تقوى اللهِ شِكَّتك التي
different_author_same_genre_same_topic,ar,poetry,5,0.2381440324819597,mix_000147,mix_000865,22d90b1d1f94d94c17244327bb40ec5be8540f8ce9b51d3322450b022a7d5d23,c8f1f086c4af6fb8c18c8c0030673d1bcef917c3dcb16e6235bc460c6fe3e481,109.0,113.0,1.036697247706422,train,train,candidate,query,arabic_poetry,arabic_poetry,إلى ابن اباً يوما ولا ابن أخ عما فليس لها من دونك اليوم كاشفٌ يفرّج عن هذا الورى هذه الغما وما في غنى من يختشي العدم مقنع لمن رزقه في كفّ من لم يخف عدما,فيا عثمان ما بلدي بدان ولا للنفس دونك من قرار ومالي إن أردت يديّ صفرا إلى أهلي وداري من محار أراك إذا أجرت على أمير وثيق عرا الأمانة والجوار فهل يا ابن العنابس تنفعني
different_author_same_genre_same_topic,ar,poetry,5,0.22857243789336568,mix_000488,mix_000716,6ac687eaf95b9f740b4c38ba32b14dcdd8d2d4478f45af8f636246a63dac87ae,a261c97cb9666127fb8444fe2ac167f77d1a98e81f2a26c8354560ddc46bd9c9,491.0,454.0,1.0814977973568283,train,train,candidate,query,arabic_poetry,arabic_poetry,خليلي لوما في الصناعة او ذرا فلست وان اكثرتما اللوم مقصرا فما حق ذي جرم اذا كان علمها له موردا ان يبتغي عنه مصدرا فلا تذكراها في الملام فانما يهيج غرامي ان الام وتذكرا تعلقها قلبي فخالط حبها دمي فجرى مني الهوى حيث ما ...,لما علمت بما ألقى من الوصب بعثت لي عوذة عافت من الكرب فضضتها فازدهانا الروض مبتسما وأنشدت فهنانا مجلس الطرب ألفاظها والمعانى فى لطافتها والنظم كالماء والصهباء والحبب قد أعجزت بفنون من فصاحتها لولا التأخر كانت حجة العر...
same_author_same_genre_same_topic,ar,poetry,6,0.24723032920664223,mix_000526,mix_000525,749990f6eab2d23e8c23ffee090d1a8c0ce6b66d110b50bfdc77a8be4f5e15d8,749990f6eab2d23e8c23ffee090d1a8c0ce6b66d110b50bfdc77a8be4f5e15d8,123.0,109.0,1.128440366972477,train,train,candidate,query,arabic_poetry,arabic_poetry,حِمى أَسَدٍ بالخويِّ ادِّعاقا صَلقناهُمُ باللِوى صَلقَةً سَقَتهُم مِن المَوتِ كأساً دِهاقا فأضحت بنو أَسَدٍ بعدَها تَشيمُ بشِعفينِ بَرقا أَلاقا,كَبيشَةُ عِرسي تَمَنّى الطَلاقا وَتسأَلُني بَعدَ هَدءٍ فِراقا وَقامَت تُريكَ غداةَ الرَحيلِ كَشحاً لَطيفاً وَفَخِذاً وَساقا
same_author_same_genre_same_topic,ar,poetry,6,0.16176449706120133,mix_001096,mix_001095,fa61e776c04e680de47852fe965a8c3cd1ae1bd268d509daee38560515191b11,fa61e776c04e680de47852fe965a8c3cd1ae1bd268d509daee38560515191b11,132.0,102.0,1.2941176470588236,train,train,candidate,query,arabic_poetry,arabic_poetry,إلى الصَّلَتَانِ الخُورِ والعَجلاَنِ وَفَرَّتْ تَمِيمٌ سَعْدُها وَرَبَابُهَا إلى حَيْثُ يَضْفُو الْحِمْضُ والشَّبَهَانِ وَصَدَّتْ بَنُو وِدّ صُدُوداً عَنِ القَنَا,وَمَا ظَنَّ أوْلاَد الإمَاء بَنُو استْهَا بِكُلّ فَتّى رِخْوِ النِّجَادِ يَمَانِ فَمَنْ يَرَى خَيْلَيْنَا غَدَاةً تَلاقَيَا
same_author_same_genre_same_topic,ar,poetry,6,0.11665465395040142,mix_001003,mix_001004,e7dde431b0bb96deebb5243c4ea20301fcf0c6079f33e7a1e51c536fd88450b6,e7dde431b0bb96deebb5243c4ea20301fcf0c6079f33e7a1e51c536fd88450b6,111.0,109.0,1.018348623853211,train,train,candidate,query,arabic_poetry,arabic_poetry,هاجَ رَسمٌ دارِسٌ طَرَباً فطويلا ظَللّتَ مُكتَئِبا أن رأَيتَ الدارَ موحِشَةً بِلغاطٍ كَم لَها رَجَبا دارَ هِندٍ بالسِتارِ وَقَد,كُلُّ حَيٍّ مُعقِبٌ عُقَبا وَلَقَد آوى إِلى ثُبَةٍ يُحسِنونَ بينهم أَدَبا ثم أُروي الواغلينَ وَلَم أَكُ كَلباً بينهم كَلِبا
different_author_same_genre_same_topic,ar,poetry,6,0.2898103027188854,mix_000280,mix_000499,3a7324458a8a82111084fb90ac03a8b1f29d013d8912cca8d08f71f690d9821b,6cbbdc4651f863bd164570a9052418b81822a8c412b54a5d5e34da8cfb2497b0,126.0,129.0,1.0238095238095237,train,train,query,query,arabic_poetry,arabic_poetry,فَلَمّا رَأَينَ الشَمسَ صارَت كَأَنَّها فُوَيقَ البَضيعِ في الشُعاعِ خَميلُ فَهَيَّجَها وَاِنشامَ نَقعاً كَأَنَّهُ إِذا لَفَّها ثُمَّ اِستَمَرَّ سَحيلُ,قُعوداً لَدى حَطمِ الحَجونِ كَأَنَّهُم مَقاوِلَةٌ بَل هُم أَعَزُّ وَأَمجَدُ أَعانَ عَلَيها كُلُّ صَقرٍ كَأَنَّهُ إِذا ما مَشى في رَفرَفِ الدِرعِ أَحرَدُ
different_author_same_genre_same_topic,ar,poetry,6,0.28444581163265303,mix_000280,mix_000811,3a7324458a8a82111084fb90ac03a8b1f29d013d8912cca8d08f71f690d9821b,be5b5a58e6732218720da7261f24212e527df861719ee99ec34e76b9f1a84ad3,126.0,100.0,1.26,train,train,query,query,arabic_poetry,arabic_poetry,فَلَمّا رَأَينَ الشَمسَ صارَت كَأَنَّها فُوَيقَ البَضيعِ في الشُعاعِ خَميلُ فَهَيَّجَها وَاِنشامَ نَقعاً كَأَنَّهُ إِذا لَفَّها ثُمَّ اِستَمَرَّ سَحيلُ,عِراضَ القَطا غُرَّ الثَنايا كَأَنَّها مَها الرَملِ في غُرٍّ مِنَ الظِلِّ أَهدَبا قَصارَ الخُطى تَمشي الهُوَينا إِذا مَشَت
different_author_same_genre_same_topic,ar,poetry,6,0.2707811397098101,mix_000449,mix_001021,6141bd1dda93a3b1abb23a098b0c9ebecb717264e720499db7db89ef8cc47b79,ebdae9769cde295dc47d02aec1a9f1fd3d43ddf8a71f5ade3ffc39954335e9d9,108.0,129.0,1.1944444444444444,train,train,candidate,query,arabic_poetry,arabic_poetry,لَمْ أنسَ إذ قَالَتْ عَهدْتُكَ خَائِفاً وَقْعَ الشَّوائِبِ مِنْ زَمَانٍ جَائِرِ بِمَنِ انْتَصَرْتَ عَلَيهِ قُلْتُ مُبادِراً,فِي مَقَامٍ فَلَمْ أُطِقْ مِنْ قِيلِ وَكَأَنِّي إِذْ قُلْتُ مَا قُلْتُ فِي طَوْ عِ التَّمَنِّي وَمِلْتُ لِلتَّأْوِيلِ مَائِقٌ قَابَلَ النُّضَارَ بِصُفْرٍ
different_author_same_genre_same_topic,ar,poetry,7,0.35673040041333404,mix_000418,mix_000855,5bfb24616ef75872a04a808acb4b1962219fb569c0f5d422a96ff1c0c505f1f0,c4e5a575546fb75d069177aa7a55802d9508489ca2b157fb9c20b3f63dbfebad,114.0,123.0,1.0789473684210527,train,train,candidate,query,arabic_poetry,arabic_poetry,كَأَنَّني فيهِم وَإِن وَليتُهُم كانوا مَوالِيَّ وَكُنتُ عَبدَهُم مُجتَهِداً بِالنَصرِ لا آلوهُمُ أَدعو لَهُم يا رَبُّ سَلِّم أَمرَهُم,مَن زَلَّ طارَ لَهُ ثَناءٌ أَشنَعُ أَصدَرتُهُم فيهِ أُقَوِّمُ دَرأَهُم عَضَّ الثِقافِ وَهُم ظِماءٌ جُوَّعُ فَرَجَعتُم شَتّى كَأَنَّ عَميدَهُم
different_author_same_genre_same_topic,ar,poetry,7,0.3209034235116015,mix_000946,mix_000855,d984539201bf826223475a5f949d7a2ab7fbba74c1cee8fd6ea1d35df5e4cc41,c4e5a575546fb75d069177aa7a55802d9508489ca2b157fb9c20b3f63dbfebad,108.0,123.0,1.1388888888888888,train,train,query,query,arabic_poetry,arabic_poetry,وَهُم حِصني إِذا أرهب وَهُم رُمحي وَهُم ترسي وَهُم سَيفي إِذا أَغضب فَكَم مِن قائلٍ مِنهم إِذا ما قالَ لا يَكذب وَكَم مِن ناطقٍ فيهم,مَن زَلَّ طارَ لَهُ ثَناءٌ أَشنَعُ أَصدَرتُهُم فيهِ أُقَوِّمُ دَرأَهُم عَضَّ الثِقافِ وَهُم ظِماءٌ جُوَّعُ فَرَجَعتُم شَتّى كَأَنَّ عَميدَهُم
different_author_same_genre_same_topic,ar,poetry,7,0.2628368816500479,mix_000324,mix_000855,41ed23d43d23dd8019400a6c4594cb897a226906dea13255f3ab3a8f0b4334d1,c4e5a575546fb75d069177aa7a55802d9508489ca2b157fb9c20b3f63dbfebad,115.0,123.0,1.0695652173913044,train,train,query,query,arabic_poetry,arabic_poetry,أَقَلَّ بَنو الإِنسانِ حَتّى عَدَوتُمُ عَلى مَن يُثيرُ الجِنَّ وَهيَ هجودُ فَلَولا رِجالٌ يا مَنيعُ رَأَيتُهُم لَهُم خُلقٌ عِندَ الجوارِ حَميدُ,مَن زَلَّ طارَ لَهُ ثَناءٌ أَشنَعُ أَصدَرتُهُم فيهِ أُقَوِّمُ دَرأَهُم عَضَّ الثِقافِ وَهُم ظِماءٌ جُوَّعُ فَرَجَعتُم شَتّى كَأَنَّ عَميدَهُم
different_author_same_genre_same_topic,ar,poetry,8,0.4011956051134602,mix_000559,mix_000189,7ba81c51f94f005c282dc1f0c1adb26afb040fa57414013ddf5486c1811a31eb,29e9eac2d0138e16b6368f5dcaec4a94e7839270b089ec9f6962f23b0328fe84,101.0,106.0,1.0495049504950495,train,train,candidate,candidate,arabic_poetry,arabic_poetry,وشى واشياً ليلى فقلت صدقتما وأقبلت في إعراضِ ليلى أعيبُها ليغترَّ واشٍ أو ليحسبَ كاشحٌ مُوِدٌّ لليلى قد تولىّ نشوبّها,وأُشرِفُ بالأرضِ اليَفاعِ لعلَّني أرى نارَ ليلى أوْ يَراني بَصيرُها فنادَيتُ ليلى والحُمولُ كأنّها مَواقيرُ نخلٍ زَغْزَعَتْها دَبورها
different_author_same_genre_same_topic,ar,poetry,8,0.19630773991281303,mix_000266,mix_000740,35b57c6f64fde0c9bc935d464e8285e3d7fe96cff78434e95ab88b33720c7767,a8757afee183a9664e2aea4ec1142ccfaacc7a5e381c60575e681c3d6fcdeb5f,139.0,103.0,1.3495145631067962,train,train,candidate,candidate,arabic_poetry,arabic_poetry,أكحيلة الاجفان بالسحر الذي لولاه مادرت البلابل بابل قد كان قلبي غافلا عما به أودى وقلب أخي السلامة غافل حتى دهاني منك صدر رامح ذرب سناناه وطرف قاتل ما عقدك المهنا بجيدك درة لكن فرند في حسام جائل,ما أوقح المتنبى فيما حكى وادعاه أبيح مالا عظيما حتى اباح قفاه يا سائلى عن غناه من ذاك كان غناه ان كان ذاك نبياً فالجاثليق اله
different_author_same_genre_same_topic,ar,poetry,8,0.1891956905462936,mix_000189,mix_000560,29e9eac2d0138e16b6368f5dcaec4a94e7839270b089ec9f6962f23b0328fe84,7ba81c51f94f005c282dc1f0c1adb26afb040fa57414013ddf5486c1811a31eb,106.0,168.0,1.5849056603773586,train,train,candidate,query,arabic_poetry,arabic_poetry,وأُشرِفُ بالأرضِ اليَفاعِ لعلَّني أرى نارَ ليلى أوْ يَراني بَصيرُها فنادَيتُ ليلى والحُمولُ كأنّها مَواقيرُ نخلٍ زَغْزَعَتْها دَبورها,كأنَّ القلب ليلةَ قيل يُغدى بليلى العامريةِ أو يُراحُ قطاةٌ عزّها شَرَكٌ فباتت تُعالجهُ وقد عَلِقَ الجناحُ لها فرخانِ قد علقا بوكرٍ فعشّهما تصفقّه الرّياحُ فلا بالليلِ نالتْ ما تَرجّى ولا بالصّبح كان لها بَراحُ
same_author_same_genre_same_topic,ar,poetry,9,0.1824832482747344,mix_000025,mix_000026,0423d20bb477af483d59633098d8a4c2ee6abdea78231355513369012221601f,0423d20bb477af483d59633098d8a4c2ee6abdea78231355513369012221601f,101.0,114.0,1.1287128712871286,train,train,candidate,query,arabic_poetry,arabic_poetry,إلا بها من نوادي وقعه أثر وليس فيك إذا استنظرته عجل وليس فيه ياسرته عسر وإن يصبك عدو في مناوأة يوماً فقد كنت تستعلي وتنتصر من ليس في خيره من يكدره,في كل فج وإن لم يغز ينتظر تكفيه حزة فلذان ألم بها من الشواء ويروي شربه الغمر لا تأمن البازل الكوماء عدوته ولا الأمون إذا ما اخروط السفر كأنه بعد صدق القوم أنفسهم
same_author_same_genre_same_topic,ar,poetry,9,0.13942869915395883,mix_000597,mix_000596,86aec47b455366a8a0c4ab4587436d51648bb43c6809fccdb039156b8575cd88,86aec47b455366a8a0c4ab4587436d51648bb43c6809fccdb039156b8575cd88,133.0,115.0,1.1565217391304348,train,train,candidate,query,arabic_poetry,arabic_poetry,دع المنجمَ يكبو في ضلالته إن ادعى علمَ ما يجري به الفلكُ تفرَّد اللهُ بالعلم القديم فلا الإنسان يشركهُ فيه ولا الملك أعدَّ للرزق من أشراكه شركاً فبئست العدتان الشِّركُ والشَّرَك,شهدت له الأعداء واستشفت بها عينا حسود بالغباوة أكمه أنا عبد من علم الزمان بعجزه عن أن يجييء له بندٍّ مشبه عبد لعز الدين ذي الشرف الذي ذل الملوك لعزه فرُّخشه
same_author_same_genre_same_topic,ar,poetry,9,0.13912581668262392,mix_000628,mix_000627,8b59712c898ca1e253957a94e505321ea488b73c55f4578462d93d3b9f8856e5,8b59712c898ca1e253957a94e505321ea488b73c55f4578462d93d3b9f8856e5,108.0,107.0,1.0093457943925233,train,train,candidate,query,arabic_poetry,arabic_poetry,والجزع فارقه فحن إليه والمهجور يبس فأزال عنه كربه إذ ضمه كرماً ونفس بشراه فاز به وفي غده بدار الخلد يغرس أترى أقوم ببابه دمعاً لذاك اليوم يحبس,إن غبت عن دار همو بربوعها فالي حمي نشأوا به ومرابع ما الشأن في بين توقعت اللقا في منهاه فكان اقرب واقع الشأن في هذا الذي أخشى به أن الحمام يكون عنهم قاطعي
different_author_same_genre_same_topic,ar,poetry,9,0.27835485373997404,mix_000027,mix_000367,04b28a95bfdffac46e67974d1b458e4588f25a2ac725241fa85ed6a3126234e0,4dd84a9be16af73f62514e2c6ed0e1e5a7a0ebbdfa2b5a54d7c1d0869b6c3214,95.0,102.0,1.0736842105263158,train,train,query,query,arabic_poetry,arabic_poetry,أقولُ ولم أملك لنفسي نصيحةً أرى ما ترى واللَه بالغيب أعلمُ أتبقي على ذبيان في قتل مالكٍ فقد حشَّ جاني الحرب ناراً تضرمُ,قالت ولم تقصد لقيل الخنا مهلاً فقد أبلغت أسماعي أنكرته حين توسمته والحرب غعول ذات أوجاع من يدق الحرب يجد طعمها مراً وتحبسه بجعجاع
different_author_same_genre_same_topic,ar,poetry,9,0.25405745320313944,mix_000021,mix_000569,02bf4cfdd7a6bc61494d304c5d7ce101ebcfe2599749b9edbd7794bd5f19c21f,7f6abeaee9ef256dd1538f8c6ca0300c4ca7c36b606349df5ea73e5937d34937,156.0,114.0,1.368421052631579,train,train,candidate,query,arabic_poetry,arabic_poetry,أنا أفدي على الهجران زينا وإن كنا على عمدٍ كنينا وما زيناً بتغذيةٍ أردنا ولكنا عنينا من عنينا أقول وقد رأيتُ لها سماءً من الهجرانِ مقبلةً إلينا وقد سحت عزاليها بصدٍّ حوالينا الصدودُ ولا علينا,تُقَسِّمُه رماح بني أبينا وكانوا للقماقم من تميم على زرق الأسنة شايطينا هوى والخيل تعثر في قناها لحُرِّ جبينه في التاعسينا وما زلنا بكل صباح حَيفٍ
different_author_same_genre_same_topic,ar,poetry,9,0.2536542241867775,mix_000049,mix_000819,0966ef5d7d72115fee2f782651cfb00407c8d6e20e3af499d675228908f05b0b,bf5a4fb7d72d7793030baf59b29852f6ec85a1da2db6c74bac4cc370bff731e0,108.0,117.0,1.0833333333333333,train,train,candidate,candidate,arabic_poetry,arabic_poetry,بل الحق أن الحكم للّه وحده له الخلق والأمر الذي في الشريعة هو الملك المحمود في كل حالة له الملك منغير انتقاص بشركة فما شاء مولانا إلا له فإنه يكون ومالا لا يكون بحيلة,يومٌ يؤلِّف شكلُه الأشكالا سبت دعوة ذا الحلال مُوَاتراً سنةً فما تَركُ الصبوح حلالا وسُبوغُ سيِّدِنا الأجلِّ مراتباً مَدَّت على الملك الأجلِّ جلالا
same_author_same_genre_same_topic,ar,social_media,0,0.9509355811622532,mix_007470,mix_007471,f3dbfd0b09aae2178e68ad58c8fc92f9ec025a277f9768488d2e1b50ed1396ed,f3dbfd0b09aae2178e68ad58c8fc92f9ec025a277f9768488d2e1b50ed1396ed,96.0,95.0,1.0105263157894737,train,train,candidate,query,exorde,exorde,حالة الطقس في جباليا:\nالوصف: غيوم قاتمة\nدرجة الحرارة: ٢١.٤١°C\nالرطوبة: ٣٣%\nسرعة الرياح: ١.٥٦ م/ث\n\n#Palestine #Weather,حالة الطقس في غزة:\nالوصف: غيوم قاتمة\nدرجة الحرارة: ١٧.٦٤°C\nالرطوبة: ٦٧%\nسرعة الرياح: ١.٢٣ م/ث\n\n#Palestine #Weather
same_author_same_genre_same_topic,ar,social_media,0,0.8893069222631071,mix_003836,mix_003837,1d4535a8e267c4899924bbc715d867ac621039f80d744bd58d9e67a4dafba28d,1d4535a8e267c4899924bbc715d867ac621039f80d744bd58d9e67a4dafba28d,62.0,58.0,1.0689655172413792,train,train,candidate,query,exorde,exorde,"دوري الدرجة الثانية - الجولة 14 : - هدف #القيصومة الثالث على الإنتصار 4-2 ""عبدالمجيد المطيري"".","دوري الدرجة الثانية - الجولة 14 : - هدف #الإنتصار الثاني على القيصومة 2-4 ""متعب المطيري""."
same_author_same_genre_same_topic,ar,social_media,0,0.7573937223272647,mix_004062,mix_004061,29836addf96ebc2963b5e3725069e2d8965fba7ce8a68b70d62253278508332b,29836addf96ebc2963b5e3725069e2d8965fba7ce8a68b70d62253278508332b,108.0,102.0,1.0588235294117647,train,train,candidate,query,exorde,exorde,تحذير صارم من الشرطة للسائقين: تصرفات خطرة تهدد الأرواح على الطرق لقراءة مزيد من التفاصيل اضغط على الرابط التالي https://tinyurl.com/ydwf25mf #ايرلندا #ايرلندا_بالعربي,اعتقال شاب في كيلدير بتهمة الاعتداء على امرأة في نيوبريدج لقراءة مزيد من التفاصيل اضغط على الرابط التالي https://tinyurl.com/2sv2mxw6 #ايرلندا #ايرلندا_بالعربي
different_author_same_genre_same_topic,ar,social_media,0,0.41767696213814,mix_004521,mix_005980,4312f6c3605a143e8f3af5aca3fd07db0b985731b4f7cafd26983aeacb9f1bb2,98dd5d7945ca543f5b5b170a4db05087e92888dba77c762d343056cb21c4b66c,152.0,156.0,1.0263157894736843,train,train,candidate,query,exorde,exorde,التسلسل الوظيفي في #إدارة_المشاريع 1- منسق مشاريع Project Coordinator 2- مدير مشاريع Project Manager 3- مدير برنامج Program Manager 4- مدير محفظة Portfolio Manager 5- مدير مكتب مشاريع PMO Manager أبدأ منسقًا للمشاريع،...,ترغب في الحصول على وظائف برواتب مجزية؟ ننصحك بالحصول على الشهادة الأكثر شهرة عالميًا في مجال المشاريع الاحترافية، محترف إدارة مشاريع #PMP. تفتح لك مسارات وظيفية وترقيات في مجالات كثيرة جدًا. مهما كان تخصصك #إدارة_المش...
different_author_same_genre_same_topic,ar,social_media,0,0.38793371538273824,mix_003487,mix_007515,0b0d4d9b97a9925d4b74163636271da9a15e6e758049247731be52d248e254b2,f728385cd8ef796dfe83caa535a4b13513084bba21e923ca5fbe3724bcc4f8e8,115.0,73.0,1.5753424657534247,train,train,candidate,candidate,exorde,exorde,"""أوبن إيه آي"" : تطلق خدمة ""ChatGPT"" أكثر ذكاءً بـ200 دولار شهرياً...الخدمة الجديدة تتيح الوصول إلى نموذج الذكاء الاصطناعي القادر على أداء مهام التفكير الشبيهة بالبشر",فرنسا تنظّم قمة الذّكاء الاصطناعي في شباط (فبراير) المقبل #تكنولوجيا #الذكاء_الاصطناعي #فرنسا
different_author_same_genre_same_topic,ar,social_media,0,0.343593703615801,mix_005083,mix_004062,65f82e2001e691e72acfa43b11c278fc535c171a4d339ef25a9844c0a77519f6,29836addf96ebc2963b5e3725069e2d8965fba7ce8a68b70d62253278508332b,84.0,108.0,1.2857142857142858,train,train,candidate,candidate,exorde,exorde,العملة : CATIUSDT المنصة : BINGX استعمل الرابط للتسجيل واحصل على مكافآت حصرية https://bingx.com/invite/KAYX7B/ اسعار الشراء : 0.46 - 0.56,تحذير صارم من الشرطة للسائقين: تصرفات خطرة تهدد الأرواح على الطرق لقراءة مزيد من التفاصيل اضغط على الرابط التالي https://tinyurl.com/ydwf25mf #ايرلندا #ايرلندا_بالعربي
same_author_same_genre_same_topic,ar,social_media,1,0.7281963503056266,mix_004445,mix_004446,3f82576691896d6b44f74df712837b42bd803454dafc69dba0ca19f53508b757,3f82576691896d6b44f74df712837b42bd803454dafc69dba0ca19f53508b757,106.0,110.0,1.0377358490566038,train,train,candidate,query,exorde,exorde,مشاركة الزميل د. منصور الشهري في المؤتمر السنوي الثامن للجمعية السعودية للعمود الفقري بالرياض بعنوان POSTURAL CONTROL ASSESSMENT (BIOMECHANICS) IN LOW BACK PAIN: Innovative Analyses to Investigate Spine Movement Coord...,مشاركة الزميل د. منصور العتيبي في المؤتمر السنوي الثامن للجمعية السعودية للعمود الفقري بالرياض بعنوان Research Designs for Improving Health Outcomes in Patients with Neck and Back Injuries in Saudi Arabia: Facilitator...
same_author_same_genre_same_topic,ar,social_media,1,0.6949222572353437,mix_005115,mix_005116,67bf8e38ab4332321a78e6f90c43aa6323a5df505a85a293163990d8d20aeae0,67bf8e38ab4332321a78e6f90c43aa6323a5df505a85a293163990d8d20aeae0,165.0,161.0,1.0248447204968945,train,train,candidate,query,exorde,exorde,"هيكلية رسالة Git Commit الجيدة تتكون من الأجزاء التالية: \n\n1. العنوان (Title): \n - ملخص قصير وواضح يوضح التغيير (بحد أقصى 50 حرف). \n - يبدأ بـ ""كلمة نوع"" يليها نقطتان (:)، ثم وصف مختصر. \n - مثال: \n ```\n feat: a...","\n3. الخاتمة (footer):\n - تحتوي على بيانات إضافية مثل الإشارة إلى المشاكل أو الروابط المتعلقة. \n - مثال: \n ```\n Fixes #123 \n Related to issue #456 \n ``` \n\n\nلاحظتو في العنوان قلت لكم انه يبدأ بـ ""كلمة نوع"" ، ا..."
same_author_same_genre_same_topic,ar,social_media,1,0.48793970230446504,mix_003798,mix_003799,1b169b51d175f82bc89bce092b3ed697cd1b8d8bd359488f0c983008bd820cf8,1b169b51d175f82bc89bce092b3ed697cd1b8d8bd359488f0c983008bd820cf8,178.0,187.0,1.050561797752809,train,train,candidate,query,exorde,exorde,#مكه_الان عندي حرمه كبيرة ارمله عمرها 40 بدون مهر في مكه عندها فيلا وعمارات واولادها كبار متزوجين وتبي رجل يونسها بالحلال في بيتها بدون شروووط بدون طلبات الحرمه طولها 167 وزنها67 بيضاء ناعمه وهاديه جميله بحي العزيزية ...,زواج مسيار #مكه_الان انا ارمله سعوديه عمري ٣٥سنه عندي طفلين ايتام وعندي بيت ملك في العوالي موظفه معلمه حكوميه ولله الحمد بيضاء البشرة راقية جدا انيقه مطلعه مثقفه جميله شعري طويل صادقة وواضحة بدون شروط بدون مهر جادة اب...
different_author_same_genre_same_topic,ar,social_media,1,0.2932330619020377,mix_006776,mix_005285,cac96924399da170f762619aa3a5474deeedc7b2ac79bd005f4d87614eed2e4a,719729e2e6e5a0dcdbfc6082e170244b6838f7ab66f98aad87a0ad4de1f4e3fb,168.0,132.0,1.2727272727272727,train,train,query,query,exorde,exorde,اعقب واخسس يالواطي هالمغردين سعوديين وتاج راسك وراس كل اللي يعززون لك واللي يسيء لـ #السعودية_العظمى وحكامها وعلمائها يتحمل الرد #نيحن شعب طويق نرد على كل من يتطاول على الحكومه وقاده وشعب طرق عن خشمك و سمعنا صياحك اكثر,اذا ماتدري دعمك لهيئة تحرير الشام جريمه يخالف عليها القانون بالسعودية لأنها تصنف كجماعه ارها:بيه انتبه الله يصلحك ومالنا دخل باللي يصير الله يكون بعون الابرياء والامويين سعوديين
different_author_same_genre_same_topic,ar,social_media,1,0.2822442843512373,mix_006335,mix_007399,af523d5151d2b798af24d231d304efd2a23075b62859a81a108aba49b44473d7,ef466e603ac6f7e57847dae8db865d9eaf02ec6b103c6f16436679bb530ac7bf,64.0,67.0,1.046875,train,train,candidate,query,exorde,exorde,وتحررت درعا الحمد لله يا حمزة الله يفرجينا بالظالم يوم والدكتور واقف على الدور بإذن الله..,عظم الله أجرهم وأحسن الله عزائهم وغفر لميتهم واسكنه فسيح جنات الفردوس الأعلى يارب العالمين
different_author_same_genre_same_topic,ar,social_media,1,0.26766329990380955,mix_007175,mix_005500,e1409153f86e902da56218397e9d09b4ad8eed7469a833e671ad95d208bae533,7e4d06bbbfc148b25c6d2c662a6f57f50082c9b05e5cb6cdb7ed61726f0411dc,179.0,142.0,1.2605633802816902,train,train,candidate,candidate,exorde,exorde,استاذي الفاضل انا والله عاشق للسعودية وانديتها جميعها واسال الله ان تكون فرقنا جميعاً في المقدمة لكن ودي اسالك بالله عليك هل هناك من يستحق تمثيل هذا البلد العظيم غير الهلال .. وحتى الهلال رغم انه افضل الجميع لكن يجب د...,محور المماتعه لعنكم الله جميعاً من مصلحتكم قتل اطفال ونساء سوريا وسبحان الله انقلبت الايه ان الله عزيز ذو انتقام ظلمتم و وجائكم الدور يا خنازير العزة لله وحده والنصر لثوار السوريين واحرار فلسطين
same_author_same_genre_same_topic,ar,social_media,2,0.9958076547211656,mix_003393,mix_003394,065ccbe473484d56c020636e0235b5c24ad3d862ebce6412236da423134b0075,065ccbe473484d56c020636e0235b5c24ad3d862ebce6412236da423134b0075,81.0,81.0,1.0,train,train,candidate,query,exorde,exorde,"#طقس_العرب ( #الجزيرة_العربية ) December 06, 2024 at 10:30PM ( حركة السحب+ البرق تحديث كل ربع ساعة على حسب موقع طقس العرب)","#طقس_العرب ( #الجزيرة_العربية ) December 07, 2024 at 02:30AM ( حركة السحب+ البرق تحديث كل ربع ساعة على حسب موقع طقس العرب)"
same_author_same_genre_same_topic,ar,social_media,2,0.9756757270939915,mix_006461,mix_006462,b72a708827e9d92e6a2c460ebf0583dd9e231fba5913f274fa5a1e808e56bee9,b72a708827e9d92e6a2c460ebf0583dd9e231fba5913f274fa5a1e808e56bee9,201.0,202.0,1.0049751243781095,train,train,candidate,query,exorde,exorde,الخطاب الاسلامي لم يعد ينفعكم يا مرتزقة نتنياهو الصهيوني ، يا ايها العبيد للصهيوني لان غزة فضحتكم . كل ما تفعلونه يا حطب جهنم انكم تريدون التعويض على خسارة اسرائيل في لبنان ، تريدون يا صعاليك الصهاينة ان تشددوا الخناق...,الخطاب الاسلامي لم يعد ينفعكم يا مرتزقة نتنياهو الصهيوني ، يا ايها العبيد للصهيوني لان غزة فضحتكم . كل ما تفعلونه يا حطب جهنم انكم تريدون التعويض على خسارة اسرائيل في لبنان ، تريدون يا صعاليك الصهاينة ان تشددوا الخناق...
same_author_same_genre_same_topic,ar,social_media,2,0.9149486455716535,mix_005137,mix_005138,695fd86ad2bf9b7b5877eedbe91e00955bb5b1d5b179fdad243446736ae3b819,695fd86ad2bf9b7b5877eedbe91e00955bb5b1d5b179fdad243446736ae3b819,102.0,134.0,1.3137254901960784,train,train,candidate,query,exorde,exorde,◇07.2◇ استكمال عرض بيانات الاسماء والمواريث وارقام العينات / مشروع فاملي تري ■ Hashem & Y-DNA cousins (FGC8712 & L862 Geography) يوجد بالمشروع 339 عينة موجبة L859 >يتبع>,◇07.4◇ استكمال عرض بيانات الاسماء والمواريث وارقام العينات / مشروع فاملي تري ■ Hashem & Y-DNA cousins (FGC8712 & L862 Geography) يوجد بالمشروع 339 عينة موجبة L859 باقي/ صور المشجر الزمني للعينات المطورة في المشروع >يتبع>
different_author_same_genre_same_topic,ar,social_media,2,0.4657351928495399,mix_004514,mix_007066,42f1350fafd64d1df56948816ef912abba1c19b66955a160b92cf8ca11799176,dbc96f425de938f4de83aba21143eec735045e1e584683752a0c4cb007cf805d,100.0,95.0,1.0526315789473684,dev,train,candidate,candidate,exorde,exorde,شارت استحواذ العملات البديلة ايجابي محتاجين اغلاق اسبوع اعلى الترند لتأكيد الايجابية #بتكوين #bitcoin #btc #crypto #ethereum $btc #cryptocurrencies #eth #العملات_الرقميه #binance #bnb,#BTC $BTC العملات الرقميه حلوه جداً بس مشكلته اي احد يتداول في العملات الرقميه مايحب يصبر على عمله شهر كم اقصى فتره قعدت في عمله ؟
different_author_same_genre_same_topic,ar,social_media,2,0.4424200398210967,mix_004564,mix_003297,4575e69e73c8e037dfa6dd231495c9395d30de993c1a1b13ef18628c18342afd,00b8c2e930b2aeadaf3723e1a48bf0f0bce1e46b904e58653d98b9729f2e3f5f,208.0,207.0,1.0048309178743962,train,train,candidate,candidate,exorde,exorde,مباراة الأهلي وأورلاندو بيراتس هي واحدة من المباريات الشهيرة في كرة القدم الأفريقية، حيث يلتقي النادي الأهلي المصري مع نادي أورلاندو بيراتس الجنوب أفريقي في منافسات البطولات القارية دوري أبطال أفريقيا، حيث تشه...,علق علاء ميهوب، نجم النادي الأهلي السابق، على مجموعة النادي في بطولة كأس العالم للأندية 2025، مشيرًا إلى أهمية المباراة الأولى للمارد الأحمر أمام إنتر ميامي في مشواره بالبطولة. يتم التصفح الآن.. رد رسمي من ا...
different_author_same_genre_same_topic,ar,social_media,2,0.4211217768024298,mix_003689,mix_003403,15b61ef9bbd51d7c07e2ed5bfc49550986d3b6202ae7dacb10a14b4322806d8e,069a2d763f823dcb40227402ac5b6dcce099e1d2b21afc29b8e740b18b92940b,180.0,150.0,1.2,test,train,query,candidate,exorde,exorde,الكريبتو هو عالم دورات متكررة. التدفق دائمًا نفسه : $BTC → $ETH → العملات ذات القيمة السوقية الكبيرة → المتوسطة → الصغيرة. الوقت الحالي؟ الأموال تتحرك نحو العملات ذات القيمة السوقية الكبيرة. شوف $XRP و $ALGO — حققوا 4...,"جمهورية التشيك تتحرك لتخفيف قواعد ضرائب العملات المشفرة. تقترح جمهورية التشيك إعفاء ضريبة العملات الرقمية للأصول المحتفظ بها لأكثر من ثلاث سنوات وتسهيل الإبلاغ عن المعاملات التي تقل عن $4,200 سنويًا. ₿ #Bitcoin $BTC $ETH"
different_author_same_genre_same_topic,ar,social_media,3,0.7265331504858664,mix_003506,mix_006928,0c05ec667461ff6d95265e1ae028c532b5120655025de212387e583cb4853fcb,d3a209a056220826b33bdb8ca1f1d9e58b39cfccc56cc526ad15d6f42728f3bc,79.0,79.0,1.0,train,train,candidate,query,exorde,exorde,الشباب بي إس في يوفنتوس باريس سان جيرمان الرائد ڪۆد خضم مباشر ▬ألشمس▬وألرمأل▬و▬ألرمأل▬ ← ZZY25,يوفنتوس الاتحاد الشباب ناسيونال ساوثهامبتون ڪۆد خضم مباشر ▬ألشمس▬وألرمأل▬و▬ألرمأل▬ ← ZZY25
different_author_same_genre_same_topic,ar,social_media,3,0.6919026209284771,mix_007212,mix_006009,e2f5590d7565a395e7d8da30291b1486a7d25fcc4e0755e454fd1fa6f5643cdd,9a62ac553efea7fcf3179ad0b8ff8e4440ec1390aca7c833333d48c95f3b5c68,78.0,77.0,1.0129870129870129,train,train,candidate,candidate,exorde,exorde,فيرونا مونزا أي زد ألكمار نابولي هيرنفين ڪۆد خضم مباشر ▬ألشمس▬وألرمأل▬و▬ألرمأل▬ ← ZZY25,الوحدة فالنسيا جيرونا لايبزيج هيرنفين ڪۆد خضم مباشر ▬ألشمس▬وألرمأل▬و▬ألرمأل▬ ← ZZY25
different_author_same_genre_same_topic,ar,social_media,3,0.6803835957529183,mix_007212,mix_004976,e2f5590d7565a395e7d8da30291b1486a7d25fcc4e0755e454fd1fa6f5643cdd,6063fa3d224fc276cd04c0df49d738d3566214c9e08b05f9baa82363a7bc3760,78.0,89.0,1.141025641025641,train,train,candidate,query,exorde,exorde,فيرونا مونزا أي زد ألكمار نابولي هيرنفين ڪۆد خضم مباشر ▬ألشمس▬وألرمأل▬و▬ألرمأل▬ ← ZZY25,هامبورغ وست هام يونايتد ليغانيس أي زد ألكمار مانشستر سيتي ڪۆد خضم مباشر ▬ألشمس▬وألرمأل▬و▬ألرمأل▬ ← ZZY25
different_author_same_genre_same_topic,ar,social_media,4,0.6567584605661334,mix_003429,mix_004972,07f5433dad740a437b38bb3497702cf3af5de61f14c25d86fc40992a5b1e36bc,603ff4b20d105dafe9bffd371628eed3edaedccee1e0dca996810679dbc7330e,73.0,74.0,1.0136986301369864,train,train,candidate,query,exorde,exorde,شالكه ريال سوسيداد سبورتينغ لشبونة جيل فيسنتي الشباب ڪۆد خضم مباشر ▬ان▬هاوس▬انهاوس▬ ← C64,سبورتينغ لشبونة كولن ريال مدريد إيفرتون لايبزيج ڪۆد خضم مباشر ▬ان▬هاوس▬انهاوس▬ ← C64
different_author_same_genre_same_topic,ar,social_media,4,0.6140568844191411,mix_005948,mix_004420,96a56dae882846a9fcfc75050a29e963aa988cfb70fc3e5ecabcbe0923cd2aa2,3def9821d1d97721d281ec04e98eee8602d76f0233b536054e0e3f93fde71078,75.0,69.0,1.0869565217391304,train,train,candidate,candidate,exorde,exorde,رين موريرينسي أتلتيك بلباو بوروسيا دورتموند ألافيس ڪۆد خضم مباشر ▬بشرة▬كير▬بشره▬ ← A77,أتلتيك بلباو فيرونا فالنسيا نورنبيرغ إسبانيول ڪۆد خضم مباشر ▬بشرة▬كير▬بشره▬ ← A77
different_author_same_genre_same_topic,ar,social_media,4,0.613220831509286,mix_007089,mix_004962,dd1bd1b1101ec22d21337a9f8b3b4e255a531defd067e14fbceb35de6b137c60,5fcceb6c1bd05edda0aeda02a31c3cd697ed8966b5ca85a6ce5b34d0453edf6c,73.0,79.0,1.082191780821918,train,train,candidate,query,exorde,exorde,ريال بيتيس هيراكليس فيتوريا غيمارايش ناك بريدا القادسية ڪۆد خضم مباشر ▬السيف▬غاليرى▬ ← R041,فيتوريا غيمارايش الأهلي سبورتينغ لشبونة ريو آفي برينتفورد ڪۆد خضم مباشر ▬السيف▬غاليرى▬ ← R041
same_author_same_genre_same_topic,ar,social_media,5,0.1244222265888959,mix_005494,mix_005495,7e4054737c2e750265739234a1499072ca5f83a6ecf22e6e9b87bfc227d084d7,7e4054737c2e750265739234a1499072ca5f83a6ecf22e6e9b87bfc227d084d7,72.0,74.0,1.0277777777777777,train,train,candidate,query,exorde,exorde,فاماليكاو بي إي سي زفوله سانتا كلارا ماينز ڪۆد خضم مباشر ▬بأرىس▬غألىرى▬جألىرى▬ ← AA26,الفتح كالياري إبسويتش تاون أستون فيلا سانتا كلارا ڪۆد خضم مباشر ◐اير◐الو◐ايرالو◐ايرلو◐ ← CU15
different_author_same_genre_same_topic,ar,social_media,5,0.7328872079879077,mix_005510,mix_005494,7ea18e6016794db121fdc280217a7972a1fb2920af71589f1d933fe37c8bc6ab,7e4054737c2e750265739234a1499072ca5f83a6ecf22e6e9b87bfc227d084d7,73.0,72.0,1.0138888888888888,train,train,candidate,candidate,exorde,exorde,الأهلي آر كي سي فالفيك كريستال بالاس فاماليكاو ڪۆد خضم مباشر ▬بأرىس▬غألىرى▬جألىرى▬ ← AA26,فاماليكاو بي إي سي زفوله سانتا كلارا ماينز ڪۆد خضم مباشر ▬بأرىس▬غألىرى▬جألىرى▬ ← AA26
different_author_same_genre_same_topic,ar,social_media,5,0.7221546850704269,mix_004460,mix_005495,407f7ce296bdb58aebc8129c69ca418b65d4748810102ee5108176ab157d8fb4,7e4054737c2e750265739234a1499072ca5f83a6ecf22e6e9b87bfc227d084d7,73.0,74.0,1.0136986301369864,train,train,query,query,exorde,exorde,ريمس سيلتا فيغو إبسويتش تاون موناكو الأهلي ڪۆد خضم مباشر ◐اير◐الو◐ايرالو◐ايرلو◐ ← CU15,الفتح كالياري إبسويتش تاون أستون فيلا سانتا كلارا ڪۆد خضم مباشر ◐اير◐الو◐ايرالو◐ايرلو◐ ← CU15
different_author_same_genre_same_topic,ar,social_media,5,0.7180362660408143,mix_003902,mix_005418,20cede48dc05ffe81cf8b6813d2fe82bf350ed83ce94766d85190e5389298635,78e4fe3207236005a91c6136764b68fe5575ff710f2a5d78f48a7985f8ce39df,67.0,67.0,1.0,train,train,candidate,query,exorde,exorde,استوريل ألافيس لاس بالماس رايو فاييكانو ڪۆد خضم مباشر ▬بأرىس▬غألىرى▬جألىرى▬ ← AA26,بارما ريال بيتيس إبسويتش تاون استوريل ڪۆد خضم مباشر ▬بأرىس▬غألىرى▬جألىرى▬ ← AA26
same_author_same_genre_same_topic,ar,social_media,6,0.9949013660684152,mix_006894,mix_006895,d206d2163ffcdc16890d46215691299650d3c30ad6161c6d61d9708683490295,d206d2163ffcdc16890d46215691299650d3c30ad6161c6d61d9708683490295,101.0,101.0,1.0,train,train,candidate,query,exorde,exorde,سايتوتيكتطيحالاجهاضتنزيل دوره حبوباجهاضسايتوتكازاله الحمل سايتوتكحبوبالحملتنزيل حمل سايتوتيكتطيحالاجهاضتنزيل دورهالبديع,سايتوتيكتطيحالاجهاضتنزيل دوره حبوباجهاضسايتوتكازاله الحمل سايتوتكحبوبالحملتنزيل حمل سايتوتيكتطيحالاجهاضتنزيل دورهالثغر
same_author_same_genre_same_topic,ar,social_media,6,0.5387419994802647,mix_005086,mix_005087,6646d0c4a13f360d91985f5c5b39387e41849f27a38d2b8d3e1a7f6053c98c9c,6646d0c4a13f360d91985f5c5b39387e41849f27a38d2b8d3e1a7f6053c98c9c,85.0,82.0,1.0365853658536586,train,train,candidate,query,exorde,exorde,بوروسيا مونشنغلادباخ كولن فيردر بريمن يوفنتوس ريمس ڪۆد خضم مباشر ⎐فرست▬كراى⎐▬فيرستكراى▬ ← AFH3,سانتا كلارا رايو فاييكانو كولن الأهلي أي زد ألكمار ڪۆد خضم مباشر ⎐فرست▬كراى⎐▬فيرستكراى▬ ← AFH3
different_author_same_genre_same_topic,ar,social_media,6,0.7608602326682362,mix_004915,mix_005466,5dac2092f8df5c3796f00339578d79cbea4c41c1930a27529286fc24ad0b0aa1,7bb55c007627b6c2c778ff0817ed6564fc8ecbf9d6ba02fff6a304fb5e5e4ac7,77.0,73.0,1.0547945205479452,train,train,candidate,candidate,exorde,exorde,بوروسيا دورتموند مارسيليا إيفرتون إسبانيول ڪۆد خضم مباشر ▬ايسيفن▬ايسفن▬اي▬سفن▬ ← JOR25,بي إس في بي إس في بوخوم بوروسيا دورتموند ڪۆد خضم مباشر ▬ايسيفن▬ايسفن▬اي▬سفن▬ ← JOR25
different_author_same_genre_same_topic,ar,social_media,6,0.65832679723053,mix_006676,mix_004068,c3ac421b7a6ce26ab6eab79a058a8a25b43fa1993e60090c4e4bc5ab7e6dcc22,29b60429444a730d2a3b665368cb8e4afd36c974a76a0c0a1109b749a0e99457,70.0,73.0,1.042857142857143,train,train,candidate,query,exorde,exorde,بولونيا برايتون وهوف ألبيون الشباب أتالانتا ڪۆد خضم مباشر ▬باث▬اند▬بوٕدي▬ ← A4TU,أودينيزي ليستر سيتي برايتون وهوف ألبيون تولوز ڪۆد خضم مباشر ▬باث▬اند▬بوٕدي▬ ← A4TU
different_author_same_genre_same_topic,ar,social_media,6,0.6492973267930182,mix_005087,mix_003693,6646d0c4a13f360d91985f5c5b39387e41849f27a38d2b8d3e1a7f6053c98c9c,15c807838160b4d3e3423639ccb3d5476caa808ff991301f32dffee3e4c107c3,82.0,72.0,1.1388888888888888,train,train,query,query,exorde,exorde,سانتا كلارا رايو فاييكانو كولن الأهلي أي زد ألكمار ڪۆد خضم مباشر ⎐فرست▬كراى⎐▬فيرستكراى▬ ← AFH3,القادسية ليل أي زد ألكمار ماينز بوخوم ڪۆد خضم مباشر ⎐فرست▬كراى⎐▬فيرستكراى▬ ← AFH3
same_author_same_genre_same_topic,ar,social_media,7,0.5469589919811721,mix_006561,mix_006560,bd4078fc49860f3ff71c86f6ef42123d3b2b70dadda4312215fa839697c593c4,bd4078fc49860f3ff71c86f6ef42123d3b2b70dadda4312215fa839697c593c4,120.0,130.0,1.0833333333333333,train,train,candidate,query,exorde,exorde,"#عاجل #صالح_الفياض العالم الغربي تجاوز كل الاعتبارات في الدفاع عن ""إسرائيل"" وهذا الأمر يخص كل الأحرار في العالم #العراق #الإعلام_الوطني_السوري #الجيش_العربي_السوري",#عاجل وزيرة خارجية #النمسا السابقة #كارين_كنايسل الدول الغربية تلعب لعبة قذرة في #سورية من خلال أرسالها للأسلحة للارهابيين والمرتزقة #الإعلام_الوطني_السوري #الجيش_العربي_السوري
same_author_same_genre_same_topic,ar,social_media,7,0.5453162321426216,mix_005358,mix_005357,75d21e4ffdfd55ef3158b8b942503c8462d01cbc6546091d9c1e43bdc6a21d55,75d21e4ffdfd55ef3158b8b942503c8462d01cbc6546091d9c1e43bdc6a21d55,80.0,79.0,1.0126582278481013,train,train,candidate,query,exorde,exorde,الفيصل الزبير يحقق المركز الثاني في الفئة الذهبية لبطولة تحدي جي تي #سلطنة_عُمان | #مسقط عُمان ترند #هنا_عمان,مؤشر #بورصة_مسقط يُغلق مرتفعًا بنسبة 0.34 بالمائة #سلطنة_عُمان | #مسقط عُمان ترند #هنا_عمان
same_author_same_genre_same_topic,ar,social_media,7,0.39190628904693636,mix_004150,mix_004151,2e93ce74a1bae2beb1e000fad77647cd067d32898829b69bb7ea17dd90b72075,2e93ce74a1bae2beb1e000fad77647cd067d32898829b69bb7ea17dd90b72075,134.0,151.0,1.126865671641791,train,train,candidate,query,exorde,exorde,ثمنت حكومة السودان موقف الولايات المتحدة الأمريكية الذي عبر عنه المتحدث باسم الخارجية الأمريكية، ماثيو ميلر، في إدانة الهجمات التي شنتها ميليشيا الدعم السريع على مخيم زمزم للنازحين. #دفاع_السودان,"قالت شبكة أطباء السودان إن قوات تابعة لميليشيا الدعم السريع اعتدت على الكوادر الطبية في منطقة ""التبون"" جنوب ولاية النيل الأبيض، وقامت بنهب المركز الصحي والصيدليات بالمنطقة، بالإضافة إلى تهجير مئات المواطنين، #دفاع_الس..."
different_author_same_genre_same_topic,ar,social_media,7,0.37267131512045226,mix_004151,mix_004820,2e93ce74a1bae2beb1e000fad77647cd067d32898829b69bb7ea17dd90b72075,56febc731f8ef72ac48d6b2789a0ae6d99428c6a6c9363a0b9de597ec0c1d26c,151.0,194.0,1.2847682119205297,train,train,query,query,exorde,exorde,"قالت شبكة أطباء السودان إن قوات تابعة لميليشيا الدعم السريع اعتدت على الكوادر الطبية في منطقة ""التبون"" جنوب ولاية النيل الأبيض، وقامت بنهب المركز الصحي والصيدليات بالمنطقة، بالإضافة إلى تهجير مئات المواطنين، #دفاع_الس...","مقتل ثلاثة من شباب من قبيلة الهبانية على يد المليشيا بجنوب دارفور #الدعم_السريع_منظمة_ارهابية #السودان أدانت تنسيقية قبيلة الهبانية بأشد العبارات، مقتل ثلاثة من أبناء القبيلة على يد مليشيات الدعم.السريع بمنطقة ""السنطة..."
different_author_same_genre_same_topic,ar,social_media,7,0.36301937647345783,mix_005533,mix_007269,8042aa5bef27558a92d0ca90d942d8daa606888747c14040605986603d3979ed,e739798d0ae0b66c132eeca84228f0bb2bf5b13ec915148067db1d1bc2032346,129.0,181.0,1.4031007751937985,train,train,candidate,query,exorde,exorde,انصروا الشعب السوري المقاوم ولا تدفعوا #سوريا الجديدة لأحضان الصهينة بالتآمر عليها كما فعلتم سابقا مع #مصر حين حاربتم الشعب المصري ومحمد مرسي رحمه الله ونصرتم السيسي الصهيوني.,ما فيش خلايا من اي نوع -تتحرك في مصر لو اتحركت الشعب حيفرمها قبل الجيش والشرطه المصريين شعب مش جبان يهرب او يسيب بلده زي السوريين ما عملوا مصر طول عمرها مقبره للغزاة سيناريو سوريا كان مقدر لمصر ايام مرسي لكن تم نسف ال...
different_author_same_genre_same_topic,ar,social_media,7,0.34536544766840893,mix_005529,mix_005188,801266501b865cacef40448d9e8c9860357eb5090a8384f4f39702c39fb63e87,6cb9eecc374d7d17f20907f2058d20f40b40ac43292abaf62eb23af79c83f3e0,106.0,169.0,1.5943396226415094,train,train,query,query,exorde,exorde,عاجل | الدفاع السورية: الجيش السوري والطيران الحربي السوري الروسي المشترك يستهدف تجمعات الإرهابيين في ريفي حماة الشمالي والجنوبي ويوقع عشرات القتلى في صفوفهم.,اللي اعلنت ولاءها لسوري اول ماعلنت كان لنفسها وصرافتها والسوري فقط ثم شافت هجوم المغردين الوطنيين دخلت مساحة هاذي وقالت خلوني اسكتهم و اقول ولاء لقادتي ثم السوري اهم شي اقول سوري والجحشي خاف من المغردين وتراجع ولا هو ...
different_author_same_genre_same_topic,ar,social_media,8,0.6386598653199529,mix_006338,mix_006481,af79285ef542f2848013437214725132b3050446f51f329629bb98f2a05ad03e,b8b31eb284d829024da0b045ef9756d4ac7f29e8b7795d2a51a45f8923296ff8,83.0,83.0,1.0,train,train,candidate,query,exorde,exorde,أي زد ألكمار أتلتيك بلباو أستون فيلا ستراسبورغ لاس بالماس ڪۆد خضم مباشر ▬بلؤمنج▬بلؤمنغ▬ؤير▬ ← B39,أتلتيك بلباو إنتر ميلان أونيون برلين أروكا برشلونة ڪۆد خضم مباشر ▬بلؤمنج▬بلؤمنغ▬ؤير▬ ← B39
different_author_same_genre_same_topic,ar,social_media,8,0.6336162088819727,mix_005947,mix_006481,96a56dae882846a9fcfc75050a29e963aa988cfb70fc3e5ecabcbe0923cd2aa2,b8b31eb284d829024da0b045ef9756d4ac7f29e8b7795d2a51a45f8923296ff8,78.0,83.0,1.064102564102564,train,train,query,query,exorde,exorde,كالياري لايبزيج أونيون برلين بورنموث موناكو ڪۆد خضم مباشر ▬بلؤمنج▬بلؤمنغ▬ؤير▬ ← B39,أتلتيك بلباو إنتر ميلان أونيون برلين أروكا برشلونة ڪۆد خضم مباشر ▬بلؤمنج▬بلؤمنغ▬ؤير▬ ← B39
different_author_same_genre_same_topic,ar,social_media,8,0.622793284276764,mix_004678,mix_006818,4cd920181efa479dcd8dc6b8558f8f89870266df5d04f302d9f97704df8b081d,cd73f1ba7950b854b520fccf7e4305f4dab4ea6a2833903f4a72c14a3f5e41a8,82.0,81.0,1.0123456790123457,train,train,candidate,query,exorde,exorde,ريال بيتيس الشباب وست هام يونايتد ليفربول أي زد ألكمار ڪۆد خضم مباشر ▬بلؤمنج▬بلؤمنغ▬ؤير▬ ← B39,غو أهيد إيغلز ليفربول ريو آفي التعاون مانشستر سيتي ڪۆد خضم مباشر ▬بلؤمنج▬بلؤمنغ▬ؤير▬ ← B39
different_author_same_genre_same_topic,ar,social_media,9,0.6589630497624741,mix_004577,mix_003795,46731b83ce289197e18e6820e6afae1630b393947b7d083e91edd7b72a0d31f1,1b0309b37b6dda50a7587bf3fa508bc61af785db37a55f4d52e5bccc1a8a18d8,71.0,64.0,1.109375,train,train,candidate,query,exorde,exorde,أتلتيكو مدريد مايوركا باير ليفركوزن نانت القادسية ڪۆد خضم مباشر ▬عود▬ميلان▬ميلانو▬ ← S92,مايوركا أي زد ألكمار نابولي القادسية الفتح ڪۆد خضم مباشر ▬عود▬ميلان▬ميلانو▬ ← S92
different_author_same_genre_same_topic,ar,social_media,9,0.636001673049612,mix_003704,mix_005536,1660f66fc6650fe4a195b42e44c5c3898d0a5cc31bccfe9520d027d425315311,80671b2c551f276386efb2bbc8da35eb769dc002f861f1f602fc3fb67acf45d6,73.0,75.0,1.0273972602739727,train,train,candidate,query,exorde,exorde,وست هام يونايتد ليتشي الفيصلي أياكس بي إي سي زفوله ڪۆد خضم مباشر ▬عود▬ميلان▬ميلانو▬ ← S92,ليتشي وست هام يونايتد أوتريخت سبورتينغ براغا ماينز ڪۆد خضم مباشر ▬عود▬ميلان▬ميلانو▬ ← S92
different_author_same_genre_same_topic,ar,social_media,9,0.6155008870874953,mix_005350,mix_003810,758faa3c9d3b0e5d6322d2272fc2ef0d63700d0f3168e4e5566ff39128219d12,1ba935988e701d1be1e7d265ce1a9091adf837b63ff58c373086e60dd0f3ecfa,65.0,68.0,1.0461538461538462,dev,train,query,candidate,exorde,exorde,ليون باريس سان جيرمان الفيصلي الاتفاق تورينو ڪۆد خضم مباشر ▬عود▬ميلان▬ميلانو▬ ← S92,ريال بيتيس سيلتا فيغو باريس سان جيرمان فياريال بارما ڪۆد خضم مباشر ▬عود▬ميلان▬ميلانو▬ ← S92
different_author_same_genre_same_topic,ru,social_media,0,0.23845854315811255,mix_043650,mix_043659,ad9a7993a657669132f8361f76fd7c0fcb0de1ed54f8af593bfafe2e0a9e3576,adf3f7290f2aa483293e8932231a27b96983310eb9a9e3ef36e22a256e3e6259,127.0,100.0,1.27,train,train,candidate,query,exorde,exorde,"Теперь, живя в России уже более 8 лет, я чувствую себя здесь в полной безопасности, как дома. У меня есть сын, который стал не только источником радости, но и настоящим учителем. Он помогает мне осваивать новые слова ...",School of Law. Он также получил сертификат по международному праву в University College London и степень по уголовному правосудию и истории в University of Richmond. - Он занимал должность должностного лица Совета нац...
different_author_same_genre_same_topic,ru,social_media,0,0.22783443032238426,mix_043217,mix_043950,8723e4cf4a7755ff37b4ffe66beed92f4abe43ee5774a4d3379d2c29e79ca0ed,ca9dd1300fa8b8105881c9dd686a9cc2a0d873e5c8b8302900aab5ef7baf72ee,127.0,115.0,1.1043478260869566,train,train,candidate,candidate,exorde,exorde,Значит вам нужно подтянуть логику. С началом войны иностранные активы автоматически не изымаются. Это было отдельное неудачное решение. Если бы РФ сохранило права собственности этих активов несмотря на то что ее актив...,"Tether запускает платформу Hadron Hadron — инструмент для токенизации активов, таких как золото, нефть и зерновые. Платформа упрощает перевод товаров и финансовых активов в цифровой формат, делая транзакции безопасным..."
different_author_same_genre_same_topic,ru,social_media,0,0.20742211548952816,mix_043650,mix_042538,ad9a7993a657669132f8361f76fd7c0fcb0de1ed54f8af593bfafe2e0a9e3576,48775506f95f6a784d9177652719e352fb35204cbd633c962189667d61e9c632,127.0,87.0,1.4597701149425288,train,train,candidate,query,exorde,exorde,"Теперь, живя в России уже более 8 лет, я чувствую себя здесь в полной безопасности, как дома. У меня есть сын, который стал не только источником радости, но и настоящим учителем. Он помогает мне осваивать новые слова ...","С учетом тенденции к росту числа кибератак и стоимости ущерба, правительства стран Юго-Восточной Азии активно перенимают мировые практики кибербезопасности, в том числе и российские."
same_author_same_genre_same_topic,ru,social_media,1,0.13161058638502976,mix_042221,mix_042220,2a6591c7cced5ae9d78125e8b2ca43a524e6285e17b08ae99d18000cb6785412,2a6591c7cced5ae9d78125e8b2ca43a524e6285e17b08ae99d18000cb6785412,134.0,136.0,1.0149253731343284,train,train,candidate,query,exorde,exorde,"Ну, понимаете, дело не только в тупости. Да, тупые есть, но много и не глупых людей (я просто их лично знаю) и их интеллект не ниже моего. И они рассуждают логично, но когда доходит до подобных споров их словно накрыв...","Я, конечно, может чего-то недопонимаю по глупости своей, но...какое дело этой даме до ваших с псом отношений?Она его продала? Продала. Деньги получила? Получила. Ну так чего жало-то своё совать без спросу и тем более ..."
same_author_same_genre_same_topic,ru,social_media,1,0.11138962948999265,mix_041949,mix_041950,103f0c7c894bdf0eeeeb3eb68c206722052fbee1821f1195e7ff880795f63f7f,103f0c7c894bdf0eeeeb3eb68c206722052fbee1821f1195e7ff880795f63f7f,86.0,123.0,1.430232558139535,train,train,candidate,query,exorde,exorde,"— Вот насчет него полностью согласен. Да, давай, — прочищает горло, наощупь находя пульт и принимаясь искать нужный фильм, старательно игнорируя Атсуму на его плече. — С первого?","— А ощущается так, будто очень даже хотел, — фыркает, добавляя пол ложки сахара, а после приподнимает бровь, непонимающе моргнув. Посмотрел на свою кружку в чужих руках, а после на самого Атсуму. — Это мой чай, логичн..."
same_author_same_genre_same_topic,ru,social_media,1,0.11112115919675036,mix_043105,mix_043106,7d38a72a26c7e1e973a3236f24cbbc7ce52e20a047c52c6f28ebc481c1a4f3af,7d38a72a26c7e1e973a3236f24cbbc7ce52e20a047c52c6f28ebc481c1a4f3af,47.0,71.0,1.5106382978723405,train,train,query,candidate,exorde,exorde,моей кошке уже 14 лет и мне жизненно необходима миска из 2 симса которая продлевает животным жизнь,это было огромное количество лет назад и уже совершенно не имеет значения ая все ещё помню как она закатила глаза на мой ответ что у меня нет денег чтобы сходить с ней в кино
different_author_same_genre_same_topic,ru,social_media,1,0.2857952141054454,mix_042121,mix_041929,2026142eb485ab9c464b4e830c698a0f1023f5c152edeecf17edc5d2b9fd3374,0e13449d6950db05037b9d552350b60a9f9e605785950df4ee31588525b8e628,130.0,123.0,1.056910569105691,train,train,candidate,candidate,exorde,exorde,мне приходится ставить фильм на паузу каждую вторую секунду и рассматривать кадр это с учетом того что сцены меняют друг друга посредством типа...обычной обрывистой склейки? которая просто как фиксированная камера пут...,"друга вначале две девочки 3 года по кругу пускали с тем что палили измены друг друга и он по очереди сходился то с одной то с другой, потом он сам стал чем то подобным промышлять и на мои вопросы ""а нахуя ты тогда в о..."
different_author_same_genre_same_topic,ru,social_media,1,0.2845196958041927,mix_043481,mix_042672,9e8b7e21fbb1b1e4c21d42ec36e86c1753e01a1af5847327776f5a434d344b40,545cf40eb43b890ef319c72c9f5392e0197a9b7294256450c22b8767266e8998,130.0,115.0,1.1304347826086956,train,train,candidate,query,exorde,exorde,"Болтовня и отношения - болтовней и отношениями, можно и не извиняться, как минимум больше 1 раза. Но ущерб был нанесен вполне конкретный и большой. И материальный, и жизнями. Можно как угодно относиться к ним, но част...","если «раскатать» теперь это «показать не имеющий отношения к теме спора график ДНЕВНОГО движения акций и потом устроить истерику» — то да, я растоптан и уничтожен. какое отношение это имеет к защите позиций расистов, ..."
different_author_same_genre_same_topic,ru,social_media,1,0.26313470315946863,mix_043704,mix_043324,b149b6742717904ed4710453e3f5b6beb1f00f8ab699aec9e617a842aba3a510,91e6838552a411514b16b4b78b3f7670851827c864422529e0b2c29fcf4a763a,132.0,118.0,1.11864406779661,train,train,candidate,query,exorde,exorde,"Проблема в том, что нет примеров долгосрочных счастливых полиаморных отношений, тем более с детьми. Полиамория привлекает людей с низкой самооценкой, у которых не было счастливых любящих родителей и которые натерпелис...","это не проблема что меня не примут, это проблема того, что я хочу это оставить в прошлом, а ещё не портить мнение о моих родителях, наша семья и так понесла ущерб из-за всяких людей со стороны. для меня это банально у..."
different_author_same_genre_same_topic,ru,social_media,2,0.23462557075041235,mix_043450,mix_043074,9c3287d507a6d9e1b3db23408250047c37499f97e0b2b72747a9578220da8d5a,793bc5fe27411ea678c1d256ae3cc8e2891fc7e2d870bbf5aed483540fba1d55,114.0,89.0,1.2808988764044944,train,train,query,query,exorde,exorde,теперь мне блят тревожно я сидела спокойно на своей работе а щас если переходить то когда?? я не хочу оставлять свое отделение в конце года тк тут будет пиздец нагрузка + по зп просяду + а вдруг мне не будет нравиться...,"Просто, contrary to popular belief, мне кажется, что эта радикализация гендерного противостояния, во-первых, штука новая а не старая, а, во-вторых, работает в обе сторы и может привести к какому-то пиздецу."
different_author_same_genre_same_topic,ru,social_media,2,0.17186928747957597,mix_043630,mix_042629,abe6ba59be4d9db39cae4baac7cf612f26971ad57fbf778199979506fc8f89b2,5072cc48c720cc5c725f294fafde5a6a711e2b16b81f1ea495be046f37d95fe9,123.0,89.0,1.3820224719101124,train,train,candidate,query,exorde,exorde,я боюсь те отношения которые люди думают есть между сириусом и регом или лили и регом акшуали отношения которые между лили и сириусом и мне кажется больше людей должны говорить о них а не о твинке который явно не люби...,"я судила каждый фильм по отдельности. и по законам, которые сами же создатели вложили. видимо, вот именно так они ""прочитали"" оригинал, раз оставили детали, которые в новом фильме не имели смысла."
different_author_same_genre_same_topic,ru,social_media,2,0.1715042902239421,mix_044073,mix_044120,d556f9e8d7268fc505909c69367c3a1604b80b7428be363b70000d10afd4fb3d,d96f9965157e934c97649e7f68eb9956de572fe5c74e8f951c3c7e50dc5f62a8,129.0,89.0,1.449438202247191,train,train,candidate,query,exorde,exorde,"Есть варианты волонтерской помощи, есть бесплатные службы, есть молодые специалисты, нарабатывающие практику, которые работают за символические деньги, а то и вообще за отзыв. Не будем забывать по психиатрическую служ...","Ну, на практике шоколад и прочее такое сладкое легко перебивает смородину и там остаётся слышен только сернистый оттенок который у смородины, грейпфрута и некоторых фруктов тропических."
same_author_same_genre_same_topic,ru,social_media,3,0.9064600421801184,mix_042557,mix_042558,4a074584d927bf3263e9af67a09b8317dead4508051a4e55954d981cb8814103,4a074584d927bf3263e9af67a09b8317dead4508051a4e55954d981cb8814103,58.0,54.0,1.0740740740740742,train,train,candidate,query,exorde,exorde,ID операции: 2640630 Дата операции: 01.12.2024 12:26Сумма: 0.5 USD Примечание: Payment via AiTiMart for invoice 71246563532107 инвестирую с PH,ID операции: 2645394 Дата операции: 05.12.2024 17:30 Сумма: 0.2 USD Примечание: Викторина в чате Profit-Hunters BIZ
different_author_same_genre_same_topic,ru,social_media,3,0.22978018429863267,mix_043961,mix_044216,cb29865ba0320d95b8555b145a88e8133006d047c7f38aff21178ffbea6d37eb,e389bd95840dd69526db3817603a9fa3966f0e9c0a571c52fa8af45535d82257,98.0,125.0,1.2755102040816326,train,train,candidate,query,exorde,exorde,"Новым генеральным секретарем Организации по безопасности и сотрудничеству в Европе (ОБСЕ) стал экс-глава МИД Турции , бывший турецкий постпред при ООН Феридун Синирлиоглу.","Генпрокуратура России признала нежелательной деятельность в организации The Satanic Temple (TST, «Храм Сатаны»). Организация открыто выступает против традиционных духовно-нравственных ценностей, продвигает оккультные ..."
different_author_same_genre_same_topic,ru,social_media,3,0.22810615387850564,mix_044216,mix_042769,e389bd95840dd69526db3817603a9fa3966f0e9c0a571c52fa8af45535d82257,5dbb212362a230a2a1a1eaa18cbe4a165307e483e2d598c6723efa5cba5d23a0,125.0,107.0,1.1682242990654206,train,train,query,query,exorde,exorde,"Генпрокуратура России признала нежелательной деятельность в организации The Satanic Temple (TST, «Храм Сатаны»). Организация открыто выступает против традиционных духовно-нравственных ценностей, продвигает оккультные ...","Одна страна в районе Балтики, создала дешёвые ракеты ПВО против дронов типа ""шахед"". Испытания проводят прямо на пациентах. Украина приглашает все страны и организации проводить испытания своих разработок на ваших мал..."
different_author_same_genre_same_topic,ru,social_media,3,0.21985095539663213,mix_044346,mix_044216,ef66dd0cc1a37e962bf70003ca610eaa1ccaa04a747eca1365533ff1a3d4a127,e389bd95840dd69526db3817603a9fa3966f0e9c0a571c52fa8af45535d82257,138.0,125.0,1.104,train,train,query,query,exorde,exorde,"Хуже другое: «Количество коммерческих организаций, внесенных в российский госреестр как вновь созданные, в январе-сентябре 2024 года составило 163,1 тысячи, что на 6,7% меньше, чем за аналогичный период 2023 года (174...","Генпрокуратура России признала нежелательной деятельность в организации The Satanic Temple (TST, «Храм Сатаны»). Организация открыто выступает против традиционных духовно-нравственных ценностей, продвигает оккультные ..."
different_author_same_genre_same_topic,ru,social_media,4,0.23604060642273494,mix_043654,mix_043057,adaf55d325c3b1c6f006ce8c832cdf1f4f9f9c297ba07bc73c409fc0882db090,77faa8d07c55957348127a5625258413607c3d03e256445337ba053c82af4859,44.0,55.0,1.25,train,train,candidate,query,exorde,exorde,Доброе Утро!!!) Отличный посыл для Сегодняшнего денёчка!!!) А кофе не будет сегодня...?))),"чудо – это не творожный десерт с вишней. чудо – это то, что я сегодня проснулась без тревоги и головной боли"
different_author_same_genre_same_topic,ru,social_media,4,0.22259068824439354,mix_042709,mix_042536,584e61d01a1c83f9ad4a91c2a39036832dc8d47eab7c043f56c3c9f1fa98804b,48711f98c6a4ee2594c4faa39634119c70d16fa22bc89a4297f7a9aae2dfdec6,125.0,86.0,1.4534883720930232,train,train,query,query,exorde,exorde,"конечно, трендов в 2024 году было больше, чем 5, решила весь декабрь вспомнить и рассказывать подробнее о трендах (и не только) у себя в тг-канале (сегодня уже написала подробнее о футболе Loewe) и вообще я там пишу м...","Если бы было написано, условно, сам человек написал назначил тебе встречу 13:00-13:30 то, конечно, можно было бы что-то там перепутать, но вот это ну я хз совсем пол айкью надо иметь"
different_author_same_genre_same_topic,ru,social_media,4,0.20498635594787484,mix_042322,mix_043234,33e61a3f16ddffa68f17d51a644e800fae51e95c191815ff2015091d9ca785d7,885c9fc51fbad5964ce38a41f164132be5a00a9d19f3991d5f643af3bcac48ee,77.0,94.0,1.2207792207792207,train,train,candidate,candidate,exorde,exorde,Сейчас уже доступны генетические анализы а рак груди это один из самых агрессивных плюс развивается быстро. вчера не было- сегодня есть. Так что все равно что тикающую бомба,"это витает в воздухе, потому что вчера мы обсуждали снейподрайвера с @SillyAstrelle , а сегодня он просто ВЕЗДЕ но, конечно, если взять актера с более каноничной внешностью, хайпа будет меньше"
same_author_same_genre_same_topic,ru,social_media,5,0.19722735200691632,mix_043459,mix_043458,9cb0a0fc0fff62d8306fbb2a6124e8db4f5f68e90d5e6a2c39fdf8225a52c956,9cb0a0fc0fff62d8306fbb2a6124e8db4f5f68e90d5e6a2c39fdf8225a52c956,125.0,82.0,1.524390243902439,train,train,candidate,query,exorde,exorde,"Мы все так делаем. Все и всегда. Поэтому столько несчастных людей и пар. Там где СНАЧАЛА надо поработать над собой, а ПОТОМ уже вступать в отношения, мы говорим: «тв ну это всё, вон какой жеребец- надо брать! Так мама...","З.Ы. «Только закончила…и въебалась» Мы все обречены это делать снова и снова, если не проведем свою личную работу над ошибками. Если не будем честны с собой. Другого пути просто нет."
different_author_same_genre_same_topic,ru,social_media,5,0.2544358316366092,mix_044115,mix_043591,d8eb24c416b60f8964104e945f73b337f6a424daddbfd21098c26a4457b35dcc,a83628a78e31db774e34220cff4ab8b61b81e25d4172485e78df7483b682faaf,113.0,140.0,1.238938053097345,train,train,candidate,candidate,exorde,exorde,Беременный Петя мне кажется хорошо на Игоря инжера кладётся Рычит ему не подходить если хочет чтобы ребёнок здоров был и требует не появляться вообще в больнице потому что тут все облучены и ещё из города уезжать.... ...,"Пора бить ""Орешником"" по всем базам: Запад введет 100 тысяч солдат НАТО под видом миротворцев https://mpsh.ru/28974-pora-bit-oreshnikom-po-vsem-bazam-zapad-vvedet-100-tysjach-soldat-nato-pod-vidom-mirotvorcev.html… де..."
different_author_same_genre_same_topic,ru,social_media,5,0.24528692527905105,mix_044110,mix_042490,d87ddf5026685bc0f660c86431c04ca639dbcbb3fdba590fbc93a5784dc4c099,445c8757145f158ff9eb57f867781e7758852cfadaefc04576a4bc20f77ba87a,129.0,135.0,1.0465116279069768,train,train,candidate,candidate,exorde,exorde,увидела тейк что оттуда убрали так много органичной квир истории чтобы широкому зрителю в глаза не бросалось излишнее гейство ... а тот факт что айдолы и остальные селебы говорили исключительно о фильме и промо получи...,"Культура, кино, музыка... • Кино, что посмотреть https://costaspain.net/viewtopic.php?p=324795#p324795… Посмотрел фильм 2007 года ""Огненный шквал"" Удивительно что пропустил такой шикарный фильм! название этого фильма ..."
different_author_same_genre_same_topic,ru,social_media,5,0.24372172977396311,mix_042913,mix_041846,6c47d692cabe5d9356246b224623ef5661062d76b61f0e3698c4100f72e530e4,07280e191261dcf160721aa5c26e60d98a9a3179aa4298b6a4b1cd8f612447d0,66.0,48.0,1.375,train,train,candidate,candidate,exorde,exorde,Я не хочу.... При других обстоятельствах это было бы нормально и то зачем? Но сейчас И они собирались дать концерт впятером.. впятером?,Какие могут быть обстоятельства что бы добровольно лезть в автозак и тюрьму?))) Это больная история полностью
same_author_same_genre_same_topic,ru,social_media,6,0.3758137382432958,mix_042891,mix_042892,69a9d07c11dd3ef54f0293c9327f3d83800f792bcf4f5f752b98e95e96def130,69a9d07c11dd3ef54f0293c9327f3d83800f792bcf4f5f752b98e95e96def130,57.0,49.0,1.163265306122449,train,train,candidate,query,exorde,exorde,Власти Сирии не контролируют Алеппо впервые с 2012 года - Deutsche Welle https://prorokk.blogspot.com/2024/12/2012-deutsche-welle.html…,"""Навигатор Комплект"": куда пропали деньги ""Укрнафти""? https://prorokk.blogspot.com/2024/12/blog-post_118.html…"
same_author_same_genre_same_topic,ru,social_media,6,0.3380395942136749,mix_043502,mix_043501,a08824fc677215012df98ecc266c5001626dfe7978d927e2758bf79d6e37e99c,a08824fc677215012df98ecc266c5001626dfe7978d927e2758bf79d6e37e99c,111.0,128.0,1.1531531531531531,train,train,candidate,query,exorde,exorde,"Новый облик Дома культуры Дом культуры в агрогородке или большой деревне – это место притяжения сельчан. Сюда приходят дети, чтобы научиться петь, танцевать, вышивать и т. д. Продолжение по ссылке: https://shliah.by/n...","Химия нас связала… Супругов ЕМЕЛЬЯНОВЫХ знают практически все жители Сольского сельсовета. Марию Михайловну – как компетентного, опытного, отзывчивого врача, всегда готового прийти на помощь. Продолжение по ссылке: ht..."
same_author_same_genre_same_topic,ru,social_media,6,0.319771475782308,mix_044235,mix_044234,e55fa80942faaf26574d3ed52e410a0d87b7ad406ea940720a8564b4455d38a3,e55fa80942faaf26574d3ed52e410a0d87b7ad406ea940720a8564b4455d38a3,52.0,49.0,1.0612244897959184,train,train,candidate,query,exorde,exorde,"Ирак, САР и Иран договорились о координации совместных действий #политика #сирия https://fin4u.ru/35517.html","Британский военный эксперт заявил, что РФ уже не остановит СВО #политика #украина https://fin4u.ru/35516.html"
different_author_same_genre_same_topic,ru,social_media,6,0.2309500499631476,mix_042431,mix_042417,3fd80d2b48545f3d7d9e941fb0e0661ae8f863695e3461808a24cc5fbdf7414c,3e6f3714ec795351ad9e41bb78916c18ebc913249f1679858f74cc7efd2dba16,54.0,70.0,1.2962962962962963,train,train,query,query,exorde,exorde,"Financial Times опубликовала список самых влиятельных женщин 2024 года. Рассказываем, кто в нем. https://zerkalo-io-page.online/news/world/85419.html?tw=…",В Алматы проводят рейды: полиция обратилась к жителям. https://tengrinews.kz/kazakhstan_news/v-almatyi-provodyat-reydyi-politsiya-obratilas-k-jitelyam-556177/…
different_author_same_genre_same_topic,ru,social_media,6,0.22896645212817046,mix_043502,mix_042417,a08824fc677215012df98ecc266c5001626dfe7978d927e2758bf79d6e37e99c,3e6f3714ec795351ad9e41bb78916c18ebc913249f1679858f74cc7efd2dba16,111.0,70.0,1.5857142857142856,train,train,candidate,query,exorde,exorde,"Новый облик Дома культуры Дом культуры в агрогородке или большой деревне – это место притяжения сельчан. Сюда приходят дети, чтобы научиться петь, танцевать, вышивать и т. д. Продолжение по ссылке: https://shliah.by/n...",В Алматы проводят рейды: полиция обратилась к жителям. https://tengrinews.kz/kazakhstan_news/v-almatyi-provodyat-reydyi-politsiya-obratilas-k-jitelyam-556177/…
different_author_same_genre_same_topic,ru,social_media,6,0.22236409755616005,mix_042891,mix_042431,69a9d07c11dd3ef54f0293c9327f3d83800f792bcf4f5f752b98e95e96def130,3fd80d2b48545f3d7d9e941fb0e0661ae8f863695e3461808a24cc5fbdf7414c,57.0,54.0,1.0555555555555556,train,train,candidate,query,exorde,exorde,Власти Сирии не контролируют Алеппо впервые с 2012 года - Deutsche Welle https://prorokk.blogspot.com/2024/12/2012-deutsche-welle.html…,"Financial Times опубликовала список самых влиятельных женщин 2024 года. Рассказываем, кто в нем. https://zerkalo-io-page.online/news/world/85419.html?tw=…"
different_author_same_genre_same_topic,ru,social_media,7,0.2620361504680646,mix_042693,mix_044269,564ea65d7cdb497593d474e60795544f2995d9dd2af57d5a3d8482b23acf1851,e81244c7266c248b814670b2d29fda4d3ca6609c48974a95e63ed76fe70ce04c,64.0,91.0,1.421875,train,train,candidate,query,exorde,exorde,"В 2025 году может быть достигнуто соглашение о прекращении огня на Украине, пишет американское рейтинговое агентство Fitch Ratings.","Как такое может быть? Каждый день убивать мирное население Украины и при этом с наглой ухмыляющейся рожей,сидеть в ООН и ОБСЕ.Мир,ты вообще епнулся?Как такое может быть в 21 веке?"
different_author_same_genre_same_topic,ru,social_media,7,0.22422764042428156,mix_044175,mix_041847,ded7f20da6d802b6b2c09aa37103b114d2bffee855f647d4c78501bfd4893cb1,07280e191261dcf160721aa5c26e60d98a9a3179aa4298b6a4b1cd8f612447d0,98.0,71.0,1.380281690140845,train,train,query,query,exorde,exorde,"США обязаны надавить на власти Украины, что бы прекратить государственную политику лишения русских по национальности детей их русской идентичности и их насильственную украинизацию. Это преступление против человечности",Нет это русские оккупируют части Украины и устраивают там такую же помойку как в рф И вот этот совок как в голове у автора тоже русские продуцируют
different_author_same_genre_same_topic,ru,social_media,7,0.21791476259187337,mix_044272,mix_041851,e81d4537363f23b3777edf8c4f7e9b184a9191e35e0732c7b379bec276f98d37,07ce2b3853a153d5fbe84b66df43629ce8c9129d00983b0824e93e5b917aa7cf,79.0,93.0,1.1772151898734178,train,train,query,query,exorde,exorde,"Мой мозг такой типа: Рон Уизли чуть не умер в день убийства Александра II, у Снейпа день рождения в день Кровавого Воскресенья, могу ли я прекратить об этом думать — нет.","""Индюшка – это святое! А День благодарения – самый американский праздник, но в этом году он был особенно сложным из-за выборов президента США"", – признается Александр Генис в новом выпуске Table Talk:"
same_author_same_genre_same_topic,ru,social_media,8,0.8574646431675694,mix_042386,mix_042387,3c37a6d2471ece298acbd3d59096735f591009807cb31cb599490d2cc788cc8e,3c37a6d2471ece298acbd3d59096735f591009807cb31cb599490d2cc788cc8e,143.0,141.0,1.0141843971631206,train,train,candidate,query,exorde,exorde,"Bmw 7 series 2012г. 3 дт, Ивано-Франковск - 28300 грн/мес. в рассрочку №: 000000160257305 Bmw 7 series, 2012г. - 28300 грн. в месяц Двигатель: 3 дт Коробка: автомат Пробег: 211000 км. Ежемесячный платеж: 28300 грн./ме...","Jeep Renegade 2017г. 2.4 бензин, Черновцы - 15500 грн/мес. в рассрочку №: 000000160257475 Jeep Renegade, 2017г. - 15500 грн. в месяц Двигатель: 2.4 бензин Коробка: автомат Пробег: 123000 км. Ежемесячный платеж: 15500 ..."
same_author_same_genre_same_topic,ru,social_media,8,0.20615871712729184,mix_044197,mix_044196,e1ceca99ebedf9adc650bade0ef66cc0e555f0daa3372dbf7f5989c23157da67,e1ceca99ebedf9adc650bade0ef66cc0e555f0daa3372dbf7f5989c23157da67,144.0,131.0,1.099236641221374,train,train,candidate,query,exorde,exorde,"По меньшей мере 26 человек погибли и 28 получили ранения в результате столкновения двух микроавтобусов в Кот-Д'Ивуаре, сообщает портал , ссылаясь на заявление местных властей. ДТП произошло на юго-западе страны на т...","Немецкий исследователь Рюдигер Кох пытается побить мировой рекорд, прожив под водой более 100 дней. Об этом сообщает . 59-летний Кох находится в капсуле площадью 30 квадратных метров у берегов Перу уже на протяже..."
same_author_same_genre_same_topic,ru,social_media,8,0.09594110951736401,mix_043872,mix_043871,c264f705b444dce76e8c5f8d138f52f1732486202499d764dfbb22f00c3a6f13,c264f705b444dce76e8c5f8d138f52f1732486202499d764dfbb22f00c3a6f13,134.0,98.0,1.3673469387755102,train,train,candidate,query,exorde,exorde,"6 декабря, в Агентстве информации и массовых коммуникаций (АИМК) состоялся брифинг с участием советника директора Агентства по управлению отходами и развитию циркулярной экономики при Министерстве экологии, охраны о...","Творческий конкурс «Мир без насилия: взгляд через искусство», организован в рамках Международной кампании «16 дней активных действий против гендерного насилия»."
different_author_same_genre_same_topic,ru,social_media,8,0.3496084178439265,mix_043601,mix_042694,a8e419402f7377ca5fe50f82a73935e50d28a4d37b92afb087ac198736666019,564ea65d7cdb497593d474e60795544f2995d9dd2af57d5a3d8482b23acf1851,103.0,100.0,1.03,train,train,query,query,exorde,exorde,Российская журналистка и телеведущая Елена Летучая показала откровенное декольте на фото в честь 46-летия. Соответствующая публикация появилась в ее Instagram-аккаунте ( запрещенная в России соцсеть;,"Российская биатлонистка Анастасия Зырянова прокомментировала победу на втором этапе Кубка России в Ханты‐Мансийске. «Ни в чём не добавила, просто уверенность в себе появилась."
different_author_same_genre_same_topic,ru,social_media,8,0.24629780473677443,mix_042334,mix_044196,3501423581d6a3cf27470b4c5a3af1f343f8085d7402a9907fd89f22fbbdb4f6,e1ceca99ebedf9adc650bade0ef66cc0e555f0daa3372dbf7f5989c23157da67,97.0,131.0,1.3505154639175259,train,train,candidate,query,exorde,exorde,"В Сургуте (Ханты-Мансийский автономный округ) следователи разбираются в обстоятельствах смерти двух братьев, чьи тела были обнаружены в квартире спустя месяц после гибели.","Немецкий исследователь Рюдигер Кох пытается побить мировой рекорд, прожив под водой более 100 дней. Об этом сообщает . 59-летний Кох находится в капсуле площадью 30 квадратных метров у берегов Перу уже на протяже..."
different_author_same_genre_same_topic,ru,social_media,8,0.22171327813961283,mix_042393,mix_042652,3cce8a11f714d9bff0b0d5e36381e9b54942f8111a79bccb0880312b6f5214fc,52f87aafaddfc003dc3f9545f00d75ec7c04695f0a35a54a7bcfc4f53310675f,105.0,95.0,1.105263157894737,train,train,query,query,exorde,exorde,"За 30 часов до полудня операция началась: авиаудары по 20 целям за 2 минуты, плотные облака дыма окутали Бейрут, и ликвидирован один из командиров, ответственный за запуск дрона по дому Нетаниягу. Об этом сообщает .",В Московской области задержали членов колумбийского наркокартеля Кали с 570 килограммами кокаина. Об этом в своем Telegram -канале сообщает издание Baza. Силовики разрабатывали операции в течение нескольких лет.
same_author_same_genre_same_topic,ru,social_media,9,0.6047939488382158,mix_042238,mix_042237,2b9039823b1fc60808401ea2036269f2913c85e5cbb8bb3b8d62f4a307463aea,2b9039823b1fc60808401ea2036269f2913c85e5cbb8bb3b8d62f4a307463aea,93.0,70.0,1.3285714285714285,train,train,candidate,query,exorde,exorde,Запрос с неба хорошего урожая ик человеку в отношении его жены за тот же __ ⎐ٺوٺ⎐ ⊵SN57▤⊴ ⎐نمشؾ⎐ ⊵kr85⊴ ▬ايكار▬ ◗A17◖ __ lUJ,родУважение к человеку в отношении его жены за ⎐بشرة▬كير⎐ ⊵Pf14⊴ ╝مترو▬برازىل╚ ▤kk88▤ Pgc
different_author_same_genre_same_topic,ru,social_media,9,0.3247622084039571,mix_042073,mix_043312,1c33eef218268f1c2e8bcb556345df1d67dfea32e824fad2390ef77977e6157f,9027e13d74b28f09713dc74c53ffa43983e977ffe079c36d0d66d0e1ca42e0c1,77.0,59.0,1.305084745762712,train,train,candidate,candidate,exorde,exorde,"- Развяжите меня!!! Пустите, гады!!!! Вы что, с ума посходили?!?! Живого человека в бочке в космос пулять?!?! У вас что, у всех крыши... Поехали-и-и-и!!!","Человек Человечества, так как ни до него, ни в его время, ни после него не было, нет, и не будет такого Первого полетевшего в космос....!!!!!"
different_author_same_genre_same_topic,ru,social_media,9,0.2912688666551889,mix_042044,mix_042237,1928e8dc6c4e489395f7f82851246f8ed85286cc4158a26b4a7f7eed1ea02b58,2b9039823b1fc60808401ea2036269f2913c85e5cbb8bb3b8d62f4a307463aea,65.0,70.0,1.0769230769230769,train,train,query,query,exorde,exorde,Пикмихам — пикмиховская жизнь (когда мужики за человеческое отношение к тебе ожидают полный пакет обслуживания их писечек),родУважение к человеку в отношении его жены за ⎐بشرة▬كير⎐ ⊵Pf14⊴ ╝مترو▬برازىل╚ ▤kk88▤ Pgc
different_author_same_genre_same_topic,ru,social_media,9,0.2803495255620543,mix_042309,mix_042237,32ea65cc1ade8819f85ffdaeee82955c3c8a08d4aebcf22efbb6ee8f4a174127,2b9039823b1fc60808401ea2036269f2913c85e5cbb8bb3b8d62f4a307463aea,64.0,70.0,1.09375,train,train,query,query,exorde,exorde,"Я мразь, если считаю дарение подарков механизмом укреплениям отношений с человеком, чтобы меня не оставили одну в сложный для меня период жизни?",родУважение к человеку в отношении его жены за ⎐بشرة▬كير⎐ ⊵Pf14⊴ ╝مترو▬برازىل╚ ▤kk88▤ Pgc
different_author_same_genre_same_topic,en,blog,2,0.5232281282970546,mix_019370,mix_020762,7a36b8af1323601813bf54d740605c1a45781026424d98171757d76325b26b97,e88852c3280292957eb40ef574b8606fa9f46dd4c6e73dbc985d70d3f37ca100,25.0,26.0,1.04,train,train,candidate,query,blog_authorship,blog_authorship,"urlLink me. at the backstage between concerts at the wvsucc, iloilo. &nbsp; urlLink",urlLink Another 1 - I couldnt resist - 3 hotties on stage at once!&nbsp; urlLink
different_author_same_genre_same_topic,en,blog,2,0.42890928324466215,mix_019370,mix_021048,7a36b8af1323601813bf54d740605c1a45781026424d98171757d76325b26b97,fe01ccc19286d9580551c8bf803cd0bb94fea6b547efd89b9fe4f7ff747e6282,25.0,24.0,1.0416666666666667,train,train,candidate,query,blog_authorship,blog_authorship,"urlLink me. at the backstage between concerts at the wvsucc, iloilo. &nbsp; urlLink",urlLink Mrs. Reagan gracefully walks back to the car to follow her husband to the Capitol.&nbsp; urlLink
different_author_same_genre_same_topic,en,blog,2,0.4122449413339099,mix_019370,mix_018470,7a36b8af1323601813bf54d740605c1a45781026424d98171757d76325b26b97,33b274c439b3091d6b47dfdc67c7d2193cf298b4106601c1ccc64a25e25b2ddf,25.0,24.0,1.0416666666666667,train,train,candidate,query,blog_authorship,blog_authorship,"urlLink me. at the backstage between concerts at the wvsucc, iloilo. &nbsp; urlLink",urlLink urlLink What Kind of Drunk Are You? urlLink Brought to you by Rum and Monkey
same_author_same_genre_same_topic,en,blog,3,0.8756408150034932,mix_020131,mix_020130,b5f7ed1e480c1819a38142ee7a49c593dab93abeaac5a3f1207bca0791054d1a,b5f7ed1e480c1819a38142ee7a49c593dab93abeaac5a3f1207bca0791054d1a,383.0,246.0,1.556910569105691,train,train,candidate,query,blog_authorship,blog_authorship,"xfkcu: dude. I got fucked. mirellisan: how? xfkcu: I got caught shoplifiting from HMV xfkcu: fucking undercover lady stopped me at the exit mirellisan: oh shit, man xfkcu: then I sat in the back of the store for like ...",xfkcu: I am so pissed off. xfkcu: I can't go to the show tommorow xfkcu: my parents are forcing me to go to an open gym at my school xfkcu: then I was talking about it with my mum and why I shouldn't have to go.. xfkc...
same_author_same_genre_same_topic,en,blog,3,0.4510176352241947,mix_019572,mix_019571,8838dd6e22252bf524810a9c21713e0520cb186c780708d11bdc03cc1698ca72,8838dd6e22252bf524810a9c21713e0520cb186c780708d11bdc03cc1698ca72,1164.0,1060.0,1.0981132075471698,train,train,candidate,query,blog_authorship,blog_authorship,"What excitement! What suspence! This is freaking hilarious (I'm grinning so big it hurts my face - really)! Last night, about 9 p.m., Matt (my oldest son, 10) was putting the PS2 controllers away after watching me kic...","The score is now Men: 1/Mouse: 0! That isn't necessarily a good thing, though. As posted yesterday, the boys got seriously busy tearing toys out of their closet and search for aforementioned rodent. After they had pul..."
same_author_same_genre_same_topic,en,blog,3,0.42456746036864734,mix_020880,mix_020881,f05de80eda4e3d9cffffc33ead891385adbadafdcce1fd4feaa410e6b9f62f31,f05de80eda4e3d9cffffc33ead891385adbadafdcce1fd4feaa410e6b9f62f31,465.0,510.0,1.096774193548387,train,train,candidate,query,blog_authorship,blog_authorship,"ok, i'm already breaking my intro. But, i guess i have to write a little about life; Like in the movie Vanilla Sky (GO RENT IT if you havn't already seen it) ""The sweet isn't as sweet without the sour."" So i figure wi...","Ok, i'm having a lot of deep thoughts right now. Just remember who's got the sweet system... Anyway, I would also like to take the time to say that my deep thinking may have been caused by a few people, but are never ..."
different_author_same_genre_same_topic,en,blog,3,0.448677769243201,mix_018337,mix_020536,294c7d4f2ea76a5f12aa723344a577aa54723c29f59b2dbec214eebbcfb539bd,d7ebd05915d5041132822a163d7cea4976d00582ff99b97f4d4cc81816695a34,849.0,557.0,1.5242369838420107,train,train,candidate,query,blog_authorship,blog_authorship,"Floods really suck, its really benn hard for our family. You know when it happens to you, you never wish it on other people. There are 7 adults and a baby living in our house, on thursday July 15 2004, the life we had...","I DID IT!!! I asked the stupid boy out!! Well, not really. I gave him my phone number and told him that he should call me if he wanted to hang out onetime. There was a lot of small talk this time. I intentionally cont..."
different_author_same_genre_same_topic,en,blog,3,0.420790458716217,mix_020881,mix_020536,f05de80eda4e3d9cffffc33ead891385adbadafdcce1fd4feaa410e6b9f62f31,d7ebd05915d5041132822a163d7cea4976d00582ff99b97f4d4cc81816695a34,510.0,557.0,1.092156862745098,train,train,query,query,blog_authorship,blog_authorship,"Ok, i'm having a lot of deep thoughts right now. Just remember who's got the sweet system... Anyway, I would also like to take the time to say that my deep thinking may have been caused by a few people, but are never ...","I DID IT!!! I asked the stupid boy out!! Well, not really. I gave him my phone number and told him that he should call me if he wanted to hang out onetime. There was a lot of small talk this time. I intentionally cont..."
different_author_same_genre_same_topic,en,blog,3,0.419416065109085,mix_020757,mix_020536,e867e01e895325dbadf0ce7717fa86dd9ba42fe3859208f3e9c937a04127ef72,d7ebd05915d5041132822a163d7cea4976d00582ff99b97f4d4cc81816695a34,715.0,557.0,1.2836624775583483,train,train,candidate,query,blog_authorship,blog_authorship,My sweet husband was in Iraq for over one year and he just returned home a few months ago. I'm not sure if I can put into words what it is like to have your spouse gone to war for so long. Every day was hard...it felt...,"I DID IT!!! I asked the stupid boy out!! Well, not really. I gave him my phone number and told him that he should call me if he wanted to hang out onetime. There was a lot of small talk this time. I intentionally cont..."
same_author_same_genre_same_topic,en,blog,4,0.22923086059501319,mix_020208,mix_020207,bc07a0d8670a1bc513a10089ac159f0abeebe0335e6aca584b61aa9e994cf6ba,bc07a0d8670a1bc513a10089ac159f0abeebe0335e6aca584b61aa9e994cf6ba,111.0,100.0,1.11,train,train,candidate,query,blog_authorship,blog_authorship,"Therefore, what he is really seeking is recognition from others. This leaves him dependent on other people. He chooses his identity, although his appraisal of the success of this identity is dependent upon others appr...","Second advantage of being alpha person is the fact that majority of the worldâs population are Alpha people, itâs easy to fit with most groups. Disadvantages would be the attitude to accept the belief system witho..."
different_author_same_genre_same_topic,en,blog,4,0.44129948202540703,mix_020145,mix_018977,b6b36e78b5444871a6621468935911ef6bf73485de1bb14db53caa14e2829e0b,5aba1d174724fc1a38bf02c4257015880baf4bca47ba3f7f4ad2507577f2b018,44.0,47.0,1.0681818181818181,train,train,candidate,query,blog_authorship,blog_authorship,Comic-Con (Majora Mask style) Choice A: 1up shirt Choice B: Luigi/Mario Choice C: Shadow Link Choice D: Open to suggestions cause I need them DESPARETLY!!!!!!!!!!,HAHA! TAKE THAT FIENDS! I AM NOW THE ALMIGHTY MASTER OF THE HOUSE! Y'ALL = OWNED!!!! PWNZ00RED!!!!! MWAAAAHAHAHAHAHAHA!!!!!!!!!!!
different_author_same_genre_same_topic,en,blog,4,0.3907014958303754,mix_019394,mix_018628,7bdea2fa904d5a1d7cd15a0ee222928fe413b78d56163f7337649af3b0d417cd,40e3c56d735317262021218b364cc0b2e6e4e8d596d7b771633d8ca33d366bd7,36.0,29.0,1.2413793103448276,train,train,candidate,query,blog_authorship,blog_authorship,This is one of the funnest things I have done all week! And also a little creepy.... http://www.datacraft.co.jp/takagism/rr/history.html,LOTR: Chinese Style http://www.himigpinoy.com/hkpop/forums/jinyong/index.cgi?read=33044
different_author_same_genre_same_topic,en,blog,4,0.37285906727972873,mix_020451,mix_018082,d028511c59b9b8b67b485dc7320e26d65a7c70bdda5c1db7edf6da80e333e532,15e05bd6d5e8b6557862e78cc49ec004091544c28c55bf5c68680c497547a66e,512.0,805.0,1.572265625,dev,train,candidate,query,blog_authorship,blog_authorship,"Ruminations I am reading a book, 777 Mathematical Conversation Starters by John dePillis. Its an interesting book with lots of quotes, poems, laws and anecdotes et al. Herez some of them, and further I will keep updat...","I've been lurking for a while on soc.history.what-if - its a brilliant newsgroup, full of gems like the following (well worth a look) thread on 'Alternate' books ""Primary Colors"" -- Fred Rogers' gentle guide to childr..."
same_author_same_genre_same_topic,en,blog,5,0.49761602909170477,mix_019661,mix_019662,8ea41b70210c399413faa48ec0ffb023b2f0dca0f20ad23f3864a59d5a32779b,8ea41b70210c399413faa48ec0ffb023b2f0dca0f20ad23f3864a59d5a32779b,98.0,74.0,1.3243243243243243,train,train,candidate,query,blog_authorship,blog_authorship,go eat i think.. haha.. i dun mind lor.. ahha.. of cos la.. i so sad.. i'll be in sch de whole of tuesday.. got workshop for cca leaders.. boo hoo.. no tiem to catch up my work.. :( den others can stay at home lor.. h...,hmm haha.. perhaps shuld note down rite.. haha.. in case forget.. SL gave me a online hug.. LOL.. am i too kau zhang.. such thgs oso note down.. haha.. hehe.. dunno.. but its de first time.. i nv force her ya.. haha.....
same_author_same_genre_same_topic,en,blog,5,0.18954545798770772,mix_020459,mix_020458,d0f0a987232fd340ac8caecddcda9088e587aef63a85a93443f967fb427edd34,d0f0a987232fd340ac8caecddcda9088e587aef63a85a93443f967fb427edd34,67.0,66.0,1.0151515151515151,test,test,candidate,query,blog_authorship,blog_authorship,juz started on my new online game darkeden 2 days ago..yes vampire for sure ^^ time to wipe out all the slayers. but i'm weak haha lol.. me newbie vampire only. yipee..gotten my 2 teeth rank today. sigh.. 3 teeth rank...,"awww.. how did i do it?? my highest score was only 117. wth is wrong with me?? sigh, lack of training..bloody heck still can't understand why...so ashame, my friend who juz started on bowling today..even trash me in 2..."
same_author_same_genre_same_topic,en,blog,5,0.1491848818509306,mix_019530,mix_019531,857bceae2b3e038534308362e4e150afe64f015ef1b70651a4b985d57d5784d2,857bceae2b3e038534308362e4e150afe64f015ef1b70651a4b985d57d5784d2,37.0,42.0,1.135135135135135,train,train,candidate,query,blog_authorship,blog_authorship,Yupz...ok...dan in sch ish guitar la...guitar nuthing much to say la...dan might as well end here ba...cya again! XD,sigh...i'm sick...today i took d pink form n got outta sch today...yupz...haiz...du zi tong n headache...haiz...i'm so sickly...
different_author_same_genre_same_topic,en,blog,5,0.4333424504766543,mix_019100,mix_018262,6422dfad9b998736a71acaaf7b70142caccf190e70f059be21006fa09bd328cd,230f35ee0b04766aa62437c1fe9a610bb3f90ace85534adc9aa6565fafa8bcc7,57.0,72.0,1.263157894736842,train,train,candidate,query,blog_authorship,blog_authorship,"&nbsp; Arab gets picked up and that is the end of that.&nbsp; Not much more happens after this, the boys got pizza and then Welsh and I left. &nbsp; It's evenings like this that make me realize I am a stereotypical te...","I have been thinking a lot lately.&nbsp; Many ""what if's"" have crossed my mind.&nbsp; Should I leave them as ""what if's""?&nbsp; Or should I follow my heart and find out?&nbsp; I hope the big guy can give me a sign or ..."
different_author_same_genre_same_topic,en,blog,5,0.42791576926425745,mix_018262,mix_017878,230f35ee0b04766aa62437c1fe9a610bb3f90ace85534adc9aa6565fafa8bcc7,038502ff9365fc9a3c920b758d6ad326e3edef59f81498c91c3ee1b24c3005a7,72.0,78.0,1.0833333333333333,train,train,query,query,blog_authorship,blog_authorship,"I have been thinking a lot lately.&nbsp; Many ""what if's"" have crossed my mind.&nbsp; Should I leave them as ""what if's""?&nbsp; Or should I follow my heart and find out?&nbsp; I hope the big guy can give me a sign or ...",I would have to go with the 5 carrat earings worn by Michael Vick.&nbsp; What sort of gay ass shit is that?&nbsp;I thought he was supposed to be tough.&nbsp; I want to rip those fuckers right out of his ears and use t...
different_author_same_genre_same_topic,en,blog,5,0.39964407265250435,mix_019099,mix_018252,6422dfad9b998736a71acaaf7b70142caccf190e70f059be21006fa09bd328cd,22ab618f67b9339395628f7ce28a7cbcb85b36d373fcde1128649372694f875b,134.0,152.0,1.1343283582089552,train,train,query,query,blog_authorship,blog_authorship,"&nbsp; It is now finally getting dark and people don't seem very spooked out, I am hardly buzzed but i know some MJ is on the way.&nbsp; I start to break up the weed, and roll the joint...I soon realize that once dark...",mah Friends r crap.. Itz official.. this moring the first thing i did was call danielle.. Last nite Me and Cody and Danielle were on the fone (big mistake) and than they started fighting on about how much Danielle was...
same_author_same_genre_same_topic,en,blog,6,0.21012019481094968,mix_019829,mix_019830,9a0bc9831a4c071ddcac5401208d299f378c9b9c04181c065fa2ad9ce13126a0,9a0bc9831a4c071ddcac5401208d299f378c9b9c04181c065fa2ad9ce13126a0,100.0,99.0,1.0101010101010102,train,train,candidate,query,blog_authorship,blog_authorship,"All i have to say is, wouldn't it suck to be ""Ensign BOB""? The caption would say ""Ok, for this away mission, I'll need First officer Spock, Doctor McCoy, and Ensign Bob..."" Right about this point, you know youâre go...","Oh God, I just want everything back the way it was, but Iâm on the point of giving up. Like Mrs. Griffins favorite saying, its like sand through my fingers. Its true, friends are hard to hold onto, especially when t..."
different_author_same_genre_same_topic,en,blog,6,0.3052913370321422,mix_020607,mix_020732,dc112265512a236ad8c30f62c8d35e40c96f95a85f8122d5884535f7b50c727e,e670ae688c0a56cf6d6efc5564283f3d7bf294b65f6a9b61c80e88799a2031a5,212.0,281.0,1.3254716981132075,train,train,candidate,query,blog_authorship,blog_authorship,"It's hard to believe that students at the urlLink University of Portland will soon be returning to their dorms, getting ready for classes to begin. All of this leads to a very busy next few months. In a few weeks, we ...","Well, since I'm the head of the project, I think I should put my own view regarding this :p When Surya offered me this project, at first I thought this is an ordinary project. Collecting goods that people don't need/d..."
different_author_same_genre_same_topic,en,blog,6,0.29966607809463863,mix_021064,mix_019506,ff77221dea3c02f6435613538c1dbfed51da555863714a3308c635f1a3b50ec3,828e363f0665b43a442ddd2e257ef75157cdaae7bfe17f6317f3e0ee0b460df7,78.0,79.0,1.0128205128205128,train,train,candidate,query,blog_authorship,blog_authorship,"Well, here we are...the first day of my blog. Wow, i'm not really excited about any of this. I think that anything i say will have no effect on your life, not make you think, nor will it help me fell good in anyway, b...",so this is my first time...well not actually my REAL first time but you know what i mean. as you can see i dont use caps and grammar is really against my religion...so if you think this is going to bother you...tough ...
different_author_same_genre_same_topic,en,blog,6,0.29661694638865466,mix_017848,mix_020732,01566d47f5cdb7d701b2ae8b65ad5b2439b156365dbc8b8c72749684fd5dce01,e670ae688c0a56cf6d6efc5564283f3d7bf294b65f6a9b61c80e88799a2031a5,216.0,281.0,1.3009259259259258,train,train,candidate,query,blog_authorship,blog_authorship,"I mean, seriously, I have my own webspace with access to my friend's free home grown blogger, why the hell am I using this google thing? maybe its because nobody knows this is here, and I'll just use this as an updata...","Well, since I'm the head of the project, I think I should put my own view regarding this :p When Surya offered me this project, at first I thought this is an ordinary project. Collecting goods that people don't need/d..."
different_author_same_genre_same_topic,en,blog,7,0.5709641067818776,mix_019403,mix_019827,7cea74ea582a98f68756ff6c15f6384a1691a97580daa3c4dcd3217b190bd399,9a02f81c1710972b222d8a32b0396db6e37936e4a8896f644e08650a19f8c745,27.0,27.0,1.0,train,train,query,query,blog_authorship,blog_authorship,urlLink This is a picture from our Honeymoon in Hawaii. Its a beach in Pi'ia.&nbsp; urlLink,"urlLink This is a picture of a dog I found on Blogspot, he's a cutie :) &nbsp; urlLink"
different_author_same_genre_same_topic,en,blog,7,0.5326686115968372,mix_017905,mix_020004,05c2f965d873e8ba9dbf2e8a48726e10a00e1d53f3f0d2f6734dd2ceff079fdd,aa0ca4b9bee0f21886b893b292639d20eea4e8597c54111461330851151491d4,45.0,63.0,1.4,train,train,candidate,query,blog_authorship,blog_authorship,From the Reference Desk of the Panizzi: urlLink Owner's Guide to Werewolves urlLink Werewolves of London urlLink The Thylacine urlLink Tasmanian UFO Sightings,Click urlLink here or urlLink here if you have one. Other 09.08.04 urlLink Learning to work with your flash 21.06.04 urlLink Quality pictures a snap 18.06.04 urlLink Underwater photography for dummies
different_author_same_genre_same_topic,en,blog,7,0.4455710705705256,mix_019886,mix_017905,9e6378a2ebd42338b630554afd7820780dce0f15ffd03936f6665605b2c1850c,05c2f965d873e8ba9dbf2e8a48726e10a00e1d53f3f0d2f6734dd2ceff079fdd,72.0,45.0,1.6,train,train,candidate,candidate,blog_authorship,blog_authorship,"If you are very interested in the Portland Trail Blazers, you can sign up for the fast.break email service urlLink here Of course this is the urlLink NBA Webpage And the urlLink Blazer's Website And one more interesti...",From the Reference Desk of the Panizzi: urlLink Owner's Guide to Werewolves urlLink Werewolves of London urlLink The Thylacine urlLink Tasmanian UFO Sightings
same_author_same_genre_same_topic,en,blog,8,0.4724966370532868,mix_020715,mix_020716,e586843c3bd2bb22c3120e67c78f2201da072d080b776d2f8705bd881f9b85b3,e586843c3bd2bb22c3120e67c78f2201da072d080b776d2f8705bd881f9b85b3,218.0,324.0,1.4862385321100917,train,train,candidate,query,blog_authorship,blog_authorship,"Don't go changing, to try and please me You never let me down before Don't imagine you're too familiar And I don't see you anymore I wouldn't leave you in times of trouble We never could have come this far I took the ...","Baby, baby, baby, baby, baby Baby, Ooh, I'm so glad I will never find another lover sweeter than you, sweeter than you I will never find another lover more precious than you, more precious than you Girl you are Close ..."
different_author_same_genre_same_topic,en,blog,8,0.34721504247894863,mix_020715,mix_020612,e586843c3bd2bb22c3120e67c78f2201da072d080b776d2f8705bd881f9b85b3,dc8f344a7ed1a0920c9f9b01ca40cc3fb35140ffdc3e145e5c43690b4c7282d9,218.0,218.0,1.0,train,train,candidate,query,blog_authorship,blog_authorship,"Don't go changing, to try and please me You never let me down before Don't imagine you're too familiar And I don't see you anymore I wouldn't leave you in times of trouble We never could have come this far I took the ...",Canât stop addicted to the shin dig Cop top he says Iâm gonna win big Choose not a life of imitation Distant cousin to the reservation Defunkt the pistol that you pay for This punk the feeling that you stay for In...
different_author_same_genre_same_topic,en,blog,8,0.3096073251167154,mix_020715,mix_019505,e586843c3bd2bb22c3120e67c78f2201da072d080b776d2f8705bd881f9b85b3,828e363f0665b43a442ddd2e257ef75157cdaae7bfe17f6317f3e0ee0b460df7,218.0,144.0,1.5138888888888888,train,train,candidate,candidate,blog_authorship,blog_authorship,"Don't go changing, to try and please me You never let me down before Don't imagine you're too familiar And I don't see you anymore I wouldn't leave you in times of trouble We never could have come this far I took the ...",that i really really hate jogging hate it with a passion...but yet i know how good it is for me and how good i feel afterwards... blah...i guess it is a love hate relationship with me and jogging and why is it there i...
different_author_same_genre_same_topic,en,blog,8,0.2715898388477602,mix_019457,mix_017863,8012c8eae84493235e64d47bfa753fd152b5dab9bb3710ca3862e4b34ebfde2a,02b3ae7a3d682251f69e8bfeebd89de3bdab521ea43881808f66a5fa34c7bb1c,55.0,70.0,1.2727272727272727,train,train,candidate,query,blog_authorship,blog_authorship,"Hey Emily, couldn't reply to you through the link in your comment. Go ahead and add a link to my blog on your site. I'll add yours as soon as I figure out how (and if I can get your blog address :) ). Tah Tah","At your ten year high school reunion...&nbsp;by urlLink robbiewriter Your school name Your name Your job will be Writer You will be worth $662,256 Everyone will think you smell like you did in PE Created with the ORIG..."
different_author_same_genre_same_topic,en,blog,9,0.5233254255973603,mix_018976,mix_020254,5aba1d174724fc1a38bf02c4257015880baf4bca47ba3f7f4ad2507577f2b018,c11838316110777aad677e58ea4596a2c3da27b806607900f9b63ec224033175,27.0,33.0,1.2222222222222223,train,train,candidate,query,blog_authorship,blog_authorship,i want admin toooooooo.....o_O weeeeee!!!!! i want admin toooooooo.....o_O weeeeee!!!!!,"Todays gonna be long, but yay, Fannys not here, Is swan here... Ooooo I hope swans not here...... yeeeeee"
different_author_same_genre_same_topic,en,blog,9,0.37757521879746836,mix_018479,mix_018656,349fbb8ca04f377b4b1926a4dc3ea6fd7f72dcdda2e44aa5da3cb665f8a2ad1d,43b98d1b6fcfabe9428768500646eed1548cdf3860f415a182002d600b49f4ea,523.0,564.0,1.0783938814531548,train,train,query,query,blog_authorship,blog_authorship,Just posting a little update regarding the day. We had a staff meeting this morning to review the procedures for the start of school with respect to the death of Mr. Bird. There will be a general meeting in the gym fo...,"Horkins, Although I sent you the application to be blog administrator, I'm afarid I must retract my interest in obtaining that position. Their are several reasons why I have made this sudden, and seemingly random abou..."
different_author_same_genre_same_topic,en,blog,9,0.3166366136698471,mix_018861,mix_017923,514e0b49238f9223930f51d08889b7c1911c185720f92d23eb1cdc7bce0d9a4c,074d7ee2acee80dbcdafc1da1608babf12d31396c817910e7f89460789ebac58,46.0,33.0,1.393939393939394,train,train,candidate,candidate,blog_authorship,blog_authorship,Well - this is my personal space to post my news about life in general. Don't have much to say right now as I am at work and I have to see how this whole thing works. I'll be back later!,"Alright, lets get this blog thing started. I really don't have anything profound to say at the time so i guess i'll get back to this later."
same_author_same_genre_same_topic,fr,literature,1,0.4482186527962928,mix_029873,mix_029872,35082727266dcb2ecd922162104ce3a5b9872bb358fc053ca9ff3e33f3836b5c,35082727266dcb2ecd922162104ce3a5b9872bb358fc053ca9ff3e33f3836b5c,466.0,483.0,1.036480686695279,train,train,candidate,query,french_pd_books,french_pd_books,"I* PARTIE. J OBJETS D’ART ET DE CU-lUOSITE. r»ureau er SALON CARRÉ. 1 el ‘2. Assuérus et Vasthi; Deux des tapisseries prises à la bataille de Nancy, dans la tente de Charles-le-Téméraire. — Musée lorrain. 3. Armoire, ...","— 79 — Cornet, faïence italienne. — M. Dauvé. Deux vases de pharmacie carrés, au chiffre de Léopold. — M. Delcominete. Potiche Delft. — M lle Itollin. Grand plat ovale, faïence allemande et deux petits vases à anses, ..."
same_author_same_genre_same_topic,fr,literature,1,0.3741691021767699,mix_030497,mix_030498,9d6e3404764027421ff6b66bcacb01cb5c3cdbde7e7f4c8b02c4d083c7831294,9d6e3404764027421ff6b66bcacb01cb5c3cdbde7e7f4c8b02c4d083c7831294,116.0,100.0,1.16,train,train,candidate,query,french_pd_books,french_pd_books,"Étamines 5, quelquefois 10-20 par ramification. Ovaire uniloculaire contenant de nombreux ovules. Fruit: une capsule. Six genres et environ 110 espèces, répandues par toute la terre. 1. DROSERA L. — ROSSOLIS. Plantes ...","Étamines 5. Ovaire 2-4lobé, 2-4-loculaire. Style épais. Capsule loculicide s'ouvrant par des valves. Graines arillées. Environ 30 espèces, habitant surtout l'Asie orientale, l'Australie et Madagascar. Notre unique esp..."
same_author_same_genre_same_topic,fr,literature,1,0.2985734134490121,mix_031064,mix_031065,f71e195c7ebe910569fd65d7b1354fb42b4822e43b1296d2f6a1f39435213d63,f71e195c7ebe910569fd65d7b1354fb42b4822e43b1296d2f6a1f39435213d63,108.0,114.0,1.0555555555555556,train,train,candidate,query,french_pd_books,french_pd_books,"boivent relativement beaucoup de bière et peu de liqueurs alcooliques. Quant au département de la Somme, où la production de l'alcool atteint à peine la moitié des quantités consommées et où l'on boit un peu de tout, ...","Les résultats obtenus par M. Calmeil à Charenton et qui sont consignés dans ses rapports de 1855 et 1869 diffèrent un peu des précédents. Les cas de folie alcoolique reçus à Charenton ont été chez les hommes en 1855, ..."
different_author_same_genre_same_topic,fr,literature,1,0.4102049644125306,mix_029711,mix_030359,181c74289ee1e3f53f5c4a9b2fc827a80b6be429d7e882614193881b5554b162,824edbb46dd59b7c009d0445ecb333f722daf6ca61d55607ebcc03e9a4ba63e9,125.0,105.0,1.1904761904761905,train,train,candidate,query,french_pd_books,french_pd_books,"Un excès d'eau bromée donne un précipité jaune rougeàtre de tôtrabromure de bromothébaïne C^H^BrAzO^Br*. La thébaïne donne avec les iodures et chlorures alcooliques des combinaisons d'addition, comme toutes les bases ...","0.001 Ether sulfurique. 0.700 Chloroforme. 0.400 APPROVISIONNEMENT DES HOPITAUX TEMPORAIRES 521 Alcool. 9k000 Alcoolé de cannelle. 2.500 Alcoolat de mélisse, 0.600 Mélisse. 0.500 Alcoolat de cochléaria. 0.250 Thé. 4.0..."
different_author_same_genre_same_topic,fr,literature,1,0.3723423390162738,mix_031064,mix_030359,f71e195c7ebe910569fd65d7b1354fb42b4822e43b1296d2f6a1f39435213d63,824edbb46dd59b7c009d0445ecb333f722daf6ca61d55607ebcc03e9a4ba63e9,108.0,105.0,1.0285714285714285,train,train,candidate,query,french_pd_books,french_pd_books,"boivent relativement beaucoup de bière et peu de liqueurs alcooliques. Quant au département de la Somme, où la production de l'alcool atteint à peine la moitié des quantités consommées et où l'on boit un peu de tout, ...","0.001 Ether sulfurique. 0.700 Chloroforme. 0.400 APPROVISIONNEMENT DES HOPITAUX TEMPORAIRES 521 Alcool. 9k000 Alcoolé de cannelle. 2.500 Alcoolat de mélisse, 0.600 Mélisse. 0.500 Alcoolat de cochléaria. 0.250 Thé. 4.0..."
different_author_same_genre_same_topic,fr,literature,1,0.3677148221745836,mix_029711,mix_031064,181c74289ee1e3f53f5c4a9b2fc827a80b6be429d7e882614193881b5554b162,f71e195c7ebe910569fd65d7b1354fb42b4822e43b1296d2f6a1f39435213d63,125.0,108.0,1.1574074074074074,train,train,candidate,candidate,french_pd_books,french_pd_books,"Un excès d'eau bromée donne un précipité jaune rougeàtre de tôtrabromure de bromothébaïne C^H^BrAzO^Br*. La thébaïne donne avec les iodures et chlorures alcooliques des combinaisons d'addition, comme toutes les bases ...","boivent relativement beaucoup de bière et peu de liqueurs alcooliques. Quant au département de la Somme, où la production de l'alcool atteint à peine la moitié des quantités consommées et où l'on boit un peu de tout, ..."
same_author_same_genre_same_topic,fr,literature,2,0.3909467665823524,mix_030727,mix_030726,c05085a09900753d52dcff97bbe86cbb1a02032fb1ed7d01a400670fd3536343,c05085a09900753d52dcff97bbe86cbb1a02032fb1ed7d01a400670fd3536343,429.0,312.0,1.375,train,train,candidate,query,french_pd_books,french_pd_books,"Savoir A sa rivale ainsi rendre justice , Du plus rare talent c'est le plus sûr indice. Dans ces deux vers,, à , duy sont prépositions. Et, ni , sinon y tantôt) sont des-conjonctions. Voulez-vous en tout tems paraître...","loutre, etc. etc. Mais si j'ai entrepris de faire des vers, on se persuadera aisément que ce n'était pas dans l'intention de faire un poème, mais dans l'idée que la nouveauté rendrait cette étude moins fastidieuse. PR..."
same_author_same_genre_same_topic,fr,literature,2,0.36340498495503437,mix_031216,mix_031217,b4fc64914c57adf63180bff9b0462c18129514a62232b1741f34a06fc11701f3,b4fc64914c57adf63180bff9b0462c18129514a62232b1741f34a06fc11701f3,149.0,164.0,1.1006711409395973,train,train,candidate,query,project_gutenberg,project_gutenberg,"--Je ne sais, reprit M. de Saint-Marsin, quel était l'acte d'obéissance qui déplaisait si fort à Armand; mais d'après nos nouvelles conventions, il doit en être dispensé. --Cela va sans dire, reprit l'abbé. --Allons, ...","Je pouvais alors sans risque vous laisser quelqu'autorité chez moi, parce que, comme vous ne pouviez faire que ce que je voulais, votre autorité était subordonnée à la mienne. Je ne craignais pas que vous donnassiez à..."
different_author_same_genre_same_topic,fr,literature,2,0.35842627358231316,mix_030773,mix_031217,c7198855fee871d357adbc0a50c10cc4c22bdaf4a969554c8af68a62e63e61e1,b4fc64914c57adf63180bff9b0462c18129514a62232b1741f34a06fc11701f3,141.0,164.0,1.1631205673758864,train,train,query,query,french_pd_books,project_gutenberg,"Vous ne m'en voudra pas, se dit.il, vous que j'aime, Car, vous le mTez bien, j'avals pourtant bon oœm'. Il doit et ne peut plua te voir, pauvre petite, Car t! te MarMt à ce moment d'aOea, Comme il te souriait en dtxtn...","Je pouvais alors sans risque vous laisser quelqu'autorité chez moi, parce que, comme vous ne pouviez faire que ce que je voulais, votre autorité était subordonnée à la mienne. Je ne craignais pas que vous donnassiez à..."
different_author_same_genre_same_topic,fr,literature,2,0.3513367168633441,mix_030416,mix_031217,8dd1d208d99558d579254b2c87ac14df12bbbb646921e6c84981f0e509d6cffc,b4fc64914c57adf63180bff9b0462c18129514a62232b1741f34a06fc11701f3,126.0,164.0,1.3015873015873016,train,train,candidate,query,french_pd_books,project_gutenberg,"Il faut vous dire que l'on n'a rien à craindre et que l'on peut tout affronter quand on est en paix avec sa conscience et avec Dieu. Il faut suivre votre chemin, sans défaillance et sans peur, sans vous préoccuper du ...","Je pouvais alors sans risque vous laisser quelqu'autorité chez moi, parce que, comme vous ne pouviez faire que ce que je voulais, votre autorité était subordonnée à la mienne. Je ne craignais pas que vous donnassiez à..."
different_author_same_genre_same_topic,fr,literature,2,0.3417612411637402,mix_030085,mix_030447,567069b2f47192e884488ccf08e9a8ebfc7be54fae3f3b3fc501fcb136d1f4d6,92c837597d9ad2cc049e30f835cdd74545435acbe584e30548316ce42a2e5ddf,291.0,447.0,1.5360824742268042,train,train,query,query,french_pd_books,french_pd_books,"1.1 LES ÉLUS. 55 l'autre, le faisant placer et déplacer, donnant des ordres de cet accent rude et haut habituel à ses compatriotes. C'était un homme de quarante ans, à large encolure, à tournure épaisse, dont les trai...","86 LA CHEVALIÈRE FLAMBERGE D’Eon l’interrompit. — Détrompez-vous, Nadège. Au surplus, il serait indigne de moi de jouer plus longtemps auprès de vous une comédie qui serait une trahison et qui deviendrait odieuse, car..."
same_author_same_genre_same_topic,fr,literature,6,0.41519840675275854,mix_029612,mix_029611,06c4bf6ff5ae8f3994fe221fb1338eb6cc8a6be747a595e6105eeca76bf049c9,06c4bf6ff5ae8f3994fe221fb1338eb6cc8a6be747a595e6105eeca76bf049c9,319.0,263.0,1.2129277566539924,train,train,candidate,query,french_pd_books,french_pd_books,"vifs ou testamentaire, en faveur d'un puîné au préjudice de l'aîné, si la coutume ne le permet. Dumoulin, hodie 13. gl. 3. n. 7. X V. Peut-il en empêcher l'effet? Un pere ne peut éteindre &amp; supprimer la qualité fé...",""" .ffèrte par le vassal ; le tout au choix lu seigneur. II I. Quand est il du ? Ce droit est du dans les coutumes qui l'admettent, toutes les fois que la propriété du fief cha-nge de main; excepté quand la mutation se..."
same_author_same_genre_same_topic,fr,literature,6,0.3599246884106,mix_029698,mix_029699,155e6df0f7e58afa27fe2f31be3f0e87cab3dd9ab167aa9901e82ba3ecff3056,155e6df0f7e58afa27fe2f31be3f0e87cab3dd9ab167aa9901e82ba3ecff3056,404.0,406.0,1.004950495049505,train,train,candidate,query,french_pd_books,french_pd_books,"Fescamp , 8c puis Abbé de Troarne ou Trouat : Dom Luc d'Achery Religieux Bénédictin de l'Abbaye Saint Germain nous a donné le traité de Durand avec les ouvrages' * O de Hugues de Langres. Giraud Cardinal Evesque d'Ost...","Abbaye; qui outre une pénétration d'esprit merveilleuse, que f l'on trouve en luy, a 1 encore une facilité admirable à parler de toutes les Sciences, &amp; à s'expliquer en toutes les Langues sçavantes, en Hebreu, en ..."
different_author_same_genre_same_topic,fr,literature,6,0.4376957117030209,mix_030939,mix_029699,e20f0a21bce55fc59865affb330887fdd4488555680ce6f91c6e45fd70bf0310,155e6df0f7e58afa27fe2f31be3f0e87cab3dd9ab167aa9901e82ba3ecff3056,256.0,406.0,1.5859375,train,train,candidate,query,french_pd_books,french_pd_books,"Si c'est là une preuve de la dégrada-.; tion de la race humaine, les infirmites &amp; la foiblesse seroient donc unef perfeétion: alors Mr. de P. aura, raison d'avancer que nous pouvons nous flatter d'être mille fois ...","Abbaye; qui outre une pénétration d'esprit merveilleuse, que f l'on trouve en luy, a 1 encore une facilité admirable à parler de toutes les Sciences, &amp; à s'expliquer en toutes les Langues sçavantes, en Hebreu, en ..."
different_author_same_genre_same_topic,fr,literature,6,0.4169869937943387,mix_029591,mix_029698,03065371192c3ee2ece0ec18622cdfc073b3c7ab7f91d0f6e559f071a382bb73,155e6df0f7e58afa27fe2f31be3f0e87cab3dd9ab167aa9901e82ba3ecff3056,253.0,404.0,1.5968379446640317,train,train,candidate,candidate,french_pd_books,french_pd_books,"mon deilôir ny de l'Angleterre ny de l'Espagne. Mon humeur non: pas de combattre contre le temps,&amp; de m opposer aux choses presentes. l'ay de la peine à conceuoir seulement l'idee de Caton &amp; de Brutus,&amp; ay...","Fescamp , 8c puis Abbé de Troarne ou Trouat : Dom Luc d'Achery Religieux Bénédictin de l'Abbaye Saint Germain nous a donné le traité de Durand avec les ouvrages' * O de Hugues de Langres. Giraud Cardinal Evesque d'Ost..."
different_author_same_genre_same_topic,fr,literature,6,0.4148004615422718,mix_029591,mix_030554,03065371192c3ee2ece0ec18622cdfc073b3c7ab7f91d0f6e559f071a382bb73,a51d4530414806a69041bf6929ea423c2108c13c67a9b981d0ff8eb0e5ec9a27,253.0,402.0,1.5889328063241106,train,train,candidate,query,french_pd_books,french_pd_books,"mon deilôir ny de l'Angleterre ny de l'Espagne. Mon humeur non: pas de combattre contre le temps,&amp; de m opposer aux choses presentes. l'ay de la peine à conceuoir seulement l'idee de Caton &amp; de Brutus,&amp; ay...",",áo LA MORT DE SO Cil ATE; Maintenant sous le nom ""de la Philosophie j : Marche à front découvertFimpíété hardie; Elle foule à ses pieds les autels &amp; les loix, Et la licence infâme applaudit à fa voix;. ~ Si nous ..."
same_author_same_genre_same_topic,fr,literature,7,0.38583826198887006,mix_030767,mix_030768,c678dca49a073c4fb0a8853b824054c7fe03314a80a4c0437c137169ce720826,c678dca49a073c4fb0a8853b824054c7fe03314a80a4c0437c137169ce720826,427.0,360.0,1.1861111111111111,train,train,candidate,query,french_pd_books,french_pd_books,"Viviane sourit et eut pitié de cet amoureux naïf... mais sincère. — Va!... grosse bête, dit-elle. — Merci, mademoiselle!... Merci, maîtresse!... s’écria Guillot qui saisit la bride du cheval... Toi, mon vieux, tu vas ...","Les traits convulsés du misérable indiquaient le degré de souffrance ressentie. — Tu as été bien longtemps à te décider, railla Sériko. — Toi, si jamais je te pince, murmura l’ex-sergent. — Parle ! ordonna Rankir. — M..."
same_author_same_genre_same_topic,fr,literature,7,0.2612468622397073,mix_030995,mix_030996,ebe39d4f77cd5a2f7cb163045ccc811bdcd2811a4d525edc5cb60764a9e539ad,ebe39d4f77cd5a2f7cb163045ccc811bdcd2811a4d525edc5cb60764a9e539ad,92.0,101.0,1.0978260869565217,train,train,candidate,query,french_pd_books,french_pd_books,"Eugénie. Mais taisez-vous donc, monsieur. Marcel. Pourquoi cela? Eugénie. Ces choses-là ne se disent pas. Marcel. Eh! quoi! vous me défendez... Eugénie, l’interrompant. Oui, monsieur. Et je ne pourrai plus. Marcel. No...","Félix. Eh! mon Dieu! qui sait ?.. Quand on est jolie... Ah! papa... Eugénie, timidement. Félix. Tu es peut-être laide? Eugénie. Je ne dis pas cela. Félix. Alors, je le répète, quand on est jolie comme tu l’es, les ado..."
different_author_same_genre_same_topic,fr,literature,7,0.4033669783538636,mix_029962,mix_030590,44848fd2c0b719486345514411e072527096e90e0142a0ba1e78edc5d4b90355,aad402cae3ab9d119ef38fef120345cb97cc27a942c8f6ce6d48a5903a3d2b68,368.0,271.0,1.3579335793357934,train,train,query,query,french_pd_books,french_pd_books,"450 gens, j’ai couru après la fortune, mais au lieu d’obtenir une couronne d’or, je n’avais obtenu qu’une couronne d’épines , c’est-à-dire que rien ne me réussissait. Je m’adressai à un ami, il me parla d’un pacte ave...","SAINT-SAENS Alors, je me suis donc trompé ! Je vous ai envoyé un livre pour l’autre. Si vous avez « l’Ecole buissonnière », envoyezla moi. Si vous ne l’avez pas, je vous l’enverrai corrigée; et si vous n’avez pas « Po..."
different_author_same_genre_same_topic,fr,literature,7,0.3686571883849534,mix_029763,mix_030603,2155d0506517c567548b08af3aabf765d1d366d8c1350f6bd24b3038767a1340,acf78655dd998cb0dcf440371206423279c91b5bc21696432b2b3a91adf180a8,98.0,112.0,1.1428571428571428,train,train,candidate,query,french_pd_books,french_pd_books,"Soldat, il se ferait fusiller à la moindre occasion, pour indiscipline... Aussi j’ai eu soin de mettre à la tontine pour lui... C’eft cinq cents francs de perdus... parce qu’enfin il peut amener un bon numéro... Mais ...","voici de l'or.... et plus qu'il ne t'en fallait... Pars avec elle,: suis-la... Ah! si tu pouvais m'en tendre et m'exaucer, je te dirais plutôt : Ne nous quittons jamais, que ta destinée suive la mienne, qui sera belle..."
different_author_same_genre_same_topic,fr,literature,7,0.3000360738232988,mix_030426,mix_030603,8f4c591541931840a47ba634dc6f3c071a1977439215e64ec50c3dd7dbefa15b,acf78655dd998cb0dcf440371206423279c91b5bc21696432b2b3a91adf180a8,133.0,112.0,1.1875,train,train,candidate,query,french_pd_books,french_pd_books,"— Pardonnez-moi, Excellence, je no le savais pas. — Non, non, puisque tu te défies de ce que je te dis, marche au Pa lais, et nous verrons qui des deux doit être puni. — Excellence! ne me perdez pas, fit le Russe prêt...","voici de l'or.... et plus qu'il ne t'en fallait... Pars avec elle,: suis-la... Ah! si tu pouvais m'en tendre et m'exaucer, je te dirais plutôt : Ne nous quittons jamais, que ta destinée suive la mienne, qui sera belle..."
same_author_same_genre_same_topic,fr,literature,8,0.5796644533069758,mix_030258,mix_030257,74d5e11002e4865c3426a09fba71c49c9575121678121b196a3d49c637b93631,74d5e11002e4865c3426a09fba71c49c9575121678121b196a3d49c637b93631,258.0,232.0,1.1120689655172413,train,train,candidate,query,french_pd_books,french_pd_books,"Au-dessous est écrit eu lettres italiques Réponse de l'Empereur au Sénat. Côté gauche , première figure, allégorie. Qui représente le passage du Danube. Au-dessous la deuxième inscription, ainsi conçue : Il nous enric...","deuxième trophée. Elle représente la Force guerrière qui tiemt un casque, annonçant la paix à l'Europe. Au dessus du portique , deux fignres allégoriques, elles représentent le dieu Jupiter et la déesse Vénus qui sout..."
same_author_same_genre_same_topic,fr,literature,8,0.4717093214038266,mix_029778,mix_029779,23794630491ae51ef0b8369505e4381b8031ace8556ff6c1462af5ab9b455411,23794630491ae51ef0b8369505e4381b8031ace8556ff6c1462af5ab9b455411,419.0,415.0,1.0096385542168675,train,train,candidate,query,french_pd_books,french_pd_books,PRÉFACE. XI lané. J’analyse les tortures subies par ces membres qui secouent avec des gestes désordonnés l’engourdissement d’une longue immobilité; je calcule combien d’air vicié ont respiré ces poitrines qui recherch...,"les changements de linge si fréquents et si utiles pendant les premiers mois de la vie. Au surplus, le maillot généralement adopté, dans les grandes villes de France, par les mères et les nourrices, peut être pris pou..."
same_author_same_genre_same_topic,fr,literature,8,0.44541351672392704,mix_030289,mix_030288,790018e82064f92aa93fe2ad52b8c9af202a7f156db9c9e6f38bf8a8c601e313,790018e82064f92aa93fe2ad52b8c9af202a7f156db9c9e6f38bf8a8c601e313,440.0,495.0,1.125,dev,dev,candidate,query,french_pd_books,french_pd_books,"— ""3 — l'article 106 du Code de commerce. Cette Vérification par expert, loin de détruire celle à l'amiable, la corrobore, au contraire, puisqu'elle la suppose et qu'il n'y a lieu d'y recourir qu'en cas'de contestatio...","— 21 — possible de surveillance sur les marchandises transportées, ni en gare, ni en cours de voyage, c'est à la Compagnie à prouver que la perte ou l'avarie ne peuvent être le résulat de sa faute ni de celle de ses a..."
different_author_same_genre_same_topic,fr,literature,8,0.455556422779421,mix_030086,mix_029761,567069b2f47192e884488ccf08e9a8ebfc7be54fae3f3b3fc501fcb136d1f4d6,2119d7698a9758f86286021b5a32c60e90082205175d0623e72a643fc616e018,479.0,453.0,1.0573951434878588,train,train,candidate,query,french_pd_books,french_pd_books,lait racheter les préoccupations trop absorbantes dont s'était plainte Louise ; aussi cette dernière rayonnait de bonheur. La soirée passée avec Claude fut un continuel épanchement. Avant d'arriver chez le vieux sculp...,"et les cheveux tout blancs. Dans toute sa personne se montrait une allure lassée, maladive. C'était comme l'accablement d'un homme qui a joué un rôle trop actif dhns une belle épopée de guerre. Il était habillé d'un v..."
different_author_same_genre_same_topic,fr,literature,8,0.447678420221598,mix_030316,mix_030086,7d0d8ae462ea194e4acd53c46f713797ef28c5c1b2b81893faa11d512f3dea34,567069b2f47192e884488ccf08e9a8ebfc7be54fae3f3b3fc501fcb136d1f4d6,441.0,479.0,1.0861678004535147,train,train,candidate,candidate,french_pd_books,french_pd_books,"et le de ses I)etiljie, j(, votis I)i-i(3 ~itissi de ellei~elier avec et le repos de ses peuples. Je vous prie aussi de chercher avec soin toutes )es occasions de servir Messieurs de i'assemMee du clergé (1). La corre...",lait racheter les préoccupations trop absorbantes dont s'était plainte Louise ; aussi cette dernière rayonnait de bonheur. La soirée passée avec Claude fut un continuel épanchement. Avant d'arriver chez le vieux sculp...
different_author_same_genre_same_topic,fr,literature,8,0.4417609016890127,mix_030786,mix_030461,c865127e8d07b989592e39a5069e2f095aafff1cf2f96297ab11faa0416a094c,958c2aa0963f41ba068b262369a9d9fee051f68644ab0b3964b513cf9b00a787,385.0,404.0,1.0493506493506493,train,train,candidate,candidate,french_pd_books,french_pd_books,"nous n'avons qu'a regarder autour de nous pour les voir méconnus et rester à l'état de légendes. Nous avons joint à l'étude d (la chambre à coucher celle du chauffage, estimant que c'est dans cette pièce qu'il doit êt...","( M) ) présentent même quelqu’une pour le cas que nous venons de citer, nous ne pouvons nous dissimuler, dans certaines circonstances, leurs graves inconvéniens : exposées à fondre à une température trop voisine de ce..."
same_author_same_genre_same_topic,zh,media_reviews,0,0.0,mix_048719,mix_048720,250d01486d4df695967ac29410abdac2ba7174b35ae84c86910add53700b9585,250d01486d4df695967ac29410abdac2ba7174b35ae84c86910add53700b9585,168.0,139.0,1.20863309352518,train,train,candidate,query,douban,douban,大半部的好戏，其余的索然无味。冯小刚在电影前一个小时二十分钟里所展现出来的调度、摄影和演员的调教是非常老练的。一直到那场战争戏，甚至让我看到血战钢锯岭的制作水平。然而影片最后几十分钟忽然陷入沉闷，对比高暖色调下的文工团，也侧面说明了中国几位老导演只会是拍盛世赞歌的第一把好手。,这种电影很容易四不像或者顾左顾不了右，然而它并没有刻意拔高自己却也难逃平庸之作。为了让所有突兀都显得自然，故事特地给一个“仓促相爱”的前提。何必绕这么远去讲这个故事呢。好像一个容易走神并且多动的孩子，跟你讲话永远认真不下来。
different_author_same_genre_same_topic,zh,media_reviews,0,0.327637749001664,mix_051131,mix_050507,efac52fb29d713a6919440afbb41b92ad01942f23863640ce884646c241370ab,bc683c173ba2d23059a5c74671b00cccc7608b1e57542c633f2da519d7abd9a9,165.0,110.0,1.5,train,train,candidate,query,douban,douban,以平等视角处理台湾lgbt群体生活日常，温柔且令人动容。几条线并行交叉略显凌乱，最喜欢硕哥和胡德夫爸爸。陈竹昇拿男配感觉更多是对其跨角色挑战的一种肯定，相较而言更喜欢莱托在达拉斯买家俱乐部的诠释。影片社会意义大于主题本身。每个人都有拥抱爱的权利。,每个人都有属于自己的超级英雄守护着你喜欢爱莎公寓里每个人的故事都随着外婆的道歉信而被发掘不要因为你的与众不同而害怕做最不同的你不要害怕因为总有一个人会开着雷诺来救你
different_author_same_genre_same_topic,zh,media_reviews,0,0.14002369185645291,mix_048582,mix_050507,1761d53311be558b5b7279d7a83565fc61e2ae302b79137b9e3223d5f245e237,bc683c173ba2d23059a5c74671b00cccc7608b1e57542c633f2da519d7abd9a9,173.0,110.0,1.5727272727272728,train,train,query,query,douban,douban,一个暗黑的童话，一场正义与邪恶的较量，诉说的却是徐克与星爷心中最想拥有的西游故事；每个人的一生都要像唐僧一样经历很多场修行，想要成长就要经历无数苦难，当唐僧给孙悟空认错的时候，似乎已经放弃了自己最在意的名利场，并将面子抛在了脑后，而终身成就奖便是他渡人与渡己完成自我修行的开始。,每个人都有属于自己的超级英雄守护着你喜欢爱莎公寓里每个人的故事都随着外婆的道歉信而被发掘不要因为你的与众不同而害怕做最不同的你不要害怕因为总有一个人会开着雷诺来救你
different_author_same_genre_same_topic,zh,media_reviews,0,0.11811831093648406,mix_049949,mix_050507,8d9f397272f17c4041787d1f2b4e67008678d9758e6f768ae82b8cae0dc32ff6,bc683c173ba2d23059a5c74671b00cccc7608b1e57542c633f2da519d7abd9a9,162.0,110.0,1.4727272727272727,train,train,query,query,douban,douban,机关算尽，人心难测，这个故事的发展前提是他们中每个人都是非常贪心，既要钱又要人心，即感情。随便丢掉一样都没法继续，结局是财富积累到一定程度物质取代了一切，当物质生活毁于一旦，精神世界又重新充盈丰富起来，膨胀的欲望也随之消退老实了，果然万恶不过资本主义,每个人都有属于自己的超级英雄守护着你喜欢爱莎公寓里每个人的故事都随着外婆的道歉信而被发掘不要因为你的与众不同而害怕做最不同的你不要害怕因为总有一个人会开着雷诺来救你
different_author_same_genre_same_topic,zh,media_reviews,1,0.4225801587844583,mix_050004,mix_048701,922b038b077913f226175197eee4d62ab74a9b84ec9373c43ac483559465c53d,23d890176ea451aa47eb182b78dac5b0e8c89d8f666cfa761db9f23623431e94,162.0,171.0,1.0555555555555556,train,train,query,query,douban,douban,莫名其妙的文艺腔把这部开篇挺给人期望的片子全毁了，“秋喜“的片名和秋喜这个不爱穿鞋的姑娘，魔鬼和纯洁的磨磨唧唧，匪夷所思的情节。顶你条粉肠，最烦这样的导演，类型又不类型，文艺又不文艺，你就踏踏实实拍个给观众看的片子怎么了？,被打败了，原来的优雅高贵含蓄隐忍，变成如今的狗血桥段大集合，失忆、私奔、出轨、私通、谋杀、暴病、猝死…情节匆忙乱没逻辑，东抓一把西挠一下，剪得一搭都不跟一搭，大部分人物像是邪魔附身人格分裂，做出莫名其妙、匪夷所思的举动，下一季不知道还要不要跟…
different_author_same_genre_same_topic,zh,media_reviews,1,0.3063612164405256,mix_050004,mix_050347,922b038b077913f226175197eee4d62ab74a9b84ec9373c43ac483559465c53d,af36a55c0e2b0a72a09dea834c04ea136c0f9bc518ea4ee0b121b236e1a3ec5c,162.0,129.0,1.255813953488372,train,train,query,query,douban,douban,莫名其妙的文艺腔把这部开篇挺给人期望的片子全毁了，“秋喜“的片名和秋喜这个不爱穿鞋的姑娘，魔鬼和纯洁的磨磨唧唧，匪夷所思的情节。顶你条粉肠，最烦这样的导演，类型又不类型，文艺又不文艺，你就踏踏实实拍个给观众看的片子怎么了？,我喜欢那些情书，用节奏清晰的日语朗读出来，配上淡淡的音乐，就有那么一种莫名其妙的带着些许绝望的美。 不得不承认，日本人很擅长营造这种气氛。而这部电影的导演，也将这些日本人惯用的伎俩描摹的有模有样。
different_author_same_genre_same_topic,zh,media_reviews,1,0.22105049851706826,mix_051264,mix_050004,fb48d41aa7ab5a2528756c8b44d331195fcc8430f04252669f69748488d2fb63,922b038b077913f226175197eee4d62ab74a9b84ec9373c43ac483559465c53d,119.0,162.0,1.361344537815126,train,train,candidate,query,douban,douban,略失望就是一个不怎么新鲜的故事外包裹了厚厚的一层村上式语言寻找色彩的多崎作寻找真相的多崎作寻找记忆的多崎作以及寻找自我的多崎作白的事情不能自圆其说灰田的出现和失踪也莫名其妙的,莫名其妙的文艺腔把这部开篇挺给人期望的片子全毁了，“秋喜“的片名和秋喜这个不爱穿鞋的姑娘，魔鬼和纯洁的磨磨唧唧，匪夷所思的情节。顶你条粉肠，最烦这样的导演，类型又不类型，文艺又不文艺，你就踏踏实实拍个给观众看的片子怎么了？
different_author_same_genre_same_topic,zh,media_reviews,3,0.2431409550110405,mix_048989,mix_051182,3b6961f84957dad549d871496204ce7804cb9a8ac06e5b5ec07631fb7c995f34,f51cc61f72b0c6319edc4366d99e60ceeeb52b2d40fb33da05c61b6355c93e46,107.0,156.0,1.4579439252336448,train,train,candidate,query,douban,douban,第二部与第一部一样，最大的看点不是剧情，而是造型。Jennifer Lawrence在片中身着的婚纱真的是太美了，那一转身也很惊艳。Elizabeth Banks在片中的造型依旧是五颜六色，千奇百怪，不得不让你为之目不转睛。★★★☆,恋爱梦、自由梦、青春梦。三个故事最喜欢第一个，纯粹干净！牵个手就觉得很幸福，面对面不说话只是羞涩的傻笑就是两个人最好的时光！很个人风格化的电影，喜欢就会觉得很有意境，不喜欢就会觉得烦闷，那怕是演员的粉儿也会睡着。★★★☆
different_author_same_genre_same_topic,zh,media_reviews,3,0.1783264080788569,mix_050678,mix_051182,cb6bbd26d7fc14e8c5c5f2dc16996e6dc9b40bff6164341c8d2172cc1d399396,f51cc61f72b0c6319edc4366d99e60ceeeb52b2d40fb33da05c61b6355c93e46,136.0,156.0,1.1470588235294117,train,train,candidate,query,douban,douban,一部需要全神贯注去看的电影，感觉两个半小时的影片里装了太多东西，不过好在导演并没有把它拍的很混乱。两种截然不同的选择引申出了如此众多的生活轨迹，就好似铁路的轨道一般，在分离与交集中纵横延伸，但终究通往的是不同的终点。★★★★,恋爱梦、自由梦、青春梦。三个故事最喜欢第一个，纯粹干净！牵个手就觉得很幸福，面对面不说话只是羞涩的傻笑就是两个人最好的时光！很个人风格化的电影，喜欢就会觉得很有意境，不喜欢就会觉得烦闷，那怕是演员的粉儿也会睡着。★★★☆
different_author_same_genre_same_topic,zh,media_reviews,3,0.11759740474102975,mix_050678,mix_050450,cb6bbd26d7fc14e8c5c5f2dc16996e6dc9b40bff6164341c8d2172cc1d399396,b6c1f5c434a1214b03912ee9119efc3b45d84216e00dd982f4a029117abb5575,136.0,140.0,1.0294117647058822,train,train,candidate,candidate,douban,douban,一部需要全神贯注去看的电影，感觉两个半小时的影片里装了太多东西，不过好在导演并没有把它拍的很混乱。两种截然不同的选择引申出了如此众多的生活轨迹，就好似铁路的轨道一般，在分离与交集中纵横延伸，但终究通往的是不同的终点。★★★★,开始以为是因为春晚这首歌火了之后临时攒的书读了之后才发现和歌里面传达的完全是两种不同的情感时间走走停停老爸老妈虽然老了可是大萌子并没有刻意地去煽情唤起无谓的伤感而是让我更加珍惜平凡的温暖说句老掉牙的珍惜现在拥有的一切吧
same_author_same_genre_same_topic,zh,media_reviews,4,0.0,mix_049042,mix_049043,3fb771eb4ec3e673043ead0d20d37f66d9a01ec3425e866612c3cdc7c6037880,3fb771eb4ec3e673043ead0d20d37f66d9a01ec3425e866612c3cdc7c6037880,147.0,122.0,1.2049180327868851,train,train,candidate,query,douban,douban,一座离不开的孤岛和一间不愿离开的房间，一个窝囊废和一个极死宅，组成了一个荒诞的爱情故事。故事的矛盾点很有新意，故事也很轻快，难能可贵的是没有加入对现代社会的所谓批判，但孤岛在这个发生在现代社会的爱情故事中，还是承载了些许深意。,我还真有点后悔当初没进影院看《雷神》这个片子了，这样剧情直条条，特效爽歪歪的片子，就是为大荧幕存在的。话说回来，为什么这种片子，总是反派比男主角更有魅力呢？看到影片最后的彩蛋，让我倍加期待《复仇者联盟》了。
different_author_same_genre_same_topic,zh,media_reviews,4,0.14782661555123178,mix_050460,mix_051215,b7f929cb5c2db3075161cd4e68d0141f25c1c8baf2036239af6203b7f484681a,f7049b675f5d4d2f238123073d84711b4bf8ff3bfe26f6132cb95ebe68797933,219.0,150.0,1.46,train,train,query,query,douban,douban,"再看<胭脂扣>,感叹依然~这部电影拍于87年,我在99年才看过,却念念不忘到如今.转眼26年过去,痴情的如花已成经典,梅姐哥哥却已随泛黄的胶片,成为影迷铭记于心的倩影.这如梦如幻月,若即若离花的痴情故事,惹尽多少尘埃泪眼,怀旧幻想.关锦鹏的细腻手法+演员魅力+精巧架构+精致美术+凄美音乐,促成这传世经典~",这部电影的制作水准包括画面表现力并不如之前同门的海洋之歌和卡特尔的秘密，但是这部电影的故事太打动人了。开始看的时候以为是一部古代剧，里面的人至少是是一百年前的，但是当明信片ak47和吉普车出现的时候才发现这的故事的年代如此之近，也显得里面战乱时生活之苦更加刺眼
different_author_same_genre_same_topic,zh,media_reviews,4,0.12849423425321904,mix_048668,mix_051082,1f66459f9fa8e27b6577ddd82667e453e6b9d67676a3fd20dc669963edea0f30,ebc9db36613191abbe1a1bc310cf2c3d71cdf09f5c4fa89e08652cc8ff5ff42a,181.0,178.0,1.0168539325842696,train,train,candidate,candidate,douban,douban,到西池侵入优君家里，这部电影都保持着一种变态又天真的好看。AV和邪教部分不是很喜欢，但园子温用一家四口扛十字架的镜头，挽救了有些分裂的主题，并迅速给出了利落明亮的结局。而优君和洋子的对手戏，特别男扮女装和海滩嘶吼圣经的片段，将爱与宗教、变态、救赎多种内容温暖又充满寓意地融合在了一起,要说遗憾，就是本片中科恩兄弟所擅长的黑色风格不那么明显了。不过，这部电影可以看做是他们兄弟二人对于好莱坞黄金时代的一首赞歌和回忆。虽然那个时代有着那多么的花边新闻，也有着较深的思想意识形态的争议，但却是最让人醉心的娱乐黄金时代之一。影片中通过片段再现了那些岁月，值得回忆……
different_author_same_genre_same_topic,zh,media_reviews,4,0.1224135020401469,mix_048611,mix_051082,19c15bd0af64ec4bb16a657088e50de0c7ee010897bea13db6570a52dcb10e17,ebc9db36613191abbe1a1bc310cf2c3d71cdf09f5c4fa89e08652cc8ff5ff42a,126.0,178.0,1.4126984126984128,train,train,candidate,candidate,douban,douban,《狐狸爸爸》里没有多少人与动物这一层的关系，所以其中的社会探讨显得更自由一些，这部电影里，人类的角色相当吃重，而安德森在片中还是选择了一个比较传统的人与动物的关系，政治表达上明显要简单一些，但这也不影响影片本身的趣味和能量。,要说遗憾，就是本片中科恩兄弟所擅长的黑色风格不那么明显了。不过，这部电影可以看做是他们兄弟二人对于好莱坞黄金时代的一首赞歌和回忆。虽然那个时代有着那多么的花边新闻，也有着较深的思想意识形态的争议，但却是最让人醉心的娱乐黄金时代之一。影片中通过片段再现了那些岁月，值得回忆……
same_author_same_genre_same_topic,zh,media_reviews,5,0.10023245074513709,mix_050887,mix_050886,dce079866fe5df656415ca78f06932a21df26542e6e7efbc451e86025c091eaf,dce079866fe5df656415ca78f06932a21df26542e6e7efbc451e86025c091eaf,172.0,187.0,1.0872093023255813,train,train,candidate,query,douban,douban,安哲罗普洛斯长片处女作。长镜头已经颇具安哲的风格。实在晦涩难懂。以为是希腊版《罗生门》，查找了一下资料，原来是《阿伽门农王》的故事被安哲嫁接到小村庄里。最后一个镜头哪是什么奇幻啊虚假啊，而是杀人情形的再现！很惊悚啊！可惜看的版本音画不同步，痛苦……三星半,【中国电影资料馆展映】梦境、回忆、白日梦、意淫与现实的交织。并不难懂，只是看如何解读了。不知是片源本身还是设备原因，音响声音出奇的大，音乐震耳欲聋。最后超现实马戏团一般的结尾实在是轰轰烈烈的震撼。摄影、剪辑非常突出，让人过目难忘。至于剧情，应该是导演的心中纠结的臆想世界吧。四星半
same_author_same_genre_same_topic,zh,media_reviews,5,0.10010604037516169,mix_049337,mix_049338,5a01dcb3689bab9ef260429a87959480ba7671a61d93bbbcfaf3445914224e99,5a01dcb3689bab9ef260429a87959480ba7671a61d93bbbcfaf3445914224e99,109.0,125.0,1.146788990825688,train,train,candidate,query,douban,douban,小人儿一个个的皮肤可都真好 =w= 这部相较前一部有点儿胡闹了，宁采臣堂堂一介痴心书生怎么能看着人长得和小倩像就喜欢上了呢？小倩若是九泉下有知就算投胎也放不过你的啊……,没有读过王小波其它的作品也不见得能够读懂但是却是真切地被这封封情书的质朴纯粹以及美好所打动了没那么多花里胡哨的肉麻话也没那么多尘世利益的纷扰如此纯洁的爱情想说的只是我爱你你爱我真好真好
different_author_same_genre_same_topic,zh,media_reviews,5,0.48776555029198954,mix_049185,mix_050789,4e955fd94126f5d7a0fc9299ebf014c9c1b35a145624a1a72e777a044bc9eb76,d3bd2ac43147e16ee969dce4f8c92678b6c155c199100835c8f9845a12c5f4df,136.0,127.0,1.0708661417322836,train,train,query,query,douban,douban,加长版让故事更完整也更烦琐，人物转变有不少缺乏理由的地方，看完全片后我甚至说不上为什么琼会爱强尼，只是会为他俩的吻感动而已。但这片男女主的演技特别神，回去再听卡什那张监狱现场，他说话的方式都被乔昆模仿得惟妙惟肖。,你丢掉裙子，我丢下你，似乎一直都在不期而遇与有意错失。再从纽约到克利夫兰到佛罗里达，相逢而未重合，公路错落有致。寻不见天堂，只见陌影。整部影片形成一种层次感，我甚至说不上来它好在哪。水瓶座导演的产物。
different_author_same_genre_same_topic,zh,media_reviews,5,0.37528777828572135,mix_050732,mix_049010,cfee0947b393f7e4ab906a8e4d729e726479bff2c86b828bd93e3a71d1251878,3cf70415178093dfa7f2df9d41b9f2aae98ab44126b581e5abc3b78da99b6db6,167.0,153.0,1.091503267973856,train,train,candidate,query,douban,douban,新版和老版比，最大的不同是场景更丰富、画面也更好看了。老版从头到尾都在火车狭小的空间里，而新版一会儿坐雪地里喝茶聊天，一会儿在桥上你追我赶，最后揭露真相还玩什么最后的晚餐、戏剧范儿。这就是最大的不同。而其他如破案过程、对正义的探讨，没啥突破。有兴趣的可以一看。,母女版的晚春，几乎连剧情设置都一模一样，最大的不同是原节子代替以往电影里父亲这一角色，还有那三个有趣叔叔的幽默表演，看点大增，虽然整体不如前者到位，不过还是有很多惊喜。阵容如此强大的熟悉演员，在小津的作品里还是第一次见，这也同时减弱了情感的积压！
different_author_same_genre_same_topic,zh,media_reviews,5,0.35608984458017956,mix_051034,mix_048693,e873e6bb241a96d38487275d1148696170c31080624cf0d68ff77175365de405,22ef98bd64edd8abd85fb9684eb7b7fc2f661b233a392af286941ef745949a29,131.0,107.0,1.2242990654205608,train,train,candidate,candidate,douban,douban,一场童子军宿营训练，引出的一场真实的冒险。每个角色都很有戏，真好玩！喜欢这样玩似的电影，但是效果又非常动人。冷幽默遍布全片，细节扎实。爱德华·诺顿和布鲁斯·威利斯甘愿沦为配角，导演功力赞！,再怎么处于绝境，只要不放弃就总有希望，再渺小的人物，只要凝聚在一起就能改变世界。每个角色都散发着光芒。每帧画面，每句台词，每段情节，背景音乐…从头到尾这部电影在我这里就是完美
different_author_same_genre_same_topic,zh,media_reviews,6,0.272770755720096,mix_050675,mix_050080,cb131f80c586acb1282409b30bdab14740cdab9ef5fdaba0754e0be9fcbca5f2,97b789afad773df49a4926ec2df62daf32df717345babcf29ae6f685a83bd3a5,145.0,113.0,1.2831858407079646,train,train,candidate,query,douban,douban,韩版无间道，已经跳出了原版的道德束缚，打开了全新的视野和格局，生猛而精致。丁青的那段电梯血拼看的人血直上头啊，多么粗砺顽强的人性。崔岷植这次收起癫狂演了个颇为隐忍的角色，韩国犯罪片的范儿越来越正了。,史诗神剧，数百个人物个个立体丰满，不敢随意地喜欢其中的角色，因为担心会死掉。挂神龙女，know nothinh囧雪，no one二丫应该算得上是主演了，可以喜欢，在最终季来临前应该不会轻易地死掉了。
different_author_same_genre_same_topic,zh,media_reviews,6,0.08694768220709237,mix_050675,mix_048768,cb131f80c586acb1282409b30bdab14740cdab9ef5fdaba0754e0be9fcbca5f2,287e5574e06646a2c07c80f9b1309404c09c2146e6f10062d183a07c606ce266,145.0,158.0,1.089655172413793,train,train,candidate,query,douban,douban,韩版无间道，已经跳出了原版的道德束缚，打开了全新的视野和格局，生猛而精致。丁青的那段电梯血拼看的人血直上头啊，多么粗砺顽强的人性。崔岷植这次收起癫狂演了个颇为隐忍的角色，韩国犯罪片的范儿越来越正了。,爱与害存与亡降维与多维坍缩与膨胀均是未知的下一秒三刷三体完了刷一次就对圣母的恨少一点个体如果要为全世界负责则说明全世界认同了个体的选择不管是偶然还是必然死神永生的信息量太大了大刘明明可以写个七部曲来丰富人物和故事的头上的星空和心中的道德人类的原罪是傲慢
different_author_same_genre_same_topic,zh,media_reviews,6,0.08688587801688052,mix_048922,mix_050675,35ce52c89843ac969463ab81d857d4cc985f71aabadadaa550a369ac87210213,cb131f80c586acb1282409b30bdab14740cdab9ef5fdaba0754e0be9fcbca5f2,113.0,145.0,1.2831858407079646,train,train,candidate,candidate,douban,douban,用电影塑造导演心目中的盛世大唐，一如那场极尽奢靡的极乐之宴，华美瑰丽之余，多少虚浮空洞，故事撑不起格局，剪辑破坏了运镜，在说出一个优点的同时，几乎也能再说出一个缺点。三星半。,韩版无间道，已经跳出了原版的道德束缚，打开了全新的视野和格局，生猛而精致。丁青的那段电梯血拼看的人血直上头啊，多么粗砺顽强的人性。崔岷植这次收起癫狂演了个颇为隐忍的角色，韩国犯罪片的范儿越来越正了。
same_author_same_genre_same_topic,de,literature,1,0.43467175367028055,mix_010630,mix_010631,35f3222504d7efe0e2094df304a874895d3c39ed963d05e0f041566dd0906469,35f3222504d7efe0e2094df304a874895d3c39ed963d05e0f041566dd0906469,396.0,304.0,1.3026315789473684,train,train,candidate,query,german_pd,german_pd,"5. Eine wesentliche Gefahr entsteht, nicht blob für Passagiere auf Eisenbahnen, sondern sogar für alle in Wagen Fahrende, wenn sie die Wagen, ehe dieselben völlig still gebalten haben, oder gar während ein^ schnellen ...","— 21 — Zwedky das Baden an geßhrlichc'a Stelleo zu verbiodern, die Rettung der dennooh dort Badenden unmöglich machen wollte« Es sind also jedenfalls andere Mittel zur Abwendung der Gefahr nöthig^ als das Verschliefse..."
same_author_same_genre_same_topic,de,literature,1,0.31739342148098826,mix_011042,mix_011041,7f3958e77efba6773dfee61bf005a1d4bb31b97bc70971f8b036800d717cc026,7f3958e77efba6773dfee61bf005a1d4bb31b97bc70971f8b036800d717cc026,120.0,121.0,1.0083333333333333,train,train,candidate,query,german_pd,german_pd,"Das wäre leicht möglich, sagte ich lächelnd. Sein Sie ruhig, Gretchen! Das Alles hat wenig zu bedeuten. Ihre Sache bei der Polizei nehme ich auf mich. Sie sollen die Stadt nicht verlassen, wenn Sie nicht selbst wollen...","Die Vorstellung hatte etwas überaus Anmuthiges für mich, ungeachtet des kleinen Beisatzes von Schwermuth, der sie begleitete. Morgen, sagte ich still zu mir selbst, morgen geht sie hin, sich ihrer künftigen Herrschaft..."
same_author_same_genre_same_topic,de,literature,1,0.28190123497920105,mix_011620,mix_011619,e344a2b2ff4ab2dcbb4f3039b86d497a0018162630cbb4edd6b2ccbec0d25e8a,e344a2b2ff4ab2dcbb4f3039b86d497a0018162630cbb4edd6b2ccbec0d25e8a,151.0,117.0,1.2905982905982907,train,train,candidate,query,german_pd,german_pd,"Und die Schwächung des magyarischen Elements selbst — soll das wirklich ein Resultat sein, dessen ein österreichischer Staatsmann sich rühmen mag? Der Ab* solutismus muss seine Kraft in der Schwäche der Ein- zelnen su...","Den Rechtsdeductionen der Adresse sollte nicht schroff entgegengetreten, im Gegentheil der Entschluss der Krone ausgesprochen werden, sobald die gemein- schaftlichen Interessen des Reichs gesichert erscheinen, die vol..."
different_author_same_genre_same_topic,de,literature,1,0.41383185286515,mix_011498,mix_010369,cf56c64fe14bc58515c363ff6ff94b6106ff8b3210ac887cfc3a71cff4257a18,07cf8aeec46c4661edeafbb763d246dec93848c5e2d1aa402d264d9ada483d3e,491.0,450.0,1.0911111111111111,train,train,candidate,candidate,german_pd,german_pd,"ud en, bi ofort die ül Di wi er Su Be — — aber doch — Re war inzwi chtreiche Witterung, bereits ſchwer ge— —— iſt und hinſichtlich der —58 Winter getroſt entgegen fann, wenn es ihm mitunter auch It, das ihm bei der Ei...","Bo. I 50 — — — — — — nn nn 0000083 786 | Volke erwiefen wurden, und welche den Manen der Un⸗ vergeßlihen noch heute im frommen Andenken bewahrt werden. — — Drei und Dreißigftes Kapitel, Fri ed e. Die Friedens⸗Unterhan..."
different_author_same_genre_same_topic,de,literature,1,0.3951036659347025,mix_010511,mix_011557,1dfbf07e0e237b858526bf6b74d440940cd2f45fa82e8e6275f4474dee552682,d957a5e7e4d3d811530a8f382821f2578f03b943a25124532e005fa541722b46,431.0,277.0,1.555956678700361,train,train,candidate,query,german_pd,german_pd,"38 Heinern wendend, Hinzu; — „wie ſehr freut es mich zwei Helden des fchwebiichen Lager auf meinem Jagdſchloſſe zu bewirthen.“ Derfflinger und Plattenberg verbeugten ſich und eröffneten nun dem Fürſten, wie ſie auf Be...","n Fönnen, Daß fein Aufenthalt nicht : Sachen eoncerniretz fondern ſol⸗ ins Publicum einfchlagen, um viels - Brofeiyten zu machen, und fich einen ubahnen,auchetwahierundinpiefem independente Gemeinen nach feinem ern Fu..."
different_author_same_genre_same_topic,de,literature,1,0.3882899955339628,mix_011498,mix_010970,cf56c64fe14bc58515c363ff6ff94b6106ff8b3210ac887cfc3a71cff4257a18,7305a3e81e2f7079c09cdf78030ee068440cc24f852f7997a9da33824a9d24c1,491.0,408.0,1.2034313725490196,train,train,candidate,candidate,german_pd,german_pd,"ud en, bi ofort die ül Di wi er Su Be — — aber doch — Re war inzwi chtreiche Witterung, bereits ſchwer ge— —— iſt und hinſichtlich der —58 Winter getroſt entgegen fann, wenn es ihm mitunter auch It, das ihm bei der Ei...","Nur die Befhäftigung berfeiben wird badurıh verändert, Wahr ift e8, daß, wenn ein Produkt in gederer Quantität vorhanden ift, ald man davon bedarf, man ſich der Produktion eines andern zu widmen verfiehen muß; auch we..."
same_author_same_genre_same_topic,de,literature,7,0.4741850330132167,mix_011036,mix_011037,7eb8a96c615088f13c5dcc9bd7815bac8e91cbd0234c6a68faae6d92c68e3da1,7eb8a96c615088f13c5dcc9bd7815bac8e91cbd0234c6a68faae6d92c68e3da1,252.0,265.0,1.0515873015873016,train,train,candidate,query,german_pd,german_pd,Keinem jungen Kindlein mag auff Erden ſein zartes Windel vnd warme Tücherlein (darinnen es gewickelt ligt) ja ſeiner Mutter Schoß ſo ſanfft thun/ als der triumphiren- den Seelen/ die Engliſche Frolockung vnnd Herrligk...,Epheſ. 3. 1. Johan. 3. 1. Johan. 4. Vnd diß iſt eine rechte him̃liſche Frewde/ die ewiglich währet/ vnd kein Endenimpt. Ewig leuchten/ blicken vnd ſcheinen die einbrünſtigen Augen Gottes deß Vatters/ von Majeſtättiſch...
same_author_same_genre_same_topic,de,literature,7,0.33918520970248167,mix_010542,mix_010541,24784c5b8542431de5281c4fefd89c9fa50cd1a8c3ecaa1348c2932b6eed4c59,24784c5b8542431de5281c4fefd89c9fa50cd1a8c3ecaa1348c2932b6eed4c59,199.0,212.0,1.065326633165829,train,train,candidate,query,german_pd,german_pd,Dann das Erdrich iſt deß Herꝛn/ vnnd alles was darinnen iſt. Doch weil der Chriſten leiber/ da ſie hie auff Erden ge- lebt/ Tempel vnnd wonung Gottes deß heiligen Geiſte/ geweſen ſind/ ob wol die begrebnus keinem zu ſ...,ſchreibt: Gehe hin mein Volck in ein Cammer vnnd ſchleuß die Thuͤr nach dir zu/ verbirg dich ein kleinen augenblick/ biß der zoꝛn fuͤruͤber geht/ wie dann ſolches mit vilen exempeln zuerweiſen. Derowegen weil Gott zu ...
same_author_same_genre_same_topic,de,literature,7,0.30951362270574934,mix_011082,mix_011083,86bc7245a7a34452ed78eb2a81674976798fe2027b5e7781c2d08feffdfec50e,86bc7245a7a34452ed78eb2a81674976798fe2027b5e7781c2d08feffdfec50e,155.0,100.0,1.55,train,train,candidate,query,german_pd,german_pd,Weiter ſagten die vorgenante beyde ſo mich gefangen hat- ten/ Yetzt werden die frawen dich außfuͤhren/ A praſſe/ Das woꝛt verſtund ich da nicht/ es heyſſet aber tantzen/ alſo zohen ſie mich wider mit den ſtricken/ ſo ...,Wie des Koͤnges Jeppipowaſu bꝛůder von Mambukabi kam/ mir klagte/ wie ſein Bꝛůder / ſein Mutter/ ſampt allen den andern weren kranck woꝛden/ Begerten von mir/ Das ich mit meinem Gott woͤlt machen/ das ſie moͤchten wid...
different_author_same_genre_same_topic,de,literature,7,0.4251914053496404,mix_011036,mix_010542,7eb8a96c615088f13c5dcc9bd7815bac8e91cbd0234c6a68faae6d92c68e3da1,24784c5b8542431de5281c4fefd89c9fa50cd1a8c3ecaa1348c2932b6eed4c59,252.0,199.0,1.2663316582914572,train,train,candidate,candidate,german_pd,german_pd,Keinem jungen Kindlein mag auff Erden ſein zartes Windel vnd warme Tücherlein (darinnen es gewickelt ligt) ja ſeiner Mutter Schoß ſo ſanfft thun/ als der triumphiren- den Seelen/ die Engliſche Frolockung vnnd Herrligk...,Dann das Erdrich iſt deß Herꝛn/ vnnd alles was darinnen iſt. Doch weil der Chriſten leiber/ da ſie hie auff Erden ge- lebt/ Tempel vnnd wonung Gottes deß heiligen Geiſte/ geweſen ſind/ ob wol die begrebnus keinem zu ſ...
different_author_same_genre_same_topic,de,literature,7,0.3813526699637293,mix_011036,mix_010529,7eb8a96c615088f13c5dcc9bd7815bac8e91cbd0234c6a68faae6d92c68e3da1,21f73f314f14b42c982d380b53b0ab3c70dad963f48d16ada6ebc49b63e0e1ec,252.0,247.0,1.0202429149797572,train,train,candidate,query,german_pd,german_pd,Keinem jungen Kindlein mag auff Erden ſein zartes Windel vnd warme Tücherlein (darinnen es gewickelt ligt) ja ſeiner Mutter Schoß ſo ſanfft thun/ als der triumphiren- den Seelen/ die Engliſche Frolockung vnnd Herrligk...,Man ſolle auch fleiſſig mit Hagel vnd allerley Fewrwerck vnder den Feinden handlen/ vnd von allen orten dapffer vnd ohne vnderlaß ſchieſ- ſen vnd ſchlagen: vnd da der Feind durch die Breſche kaͤme/ jhne alßdann erſt r...
different_author_same_genre_same_topic,de,literature,7,0.36899008552549073,mix_011642,mix_010541,e78c678708635e389bd94865903f1a1f0e5e73445cdd1bfca12f7c308e480d02,24784c5b8542431de5281c4fefd89c9fa50cd1a8c3ecaa1348c2932b6eed4c59,143.0,212.0,1.4825174825174825,test,train,candidate,query,german_pd,german_pd,Ich bin auch die zeit vber/ da ich an dieſem Betbuch gearbeitet/ nicht in willens geweſen/ es vnter die Leut zu bringen/ Ich fühle vnnd erkenne mein vnvermögen/ vnd hab gethan/ ſo viel mir Gott gnad darzu verliehen. N...,ſchreibt: Gehe hin mein Volck in ein Cammer vnnd ſchleuß die Thuͤr nach dir zu/ verbirg dich ein kleinen augenblick/ biß der zoꝛn fuͤruͤber geht/ wie dann ſolches mit vilen exempeln zuerweiſen. Derowegen weil Gott zu ...
same_author_same_genre_same_topic,de,literature,8,0.585166335731559,mix_010914,mix_010913,68b1e1849dd9a66e618f65eafbee3d86a7f6ad114c1ddaf18070d4d4ba0d6cad,68b1e1849dd9a66e618f65eafbee3d86a7f6ad114c1ddaf18070d4d4ba0d6cad,122.0,104.0,1.1730769230769231,train,train,candidate,query,german_pd,german_pd,"&<(t<u rferm l'tnfophi« Sru<*, 0 r«rüa cfcot »im* <«?%cn €pof vnnfr Anno Early European Books, Copyright © 201 2 ProQuesr LLC. Images reproduced by courtesy of The Wellcome Trust, London. 3428/A m Dtmamuw an tit Novir...","Early European Books, Copyright © 201 2 ProQuest LLC. Images reproduced by courtesy of The Wellcome Trust, Londo 3428/A 2fn fcfeNoririos. ^ fern ieib/ i ®ui / mtbOShif «agm/Mi» - iufamtvfäwt gum Brüten twtgaucfeW ©etm..."
same_author_same_genre_same_topic,de,literature,8,0.299671567042337,mix_010327,mix_010328,010b1e60eb98fa0ef15f761cc3caa5264c8fa776f16c9136bea495508192b7ef,010b1e60eb98fa0ef15f761cc3caa5264c8fa776f16c9136bea495508192b7ef,136.0,122.0,1.1147540983606556,train,train,candidate,query,german_pd,german_pd,"etfenbled) unb effenbrat^i bur*bie biJrgerl. (£ifenl)anbler^)^.5rani Öloncr, bürgert, i ertvälterie = £ieutcnaht Sofepl) Äiinner , b. m^U 1*) ^l^^^V 2(fo{^ Butter nnb Veter Ärinner/börgert. ©renabterö; bann 3or>ann ^i...","burgerl. Sufelter; — r») bie 6 sgtücf 0?eiba()ren »on bcm Burgerr. ©cfd^mctb^ niad)er Jperrn ©tgmuiib 5)Äüüciv bürged. gufeliev; — , bic <5 3uubltd)ter = Kluppen unb baö ^ifelicren bcc r.;^-. Sluffaßc bur* ben bürgerl..."
same_author_same_genre_same_topic,de,literature,8,0.26261588285271564,mix_011005,mix_011004,7989dc615554c6b24216076513490f0f6811b0ccec2918b38c800a72de7f16f0,7989dc615554c6b24216076513490f0f6811b0ccec2918b38c800a72de7f16f0,120.0,100.0,1.2,train,train,candidate,query,german_pd,german_pd,* ©er | Seutföe SWerfut | fcom | 3fa^re 1789. | 3bro SRömif** ftatferttäen SJtajeftftt | ^geeignet. || Vignette. || 9JIU flönigt. ^reufr. unb (SfyurfütftL Sranbenburg. | gnäbigftem ^rtoUegio. | Sßierteä SBiertctja^r. ...,"Serner ersten no# eine rechtmäßige ausgäbe: Som Äarloä | Snfant Don Spanien | *on | griebrieb Scbitter. i! SBien, I bei Sofepb | ^tabel | 1787. 8°. 437 €>. Am ©djlufj be« 5?anbc« ift ein befonbere« iötatt mit folgenbe..."
different_author_same_genre_same_topic,de,literature,8,0.4592487486871224,mix_011682,mix_010942,eeb96a5287465669a2bdac33549d109dbd9c7bfc39652726f8a012c62af44f51,6c3de9b57f83b046e466f3b9c8c4034def58eedbfebd2c41bb14a9e714c8de13,474.0,481.0,1.0147679324894514,train,train,candidate,candidate,german_pd,german_pd,"Wau oerbiube (ich f«fl, in Ottern ti auf Oematt auPomraen ju (affen uub nur bann ju meieren, rcenn tiefe roirfficb angemenbet morben ifl. iuöbefonbere bie Steuern anbetrifft, fo oerpflicbte man ft cf) attgeraein, ti a...","3ttf&Qigteiten gcfteigcrt. So begegnete bem Gfjepaar be§ Departement: d?ef£ (Srccüctij, $crr Söaron oon Änittlingen, unb grüjite nicbt nur auf ä ^ulbreicbftc, fonbcrn blieb aua? Ijcrablaffenb bei ber $rau be§ Steuer^ ..."
different_author_same_genre_same_topic,de,literature,8,0.33741534225991965,mix_010942,mix_010572,6c3de9b57f83b046e466f3b9c8c4034def58eedbfebd2c41bb14a9e714c8de13,29bc1148cf14e15806b7b3d92fba23f4e5ea4745c6754eb8e2debd96e7ebbbef,481.0,324.0,1.4845679012345678,train,train,candidate,query,german_pd,german_pd,"3ttf&Qigteiten gcfteigcrt. So begegnete bem Gfjepaar be§ Departement: d?ef£ (Srccüctij, $crr Söaron oon Änittlingen, unb grüjite nicbt nur auf ä ^ulbreicbftc, fonbcrn blieb aua? Ijcrablaffenb bei ber $rau be§ Steuer^ ...","wichent* ■ Digitiz wJc&enrtid) im ganten £>tte faum ein Salb gefdjlacfc Ut wirb, ©ie meinen finb inbeffen ©ctyweintreiber unb ©tefc&dnbler. SBenn man nun bte in bem Cttt beftnblictyen 121 £aglö*f>ncr unb ^cfcugöer* »a..."
different_author_same_genre_same_topic,de,literature,8,0.3241493453702937,mix_011338,mix_010348,b023f37c21f94dfb0fe8d12dfdd9ea1fd1c4bc48f906e94c90a4b3356fea0ca5,04db8080102993c98533fceeb5e619d45377e92c3f704e8d3b80cd6327d90b1b,308.0,342.0,1.1103896103896105,train,train,candidate,query,german_pd,german_pd,"3. ©ie gebt ba$tn, ein SftedjtSgefd&af t fotte nidjt unter alien Urn* fiduben, fonbern nur unter genriffen 93orau$fefeungen ergeugt roerben. 3m cr f* ett llui> S^eiten 3 a tt faa* n,att * b ^ e SLBiHenSerflaruufl fei ...","i ber ffteifier bereits ju_ flvoj} war* Sftan beforge boeb nidjt, bdg es bnreb fotdfre Sftaaß* regeln ber brtltc^ett 9Weifter $u wenige werben mbebtett, benn in unferm mit 9Mcafd;en iSberfrtllten Stoterlanbe ijt es tt..."
same_author_same_genre_same_topic,hi,social_media,1,0.9846083838932843,mix_031503,mix_031504,0343420ac2f9e1ed9d5f944562b0ed90a1472f8b6be1683be752b3b1db7d0203,0343420ac2f9e1ed9d5f944562b0ed90a1472f8b6be1683be752b3b1db7d0203,130.0,116.0,1.1206896551724137,train,train,candidate,query,exorde,exorde,#विप्रसुदामा_खण्डकाव्य #डिजिटल_साहित्यकार #डिजिटलकविएवंलेखक #हिन्दीसाहित्य #अशर्फीलालमिश्र #asharfilalmishra #Digitalpoetauthor #indianpoets #hindipoets #hindiliterature,#शिशिर_ऋतु #डिजिटल_साहित्यकार #हिन्दीसाहित्य #डिजिटलकविएवंलेखक #अशर्फीलालमिश्र #asharfilalmishra #indianpoets #hindipoets #hindiliterature #Digitalpoetauthor
same_author_same_genre_same_topic,hi,social_media,1,0.4341582453727506,mix_032226,mix_032227,6830a9e2895e54fac696c05cd7e3756afc224b12479d8dbf25d4ab677a73cf3a,6830a9e2895e54fac696c05cd7e3756afc224b12479d8dbf25d4ab677a73cf3a,140.0,117.0,1.1965811965811965,train,train,candidate,query,exorde,exorde,"डिजिटल डेस्क, नई दिल्ली। संसद के शीतकालीन सत्र में लोकसभा की सीटिंग अरेंजमेंट को बदल दिया गया है। जिसे लेकर सियासत देखने को मिल रही है।","डिजिटल डेस्क, नई दिल्ली। दिल्ली के पूर्व सीएम और आम आदमी पार्टी के मुखिया अरविंद केजरीवाल ने बड़ा बयान दिया।"
different_author_same_genre_same_topic,hi,social_media,1,0.41075724680868453,mix_032227,mix_033119,6830a9e2895e54fac696c05cd7e3756afc224b12479d8dbf25d4ab677a73cf3a,dfbf7e1dd463cf212e241249019af251dcb5f7f96a42b7e6be227a1f850aa032,117.0,160.0,1.3675213675213675,train,train,query,query,exorde,exorde,"डिजिटल डेस्क, नई दिल्ली। दिल्ली के पूर्व सीएम और आम आदमी पार्टी के मुखिया अरविंद केजरीवाल ने बड़ा बयान दिया।","डिजिटल डेस्क, नई दिल्ली। विदेश मंत्री एस. जयशंकर ने कहा कि अब ये पहले जैसा भारत नहीं है। 2008 में मुंबई के 26/11 आतंकवादी हमले पर कोई एक्शन नहीं लिया गया था।"
different_author_same_genre_same_topic,hi,social_media,1,0.38913027956172785,mix_032226,mix_033119,6830a9e2895e54fac696c05cd7e3756afc224b12479d8dbf25d4ab677a73cf3a,dfbf7e1dd463cf212e241249019af251dcb5f7f96a42b7e6be227a1f850aa032,140.0,160.0,1.1428571428571428,train,train,candidate,query,exorde,exorde,"डिजिटल डेस्क, नई दिल्ली। संसद के शीतकालीन सत्र में लोकसभा की सीटिंग अरेंजमेंट को बदल दिया गया है। जिसे लेकर सियासत देखने को मिल रही है।","डिजिटल डेस्क, नई दिल्ली। विदेश मंत्री एस. जयशंकर ने कहा कि अब ये पहले जैसा भारत नहीं है। 2008 में मुंबई के 26/11 आतंकवादी हमले पर कोई एक्शन नहीं लिया गया था।"
different_author_same_genre_same_topic,hi,social_media,1,0.29303668102091696,mix_032551,mix_032878,92894122dbb443013fc40220cf1f26d6876d9b564d95346c3203e684ab055d65,bd98730cd656f919f05fb314f18d5da1a5787e7baeb686e3574b2ab39ddeb412,112.0,169.0,1.5089285714285714,train,train,candidate,candidate,exorde,exorde,District level पे आंदोलन को बढ़ाया जाए। 07/12/2024 को 38 जिले के सारे कलेक्ट्रेट पे सभी स्टूडेंट अनिश्चितकालीन धरना प्रदर्शन करे ।,क्या इसमें युवा को छोड़ दिया डोमिसाइल पर कुछ बोलने के लिए कहे कंचन जी आप भी स्टूडेंट रहे हैं एक स्टूडेंट ही स्टुडेंट हाल जन सकता है कृपा कर कर डोमिसाइल पर भी ध्यान दीजिए
same_author_same_genre_same_topic,hi,social_media,2,0.774953028979707,mix_032190,mix_032191,6391f3e3be882c11a7df7f2029bf0a5e8a3b2dbd8408b624ac9a38ad7eedb57b,6391f3e3be882c11a7df7f2029bf0a5e8a3b2dbd8408b624ac9a38ad7eedb57b,267.0,252.0,1.0595238095238095,train,train,candidate,query,exorde,exorde,"#राधास्वामीपंथ_का_महाखुलासा राधास्वामी पंथ के प्रवर्तक शिवदयाल जी के कोई गुरु नहीं थे। क्या यही वजह थी राधास्वामी पंथ प्रवर्तक स्वयं भूत, प्रेत योनि को प्राप्त कर अपनी शिष्या बुक्की में बोला करता था। जानने के लिए देखि...","#राधास्वामीपंथ_का_महाखुलासा श्री शिवदयाल जी (राधास्वामी पंथ के प्रवर्तक) ने इतना हठयोग/तप किया फिर भी उनका मोक्ष क्यों नहीं हुआ, वे मृत्यु उपरांत प्रेत क्यों बने? जानने के लिए देखिये यह चौंकाने वाली अद्भुत वीडियो ""कबी..."
same_author_same_genre_same_topic,hi,social_media,2,0.18562981212577678,mix_031519,mix_031520,05248a98afeedb293ab9f408fe78d320e9c19bf460de6f475cafdd9a0209ee8a,05248a98afeedb293ab9f408fe78d320e9c19bf460de6f475cafdd9a0209ee8a,260.0,260.0,1.0,train,train,candidate,query,exorde,exorde,हर हर महादेव नितीश बाबू जी राक्षसों ने आपका क्या हाल कर दिया था पग पग अपमानित करते थे पल पल साजिश की बू आती रही आपको कितना मानसिक दबाव था आप पर लाल बहादुर शास्त्री जी की तरह आप इतिहास लिखें मोदी राज में अपना नाम बड़ा ...,"महादेव देवता केवल भारत में काम आई पढ़ाई मदरसा की भारत को होनहार IS, PCS जो दिया है उर्दू पढ़ा के दुनिया में अपना अलग मजा है सातवे वेतन आयोग का मतलब सरकारी नौकरी और हम लोग 95 का कर्ज उतार रहे है सरकार को ये सब क्यों नह..."
same_author_same_genre_same_topic,hi,social_media,2,0.06214357871127618,mix_032598,mix_032599,970354dc463f7f19a9feb5e0e908ae79b4da41157933d0895dcd6061ef10bbfb,970354dc463f7f19a9feb5e0e908ae79b4da41157933d0895dcd6061ef10bbfb,232.0,145.0,1.6,train,train,candidate,query,exorde,exorde,"5. मोदी सरकार की भूमिका: मोदी सरकार अगर सही रणनीति अपनाए, तो भारत वैश्विक सप्लाई चेन में एक महत्वपूर्ण भूमिका निभा सकता है। ""मेक इन इंडिया"" और ""आत्मनिर्भर भारत"" पहल को बढ़ावा देकर भारत इन उद्योगों में अपना स्थान मजबूत...","यह कहानी केवल मैनपुरी की नहीं है, बल्कि पूरे सिस्टम पर एक सवालिया निशान है। जनता का हक मांगना अगर गुनाह बन गया है, तो लोकतंत्र का क्या अर्थ रह जाता है?"
different_author_same_genre_same_topic,hi,social_media,2,0.6171708237017979,mix_032191,mix_031714,6391f3e3be882c11a7df7f2029bf0a5e8a3b2dbd8408b624ac9a38ad7eedb57b,201fb7c6bc4b14fe52d3bc283f4740245d41bf65e5e117a3d0b3ce014ad8296d,252.0,159.0,1.5849056603773586,train,train,query,query,exorde,exorde,"#राधास्वामीपंथ_का_महाखुलासा श्री शिवदयाल जी (राधास्वामी पंथ के प्रवर्तक) ने इतना हठयोग/तप किया फिर भी उनका मोक्ष क्यों नहीं हुआ, वे मृत्यु उपरांत प्रेत क्यों बने? जानने के लिए देखिये यह चौंकाने वाली अद्भुत वीडियो ""कबी...",#कबीर का ज्ञान सच्चा या राधा स्वामी पंथ का।150 वर्ष पुराने पंथ का महा खुलासा कबीर सवा ज्ञान सच्चा या राधास्वामी पंथ का? Facthu BIG DEBATE देखिए आज दोपहर 12:00PM Factful Debates चैनल पर ।
different_author_same_genre_same_topic,hi,social_media,2,0.2563594045483839,mix_032598,mix_031520,970354dc463f7f19a9feb5e0e908ae79b4da41157933d0895dcd6061ef10bbfb,05248a98afeedb293ab9f408fe78d320e9c19bf460de6f475cafdd9a0209ee8a,232.0,260.0,1.1206896551724137,train,train,candidate,query,exorde,exorde,"5. मोदी सरकार की भूमिका: मोदी सरकार अगर सही रणनीति अपनाए, तो भारत वैश्विक सप्लाई चेन में एक महत्वपूर्ण भूमिका निभा सकता है। ""मेक इन इंडिया"" और ""आत्मनिर्भर भारत"" पहल को बढ़ावा देकर भारत इन उद्योगों में अपना स्थान मजबूत...","महादेव देवता केवल भारत में काम आई पढ़ाई मदरसा की भारत को होनहार IS, PCS जो दिया है उर्दू पढ़ा के दुनिया में अपना अलग मजा है सातवे वेतन आयोग का मतलब सरकारी नौकरी और हम लोग 95 का कर्ज उतार रहे है सरकार को ये सब क्यों नह..."
different_author_same_genre_same_topic,hi,social_media,2,0.2102880176033447,mix_032781,mix_031807,aedfdbd9fbafa800e2a7fb8fb9a2a5754a34f1da58b363701b77c8e9e3ecd3f9,2c322f352d0dc9b95a00ab831f4451a306c3292c01c07479895b0663246143ee,265.0,262.0,1.0114503816793894,train,train,query,query,exorde,exorde,"मुझे कुछ समझ नहीं आ रहा है आप क्यों नहीं समझते हो में कितनी परेशानी में हु सिर्फ़ उपदेश दे कर चली जाती हो, परिवार हेतु कुछ मुझे काम करना होगा 1 साल से फालतू टाइम खराब किया है घूमने में सब लोग साले कलयुग फर्जी है कोई क...",प्रधानमंत्री नरेंद्र मोदी जी उनकी सरकार संसद में क्यों नहीं देती देश के बाहर भाषणों में क्यों नहीं बताते लंबी-लंबी बातें जुमलेबाजी करते रहते हैं काम की बात सच्चाई की बात क्यों नहीं करते देश की जनता के साथ राजनीति क्यो...
same_author_same_genre_same_topic,hi,social_media,3,0.3272054825008208,mix_031954,mix_031953,3fe97ce4b0e503ae7638008ff8d875a61a7d12fe30b44c11bfee8cdcb9572f3a,3fe97ce4b0e503ae7638008ff8d875a61a7d12fe30b44c11bfee8cdcb9572f3a,248.0,267.0,1.0766129032258065,train,train,candidate,query,exorde,exorde,"चांदी की बढ़ती कीमत डॉलर की नाजुकता को उजागर करती है और वित्तीय प्रणाली में स्थिरता के भ्रम को कम करती है। 920 मिलियन डॉलर का जुर्माना (2020 में) न्याय की तरह लग सकता है, लेकिन यह जेपी मॉर्गन के लिए एक करारा तमाचा था।...","इस हेरफेर ने चांदी की कीमतों को दबा दिया, जिससे जेपी मॉर्गन को कीमती धातु के वास्तविक मूल्य को विकृत करते हुए बड़े पैमाने पर लाभ कमाने का मौका मिला। चांदी को क्यों दबाया जाए? यह केवल लाभ के बारे में नहीं है। चांदी का ..."
different_author_same_genre_same_topic,hi,social_media,3,0.3815087634277088,mix_031656,mix_033086,197490a84892557acfe001db91851cdbef06f92faca4f0d468aa80ab695e1cfe,dc044563d9c680b8a5a379d333403d564388f0c92d5d3bd019f694d6850f3d1c,243.0,227.0,1.0704845814977975,train,train,candidate,query,exorde,exorde,"बहुत ही गहरी और सच्ची बात कही गई है। सही इंसान का प्यार वाकई हमारी आत्मा को सुकून देता है और हमें अपनी खोई हुई अच्छाइयों और आत्मविश्वास को फिर से पाने में मदद करता है। ये प्यार सिर्फ हमें healed नहीं करता, बल्कि हमें ...","हमें अपने काम पर ध्यान देना है , कुछ लोग बेवजह जलते भी है और मानसिक रूप से हारे‌ हुए इंसान गाली गलौज भी करते हैं लेकिन हमें कोई फर्क नहीं पड़ता । आप सभी का प्यार प्रेम और विश्वास आशीर्वाद हमेशा बना रहे यही आशा करता हू..."
different_author_same_genre_same_topic,hi,social_media,3,0.2589401468924899,mix_031964,mix_031994,41c878d309ca0a5b3c2c624fa984c6a8e62704da5f7d6c9562940a4e3cbba7b6,45cc3cacd92f7186f9e939856bc380e2ed2c7502caf3875cdbfd54a7860ad706,232.0,259.0,1.1163793103448276,train,train,candidate,candidate,exorde,exorde,धन्यवाद पटना पुलिस त्वरित कार्यवाही के लिए और ऐसे लोगों पर जितना ज्यादा से ज्यादा स्ट्रिक्ट एक्शन हो सके ले इसका ठेकेदारी का लाइसेंस रद्द जरूर कराएं जिसपर ये नवाबी झाड़ रहे थे बैंक में। ऐसे लोगो के कारण ही हमारा बिहार...,"वादे नारे की बाते हिन्दू हित की नही होती भाई 3 साल से ज्यादा हो गए NRC बिल पास हुए अब तक एक भी घुसपैठिये पर कार्यवाही नही हुई, श्री राम मंदिर के लिए सदा आभारी रह सकते है कोर्ट के फैसले और मोदी योगी के अच्छे कार्य के ल..."
different_author_same_genre_same_topic,hi,social_media,3,0.25684966774966855,mix_033084,mix_032539,dbced540aaa8083b3b3c99ec18e77b0cd4037c8d3af4dc16522c532a00c2e17b,90e31de58eac4b28c20211273fb2452c2eeddb262b6f05bb5543127a54616fcb,123.0,90.0,1.3666666666666667,train,train,query,query,exorde,exorde,"यह बहुत कुछ उस खामोशी या संकोच को व्यक्त करता है जो हम अक्सर महसूस करते हैं, खासकर जब हमारे दिल में कोई भारी भावनाएं होती हैं।","हमारा व्यक्तित्व हमें अंदर से परिभाषित करता है, जबकि हमारा व्यवहार हमें बाहर से परिभाषित करता है"
same_author_same_genre_same_topic,hi,social_media,4,0.5565073834159103,mix_032303,mix_032304,721031f7d2461062c6963c75703b7bb19c75518b424f746e40d4814d2d50b227,721031f7d2461062c6963c75703b7bb19c75518b424f746e40d4814d2d50b227,94.0,85.0,1.1058823529411765,train,train,candidate,query,exorde,exorde,पटना : BPSC अभ्यर्थियों पर लाठी चार्ज का मुद्दा...छात्र नेता दिलीप की गिरफ्तारी से नाराजगी #Bihar #bpscnormalization,BPSC Candidate Protest : BPSC ऑफिस के बाहर अभ्यर्थियों का आंदोलन...BPSC अभ्यर्थियों पर लाठीचार्ज #Bihar #BPSC #BPSCCandidateProtest
same_author_same_genre_same_topic,hi,social_media,4,0.45322653478075536,mix_032142,mix_032143,5cec8fab2b3e8eb94014109348a8774e7dfffa8b3374ba0e4bbe5d49d628c18d,5cec8fab2b3e8eb94014109348a8774e7dfffa8b3374ba0e4bbe5d49d628c18d,177.0,159.0,1.1132075471698113,train,train,candidate,query,exorde,exorde,मेडिटेशन का सीधा सा अर्थ है लगातार के अभ्यास से अपनी इंद्रियों को नियंत्रित करना। लेकिन पूर्ण संत इस तरह के अभ्यास को क्षणिक लाभ देने वाला बताते हैं #ध्यान_की_सही_विधि_और_लाभ Right Way Of Meditation,"मेडिटेशन की सही विधि क्या है? मेडिटेशन (ध्यान / प्रभु के नाम) की सही विधि कबीर साहेब ने बताई है:- नाम उठत नाम बैठत, नाम सोवत जागवे। #ध्यान_की_सही_विधि_और_लाभ Right Way Of Meditation"
different_author_same_genre_same_topic,hi,social_media,4,0.3276058249024194,mix_032211,mix_032889,6623fd274e3b1d35ecf9adfb5174d125d2b659d4b3f739d58e90ea7dd07cdf4a,bfd96c7b87de38490c3675d5746419ce09444b87c93c819eb8c0aea1e737cd4f,202.0,151.0,1.3377483443708609,train,train,query,query,exorde,exorde,#विश्व_में_पूर्णगुरु_कौन_है पूर्ण गुरु वही होता है जो व्यर्थ की हठ है साधना में अपने शिष्य को नहीं फसता पूर्ण गुरु सहज समाधि अभ्यास बताता है जिसमे शिष्य परमात्मा के नाम को कभी भी जाप कर सकता है #CompleteGuruSantRampalJi,#dhyana #RightWayToMeditate #spirituality #god #chakra #mantra #SaintRampalJi #KabirisGod पूर्ण गुरु से दीक्षा लेकर फिर परमात्मा के गुणों का चिन्तन करना ही ध्यान (मेडिटेशन) है। इसी में मानव जीवन की सफलता है।
different_author_same_genre_same_topic,hi,social_media,4,0.24903474212696153,mix_031715,mix_032156,201fb7c6bc4b14fe52d3bc283f4740245d41bf65e5e117a3d0b3ce014ad8296d,5ebe9a0a8294d89ef210787b92c1b43426a01518a35281778c66421278799ef5,140.0,163.0,1.1642857142857144,train,train,candidate,query,exorde,exorde,"#जाति_मनुष्यकी_अशांति_का_कारण जीव हमारी जाति है, मानव धर्म हमारा। हिन्दू मुस्लिम सिख ईसाई, धर्म नहीं कोई न्यारा।। Living Being Is Our Race for more information Visit - Us Satlok Ashram YouTube channel","#AlmightyGodKabir सर्वशक्तिमान परमेश्वर कबीर अमृत की खान कबीर, ये तन विष की बेलड़ी, गुरु अमृत की खान। शीश दिए जो गुरु मिले, तो भी सस्ता जान।। Kindly visit (SANT RAMPAL JI MAHARAJ )Youtube Channel for more information ..."
different_author_same_genre_same_topic,hi,social_media,4,0.23340237768973293,mix_032211,mix_032156,6623fd274e3b1d35ecf9adfb5174d125d2b659d4b3f739d58e90ea7dd07cdf4a,5ebe9a0a8294d89ef210787b92c1b43426a01518a35281778c66421278799ef5,202.0,163.0,1.2392638036809815,train,train,query,query,exorde,exorde,#विश्व_में_पूर्णगुरु_कौन_है पूर्ण गुरु वही होता है जो व्यर्थ की हठ है साधना में अपने शिष्य को नहीं फसता पूर्ण गुरु सहज समाधि अभ्यास बताता है जिसमे शिष्य परमात्मा के नाम को कभी भी जाप कर सकता है #CompleteGuruSantRampalJi,"#AlmightyGodKabir सर्वशक्तिमान परमेश्वर कबीर अमृत की खान कबीर, ये तन विष की बेलड़ी, गुरु अमृत की खान। शीश दिए जो गुरु मिले, तो भी सस्ता जान।। Kindly visit (SANT RAMPAL JI MAHARAJ )Youtube Channel for more information ..."
same_author_same_genre_same_topic,hi,social_media,5,0.7419587602904709,mix_031538,mix_031537,08105a1f34e610e6f45b83710c0dbfa6ea111fa92233141d5174bea1d2677ba8,08105a1f34e610e6f45b83710c0dbfa6ea111fa92233141d5174bea1d2677ba8,183.0,153.0,1.196078431372549,train,train,candidate,query,exorde,exorde,कुक्षी के ग्राम दोगांवा में आयोजित हुए #वृहद_स्वास्थ्य_शिविर में श्री अरबिंदो कॉलेज ऑफ के डॉक्टर्स द्वारा मरीजों के आंखों और कानों का इलाज किया गया। #हेल्थ_कैम्प #Health_Camp @healthminmp @JansamparkMP,कुक्षी के ग्राम दोगांवा में आयोजित हुए #वृहद_स्वास्थ्य_शिविर में शिशुरोग विशेषज्ञों द्वारा शिशुओं की भी जांच की गई। #हेल्थ_कैम्प #Health_Camp @healthminmp @JansamparkMP
same_author_same_genre_same_topic,hi,social_media,5,0.7123844926636311,mix_033216,mix_033217,ef20512a3c3c62db9bfdfcd426329d59e694c1e7af26fb321d60859ddbf2edf5,ef20512a3c3c62db9bfdfcd426329d59e694c1e7af26fb321d60859ddbf2edf5,194.0,167.0,1.1616766467065869,train,train,candidate,query,exorde,exorde,Adelaide Test Ind vs Aus 2024: भारत और ऑस्ट्रेलिया के बीच बॉर्डर गावस्कर का दूसरा टेस्ट मैच एडिलेड में खेला जा रहा है। इस डे नाइट टेस्ट मैच में एक बार फिर अंपायर के द्वारा की गई गलती विवाद का कारण बन गया है।,भारत और ऑस्ट्रेलिया के बीच एडिलेड में डे नाइट टेस्ट मैच चल रहा है। यह मैच पिंक बॉल से खेला जा रहा है। इस मुकाबले में एक कॉमेडी सीन भी देखने को मिली है। Adelaide Pink ball Tes IND vs AUS 2024:
same_author_same_genre_same_topic,hi,social_media,5,0.5389205594156707,mix_032745,mix_032744,aa796249741e4efd950532f79dc05f544daf757f6f6c0e71bb794fe4cf2aebb0,aa796249741e4efd950532f79dc05f544daf757f6f6c0e71bb794fe4cf2aebb0,195.0,154.0,1.2662337662337662,train,train,candidate,query,exorde,exorde,OnePlus 13 Launch: स्मार्टफोन निर्माता कंपनी वनप्लस (OnePlus) जल्द ही अपना बहुप्रतिक्षित स्मार्टफोन वनप्लस 13 (OnePlus 13) को भारतीय मार्केट में लॉन्च करने वाली है. इस फोन को ई-कॉमर्स साइट अमेजन (Amazon) लिस्ट कर दिया...,"One UI 7 Launch: Samsung के स्मार्टफोन्स चलाने वाले यूजर्स के लिए एक खुशखबरी है. दरअसल, कंपनी ने अपना एडवांस सॉफ़्टवेयर अपडेट One UI 7 को ग्लोबली लॉन्च कर दिया है."
different_author_same_genre_same_topic,hi,social_media,5,0.4959387297899511,mix_031671,mix_033216,1b391c21eea63a68ecd952ab21c9ecf6c96750c5d95fe5aa668f8c08fb1503a6,ef20512a3c3c62db9bfdfcd426329d59e694c1e7af26fb321d60859ddbf2edf5,169.0,194.0,1.1479289940828403,train,train,candidate,candidate,exorde,exorde,"Mohammed Siraj Fastest Ball IND vs AUS 2nd Test: बॉर्डर-गावस्कर ट्रॉफी 2024 में एडिलेड टेस्ट मैच का पहला दिन भारतीय टीम के लिए निराशाजनक रहा. टीम इंडिया मात्र 180 रन बनाकर ऑलआउट हो गई, फिर मेजबान",Adelaide Test Ind vs Aus 2024: भारत और ऑस्ट्रेलिया के बीच बॉर्डर गावस्कर का दूसरा टेस्ट मैच एडिलेड में खेला जा रहा है। इस डे नाइट टेस्ट मैच में एक बार फिर अंपायर के द्वारा की गई गलती विवाद का कारण बन गया है।
different_author_same_genre_same_topic,hi,social_media,5,0.48686457717299547,mix_033317,mix_033217,fe3bd42198987abc824710d521f62cd0d74220325094a99251c227ce45fb0533,ef20512a3c3c62db9bfdfcd426329d59e694c1e7af26fb321d60859ddbf2edf5,166.0,167.0,1.0060240963855422,train,train,query,query,exorde,exorde,IND vs AUS: गुलाबी गेंद के डे-नाइट टेस्ट मैच में ऑस्ट्रेलिया ने अपनी पहली पारी में सभी विकेट खोकर 337 रन बनाए. ट्रेविस हेड ने शानदार शतक लगाकर ऑस्ट्रेलिया को 157 रन की लीड दिलाई.,भारत और ऑस्ट्रेलिया के बीच एडिलेड में डे नाइट टेस्ट मैच चल रहा है। यह मैच पिंक बॉल से खेला जा रहा है। इस मुकाबले में एक कॉमेडी सीन भी देखने को मिली है। Adelaide Pink ball Tes IND vs AUS 2024:
different_author_same_genre_same_topic,hi,social_media,5,0.486642988963196,mix_032215,mix_032535,66a899bdf0394ea50ee8189371ff8410ae20072e3c67ae9e327567f2d559eac4,9071867f76104b4bdadfa409d6aec3b6747fedd5c3b42d16ecb2e6b9a0583137,75.0,89.0,1.1866666666666668,train,train,candidate,query,exorde,exorde,"झारखंड में कैबिनेट विस्तार की तैयारी, JMM ने तय किए 6 नाम #JharkhandElection2024 #JMM #ATDigital",बीजेपी में चुनावी हार पर जारी मंथन को लेकर सत्ता पक्ष ने निशाना साधा. #JharkhandPolitics #JharkhandNews #Jharkhand #JMM #Politics #BJP
same_author_same_genre_same_topic,hi,social_media,6,0.3680287139410324,mix_033038,mix_033037,d474cf67b034021a8301aa29e51f07818fab0237360fd199a8946577bacaf773,d474cf67b034021a8301aa29e51f07818fab0237360fd199a8946577bacaf773,192.0,253.0,1.3177083333333333,train,train,candidate,query,exorde,exorde,"श्रीमद्भगवद्गीता सिद्धांत: गीता हमें बिना किसी इनाम या पहचान की इच्छा के निस्वार्थ कर्म करने के लिए प्रेरित करती है। Shri Krishna कहते है कि हमें कर्म पर ध्यान केंद्रित करना चाहिए, न कि उसके फल पर। Sant Shri Asharamji...","जी जीवन के सर्वांगीण विकास के लिए श्रीमद्भगवदगीता ग्रंथ अद्भुत है,विश्व की 578 भाषाओं में भगवद्गीता का अनुवाद हो चुका है। हर भाषा में कई चिन्तकों, विद्वानों द्वारा मीमांसाएं की है अभी भी हो रही है। Sant Shri Asharamji..."
same_author_same_genre_same_topic,hi,social_media,6,0.35850238897895137,mix_032993,mix_032994,cdc9acd35a2787ef8856b9a768ab3f954f61c93518bf9c1c9ab034bd04e9ecb7,cdc9acd35a2787ef8856b9a768ab3f954f61c93518bf9c1c9ab034bd04e9ecb7,102.0,128.0,1.2549019607843137,train,train,candidate,query,exorde,exorde,"भगवान करे आप हमेशा प्राकृतिक, सहज और स्वाभाविक बने रहें, जिससे आपके जीवन में सामर्थ्य और संतुलन बना रहे।","आपके जीवन में सुख, शांति और समृद्धि हमेशा बनी रहे। ईश्वर से यही प्रार्थना है कि हर कदम पर सफलता आपके साथ हो और आपके सारे सपने पूरे हों।"
same_author_same_genre_same_topic,hi,social_media,6,0.20911814915730864,mix_033172,mix_033171,e9dd576583ccee1d8971728e3b814aba80deaaabc2b1e8936b579786a45ca2df,e9dd576583ccee1d8971728e3b814aba80deaaabc2b1e8936b579786a45ca2df,265.0,193.0,1.3730569948186528,train,train,candidate,query,exorde,exorde,"ॐ सूर्याय नमः सूर्य देवता की उपासना से जीवन में शक्ति, ऊर्जा, और सकारात्मकता का संचार होता है। उनका दिव्य प्रकाश न केवल शारीरिक स्वास्थ्य को बढ़ाता है, बल्कि मानसिक और आध्यात्मिक उन्नति में भी मदद करता है। आपकी यह भक्...","“ॐ शं शनैश्चराय नमः” यह मंत्र शनिदेव की पूजा का एक महत्वपूर्ण हिस्सा है, जो हमें शांति, साहस और जीवन में संतुलन प्रदान करता है। शनिदेव की कृपा से ही व्यक्ति के जीवन के संकट और कठिनाइयाँ दूर होती हैं।"
different_author_same_genre_same_topic,hi,social_media,6,0.6152252514196738,mix_032099,mix_032842,573bce96584213a932ec4ee45d680f4a24ea2187f186f2a937d955ef9f950d36,b730c45cdbcf9d922a9a73a80ce7d8e436d369e6ce576556c9774101b0120cf7,240.0,224.0,1.0714285714285714,train,train,query,query,exorde,exorde,"जब से आई है विष्णु की सत्ता, मूल्यवान हो गया है तेंदू का पत्ता मुख्यमंत्री श्री @vishnudsai के नेतृत्व वाली सुशासन की सरकार ने तेंदूपत्ता का दाम ₹4000 प्रतिमानक बोरा से ₹5500 प्रतिमानक बोरा कर #तेंदूपत्ता संग्राहकों क...",मुख्यमंत्री श्री विष्णु देव साय के जनहितैषी निर्णय ने तेंदूपत्ता संग्राहकों को आर्थिक संबल दिया है। वादे के अनुरूप मुख्यमंत्री श्री साय ने तेंदूपत्ता संग्रहण पारिश्रमिक में 1500 रुपये की बढ़ोतरी की। #SushasanKaEkSal #...
different_author_same_genre_same_topic,hi,social_media,6,0.36122771612960625,mix_032008,mix_032665,48118192e6b4cca142fa3d634c3949e56e6ea00bcc43a5b6f19df100a3d76783,a23b480717560d885128fa3b2e6cc1beb914454049c6cbc31e55d94a41c13ad0,91.0,87.0,1.0459770114942528,train,train,query,query,exorde,exorde,"ॐ शं शनैश्चराय नमः! शनि देव महाराज की कृपा से जीवन में न्याय, समृद्धि और शांति बनी रहे।","""भगवान का आशीर्वाद सदा आप पर बना रहे और आपका जीवन सुख, शांति और समृद्धि से भर जाए।"""
different_author_same_genre_same_topic,hi,social_media,6,0.3374013287711397,mix_032994,mix_032665,cdc9acd35a2787ef8856b9a768ab3f954f61c93518bf9c1c9ab034bd04e9ecb7,a23b480717560d885128fa3b2e6cc1beb914454049c6cbc31e55d94a41c13ad0,128.0,87.0,1.471264367816092,train,train,query,query,exorde,exorde,"आपके जीवन में सुख, शांति और समृद्धि हमेशा बनी रहे। ईश्वर से यही प्रार्थना है कि हर कदम पर सफलता आपके साथ हो और आपके सारे सपने पूरे हों।","""भगवान का आशीर्वाद सदा आप पर बना रहे और आपका जीवन सुख, शांति और समृद्धि से भर जाए।"""
same_author_same_genre_same_topic,hi,social_media,7,0.4019477296223697,mix_032288,mix_032289,6ff7b2afa532a0b28fcfc658915e353301271bf9827a501e13ef1cfdaca3005b,6ff7b2afa532a0b28fcfc658915e353301271bf9827a501e13ef1cfdaca3005b,178.0,253.0,1.4213483146067416,train,train,candidate,query,exorde,exorde,"#Kannauj समाज कल्याण मंत्री असीम अरुण आज जिले में रहेंगे मौजूद, जिले में हो रहे सामूहिक विवाह कार्यक्रम में होंगे शामिल, PSM कॉलेज में आयोजित सामूहिक विवाह कार्यक्रम में होंगे शामिल। @asim_arun","#Dehradun सीएम पुष्कर सिंह धामी का आज का कार्यक्रम, 1 बजे होमगार्ड मुख्यालय के कार्यक्रम में जाएंगे, 3.30 बजे ओंकारेश्वर मंदिर में पाण्डव नृत्य कार्यक्रम, 5.20 बजे ग्राम सारी में एक कार्यक्रम में शामिल होंगे, कल सुबह ..."
different_author_same_genre_same_topic,hi,social_media,7,0.4028526309156234,mix_032811,mix_032696,b40af7d8d472fa54b677fa21f6658df7bdd2fb571afcaca70a2d890de57f9813,a61a9b9562b8d1acee8e12c9ed65f690a5041dcab18437e98ef2691b1024e096,210.0,258.0,1.2285714285714286,train,train,candidate,query,exorde,exorde,"पीएम मोदी को मिली जान से मारने की धमकी, मुंबई पुलिस को एक धमकी भरा मैसेज मिला, मैसेज में PM मोदी को निशाना बनाने की धमकी दी गई है. एक रिपॉर्ट के मुताबिक व्हाट्सएप संदेश में दो ISI एजेंट्स का जिक्र किया गया था.. #PMMod...","#PM प्रधानमंत्री नरेन्द्र मोदी को जान से मारने की धमकी मिली है मुंबई ट्रैफिक कंट्रोल रूम को एक धमकी भरा कॉल आया,जिसमें कॉलर ने प्रधानमंत्री को जान से मारने की साजिश का जानकारी दी। इस कॉल के बाद सुरक्षा एजेंसियों ने तु..."
different_author_same_genre_same_topic,hi,social_media,7,0.3381599258850816,mix_033023,mix_031613,d28c5627a8091e127226bf24a0224e4d269f35c61944615ff58843c12bb6c819,141fa4d71551366232d9656dffef9299c7667acd178196224e9a1eac4791ee76,271.0,263.0,1.0304182509505704,train,train,query,query,exorde,exorde,आज शिमला में बुशहर दुग्ध उत्पादक संघ के एक प्रतिनिधिमंडल ने भेंट की। गाय और भैंस के दूध पर एमएसपी लागू होने से किसानों की आत्मनिर्भरता को पंख मिले हैं। ग्रामीण अर्थव्यवस्था को नई ऊंचाई देने के लिए हमारी सरकार निरंतर प...,आज शाम मुख्यमंत्री ठाकुर सुखविंद्र सिंह सुक्खू ने BCS स्कूल शिमला के खेल मैदान में नेट पर अभ्यास किया और कल सद्भावना क्रिकेट टूर्नामेंट का शुभारंभ करेंगे। मुख्यमंत्री ने कहा कि इस टूर्नामेंट का उद्देश्य समाज में नशीली...
different_author_same_genre_same_topic,hi,social_media,7,0.29921890404458595,mix_032501,mix_031749,8bc45f5ec61ff6878c55da469ea21dda55e88816390504aba5b4eca74a7a8f6b,24efee026e31ba1b8af143054db5d00d4f0d11ac3401bc68fecb8d827e6cce8f,264.0,267.0,1.0113636363636365,train,train,candidate,query,exorde,exorde,"विदेश मंत्री @DrSJaishankar ने Doha Forum 2024 की एक समूह परिचर्चा में भारत और वैश्विक हितों पर क्षेत्रीय अस्थिरता के व्‍यापक प्रभावों का उल्‍लेख किया है। उन्‍होंने कहा, भारत का व्‍यापक व्‍यापार है और भूमध्‍य सागरीय त...",आज नया रायपुर स्थित आवासीय कार्यालय में केशकाल विधानसभा क्षेत्र के पूर्व विधायक मा. श्री सेवकराम नेताम जी सहित क्षेत्र के अन्य सम्मानित नागरिकों ने सौजन्य भेंट कर मेरे स्वास्थ्य एवं कुशलक्षेम की जानकारी ली तथा अपनी शु...
same_author_same_genre_same_topic,hi,social_media,8,0.4924458632111355,mix_031664,mix_031663,19ee9b614109d11c977e47b0c2749616d208feff65c9488f1668e3ccece6a538,19ee9b614109d11c977e47b0c2749616d208feff65c9488f1668e3ccece6a538,159.0,162.0,1.0188679245283019,train,train,candidate,query,exorde,exorde,"UP काॅलेज के बाहर हंगामा : पुलिस ने छात्रों को अंदर जाने से रोका, हनुमान चालीसा पढ़ने की जिद; हुई धक्कामुक्की https://amarujala.com/uttar-pradesh/varanasi/ruckus-outside-up-college-police-stopped-students-insisted-rec...","BSF जवान के मकान से 25 लाख की चोरी : घर में सो रहे बच्चों को नहीं लगी भनक, बेटी की शादी का सामान उठा ले गए चोर https://amarujala.com/uttar-pradesh/varanasi/about-25-lakh-stolen-bsf-jawan-house-in-varanasi-children-sle..."
same_author_same_genre_same_topic,hi,social_media,8,0.4577602782352632,mix_032021,mix_032022,4a17197e2a898ced955ba88d0a96728e3619c855b1341e0ba39b997a5993e59e,4a17197e2a898ced955ba88d0a96728e3619c855b1341e0ba39b997a5993e59e,218.0,244.0,1.1192660550458715,train,train,candidate,query,exorde,exorde,#SP_कौशाम्बी के निर्देशन में जनपद में शांति एवं कानून व्यवस्था को सुदृढ़ बनाए रखने हेतु थाना कड़ाधाम पुलिस बल द्वारा थाना क्षेत्र में पैदल गस्त की गई तथा आमजनमानस से वार्ता कर सुरक्षा का भरोसा दिलाया गया। #UPPolice #k...,"महिला थाना पुलिस टीम द्वारा थाना मंझनपुर अंतर्गत कस्बा मंझनपुर में पैदल गश्त/भ्रमण कर चेकिंग किया गया एवं मनचलो पर नजर रखी गयी तथा महिलाओं को शासन द्वारा चलाये जा रहे हेल्प लाइन नम्बरों- 1090,1098,1076,112,आदि को बता ..."
same_author_same_genre_same_topic,hi,social_media,8,0.3994288538555172,mix_031649,mix_031648,18331f914f7ca075bc77e361eba73793b2fdfcaefb862a0baf0bef9764f3806f,18331f914f7ca075bc77e361eba73793b2fdfcaefb862a0baf0bef9764f3806f,84.0,116.0,1.380952380952381,train,train,candidate,query,exorde,exorde,"MP के छात्र मेधांश ने तैयार किया मानव ड्रोन, चार किमी ऊंचाई तक जा सकता है \nwww.naidunia.com/madhya-prade...",मध्य प्रदेश हाई कोर्ट ने पूछा- ओबीसी को जनसंख्या के अनुपात में क्यों नहीं दे रहे आरक्षण का लाभ\nwww.naidunia.com/madhya-prade...\n\n#MadhyaPradesh #MPHighCourt
different_author_same_genre_same_topic,hi,social_media,8,0.6211271233154629,mix_032021,mix_031605,4a17197e2a898ced955ba88d0a96728e3619c855b1341e0ba39b997a5993e59e,13ecda8993f7a2c4e22ac89b4bfca651936f0906c31b7bf19ba982762c4b1306,218.0,192.0,1.1354166666666667,train,train,candidate,query,exorde,exorde,#SP_कौशाम्बी के निर्देशन में जनपद में शांति एवं कानून व्यवस्था को सुदृढ़ बनाए रखने हेतु थाना कड़ाधाम पुलिस बल द्वारा थाना क्षेत्र में पैदल गस्त की गई तथा आमजनमानस से वार्ता कर सुरक्षा का भरोसा दिलाया गया। #UPPolice #k...,#BijnorPolice थाना किरतपुर पुलिस द्वारा थाना क्षेत्रान्तर्गत शांति एवं कानून व्यवस्था तथा आमजन में सुरक्षा का भाव जागृत करने के उद्देश्य से मुख्य मार्गाे व अन्य भीड़ वाले स्थानों पर पैदल गस्त की गई। #UPPolice
different_author_same_genre_same_topic,hi,social_media,8,0.5330411260510205,mix_032021,mix_033060,4a17197e2a898ced955ba88d0a96728e3619c855b1341e0ba39b997a5993e59e,d858be43c72c07946c65a1fe8575beb995b84daf964339c527d8308ae605b0ea,218.0,254.0,1.165137614678899,train,train,candidate,query,exorde,exorde,#SP_कौशाम्बी के निर्देशन में जनपद में शांति एवं कानून व्यवस्था को सुदृढ़ बनाए रखने हेतु थाना कड़ाधाम पुलिस बल द्वारा थाना क्षेत्र में पैदल गस्त की गई तथा आमजनमानस से वार्ता कर सुरक्षा का भरोसा दिलाया गया। #UPPolice #k...,#Maharajganjpolice पुलिस अधीक्षक महराजगंज के निर्देशन में थाना #पनियरा पुलिस द्वारा अपने थाना क्षेत्र के विभिन्न बैंकों/ATM को चेक किया गया तथा बैंक/एटीएम परिसर में लगे CCTV कैमरों/संदिग्ध व्यक्तियों/वाहनों एवं सुरक्ष...
different_author_same_genre_same_topic,hi,social_media,8,0.47967445935075104,mix_031998,mix_031605,45ecab73b38ffc83e339815a5a973c373284118d470abc6826c82934842a8fae,13ecda8993f7a2c4e22ac89b4bfca651936f0906c31b7bf19ba982762c4b1306,254.0,192.0,1.3229166666666667,train,train,query,query,exorde,exorde,"जनपद लखनऊ में सुरक्षा-व्यवस्था सुदृढ़ बनाने, अपराध एवं अपराधियों पर अंकुश लगाने हेतु विभिन्न थाना क्षेत्रों में महत्वपूर्ण स्थानों/मार्गो/ चौराहो, भीड़ भाड़ वाले इलाकों में @lkopolice द्वारा #फुट_पेट्रोलिंग कर रखी जा ...",#BijnorPolice थाना किरतपुर पुलिस द्वारा थाना क्षेत्रान्तर्गत शांति एवं कानून व्यवस्था तथा आमजन में सुरक्षा का भाव जागृत करने के उद्देश्य से मुख्य मार्गाे व अन्य भीड़ वाले स्थानों पर पैदल गस्त की गई। #UPPolice
same_author_same_genre_same_topic,ko,social_media,0,0.9952594454692838,mix_038829,mix_038830,adbb3f9e7a8bbf4b7bbde0ad27978ba04280a6771cacd555d60202eb1dd62bac,adbb3f9e7a8bbf4b7bbde0ad27978ba04280a6771cacd555d60202eb1dd62bac,183.0,186.0,1.0163934426229508,train,train,candidate,query,exorde,exorde,━ .•공연배달서비스 간다 20주년 퍼레이드 𝟓𝐭𝐡•. ━ ⠀ #다섯번째작품 #뜨거운여름 #연습실스케치사진 ⠀ ⠀ ⠀ ⠀ 연습실 스케치 사진 공개⠀ ⠀ ⠀ ⠀ 엄마 役 | #조윤정 #정유경 연극[뜨거운 여름] 기간: 2024.12.10(화) ~ 2025.02.16(일) ⠀ 장소: 인터파크 서경스퀘어,━ .•공연배달서비스 간다 20주년 퍼레이드 𝟓𝐭𝐡•. ━ ⠀ #다섯번째작품 #뜨거운여름 #연습실스케치사진 ⠀ ⠀ ⠀ ⠀ 연습실 스케치 사진 공개⠀ ⠀ ⠀ ⠀ 성인재희 役 | #심새인 #노정현 연극[뜨거운 여름] 기간: 2024.12.10(화) ~ 2025.02.16(일) ⠀ 장소: 인터파크 서경스퀘어
same_author_same_genre_same_topic,ko,social_media,0,0.9759879530350082,mix_039405,mix_039406,dfd745d8a0f659695e0694978729cf80d369730d1f6b56e820cac41903ae2302,dfd745d8a0f659695e0694978729cf80d369730d1f6b56e820cac41903ae2302,109.0,93.0,1.1720430107526882,train,train,candidate,query,exorde,exorde,"신상품 입고 소식 [ 카리스마 신상 굿즈 ] 코롯토 아크릴 피규어 컬렉션 미니캬라ver. (전 7종) 입고 되었습니다~ 본 상품은 랜덤 제품입니다 통판, 가격문의는 디엠으로!","신상품 입고 소식 [ 진격의 거인 신상 굿즈 ] 마카롱 타피누이 (전 7종) 입고 되었습니다~ 본 상품은 랜덤 제품입니다 통판, 가격문의는 디엠으로!"
same_author_same_genre_same_topic,ko,social_media,0,0.4861963705775838,mix_038016,mix_038015,668224399847a114d20f9273db23947549d2d7d81308c406af71771a7858ddf1,668224399847a114d20f9273db23947549d2d7d81308c406af71771a7858ddf1,175.0,154.0,1.1363636363636365,train,train,candidate,query,exorde,exorde,기고딩네가 끝에서 두 번째 집이고 아저씨가 맨끝집 기고딩 도어락 비번 누르는데 누가 자기 머리 위에 손을 턱 얹어서 고개 들어보니 아저씨가 있음 키가 큰 기고딩이 올려다 볼 사람이 몇 없었는데 아저씨는 눈을 제법 굴려야 볼수 있는 위치에 얼굴이 있음 아저씨는 새카만 눈동자구나...,그날 아침에도 빨간 불빛 보면서 등교했는데 하교 후 엘베에서 마주침 헉. 아저씨다. 기상호 속으로 난리났는데 그냥 꾸벅 고개만 숙임 아저씨도 고개만 끄덕이고... 조용히 엘베 타고 올라감 근데 층수가 같네? 알고보니 옆집 사는 아저씨엿음
different_author_same_genre_same_topic,ko,social_media,0,0.7197317462676976,mix_037025,mix_039123,13f35f42ea5f2a4ecddf35cb0eeaaab3f7c798219eb2ec084a96d421559d0716,c7c3ce856c678e61340e5ec968238bdced47d761c002378dafd5d9c03d29925c,120.0,122.0,1.0166666666666666,train,train,candidate,query,exorde,exorde,핫쉬ㅠㅠㅠㅠㅠㅠㅠㅠㅠㅠㅠㅠㅠㅠㅠㅠㅠㅠ면접이란것도 알바면접만 봤지 이거느뉴ㅠㅠㅠㅠ저 너무 긴장돼요 하ㅏ... 일단... 팁은 감사합니다... 전부 북마크에 집어넣기...,하...ㅠㅠㅠㅠㅠ진짜요ㅠㅠㅠㅠㅠ 앨리스 님 로그 보고 대화 해보고싶었는데에엥 설정: 그냥 무념무상 멍하게 시간허비하는 캐였어요... 좀 야무지고 똘똘한 하루랑 만났다면 신기하게 봤을듯
different_author_same_genre_same_topic,ko,social_media,0,0.6819533483513509,mix_039015,mix_039114,beb2c9310003c5b077381a2f2a5a7af28683d81ea172d3968722cb571fbf0f99,c7710326f842b12cafbbb096408b2b8492b6483f8e061f931667413f656bdcaa,100.0,93.0,1.075268817204301,train,train,candidate,candidate,exorde,exorde,"포스팅 통해 계약 추진하는 김혜성, 5일부터 본격 협상 키움은 강정호 -> 박병호 -> 김하성 -> 이정후 -> 김혜성까지 현재까지 주요 선수들 팔아 현재 선수단 연봉 주는 중",@Foam2_ 시라토리 -> 유키오: 우는 거 이키즈키 -> 유토: ㅈㄴ 의외라 둘다 약해질 듯 호카미야 -> 유우: 화내는 거 오스틴 -> 캐더린: 둘 다...?
different_author_same_genre_same_topic,ko,social_media,0,0.46472219895284483,mix_036925,mix_038559,0c5734a97af3ce66385eaccd924fc0451a8e3dd28b4ea975603cdf5a842d22a5,99eceaf1838e2433ca19e98d5695617d1fa22b4578834d49c8af73e34fd06970,83.0,98.0,1.180722891566265,train,train,query,query,exorde,exorde,일본에서 열리는 페르소나 행사 정말 정말 가고 싶은데.... ( ｡ﾟДﾟ｡) 비행기 타고 갈 돈도 없고 숙소 잡을 돈도 없고 그냥 멀리서 바라보는 중.....,아침 몰래 나갔다가 빨리 돌아오려는 거 조물주에게 걸려서 지금 붙잡혔음.......... 참가 못하게...감시당하는 중ㅠ 어쩌라고 후원할건데 거지이지만 푼돈이라도 보낼거임
same_author_same_genre_same_topic,ko,social_media,1,0.7164433080553163,mix_039317,mix_039316,d783a47e5ddc53fd417a1a525121ff95253f71ee925d74c191feb4c9753f462f,d783a47e5ddc53fd417a1a525121ff95253f71ee925d74c191feb4c9753f462f,84.0,98.0,1.1666666666666667,train,train,candidate,query,exorde,exorde,"비트코인 수익의 반을 수수료로 뜯기다가, ""이거"" 하나 적용했더니 수익률 ""8배"" 상승했습니다 https://youtu.be/B0H4ByGlnkw?si=ErouXN3gndG4Rop3… via @YouTube","바이비트 셀퍼럴 플러스, 코인선물 페이백+페이백 혜택 놓치지 마세요(현재 가입만 해도 최대 25USDT 드롭) https://youtu.be/2mg1qNquyXs?si=sXPMtAiatrvCzQob… via @YouTube"
same_author_same_genre_same_topic,ko,social_media,1,0.5094307547035655,mix_039206,mix_039207,ce6cd669cb180efa1b7d781d42cd73b03eccd60d7d1d80caeb4ad252363cbd67,ce6cd669cb180efa1b7d781d42cd73b03eccd60d7d1d80caeb4ad252363cbd67,149.0,141.0,1.0567375886524824,train,train,candidate,query,exorde,exorde,슴콘 서울 콘서트 공연 티켓 양도해드립니다. SMTOWN LIVE 2025 in SEOUL SM콘서트 1/11 토 오후5시 FLOOR F8구역 6열 한장 404구역 D열 한장 1/11 일 오후5시 FLOOR F8구역 4열 한장 410구역 J열 한장 양도해드립니다.쪽지 또는 오픈채팅 부탁드립니다.,"소란 winter concert ‘BE MY LIGHT’ 콘서트 공연 티켓 양도해드립니다. 1/18 토 오후6시 1층 B구역 3열 무대정중앙 연석 두장 양도해드립니다.쪽지 또는 오픈채팅 부탁드립니다. 계정이동(계옮,아옮) 가능합니다. https://open.kakao.com/o/sGJ7O6Tg"
same_author_same_genre_same_topic,ko,social_media,1,0.36537417966398866,mix_039078,mix_039079,c3c5b7554f3b07598017d7251e10b9c9c076341fd682ed5ba8bbff9fa14cbcc9,c3c5b7554f3b07598017d7251e10b9c9c076341fd682ed5ba8bbff9fa14cbcc9,139.0,140.0,1.0071942446043165,train,train,candidate,query,exorde,exorde,82MAJOR 3rd CONCERT 에투메붐 82메이저 콘서트 티켓 에이티투 메이저 18일 스탠딩A구역 10번대 2연석 19일 스탠딩A구역 20번대 2연석 장당티포 11만원 무대앞이라 시야좋습니다 직접잡은티켓입니다 사기절대x,볼빨간사춘기 단독 콘서트 ‘Bloom’ After Party 볼사 콘서트 티켓 양도합니다 24일 1층 B구역 2열 1장 25일 1층 B구역 1열 1장 장당티포 13만원 무대앞이라 시야좋습니다 안전하게아옮해드려요 사기절대x 꼭가실분 문의해주세요
different_author_same_genre_same_topic,ko,social_media,1,0.5661888842203523,mix_039473,mix_039316,e67d9bf3f4929cf2bb3b6c15dd69860126c81705d09058c113d33855dc50edf5,d783a47e5ddc53fd417a1a525121ff95253f71ee925d74c191feb4c9753f462f,84.0,98.0,1.1666666666666667,train,train,candidate,query,exorde,exorde,"이재명 강공모드!, 윤석열 반드시 탄핵하겠습니다! ""크리스마스 연말선물로 반드시 돌려드리겠습니다!"" https://youtu.be/73hdOksWC88?si=hRIOVEQ-rnRnlHal… - @YouTube","바이비트 셀퍼럴 플러스, 코인선물 페이백+페이백 혜택 놓치지 마세요(현재 가입만 해도 최대 25USDT 드롭) https://youtu.be/2mg1qNquyXs?si=sXPMtAiatrvCzQob… via @YouTube"
different_author_same_genre_same_topic,ko,social_media,1,0.5395171503737354,mix_039317,mix_039473,d783a47e5ddc53fd417a1a525121ff95253f71ee925d74c191feb4c9753f462f,e67d9bf3f4929cf2bb3b6c15dd69860126c81705d09058c113d33855dc50edf5,84.0,84.0,1.0,train,train,candidate,candidate,exorde,exorde,"비트코인 수익의 반을 수수료로 뜯기다가, ""이거"" 하나 적용했더니 수익률 ""8배"" 상승했습니다 https://youtu.be/B0H4ByGlnkw?si=ErouXN3gndG4Rop3… via @YouTube","이재명 강공모드!, 윤석열 반드시 탄핵하겠습니다! ""크리스마스 연말선물로 반드시 돌려드리겠습니다!"" https://youtu.be/73hdOksWC88?si=hRIOVEQ-rnRnlHal… - @YouTube"
different_author_same_genre_same_topic,ko,social_media,1,0.2419401286140309,mix_038447,mix_036882,8fb6f7ac4f10dbefd730841a978429a9cbeff28301570d8158b4f5de424a1628,08e99d00dd7ff57ee7d93ef8d47848d7353faaf6607838bc29dad65199e10acd,164.0,121.0,1.3553719008264462,train,train,candidate,query,exorde,exorde,"초밥 대리티켓팅 제가 가는 공연이라 생각하고 항상 최선을 다해 잡아드립니다 메인트윗 확인하고 디엠주세요 *아래 없는 공연도 문의 가능 경력+후기=마음함 (후기多) 가능: 쿤, 베이비몬스터, 김우빈, 옹성우, 이준호, 예성, 민혁, 켄, 로스트아크, 지킬앤하이드, 소란, 장민호","대리티켓팅 해드립니다 모든공연 다 받습니다(콘서트, 팬미팅, 시상식, 뮤지컬) 인터파크, yes24 직링 선입금 성공시만 수고비 받습니다 경력 미디어 사진 확인 글로벌 global 가능 메인글 확인하시고 오픈채팅으로 연락주세요."
same_author_same_genre_same_topic,ko,social_media,2,1.0,mix_038372,mix_038373,885f567f516a25fd0aa2499ae9fd6c05a2134916ab796580e4fde0ba5fa0da40,885f567f516a25fd0aa2499ae9fd6c05a2134916ab796580e4fde0ba5fa0da40,184.0,184.0,1.0,train,train,candidate,query,exorde,exorde,⋆｡☁︎｡⋆｡ ﾟ☾ ﾟ｡⋆ ⋆｡ﾟ☁︎｡⋆｡ ﾟ☾ ﾟ｡⋆ 大風流 : 2025 플레이브 새해 카페 <협력작 공개> DP - 미니등신대 (밤비) 빔빔 님 (@ Beam_PLLI) ⋆｡ﾟ☁︎｡⋆｡ ﾟ☾ ﾟ｡⋆ ⋆｡ﾟ☁︎｡⋆｡ ﾟ☾ ﾟ｡,⋆｡☁︎｡⋆｡ ﾟ☾ ﾟ｡⋆ ⋆｡ﾟ☁︎｡⋆｡ ﾟ☾ ﾟ｡⋆ 大風流 : 2025 플레이브 새해 카페 <협력작 공개> DP - 미니등신대 (하민) 빔빔 님 (@ Beam_PLLI) ⋆｡ﾟ☁︎｡⋆｡ ﾟ☾ ﾟ｡⋆ ⋆｡ﾟ☁︎｡⋆｡ ﾟ☾ ﾟ｡
same_author_same_genre_same_topic,ko,social_media,2,0.9528195575155854,mix_038602,mix_038603,9d409b81c8e7f4baeede2330ecbdff0be90e2985f6ef2a3e65895ac858452b0f,9d409b81c8e7f4baeede2330ecbdff0be90e2985f6ef2a3e65895ac858452b0f,106.0,127.0,1.1981132075471699,train,train,candidate,query,exorde,exorde,2025 SUHO CONCERT <SU:HOME> ENCORE EXO 엑소 수호 앙코르 앙콘 앵콜 콘서트 공연 티켓 양도 1월25일 토욜 Vip석 FLOOR층 U2구역 7열 1석 티포22만원 양도합니다 문의주세요,2025 SUHO CONCERT <SU:HOME> ENCORE EXO 엑소 수호 앙코르 앙콘 앵콜 콘서트 공연 티켓 양도 1월25일 토욜 Vip석 FLOOR층 U2구역 7열 1석 Vip석 FLOOR층 H구역 2열 1석 티포22만원 양도합니다 문의주세요
same_author_same_genre_same_topic,ko,social_media,2,0.9237747174400702,mix_037836,mix_037835,55af4d1f038657e0f653b3d150fa1183ac6d6f397d1d391ed6a32538ee5c90a1,55af4d1f038657e0f653b3d150fa1183ac6d6f397d1d391ed6a32538ee5c90a1,114.0,130.0,1.1403508771929824,train,train,candidate,query,exorde,exorde,2025 SUHO CONCERT <SU:HOMME> ENCORE 수호 콘서트 앙콘 양도 1/25 첫콘 41구역 1열 티포 17 첫콘 S1구역 6열 티포 20 배송지 변경으로 거래합니다! 모든 인증 가능 http://open.kakao.com/o/spxFxN3g,2025 SUHO CONCERT <SU:HOMME> ENCORE 수호 콘서트 앙콘 양도 첫콘 41구역 1열 티포 18 첫콘 S1구역 6열 nn번 티포 21 배송지 변경으로 거래합니다! 디엠 잘못볼수 있으니 옾챗으로 연락주세요! 모든 인증 가능 http://open.kakao.com/o/spxFxN3g
different_author_same_genre_same_topic,ko,social_media,2,0.5561081495610647,mix_038603,mix_038164,9d409b81c8e7f4baeede2330ecbdff0be90e2985f6ef2a3e65895ac858452b0f,734fcc8d2b3bc20186500c996a83a6872572a982082cbe2a74b63760b6b5daf2,127.0,91.0,1.3956043956043955,train,train,query,query,exorde,exorde,2025 SUHO CONCERT <SU:HOME> ENCORE EXO 엑소 수호 앙코르 앙콘 앵콜 콘서트 공연 티켓 양도 1월25일 토욜 Vip석 FLOOR층 U2구역 7열 1석 Vip석 FLOOR층 H구역 2열 1석 티포22만원 양도합니다 문의주세요,2025 SUHO CONCERT 〈SU:HOME〉 ENCORE 엑소 수호 콘서트 티켓 양도합니다 1월26일 (일) VIP석 FLOOR층 H2구역2열 티켓양도 티켓양도합니다 문의는 디엠으로주세요
different_author_same_genre_same_topic,ko,social_media,2,0.5456744532112361,mix_038602,mix_038164,9d409b81c8e7f4baeede2330ecbdff0be90e2985f6ef2a3e65895ac858452b0f,734fcc8d2b3bc20186500c996a83a6872572a982082cbe2a74b63760b6b5daf2,106.0,91.0,1.164835164835165,train,train,candidate,query,exorde,exorde,2025 SUHO CONCERT <SU:HOME> ENCORE EXO 엑소 수호 앙코르 앙콘 앵콜 콘서트 공연 티켓 양도 1월25일 토욜 Vip석 FLOOR층 U2구역 7열 1석 티포22만원 양도합니다 문의주세요,2025 SUHO CONCERT 〈SU:HOME〉 ENCORE 엑소 수호 콘서트 티켓 양도합니다 1월26일 (일) VIP석 FLOOR층 H2구역2열 티켓양도 티켓양도합니다 문의는 디엠으로주세요
different_author_same_genre_same_topic,ko,social_media,2,0.4433985672217122,mix_037926,mix_038164,5e00d45b14ada87aafb4f0a2e865079c53495f780be403b9c3956ba85ae0d6a8,734fcc8d2b3bc20186500c996a83a6872572a982082cbe2a74b63760b6b5daf2,114.0,91.0,1.2527472527472527,train,train,candidate,query,exorde,exorde,2025 SUHO CONCERT 〈SU:HOMME〉 ENCORE 티켓 양도 수호 콘서트 티켓 양도 01.25(토) VIP석 H1구역 1열 무대쪽 - 티포 22 01.26(일) VIP석 H1구역 1열 무대쪽 - 티포 22 DM주세요,2025 SUHO CONCERT 〈SU:HOME〉 ENCORE 엑소 수호 콘서트 티켓 양도합니다 1월26일 (일) VIP석 FLOOR층 H2구역2열 티켓양도 티켓양도합니다 문의는 디엠으로주세요
same_author_same_genre_same_topic,ko,social_media,3,0.6486658897719727,mix_038752,mix_038753,a80790825fc5b781c3c329e69ce6d6d7511a60945e4f148ac1a716a0462664e9,a80790825fc5b781c3c329e69ce6d6d7511a60945e4f148ac1a716a0462664e9,165.0,131.0,1.2595419847328244,train,train,candidate,query,exorde,exorde,"엔하이픈 김선우 선우 떠누 슬로건 슬러건 배너 콘서트 킷 concert kit banner slogan sunoo enhypen wts sell 양도 판매 포카 앨포 앨범 포토카드 특전 럭드 로맨스 언톨드 웤더라인 walk the line romance untold 정원 희승 제이 제이크 성훈 니키 daydream 각 0.8 배송비 (반택 0.2, 일택 0.4)",엔하이픈 로맨스 언톨드 포카 앨포 앨범 위버스 위버스반 럭드 wts sell pc 특전 양도 enhypen romance untold weverse pob 성훈 선우 정원 제이크 pob 예판 예약 반패 benefit 희승 니키 제이 각 0.4 have 2 sets of heeseung jay 1 piece of ni-ki 배송비 0.2
same_author_same_genre_same_topic,ko,social_media,3,0.24336757850522517,mix_036948,mix_036949,0eab550b79f7c563e941622bcb5a7d43b91a252c4a52d14136f0014b1fe16eef,0eab550b79f7c563e941622bcb5a7d43b91a252c4a52d14136f0014b1fe16eef,137.0,123.0,1.113821138211382,train,train,candidate,query,exorde,exorde,엔시티위시 팬콘 팬미팅 md 엠디 fortune scratch photocard poca 포츈 스크래치 포토카드 포카 양도 트레카 하자예민X 0.1이상 거래 nctwish sakuya yushi sion riku jaehee ryo 시온 리쿠 유우시 재희 사쿠야 료 fanmeeting wts sell schoolofwish 증사 id 팬싸 fansign benefit trading,엔시티드림 드림쇼3 앙콘 앵콜콘서트 엠디 양도 판매 네컷 아이디카드 세트 - 런쥔 1 대리구매 댈구 proxy nctdream concert md tds3 fanlight cape fanlight doll keyring 4 cut idcard set sell photocard goods skateboard keychain 마크 제노 해찬 천러 재민 지성
same_author_same_genre_same_topic,ko,social_media,3,0.22589475487816923,mix_037218,mix_037219,216757c530b27238a008b2ee27610bdde2ddfbe97ba67d01f039077a0f76c15b,216757c530b27238a008b2ee27610bdde2ddfbe97ba67d01f039077a0f76c15b,127.0,183.0,1.4409448818897639,train,train,candidate,query,exorde,exorde,exo 일괄 엑소 포카 양도 sell exo 포카 poca All 0.8 xiumin suho baekhyun 아이앤비백 chanyeol chen do kai sehun poca hello world 파인애플 사녹 트레카 팬미팅 앙콘 영통 터래기 슬라이스 팝업 위드뮤 음악중심 싸인 키링 팬싸,riize 라이즈 7cm 인형 소희 똘병 doll 팝업 성수 포카 일괄 양도 each 2.0 송용돌이 토냥덕 똘병이 멍룡이 sell 포카 럭드 발렌타인 md 팝업 쇼타로 은석 성찬 원빈 소희 앤톤 라이즈 10cm 인형 성찬 싸인 앨범 포카 겟어기타Love119 메모리즈 슴스 위드뮤 폴라 우락밤 10cm 인형
different_author_same_genre_same_topic,ko,social_media,3,0.6771401477087524,mix_036948,mix_036864,0eab550b79f7c563e941622bcb5a7d43b91a252c4a52d14136f0014b1fe16eef,078326bbdbaeae4898b9654deba427bcd8788c9aaeded1529674d8871809542d,137.0,123.0,1.113821138211382,train,train,candidate,query,exorde,exorde,엔시티위시 팬콘 팬미팅 md 엠디 fortune scratch photocard poca 포츈 스크래치 포토카드 포카 양도 트레카 하자예민X 0.1이상 거래 nctwish sakuya yushi sion riku jaehee ryo 시온 리쿠 유우시 재희 사쿠야 료 fanmeeting wts sell schoolofwish 증사 id 팬싸 fansign benefit trading,엔시티위시 블루드림미디어 부산 대면 팬싸 미공포 포카 양도 wts nctwish bluedreammedia busan fansign photocard sell 시온 리쿠 유우시 재희 료 사쿠야 sion riku yushi jaehee ryo sakuya poca mumo 영통 video pob steady 스테디 송버드 songbird 하자예민 bulk
different_author_same_genre_same_topic,ko,social_media,3,0.4018371854742109,mix_038974,mix_037219,bb0c6e931b77c81526eaed3ee104d07030c648d658439d4b9779dc39569237ba,216757c530b27238a008b2ee27610bdde2ddfbe97ba67d01f039077a0f76c15b,144.0,183.0,1.2708333333333333,train,train,query,query,exorde,exorde,라이즈 RIIZE 은석 케이콘 eunseok kcon 사우디 saudi 미공포 특전 이상 구매 포카 양도 sell wts photocard sungchan wonbin anton sohee shotaro 원빈 성찬 앤톤 소희 쇼타로 팬콘 특전 일본 lucky 팬싸 럭드 boss riize 앨포 처분 pob album 앨범 포토카드 photocard poca pc 사우디 epilogue md,riize 라이즈 7cm 인형 소희 똘병 doll 팝업 성수 포카 일괄 양도 each 2.0 송용돌이 토냥덕 똘병이 멍룡이 sell 포카 럭드 발렌타인 md 팝업 쇼타로 은석 성찬 원빈 소희 앤톤 라이즈 10cm 인형 성찬 싸인 앨범 포카 겟어기타Love119 메모리즈 슴스 위드뮤 폴라 우락밤 10cm 인형
different_author_same_genre_same_topic,ko,social_media,3,0.3884101928242266,mix_036864,mix_037459,078326bbdbaeae4898b9654deba427bcd8788c9aaeded1529674d8871809542d,36bbe94ef68c1e110f329462ef052ca729e8b7d8d9fdb9e9e94bc6dc3f37c903,123.0,158.0,1.2845528455284554,train,train,query,query,exorde,exorde,엔시티위시 블루드림미디어 부산 대면 팬싸 미공포 포카 양도 wts nctwish bluedreammedia busan fansign photocard sell 시온 리쿠 유우시 재희 료 사쿠야 sion riku yushi jaehee ryo sakuya poca mumo 영통 video pob steady 스테디 송버드 songbird 하자예민 bulk,엔시티 위시 시온 리쿠 유우시 재희 료 사쿠야 송버드 사운드웨이브 사웨 엠투유 m2u 대면 마뮤테 덩크슛 스테디 애플뮤직 영통 예스24 특전 미공포 포카 앨범 세트 양도 nct wish poca album sell set only bulk discount 준등기/gs반값택배 +2000 http://open.kakao.com/o/sai4fsVg
same_author_same_genre_same_topic,ko,social_media,4,0.6959891763205446,mix_038337,mix_038336,86177e36e9fe161afd0efd7133ec72ea25cc41c1155a9c3ab3670bc283026d6e,86177e36e9fe161afd0efd7133ec72ea25cc41c1155a9c3ab3670bc283026d6e,182.0,170.0,1.0705882352941176,train,train,candidate,query,exorde,exorde,"$HSK 의 상승채널, $BNB 와 비교해보기 우선 $BTC 의 상승채널또한 살펴보기 전에, $BNB 의 상승채널 돌파시기를 짚어보겠습니다. 18년의 $BSV 하드포크발 하락이 나오면서 비트가 3000불에 도달하고, 이후 알라메다의 $BTC 펌핑이 시작되면서 $BNB 는 신고점을 달성하고 채널을 돌파했지만 이후","#HSK #hashkey $HSK 하나의 상승채널안에서 움직이는중 $BNB 도 초기에 이 상승채널안에서 놀다가 한번에 채널을 상방이탈하면서 600달러까지 올라가는 무빙을 보여줬음 $HSK 가 $BNB 처럼 큰 거래소가 될 운명이라면, 아마도 이렇게 채널을 그리며 운전하는 모습은 매우 긍정적임 물론 $BNB 에"
same_author_same_genre_same_topic,ko,social_media,4,0.4160685532075896,mix_037495,mix_037496,39a76ab42a07f1f357385b30b4cac80f8807fa4db7eb5ca68ae5cd5208023e3b,39a76ab42a07f1f357385b30b4cac80f8807fa4db7eb5ca68ae5cd5208023e3b,157.0,147.0,1.0680272108843538,train,train,candidate,query,exorde,exorde,"우리 주식 시장을 손쉽게 조작하는 방법: ETF 펀드 알아보기 인터넷에서 유행하는 '투자'라는 단어, 어렵고 복잡하게 느껴지시죠? 하지만 걱정 마세요! 요즘 투자를 시작하고 싶은 사람들을 위해 나들이가 많이 있다는 사실, 아직 모르셨나요? 바로 ETF 펀드라고 불리는 '우리 주식 시장을 손쉽게","조작하는 방법'입니다. ETF 펀드: 그냥 주식처럼 편하게 투자할 수 있는 마법의 포장! 전통적인 주식 투자는 각각의 기업에 대한 분석과 심층적인 이해가 필요하지만, ETF 펀드를 이용하면 한 번에 여러 종목에 투자하여 시장 전체 위험을 분산시킬 수 있어요. 마치 여러 가지 색깔의 포근한"
same_author_same_genre_same_topic,ko,social_media,4,0.05008595670193705,mix_039461,mix_039462,e55094f93a5da4a49b702548b5657f944fc26f054b686da915660bdd2308a768,e55094f93a5da4a49b702548b5657f944fc26f054b686da915660bdd2308a768,141.0,103.0,1.3689320388349515,train,train,candidate,query,exorde,exorde,그러면 부엉이 학대라서 안 돼.(진짜 부엉이 학대라 안 된다. 돌보는 값도 엄청나게 깨질 테고 말이다.) 어쩌다 보니 그렇게 되긴 했네. 그래도 나갈 건 아니지? 네가 날 보기 싫어서 나가는 거라면 어쩔 수 없는 부분이지만- 그게 아니면 계속 있어. 그래도 되니까.,그러게 말이야. 정말 내일쯤에는 누가 죽을지도-(혹은 그 다음날쯤.) 하지만 만약 운이 좋다면 전부 살지도 몰라. 그랬으면 좋겠네.(그 이후에 다시 죽을 위기가 드리워질 수는 있어도.)
different_author_same_genre_same_topic,ko,social_media,4,0.8380763830180824,mix_037338,mix_038496,2bad47b4b3da15bebc46b1adb5de98b3a8e2b3f32a0b1a374c569422f3d96a3d,94d9b45df97a24e7f9f558f74add6eac42b6b2869a8ada43a33f2450c8583cf9,82.0,83.0,1.0121951219512195,train,train,query,query,exorde,exorde,"지퍼퍼퍼지퍼지퍼지퍼 / 움! , 오빠는 빨리나가 / 메이 나 의사야 블라블라어쩌구저쩌구웅앵 AioonMay Love Story #PlutoSeriesEP8",저희 부모님이 요리를 못하셔서 강제로 제가 습득함 번역 그냥 발로 번역하는 사람 여기 있네요 쌤이 하츄핌이었구나 AioonMay Love Story #PlutoSeriesEP8
different_author_same_genre_same_topic,ko,social_media,4,0.801783204386224,mix_037576,mix_037338,40d382c2c69918bc87b1ccea41049b425bba46e7b19ceecf6441b4ea262757f5,2bad47b4b3da15bebc46b1adb5de98b3a8e2b3f32a0b1a374c569422f3d96a3d,65.0,82.0,1.2615384615384615,train,train,candidate,query,exorde,exorde,"너가 주위를 돌아보면, 네가 있는 곳에 행복이 있다는 것을 알게 되는 날이 올 거야 포카혼타스 AioonMay Love Story #PlutoSeriesEP8","지퍼퍼퍼지퍼지퍼지퍼 / 움! , 오빠는 빨리나가 / 메이 나 의사야 블라블라어쩌구저쩌구웅앵 AioonMay Love Story #PlutoSeriesEP8"
different_author_same_genre_same_topic,ko,social_media,4,0.7875531217107067,mix_037576,mix_038496,40d382c2c69918bc87b1ccea41049b425bba46e7b19ceecf6441b4ea262757f5,94d9b45df97a24e7f9f558f74add6eac42b6b2869a8ada43a33f2450c8583cf9,65.0,83.0,1.2769230769230768,train,train,candidate,query,exorde,exorde,"너가 주위를 돌아보면, 네가 있는 곳에 행복이 있다는 것을 알게 되는 날이 올 거야 포카혼타스 AioonMay Love Story #PlutoSeriesEP8",저희 부모님이 요리를 못하셔서 강제로 제가 습득함 번역 그냥 발로 번역하는 사람 여기 있네요 쌤이 하츄핌이었구나 AioonMay Love Story #PlutoSeriesEP8
same_author_same_genre_same_topic,ko,social_media,5,1.0,mix_037734,mix_037735,4d6dc834abd478423fb0f02b79818e704aeb5c14629c0cb43cbb93eec5ca8e38,4d6dc834abd478423fb0f02b79818e704aeb5c14629c0cb43cbb93eec5ca8e38,131.0,129.0,1.0155038759689923,train,train,candidate,query,exorde,exorde,임영웅 유튜브 [Home] Live Clip. @2024 IMHERO : THE STADIUM CONCERT 600만뷰세대를아우르는아티스트 #임영웅 #limyoungwoong #임영웅_음원강자 #임영웅팬덤 #임영웅_kpop #LYW_official 출처:임영웅유튜브/편집:하늘맘&영심,임영웅 유튜브 [Home] Live Clip. @2024 IMHERO : THE STADIUM CONCERT 600만뷰전천후아티스트 #임영웅 #limyoungwoong #임영웅_음원강자 #임영웅팬덤 #임영웅_kpop #LYW_official 출처:임영웅유튜브/편집:채채&영심
same_author_same_genre_same_topic,ko,social_media,5,0.9999999999999997,mix_036977,mix_036976,10ed2123a68cc039306f10dfcd77d902e1521a56d892dedc991673feba790d81,10ed2123a68cc039306f10dfcd77d902e1521a56d892dedc991673feba790d81,81.0,81.0,1.0,train,train,candidate,query,exorde,exorde,20241206 [Behind The Scenes] Byeon Woo Seok X NH Nonghyup 여행의 설렘보다 더 설레는 우석의 NH 촬영현장 비하인드(5) #변우석 #ByeonWooSeok #NH농협은행,20241206 [Behind The Scenes] Byeon Woo Seok X NH Nonghyup 여행의 설렘보다 더 설레는 우석의 NH 촬영현장 비하인드(2) #변우석 #ByeonWooSeok #NH농협은행
same_author_same_genre_same_topic,ko,social_media,5,0.9808836628788987,mix_037276,mix_037275,26580d48d9e6c2265703f227afa1ef176c32215f6aff29a769e4d078262a635e,26580d48d9e6c2265703f227afa1ef176c32215f6aff29a769e4d078262a635e,122.0,121.0,1.0082644628099173,train,train,candidate,query,exorde,exorde,82MAJOR 3rd CONCERT 〈82MAJOR BOOM (에투메)〉 티켓양도 1월 19일 일요일 스탠딩 1열 입장번호 1n 연석 두장 원가 +1 ★계정이동 /개별가능 ★실패시 전액환불 재판매 안하시는분만 https://open.kakao.com/o/stPJtIEg,82MAJOR 3rd CONCERT 〈82MAJOR BOOM (에투메)〉 티켓양도 1월 19일 토요일 스탠딩 1열 입장번호 1n 연석 두장 +1 ★계정이동 /개별가능 ★실패시 전액환불 재판매 안하시는분만 https://open.kakao.com/o/stPJtIEg
different_author_same_genre_same_topic,ko,social_media,5,0.9256255903851195,mix_036798,mix_037275,0181fb593593137819486a9681125ba29af02c5515aca40e6d2e33b478ecc6f8,26580d48d9e6c2265703f227afa1ef176c32215f6aff29a769e4d078262a635e,127.0,121.0,1.0495867768595042,train,train,candidate,query,exorde,exorde,82MAJOR 3rd CONCERT 〈82MAJOR BOOM (에투메)〉 티켓양도 1월 18일 토요일 스탠딩 1열 입장번호 1n 중앙연석 두장 +1 ★계정이동 / 단석 가능 ★실패시 전액환불 재판매 안하시는분만 https://open.kakao.com/o/sgqUloYg,82MAJOR 3rd CONCERT 〈82MAJOR BOOM (에투메)〉 티켓양도 1월 19일 토요일 스탠딩 1열 입장번호 1n 연석 두장 +1 ★계정이동 /개별가능 ★실패시 전액환불 재판매 안하시는분만 https://open.kakao.com/o/stPJtIEg
different_author_same_genre_same_topic,ko,social_media,5,0.9189680936985565,mix_039361,mix_037757,db897f1c585f5c02eda8ad21a78f79039186e4fd72434d378a19be24959228ab,4f3e25bb08cf899c13c49d6af30052edf8f232f0353b4911140fbadf7081d0c4,132.0,132.0,1.0,train,train,query,query,exorde,exorde,2024 DAY6 Special Concert - The Present 데이식스 스페설 콘서트 티켓양도 12/21 (토) 18:00 SR석 F3구역 2열 연석 SR석 F13구역 2열 연석 SR석 T04구역 3열 연석/D06구역 2열 연석 R석 313구역 3열 연석 전문아옮업체진행 /Global,2024 DAY6 Special Concert - The Present 데이식스 스페설 콘서트 티켓양도 12/21 (토) 18:00 SR석 F4구역 2열 연석 SR석 F12구역 2열 연석 SR석 T04구역 2열 연석/D06구역 2열 연석 R석 313구역 2열 연석 전문아옮업체진행 /Global
different_author_same_genre_same_topic,ko,social_media,5,0.9059895028557154,mix_036798,mix_037276,0181fb593593137819486a9681125ba29af02c5515aca40e6d2e33b478ecc6f8,26580d48d9e6c2265703f227afa1ef176c32215f6aff29a769e4d078262a635e,127.0,122.0,1.040983606557377,train,train,candidate,candidate,exorde,exorde,82MAJOR 3rd CONCERT 〈82MAJOR BOOM (에투메)〉 티켓양도 1월 18일 토요일 스탠딩 1열 입장번호 1n 중앙연석 두장 +1 ★계정이동 / 단석 가능 ★실패시 전액환불 재판매 안하시는분만 https://open.kakao.com/o/sgqUloYg,82MAJOR 3rd CONCERT 〈82MAJOR BOOM (에투메)〉 티켓양도 1월 19일 일요일 스탠딩 1열 입장번호 1n 연석 두장 원가 +1 ★계정이동 /개별가능 ★실패시 전액환불 재판매 안하시는분만 https://open.kakao.com/o/stPJtIEg
same_author_same_genre_same_topic,ko,social_media,6,0.7276193580135412,mix_039049,mix_039050,c1944f0f740591ca0dd8bfcf6d857aa4562e10422b290b7f028b75afb76420bc,c1944f0f740591ca0dd8bfcf6d857aa4562e10422b290b7f028b75afb76420bc,104.0,85.0,1.223529411764706,train,train,candidate,query,exorde,exorde,지난 30분 동안의 인기 태그 🧭:\n\n1. #사견임\n2. #독서계_트친소\n3. #little\n4. #幼児退行\n5. #おむつ女子\n6. #리틀\n7. #dl\n8. #尿布\n9. #diaper\n10. #Diapergirl\n,최근 30분 동안 인기 급상승 중 🧭:\n\n1. 국회\n2. 계엄\n3. 사진\n4. 관심\n5. 나에게\n6. 나의\n7. 집회\n8. 아니면\n9. 좋아요\n10. 할 것\n
same_author_same_genre_same_topic,ko,social_media,6,0.550890493557077,mix_038048,mix_038049,68aa7d548e9498e0812bd582d6e16b5e2cb14dd3948dbdd890528aef8b8dfe2e,68aa7d548e9498e0812bd582d6e16b5e2cb14dd3948dbdd890528aef8b8dfe2e,168.0,175.0,1.0416666666666667,train,train,candidate,query,exorde,exorde,#숏컷 헤어스타일로 #파격 변신한 배우 클라라가 #건강미 넘치는 일상을 공유했다. 클라라는 6일 자신의 SNS에 “#November”라는 짧은 메시지와 함께 여러 장의 사진을 공개했다. https://shorter.me/of45E #헤어스타일 #클라라 #일상 #패션 #니트탑 #팬츠 #볼륨 #몸매 #S라인 #7m스포츠 #7m스코어,"글로벌 매체 ‘골닷컴‘은 6일 공식 SNS를 통해 ""엔드릭과 뉴발란스가 새로운 #시그니처 축구화를 런칭했다. 엔드릭이 돌아오는 11일 아탈란타와의 #UCL 경기에 실제로 착용할 것이다""라고 전했다. https://shorter.me/0N5tL #레알마드리드 #레알 #마드리드 #라리가 #엔드릭 #뉴발란스 #축구화"
same_author_same_genre_same_topic,ko,social_media,6,0.42542099126688715,mix_038526,mix_038525,9694a3eedb0385643cb5e0af5a305cb21253c889f76ecd95ac739def6ccfd1aa,9694a3eedb0385643cb5e0af5a305cb21253c889f76ecd95ac739def6ccfd1aa,139.0,108.0,1.287037037037037,train,train,candidate,query,exorde,exorde,코인베이스가 유럽 경제 지역 이용자를 위한 USDC 스테이킹 프로그램을 종료합니다. 이는 유럽연합의 암호자산 규제기본법(MiCA) 준수를 위한 조치입니다. 2024년 12월 30일까지 비MiCA 준수 스테이블코인에 대한 서비스 제한이 예정되어 있습니다. 더 자세한 내용은 블로그…,"리퀴드 스테이킹 플랫폼의 예치량이 33일 만에 23만 ETH 감소하여 현재 1385만 ETH에 이르렀습니다. 이는 약 8억 4400만 달러에 해당하며, DeFi 분야에서 리퀴드 스테이킹의 변화를 시사합니다. 자세한 내용을 확인하세요."
different_author_same_genre_same_topic,ko,social_media,6,0.3395690675567773,mix_039399,mix_037593,df5aea80a5a397d5f17de0384a5cfe81020ab4808d3add3854f18435e2f5c224,421e272206cbd4a7619206b64b832ad7f427871df33e514de0e5da96cd8f795b,132.0,109.0,1.2110091743119267,train,train,candidate,candidate,exorde,exorde,알리 본명 ‘용진’ 밝힌 이유 “콘서트 제목 진정성있게 날 보여주고파” 불후 윤석열 탄핵 정국 안정 좋은 세상 최선의 방식 방탄뷔_빙크로스비_세기의콜라보 레드스테이지 탄핵 부결 우리당 이지랄 법적 책임 조기퇴진,연애평가문제 매우 어려움 탄핵 가결 윤석열 탄핵 인피니트 아이돌 응원봉 직무정지 빼빼로 오픈런 시위 가시 비상계엄 조선시대 직업 영원한_소년들의_일곱번째_겨울
different_author_same_genre_same_topic,ko,social_media,6,0.23194988792403382,mix_039186,mix_037593,ccfb12062dfe787fb924eee323f89ddde26723eb866fb6d6513440e6d79fcf79,421e272206cbd4a7619206b64b832ad7f427871df33e514de0e5da96cd8f795b,139.0,109.0,1.275229357798165,train,train,candidate,candidate,exorde,exorde,"""오늘 10시 윤석열은 담화를 통해서 국민에게 항복을 선언. 국민의 승리. 이제 윤석열은 탄핵여부와 상관 없이 끝났기에 앞으로는 사법정의의 실현과 비상거국중립내각을 통한 질서있는 사태 수습과 윤석열 임기단 등이 가장 현실적인 대안.""",연애평가문제 매우 어려움 탄핵 가결 윤석열 탄핵 인피니트 아이돌 응원봉 직무정지 빼빼로 오픈런 시위 가시 비상계엄 조선시대 직업 영원한_소년들의_일곱번째_겨울
different_author_same_genre_same_topic,ko,social_media,6,0.23108049455593127,mix_036816,mix_037639,0348417cb56bfce71ab3ff9f496195ff3376b70942843a13d8e7164b284ed467,45b860ebc02e48cea19b41b4cdc9d027a3417224600ec718a90c4cb32f310d49,154.0,142.0,1.0845070422535212,train,train,candidate,candidate,exorde,exorde,"2024년 12월 7일, 미국 증권거래위원회(SEC)는 솔라나(Solana, SOL)의 현물 ETF 신청을 거부했습니다. 이 결정은 업계의 기대를 저버리는 결과로, SEC는 19b-4 규정에 따라 제출된 최소 두 건의 신청을 승인하지 않겠다고 밝혔습니다. 현재 SEC 의장인 게리 겐슬러의 규제 기조가 반영된 것으로","2-1. 이것은 DEX(Decentralized Exchange, 탈중앙화 거래소, UniSwap, PancakeSwap과 같은 LP[Liquidity Provision, 유동성 공급] 플랫폼들을 포함한) 거래량 차트입니다. 솔라나(Solana) DEX 거래량은 이더리움(Ethereum)과 이더리움 L2(Layer) 2 체인인 베이스(Base)보다 훨씬 더 높습니다."
same_author_same_genre_same_topic,ko,social_media,7,0.9719255458727936,mix_039463,mix_039464,e5724ea190d21ddd65ab7896e253be3d8d651a9e419be43debbfa5c86b6d1767,e5724ea190d21ddd65ab7896e253be3d8d651a9e419be43debbfa5c86b6d1767,152.0,157.0,1.0328947368421053,train,train,candidate,query,exorde,exorde,BOYNEXTDOOR TOUR ‘KNOCK ON Vol.1’ IN INCHEON 보이넥스트도어 보넥도 인천 콘서트 12.14 첫콘 VIP F1구역 1n열 티미포 80 (쿨거시에눌) 티베 가능 http://open.kakao.com/o/s2j3KNYg 보이넥스트도어 boynextdoor pc sell 성호 리우 명재현 태산 이한 운학 나이스가이 부관불 19.99 양도,BOYNEXTDOOR TOUR ‘KNOCK ON Vol.1’ IN INCHEON 보이넥스트도어 보넥도 인천 콘서트 12.14 첫콘 VIP F1구역 1n열 가격 제시 (티미포 100이상) 티베 가능 http://open.kakao.com/o/s2j3KNYg 보이넥스트도어 boynextdoor pc sell 성호 리우 명재현 태산 이한 운학 나이스가이 부관불 미공포 19.99 양도
same_author_same_genre_same_topic,ko,social_media,7,0.48896736804532526,mix_038104,mix_038105,6d5481e1e53b846081b04ec284e0f86069319c7f20e3ed2a512a2996a7d87f01,6d5481e1e53b846081b04ec284e0f86069319c7f20e3ed2a512a2996a7d87f01,118.0,131.0,1.1101694915254237,train,train,candidate,query,exorde,exorde,BOYNEXTDOOR TOUR ‘KNOCK ON Vol.1’ IN INCHEON concert 보이넥스트도어 보넥도 콘서트 양도 12/14 첫콘 317구역 K열 티포 50 계정대여 신분증대여 현장도움 아옮은 알아서 아옮실패시 환불 (이번에 본인확인 없어요),"2024 BOYNEXTDOOR TOUR 'KNOCK ON Vol.1' IN INCHEON 보이넥스트도어 보넥도 콘서트 양도 12/15 막콘 F6 10열 돌출 앞 실질 3열 멤버십 당첨 표 계정대여&현장도움 가능 모든 인증 가능, PayPal, 티켓베이 제시해주세요 wts 판매 플로어 VIP"
same_author_same_genre_same_topic,ko,social_media,7,0.4565412974868185,mix_037120,mix_037119,1a512c765d6b9a8cd19f0103c11b1161dd622649bcc99f1455931c987ccbadba,1a512c765d6b9a8cd19f0103c11b1161dd622649bcc99f1455931c987ccbadba,120.0,131.0,1.0916666666666666,train,train,candidate,query,exorde,exorde,BOYNEXTDOOR TOUR ‘KNOCK ON Vol.1’ IN INCHEON 보넥도 보이넥스트도어 콘서트 인스파이어 아레나 티켓 양도 12/15 막콘 416구역 D열 +20 모바일티켓 계정대여 해드립니다 만약 첫콘에서 본확했다하면 본확도움,BOYNEXTDOOR TOUR 'KNOCK ON Vol.1' IN INCHEON 보넥도 보이넥스트도어 콘서트 티켓 양도 DM 12월14일 (토) 첫콘 VIP석 F7구역 7열 1석 VIP석 F4 구역 3열 연석 일반석 415구역 2열 일반석313구역 3열 전문아옮업체
different_author_same_genre_same_topic,ko,social_media,7,0.8209845707285562,mix_037756,mix_037119,4f3e25bb08cf899c13c49d6af30052edf8f232f0353b4911140fbadf7081d0c4,1a512c765d6b9a8cd19f0103c11b1161dd622649bcc99f1455931c987ccbadba,122.0,131.0,1.0737704918032787,train,train,candidate,query,exorde,exorde,BOYNEXTDOOR TOUR 'KNOCK ON Vol.1' IN INCHEON 보넥도 보이넥스트도어 콘서트 티켓 양도 DM 12월14일(토) 첫콘 VIP석 F2구역 2열 연석 일반석 312구역 2열 일반석313구역 3열 전문아옮업체 / Global 문의: DM,BOYNEXTDOOR TOUR 'KNOCK ON Vol.1' IN INCHEON 보넥도 보이넥스트도어 콘서트 티켓 양도 DM 12월14일 (토) 첫콘 VIP석 F7구역 7열 1석 VIP석 F4 구역 3열 연석 일반석 415구역 2열 일반석313구역 3열 전문아옮업체
different_author_same_genre_same_topic,ko,social_media,7,0.7060010538390662,mix_037120,mix_038572,1a512c765d6b9a8cd19f0103c11b1161dd622649bcc99f1455931c987ccbadba,9bc8440780251e8c4e98a889a15a39e7da17fb0db9f9eaacd2188f1eab44ca7d,120.0,112.0,1.0714285714285714,train,train,candidate,query,exorde,exorde,BOYNEXTDOOR TOUR ‘KNOCK ON Vol.1’ IN INCHEON 보넥도 보이넥스트도어 콘서트 인스파이어 아레나 티켓 양도 12/15 막콘 416구역 D열 +20 모바일티켓 계정대여 해드립니다 만약 첫콘에서 본확했다하면 본확도움,BOYNEXTDOOR TOUR ‘KNOCK ON Vol.1’ IN INCHEON concert 보이넥스트도어 보넥도 콘서트 양도 12/14 첫콘 417구역 A열 2연석 - 일괄 120 12/15 막콘 414구역 L열 - 40 416구역 B열 - 65 417구역 D열 - 55 DM
different_author_same_genre_same_topic,ko,social_media,7,0.6496999634077923,mix_037686,mix_038105,4943d0e4fd7428575278a4b58543082f4858328ad237385b809deea9d1599750,6d5481e1e53b846081b04ec284e0f86069319c7f20e3ed2a512a2996a7d87f01,174.0,131.0,1.3282442748091603,test,train,query,query,exorde,exorde,BOYNEXTDOOR TOUR 'KNOCK ON Vol.1' IN INCHEON 보넥도 보이넥스트도어 콘서트 티켓 양도 12/15 (일) 막콘 318구역 H열 (시제석 아님) 티포 65 수수료 부담 시 티켓베이 가능 계정대여 및 신분증 대여 가능 현장도움 +5 보넥도 명재현 성호 리우 태산 이한 운학 뭣같아 플로어 3층 4층 교환 sell,"2024 BOYNEXTDOOR TOUR 'KNOCK ON Vol.1' IN INCHEON 보이넥스트도어 보넥도 콘서트 양도 12/15 막콘 F6 10열 돌출 앞 실질 3열 멤버십 당첨 표 계정대여&현장도움 가능 모든 인증 가능, PayPal, 티켓베이 제시해주세요 wts 판매 플로어 VIP"
same_author_same_genre_same_topic,en,news,0,0.23733829324408506,mix_016198,mix_016199,796de3057299b8f8b59ecc6b7bb80f1f77ae61b2b9a9e37cca219b8e43634bf9,796de3057299b8f8b59ecc6b7bb80f1f77ae61b2b9a9e37cca219b8e43634bf9,28.0,22.0,1.2727272727272727,train,train,candidate,query,babel_briefings,babel_briefings,"The actress-filmmaker speaks about the shift in focus on the career front and how John Abraham, as a co-star, has b","In a conversation with BT, the Bala actress opens up about her skin condition and shares her thoughts on beauty"
different_author_same_genre_same_topic,en,news,0,0.35171539429460597,mix_016302,mix_014980,83b456e1bfbc6a998ee06be40827ce36fe6851ce43865d1b2e5cdff55e5d2b53,19916c7d7a2b1cf9e99ad5969c5eb537ddb81be67f1e3eab95dc21ce0df062ea,22.0,35.0,1.5909090909090908,train,train,candidate,query,babel_briefings,babel_briefings,Sarah Harding has thanked her fans for their support following her cancer diagnosis and offered an update on her forthcoming book.,"Safiyya, 34, took to Instagram on Monday and shared a snap of herself looking down at her daughter as she thanked her social media followers for their support."
different_author_same_genre_same_topic,en,news,0,0.2855169505914539,mix_015030,mix_017690,1d4ecd8c247129a81b3f5f494c2d53054e527929386a38d77d83811d2d5d6d22,f22a1757b4969f495c1e3794f5afddc9d633e2a6cf1e1817e3502ccf442a7d65,56.0,48.0,1.1666666666666667,train,train,candidate,candidate,babel_briefings,babel_briefings,"Meghan, Duchess of Sussex has surprised the world as she makes her debut appearance on The Ellen DeGeneres Show. The royal has sat down with Ellen for a candid interview where she’s expected to touch on everything fro...","Evangeline Lilly opened up about the lengths she had to go to to keep her hair looking blonde in her new movie during an interview with People. The actress, 42, said she had to dye her hair every 10 days."
different_author_same_genre_same_topic,en,news,0,0.2426548112368645,mix_016302,mix_015989,83b456e1bfbc6a998ee06be40827ce36fe6851ce43865d1b2e5cdff55e5d2b53,68b7f1fa5d1ace138d739ba4155000558f97c63f0596eb98fcb867c0b94136fc,22.0,35.0,1.5909090909090908,train,train,candidate,query,babel_briefings,babel_briefings,Sarah Harding has thanked her fans for their support following her cancer diagnosis and offered an update on her forthcoming book.,Al Ahly coach Pitso Mosimane is following the proposed fight between musicians Big Zulu and King Monada and he has offered one of his trophies to the winner.
different_author_same_genre_same_topic,en,news,1,0.19816722290152144,mix_016980,mix_016036,baa9e9c6557def3fd4d0c8c6a1863d5fff6740dde1d7c209d216b86ef66a7f9a,6bdeb5a376cc484cde61ea25f6a4d6ddc964bf2a16e81fef24bad5e04367f32f,41.0,27.0,1.5185185185185186,train,train,candidate,query,babel_briefings,babel_briefings,"Nick Wheeler is sitting behind a desk wearing one of his company’s crisp white shirts, but below he could be wearing anything: Bermuda shorts, joggers or boxers. In fact, the chief executive of",A source told Glasgow Live that dozens of staff were forced to queue wearing only scrubs in 2 degree weather for over two hours.
different_author_same_genre_same_topic,en,news,1,0.18077814630409683,mix_016542,mix_015546,970d17d9463e3b229619299c56656ee11dadf230f7810c03f03bb1eba8902114,462e067a0ed54ca60cf06ee798239f209e36e115725f25d0084f450876f2140e,35.0,48.0,1.3714285714285714,train,train,query,query,babel_briefings,babel_briefings,"Wearing a thicker fabric mask over a surgical one may act like a double-filter and improve the fit of face coverings, University of California, San Francisco, scientists advise.","Could the mask -- already seen by many scientists as the most effective shield against Covid-19 -- have yet another benefit? Some researchers now believe that they expose wearers to smaller, less harmful doses of the ..."
different_author_same_genre_same_topic,en,news,1,0.17170668621670815,mix_016980,mix_016542,baa9e9c6557def3fd4d0c8c6a1863d5fff6740dde1d7c209d216b86ef66a7f9a,970d17d9463e3b229619299c56656ee11dadf230f7810c03f03bb1eba8902114,41.0,35.0,1.1714285714285715,train,train,candidate,query,babel_briefings,babel_briefings,"Nick Wheeler is sitting behind a desk wearing one of his company’s crisp white shirts, but below he could be wearing anything: Bermuda shorts, joggers or boxers. In fact, the chief executive of","Wearing a thicker fabric mask over a surgical one may act like a double-filter and improve the fit of face coverings, University of California, San Francisco, scientists advise."
same_author_same_genre_same_topic,en,news,2,0.24226411472570475,mix_014825,mix_014824,0da0f20a9d493159e9182eb5747b98ca2f09a05242ae03dd5b213a64d43c0d2d,0da0f20a9d493159e9182eb5747b98ca2f09a05242ae03dd5b213a64d43c0d2d,31.0,30.0,1.0333333333333334,train,train,candidate,query,babel_briefings,babel_briefings,"House prices are showing growth, while Perth's rental market could be heading for a crisis. REIWA's September update has all you need to know.",We know property prices have been falling - but there are some areas bucking the trend in super style. Here are Perth's top 10 performers.
same_author_same_genre_same_topic,en,news,2,0.11650968252147131,mix_017071,mix_017070,c0d8b7b43440d612a6f7cb82c02ed3df77805553ac47d55b4f0c31214666d0e7,c0d8b7b43440d612a6f7cb82c02ed3df77805553ac47d55b4f0c31214666d0e7,55.0,54.0,1.0185185185185186,train,train,candidate,query,babel_briefings,babel_briefings,"Prince Harry and Meghan Markle may have stepped down as royal family members and relocated to California, but that certainly doesn't stop them from making Prince Harry is now in the Saved By The Bell reboot and we don...","Yesterday was a historic day for the whole world, as Donald Trump left office and Joe Biden was officially sworn in as the 46th President of the United Lady Gaga and Mike Pence's interaction at Joe Biden's inauguratio..."
different_author_same_genre_same_topic,en,news,2,0.18521994403712538,mix_017549,mix_015336,e65f0a2088bb33d5af08330554fbd5c7976a4d552c7a5e00a945d918a6236de3,3482c9d236dd1bdccb0e081fbb780ba97850f23e8be4ffbcd61e65a498f671cf,43.0,58.0,1.3488372093023255,train,train,candidate,query,babel_briefings,babel_briefings,"What does the future hold for macOS? There are signs in Big Sur, and the move to Apple silicon will surely have an influence. Here's a look at how the Mac operating system can keep going and going.","Windows 10X was originally designed for dual-screen devices, such as the Surface Neo, Lenovo ThinkPad X1 Fold, and Intel prototypes. In 2020, Microsoft said that the plans have changed and the operating system will fi..."
different_author_same_genre_same_topic,en,news,2,0.17588626249150363,mix_017549,mix_015940,e65f0a2088bb33d5af08330554fbd5c7976a4d552c7a5e00a945d918a6236de3,64c41cd61d2a4809fb635a508aa3fc94e15a6e7800e78f1eeb47aac70eee133e,43.0,31.0,1.3870967741935485,train,train,candidate,query,babel_briefings,babel_briefings,"What does the future hold for macOS? There are signs in Big Sur, and the move to Apple silicon will surely have an influence. Here's a look at how the Mac operating system can keep going and going.","Sydney Opera House has become the latest to mandate mask wearing – but even with safety measures in place, going to the theatre carries ‘an incredible risk’"
different_author_same_genre_same_topic,en,news,2,0.17474515392526413,mix_017071,mix_017549,c0d8b7b43440d612a6f7cb82c02ed3df77805553ac47d55b4f0c31214666d0e7,e65f0a2088bb33d5af08330554fbd5c7976a4d552c7a5e00a945d918a6236de3,55.0,43.0,1.2790697674418605,train,train,candidate,candidate,babel_briefings,babel_briefings,"Prince Harry and Meghan Markle may have stepped down as royal family members and relocated to California, but that certainly doesn't stop them from making Prince Harry is now in the Saved By The Bell reboot and we don...","What does the future hold for macOS? There are signs in Big Sur, and the move to Apple silicon will surely have an influence. Here's a look at how the Mac operating system can keep going and going."
same_author_same_genre_same_topic,en,news,3,0.1122587987562138,mix_016525,mix_016524,960283a72b2775e4274d5a206d5359a09c3dbd9ec78210d9f8c1081434cf2fa3,960283a72b2775e4274d5a206d5359a09c3dbd9ec78210d9f8c1081434cf2fa3,32.0,32.0,1.0,train,train,candidate,query,babel_briefings,babel_briefings,"The are still unbeaten under their new manager but they have only scored 15 goals in the German's 12 matches in charge, raising questions about their forwards",France midfielder Paul Pogba has turned down Manchester United's offer to discuss new terms and saw a potential move to Paris Saint-Germain fail to materialise
different_author_same_genre_same_topic,en,news,3,0.36916198640448106,mix_014762,mix_014856,087a18b2e167a760edc858c632933de8ba1286634e31b579d331e7d8b638a009,1031a8a0c241f678e5ec261f93d890d9465ff5fc6a477503d9a47859fc780191,23.0,33.0,1.434782608695652,train,train,candidate,query,babel_briefings,babel_briefings,NHS emergency wards are seeing parents bringing their children with mild illnesses because they are unused to seeing their children sick.,SAGE member Professor Russell Viner has urged parents to ensure their children are up to date with their MMR jabs and said he is far less worried about coronavirus
different_author_same_genre_same_topic,en,news,3,0.21863098468814657,mix_016818,mix_017678,ac97fced5fca958650468f16a76bcd2f247c22644a10874080d43498db8dd505,f17967acc1a607a7297a2fc76cf0bf70075ce1adf005f81659bd8f2bc462eef4,33.0,24.0,1.375,train,train,candidate,query,babel_briefings,babel_briefings,"Princess Mary has shared candid snaps of her family from their summer holiday in Denmark, offering a glimpse at how the royal family spend their downtime during the summer break.","They quickly rose to fame following the success of their Netflix reality series Selling Sunset, which wrapped its third season last summer."
different_author_same_genre_same_topic,en,news,3,0.18911116847012,mix_017795,mix_015952,fd779bf317f837fa6636c01a6aa79bee73829cb1aeaa8e36137e6ea6a60b1126,65e5fc9e4fe3ce4476dc7c260a68b5f03e0dc5041e73ae783c303711f5e4046e,30.0,37.0,1.2333333333333334,train,train,candidate,candidate,babel_briefings,babel_briefings,"Chinese technology stocks rebounded Thursday from a record low, following their American peers higher amid signs of renewed interest in one of China’s biggest tech names.","Saudi Aramco’s annual dividend of $75 billion is already the world’s biggest, but the oil producer may have to raise it to follow peers, according to Bank of America."
same_author_same_genre_same_topic,en,news,4,0.3731357674159703,mix_015898,mix_015897,61d86f38801ef0f9cfd5c2dc9c78d5565da43676466663a7331d92d687941198,61d86f38801ef0f9cfd5c2dc9c78d5565da43676466663a7331d92d687941198,36.0,33.0,1.0909090909090908,train,train,candidate,query,babel_briefings,babel_briefings,The Miami Heat open their 2020-22 preseason on Monday against the Pelicans. I am very curious to see one thing in particular as they start. The Miami Heat ...,"The Miami Heat are in the thick of a playoff hunt at the moment, but the offseason is approaching. Will Donovan Mitchell be made available by Utah? The Mia..."
same_author_same_genre_same_topic,en,news,4,0.32609352755711907,mix_017720,mix_017719,f566ca945013b694a086028932abd43823da992f4414912f785974cbf5eb40a6,f566ca945013b694a086028932abd43823da992f4414912f785974cbf5eb40a6,55.0,45.0,1.2222222222222223,train,train,candidate,query,babel_briefings,babel_briefings,Warner Bros. Pictures provided ComingSoon.net with the chance to chat with the director of the highly-anticipated Mortal Kombat movie! We took the opportunity to ask Simon McQuoid -who makes his feature debut- about w...,Warner Bros. Pictures and New Line Cinema have released the first 7-minutes of Mortal Kombat online! It features Hiroyuki Sanada's Scorpion vs Joe Taslim's Sub-Zero.
same_author_same_genre_same_topic,en,news,4,0.28126614106798975,mix_015100,mix_015101,22bd25dcf06bca5e110434b62fc5d5fdd7a52be09cf01c01eed542601e38710d,22bd25dcf06bca5e110434b62fc5d5fdd7a52be09cf01c01eed542601e38710d,64.0,50.0,1.28,train,train,candidate,query,babel_briefings,babel_briefings,"ADVERTISEMENT Dangote Group has emerged the Most Valuable Brand in 2020 in Nigeria for the third consecutive time of this year’s Annual Brand Evaluation, ‘TOP 50 BRANDS NIGERIA’. A summary of the 2020 report of the To...","ADVERTISEMENT Burna Boy, Davido and Wizkid are the three main musicians carrying Nigerian Music on their shoulders and exporting good music overseas to the global market. The three have been at each others neck for ye..."
different_author_same_genre_same_topic,en,news,4,0.33969661786230687,mix_017056,mix_017002,c04476754ce038cb29bd66f406792e3b3abb43a27bca5cc6b72bd1253af6a194,bbb70a6a536352d61c345a3b3b34b87296f035c745db50d7d3c5e05e39e6376b,24.0,19.0,1.263157894736842,train,train,candidate,query,babel_briefings,babel_briefings,Minnesota health officials are investigating recent cases of Legionnaires' disease that have been linked to a hotel in Albert Lea.,"Another 564 COVID-19 cases have been recorded in B.C., health officials announced Thursday."
different_author_same_genre_same_topic,en,news,4,0.29171700744127294,mix_017231,mix_017002,ccfcbece153b055d3f4f6399914e70cc97bfe5b9439d7638477814a651ded050,bbb70a6a536352d61c345a3b3b34b87296f035c745db50d7d3c5e05e39e6376b,27.0,19.0,1.4210526315789473,train,train,candidate,query,babel_briefings,babel_briefings,Ottawa Public Health says another 46 people in the city have tested positive for COVID-19 and one more person has died.,"Another 564 COVID-19 cases have been recorded in B.C., health officials announced Thursday."
different_author_same_genre_same_topic,en,news,4,0.2743863630154635,mix_015988,mix_015853,68b7f1fa5d1ace138d739ba4155000558f97c63f0596eb98fcb867c0b94136fc,5dc845d591ee6c5483c8a1f539399abde259a8d6c2d3710de9b15993eaf842ef,37.0,37.0,1.0,train,train,candidate,query,babel_briefings,babel_briefings,Mzansi social media users are shocked to see an R1 million luxury car split in half as it was involved in a very serious accident. It's now being sold in parts.,"Read “Lakers' Ben McLemore Involved In Serious Car Wreck After Win Over Warriors, Photos Released (PICS) ” and other NBA articles from Total Pro Sports."
same_author_same_genre_same_topic,en,news,5,0.9637662020205602,mix_017593,mix_017592,e9905741600e2bd98c8fc3ed4a87f8a729dffd6e3c837ecd87a108421f79ceaa,e9905741600e2bd98c8fc3ed4a87f8a729dffd6e3c837ecd87a108421f79ceaa,30.0,32.0,1.0666666666666667,dev,dev,candidate,query,babel_briefings,babel_briefings,"By kawarthaNOW. Updates unavailable for Peterborough, Kawartha Lakes, Northumberland, Haliburton, and Hastings Prince Edward.","By kawarthaNOW. Updates unavailable on weekends for Peterborough, Kawartha Lakes, Northumberland, Haliburton, and Hastings Prince Edward."
same_author_same_genre_same_topic,en,news,5,0.4461957262257892,mix_016763,mix_016764,a7db65d001995925c923d932ce5fe1229d05a5baeab78e2394356012ee8d6f26,a7db65d001995925c923d932ce5fe1229d05a5baeab78e2394356012ee8d6f26,60.0,66.0,1.1,train,train,candidate,query,babel_briefings,babel_briefings,"Hyundai recently announced the name of their upcoming 7-seater SUV. The all-new SUV will known as Alacazar and will make it global debut soon. Hyundai Alcazar when launched, will compete with cars like MG Hector Plus,...","Renault India had recently launched their sub-4 meter compact SUV Kiger in the market. The all-new Renault Kiger competes with cars like Nissan Magnite, Hyundai Venue, Maruti Brezza, Kia Sonet, Tata Nexon, Mahindra XU..."
same_author_same_genre_same_topic,en,news,5,0.418053603780868,mix_016572,mix_016573,98b520707c9bea49c7bd94952583b1cfc18430994651306d7deaad5f6413739d,98b520707c9bea49c7bd94952583b1cfc18430994651306d7deaad5f6413739d,43.0,43.0,1.0,test,test,candidate,query,babel_briefings,babel_briefings,"Pune, June 21, 2021 (GLOBE NEWSWIRE) -- Global Family Entertainment Centers Market 2021-2027: The global “Family Entertainment Centers Market”......","Pune, Nov. 17, 2021 (GLOBE NEWSWIRE) -- Global Chemical Logistics Market Outlook To 2026: The global Chemical Logistics market size is projected to..."
different_author_same_genre_same_topic,en,news,5,0.4099458381192719,mix_015335,mix_014995,3482c9d236dd1bdccb0e081fbb780ba97850f23e8be4ffbcd61e65a498f671cf,1b38b5601947c1b473643c95014b7677215998b2ef84879cc58e9e319e106116,33.0,44.0,1.3333333333333333,train,train,candidate,candidate,babel_briefings,babel_briefings,Microsoft will soon reveal their next generation of Windows at an upcoming press event later this month. Here is what we know so far about Microsoft's new version of Windows.,"Microsoft Azure hybrid and multi-cloud solutions in the spotlight at Microsoft Build 2020 include Azure Arc updates, the Azure Certified Device Program, a public preview of Azure Communication Services, the next-gener..."
different_author_same_genre_same_topic,en,news,5,0.2917581553783136,mix_017487,mix_017792,e181797dede827d8bf65be69f71acd31e24653e2563b0a62ec44cbe126b893a2,fd7334cd9502e84fa97399d078cb2094d17fb7ed10c7720389ba8b7a329ecc4a,37.0,36.0,1.0277777777777777,train,train,candidate,candidate,babel_briefings,babel_briefings,"Amazon on Wednesday announced Build It, a Kickstarter-like program that lets you preorder potential products that the company will only build if it gets enough support within 30 days. Three days later…","Atlassian announced that it has acquired ThinkTilt, an Australia-based company that is the maker of ProForma, a no-code/low code form builder for Jira."
different_author_same_genre_same_topic,en,news,5,0.288264657297551,mix_015221,mix_017792,2c2bc6fbd0b8623511530b9d5b798c71b93e740c7c31312d65c9ebd1af747147,fd7334cd9502e84fa97399d078cb2094d17fb7ed10c7720389ba8b7a329ecc4a,23.0,36.0,1.565217391304348,train,train,candidate,candidate,babel_briefings,babel_briefings,The gaming arm of the renown audio device company has announced new aesthetics for its GSP 600 wired headsets.,"Atlassian announced that it has acquired ThinkTilt, an Australia-based company that is the maker of ProForma, a no-code/low code form builder for Jira."
different_author_same_genre_same_topic,en,news,6,0.17283945584590765,mix_015578,mix_014996,483a9ed09c2375f858bed559004788d53bb1cce23af1a78dd2f8f065ffb3a995,1b38b5601947c1b473643c95014b7677215998b2ef84879cc58e9e319e106116,23.0,33.0,1.434782608695652,train,train,candidate,query,babel_briefings,babel_briefings,The Phoenix Suns scored a season-high 44 points in the third quarter of a strong win over the Washington Wizards.,"Google Cloud revenue jumped 45 percent in the third quarter to $3.44 billion, putting it on track for a $13.77 billion annual revenue run rate"
different_author_same_genre_same_topic,en,news,6,0.15935845553726935,mix_017598,mix_017794,ea07dde46ed65e6d06339606592fd325f20359cf52eb17518f9b8ba3098477fe,fd779bf317f837fa6636c01a6aa79bee73829cb1aeaa8e36137e6ea6a60b1126,54.0,45.0,1.2,train,train,query,query,babel_briefings,babel_briefings,The ASX 200 climbed higher on Tuesday but these two high-profile ASX 200 shares decisively outperformed the index. We take a closer look.The post These 2 exciting ASX 200 shares soared higher today appeared first on M...,47 of 48 analysts recommend buy and 1 has a hold rating — a ratio of 98% that’s the highest since June 2004. SBI posted a record profit in the latest quarter that beat estimates.
different_author_same_genre_same_topic,en,news,6,0.1426740283752994,mix_015655,mix_017794,4ee533d014e2c1385982435721a8a7d541fb6c58cf66b8bcca8d7c2da76c05c0,fd779bf317f837fa6636c01a6aa79bee73829cb1aeaa8e36137e6ea6a60b1126,59.0,45.0,1.3111111111111111,train,train,candidate,query,babel_briefings,babel_briefings,"The number of lab-confirmed coronavirus cases in West Berkshire now stands at 2,145 - an increase of 86 in the past 24 hours. Cases are now allocated to the person's area of residence. Since November 16, Public Health...",47 of 48 analysts recommend buy and 1 has a hold rating — a ratio of 98% that’s the highest since June 2004. SBI posted a record profit in the latest quarter that beat estimates.
same_author_same_genre_same_topic,en,news,7,0.042437392241227445,mix_016231,mix_016230,7c3f6b3c78ee38bb6d4c5306954a40ca7ecffecfcb943ec3978a3c86ca07dcca,7c3f6b3c78ee38bb6d4c5306954a40ca7ecffecfcb943ec3978a3c86ca07dcca,22.0,34.0,1.5454545454545454,train,train,candidate,query,babel_briefings,babel_briefings,Meryl Streep plays an author trying to reconnect with college friends in Steven Soderbergh’s film.,"Grooming a naïve maiden to be an obedient bride is bound to fail, or at least be sorely tested, when Molière spins the love story."
different_author_same_genre_same_topic,en,news,7,0.20550525566212374,mix_016905,mix_015826,b2817ea609a3ab10c0a7f8942d5a66448af4a8799b7f0b0f03302969458088c3,5bc1638f7a3aa32a7c2f523e0bf7c2b22bd45c45b000417256d084d874ca9f68,31.0,34.0,1.096774193548387,train,train,query,query,babel_briefings,babel_briefings,Ottawa Public Health is starting to visit all schools to offer the two-dose HPV and other vaccines to students in grades 7 and 8.,"Healthcare giant Discovery Health is this week attempting to introduce a novel healthcare payment system with the launch of a R300 prepaid GP consultation voucher, joining two other similar schemes."
different_author_same_genre_same_topic,en,news,7,0.18466805957132526,mix_016195,mix_016484,79377cc394b592ece82b0643e96aa1559ac8708ea993e80bab3424bb092f5da4,92a8002bf20939d5f579a771c5542d34f2338c2b6f6c6b67aca7d6f29eeae63a,28.0,42.0,1.5,train,train,candidate,query,babel_briefings,babel_briefings,"With Wisconsin and Michigan called for Joe Biden, the Democrat is tantalisingly close to securing the 270 electoral college votes needed to declare victory",CNN hosted a drive-in town hall with 2020 Democratic presidential nominee Joe Biden in Pennsylvania on Thursday night. It was Biden's first prime time town hall since accepting the nomination.
different_author_same_genre_same_topic,en,news,7,0.1658895439146315,mix_015351,mix_015826,35de73a48dad94241eb9f995ec536048190a0eb2b3c853d01d376997e270954c,5bc1638f7a3aa32a7c2f523e0bf7c2b22bd45c45b000417256d084d874ca9f68,49.0,34.0,1.4411764705882353,train,train,query,query,babel_briefings,babel_briefings,"In the two years since Gatik AI came out of stealth, the autonomous vehicle startup has launched pilots with Walmart and Canadian retail giant Loblaw in its bid to prove that self-driving technology combined with box ...","Healthcare giant Discovery Health is this week attempting to introduce a novel healthcare payment system with the launch of a R300 prepaid GP consultation voucher, joining two other similar schemes."
same_author_same_genre_same_topic,de,social_media,2,0.7423120353002284,mix_009470,mix_009471,658cebb8c84c5937133219ea0153cad14e77db2105072826c13dd4de30ad80e4,658cebb8c84c5937133219ea0153cad14e77db2105072826c13dd4de30ad80e4,243.0,228.0,1.0657894736842106,train,train,candidate,query,exorde,exorde,"Verpasse nicht die neuesten Inhalte von diesem Profil: Melde dich an, um neue Inhalte von Profilen und Bezirken zu deinen hinzufügen zu können. KITZBÜHEL. Dabei kollidierte der Pkw einer 34-jährigen Österreicheri...","Verpasse nicht die neuesten Inhalte von diesem Profil: Melde dich an, um neue Inhalte von Profilen und Bezirken zu deinen hinzufügen zu können. SÖLDEN. Der Snowboarder wurde durch den Zusammenstoß unbestimmten Grad..."
same_author_same_genre_same_topic,de,social_media,2,0.6278780097780942,mix_009630,mix_009629,7f825ef6c7bfc63dbf6a978206a6ce41781eab560c785e4e33248534ec78f9e8,7f825ef6c7bfc63dbf6a978206a6ce41781eab560c785e4e33248534ec78f9e8,313.0,230.0,1.3608695652173912,train,train,candidate,query,exorde,exorde,"Am Donnerstagmorgen kam es auf der Bundesstraße 6 nahe Oschatz zu einem folgenschweren Verkehrsunfall, bei dem eine 61-jährige Frau leicht und eine 24-jährige Frau schwer verletzt wurden. Wagen überschlägt sich un...","Beim Zusammenstoß zweier Fahrzeuge auf der Kreisstraße 7930 bei Neukieritzsch wurde eine 50-jährige Frau verletzt. Der Unfall ereignete sich gegen 8 Uhr am Donnerstagmorgen, als ein 29-jähriger Autofahrer an einer B..."
same_author_same_genre_same_topic,de,social_media,2,0.5314587981925043,mix_009483,mix_009482,674534da384098da67502c26d5478769e8a6929b1588900f09165db9fe7dec7a,674534da384098da67502c26d5478769e8a6929b1588900f09165db9fe7dec7a,243.0,234.0,1.0384615384615385,train,train,candidate,query,exorde,exorde,"Verpasse nicht die neuesten Inhalte von diesem Profil: Melde dich an, um neue Inhalte von Profilen und Bezirken zu deinen hinzufügen zu können. VÖCKLAMART. Glatteis dürfte der Grund für den Unfall gewesen sein, d...","Verpasse nicht die neuesten Inhalte von diesem Profil: Melde dich an, um neue Inhalte von Profilen und Bezirken zu deinen hinzufügen zu können. PERG. Ein 38-jähriger Rumäne aus dem Bezirk Perg wollte gestern Nacht..."
different_author_same_genre_same_topic,de,social_media,2,0.4909778695178939,mix_009117,mix_009629,29d1605c2351148aaec911c0c6625061ed7aa4e4e55bbb5c5603f43a2d780168,7f825ef6c7bfc63dbf6a978206a6ce41781eab560c785e4e33248534ec78f9e8,316.0,230.0,1.373913043478261,train,train,candidate,query,exorde,exorde,In Rostock hat eine Autofahrerin einen Sechsjährigen angefahren und schwer verletzt. Im Stadtteil Dierkow wollte der Junge ersten Erkenntnissen zufolge am Freitagnachmittag gegen 15.30 Uhr zusammen mit seiner Mutter ...,"Beim Zusammenstoß zweier Fahrzeuge auf der Kreisstraße 7930 bei Neukieritzsch wurde eine 50-jährige Frau verletzt. Der Unfall ereignete sich gegen 8 Uhr am Donnerstagmorgen, als ein 29-jähriger Autofahrer an einer B..."
different_author_same_genre_same_topic,de,social_media,2,0.4860507916572122,mix_009470,mix_009482,658cebb8c84c5937133219ea0153cad14e77db2105072826c13dd4de30ad80e4,674534da384098da67502c26d5478769e8a6929b1588900f09165db9fe7dec7a,243.0,234.0,1.0384615384615385,train,train,candidate,query,exorde,exorde,"Verpasse nicht die neuesten Inhalte von diesem Profil: Melde dich an, um neue Inhalte von Profilen und Bezirken zu deinen hinzufügen zu können. KITZBÜHEL. Dabei kollidierte der Pkw einer 34-jährigen Österreicheri...","Verpasse nicht die neuesten Inhalte von diesem Profil: Melde dich an, um neue Inhalte von Profilen und Bezirken zu deinen hinzufügen zu können. PERG. Ein 38-jähriger Rumäne aus dem Bezirk Perg wollte gestern Nacht..."
different_author_same_genre_same_topic,de,social_media,2,0.4816971449256434,mix_009483,mix_009471,674534da384098da67502c26d5478769e8a6929b1588900f09165db9fe7dec7a,658cebb8c84c5937133219ea0153cad14e77db2105072826c13dd4de30ad80e4,243.0,228.0,1.0657894736842106,train,train,candidate,query,exorde,exorde,"Verpasse nicht die neuesten Inhalte von diesem Profil: Melde dich an, um neue Inhalte von Profilen und Bezirken zu deinen hinzufügen zu können. VÖCKLAMART. Glatteis dürfte der Grund für den Unfall gewesen sein, d...","Verpasse nicht die neuesten Inhalte von diesem Profil: Melde dich an, um neue Inhalte von Profilen und Bezirken zu deinen hinzufügen zu können. SÖLDEN. Der Snowboarder wurde durch den Zusammenstoß unbestimmten Grad..."
same_author_same_genre_same_topic,de,social_media,4,0.5367895461222814,mix_009622,mix_009623,7e8a4ac7bca4d1dc3559d668789ae16304f9efcc4cea7cc29bb195ab1a8a5f07,7e8a4ac7bca4d1dc3559d668789ae16304f9efcc4cea7cc29bb195ab1a8a5f07,111.0,103.0,1.0776699029126213,train,train,candidate,query,exorde,exorde,"⚡‼️🧵 1, 62, WLB: Falschparker\n\nWegen eines Falschparkers im Bereich Wiedner Hauptstraße 19 wird die Linie 1 in Fahrtrichtung Stefan-Fadinger-Platz zwischen Oper, Karlsplatz U und Kliebergasse über die Strecke der Li...",⚡‼️ 43: Fremder Verkehrsunfall\n\nWegen eines fremden Verkehrsunfalles im Haltestellenbereich Alser Straße U wird die Linie 43 in Fahrtrichtung Neuwaldegg zwischen Brünnlbadgasse und Rosensteingasse über die Strecke d...
same_author_same_genre_same_topic,de,social_media,4,0.1979660151893683,mix_010082,mix_010083,d4035eff9eb515581aa735dd6c03ba4ca01ecf0b5e13da455daa26345ae64b86,d4035eff9eb515581aa735dd6c03ba4ca01ecf0b5e13da455daa26345ae64b86,208.0,239.0,1.1490384615384615,train,train,candidate,query,exorde,exorde,Bernd Neuendorf ist seit März 2022 DFB-Präsident. Quelle: Robert Michael/dpa Der Deutsche Fußball-Bund will 2029 wieder ein Großturnier bei den Frauen ausrichten. Die Konkurrenz hat es aus Sicht von DFB-Präsident B...,Halbfinal-Traum geplatzt: Deutsche Handballerinnen unterliegen Dänemark Die deutschen Handballerinnen fanden gegen Dänemark am Ende keine Mittel. Quelle: IMAGO/wolf-sportfoto Die deutschen Handballerinnen liefern de...
different_author_same_genre_same_topic,de,social_media,4,0.3033822298229145,mix_009805,mix_009245,9f4ce0a47666711986805d334449bfca600ece62ad1e6ad433cdef10420a14e1,3e7b742877ff46ff7dd485d0969d2610216cc4aa271536c76083a6f3d1862eaa,57.0,43.0,1.3255813953488371,train,train,candidate,candidate,exorde,exorde,"So, Haushalt erledigt, ab sofort ist wirklich Wochenende! \nJetzt zu den wirklich wichtigen Fragen:\n\nWas mache ich mir zu essen?\nWas zocke ich heute?\nIrgendwer Bock auf Koop?","Ich kann mir wirklich nicht erklären, warum sich bisher noch keiner der deutschen schwulen Profifußballer zu seiner sexuellen Orientierung bekannt hat. Ich habe wirklich keine Idee. Gar keine."
different_author_same_genre_same_topic,de,social_media,4,0.26933656713691534,mix_009497,mix_009970,69b845aa757430d5aabfda51e8e9b29d7ba7f47e1294656630eb806aae8e8943,bf7cf65271a41e487db6e63e4168d0b39856953a865716b3cc1a5e4c25b8e8cf,57.0,80.0,1.4035087719298245,train,train,candidate,query,exorde,exorde,"Spielen wir das mal durch, in diesem BL läuft es nicht soo schlecht wie in Deutschland, es liefe insgesamt besser, wenn die Grünen in #keiner Regierung mehr wären. Is ja egal, Hauptsache ich bin wichtig.","Die mRNA-IMpfung war ein Erfolg. Phtovoltaik kam aus der Raumfahrt und den USA. In Deutschland haben wir sie nur mit Subventionen massentauglich gemacht.\n\nIn vielen wichtigen Bereichen wie Halbleiter, Cloud-Computin..."
different_author_same_genre_same_topic,de,social_media,4,0.22170221077594154,mix_009759,mix_009200,94ff0b48edc1aaa43f47710fa1fa0fcd04a47eff6583cf237d24482600e89fec,368ee1f23f5dfe5c3c84ce6c72903d8be4d5a21973b09aeff27408ebd07c0586,117.0,114.0,1.0263157894736843,train,train,query,query,exorde,exorde,"1/X\nGuten Morgen ihr Lieben.🤗\nWie geht es euch?\nMir geht es auch gut.\nSEHR GUT!!\n\nNur Freude hier weit und breit,\nbis die Mutter vor Freude schreit.\n\n(OK. Petra lacht und lacht).\n\nAber mal etwas ganz andere...","📌 Alles das, was @nicolekohnert.bsky.social \nsagt‼️ 👏 \n\nIch habe den 🎯 D-Day-Kommentar von Frau Kohnert noch um die „emotionalen und herzergreifenden“ O-Töne von Christian Lindner ergänzt.\n\n#FDP #Lindner #DDay \n..."
same_author_same_genre_same_topic,de,social_media,5,0.9054255684737998,mix_010052,mix_010051,cd4a8702986377431fc950a6ed08e6efd68b0b3799fab21005c3efa54d03c9ab,cd4a8702986377431fc950a6ed08e6efd68b0b3799fab21005c3efa54d03c9ab,171.0,166.0,1.0301204819277108,train,train,candidate,query,exorde,exorde,"Phillip Ströbel forscht und lehrt an der Universität, pfeift mit 34 in der höchsten Eishockeyliga und bewältigt sein Pensum ohne Auto. Der Spagat ist eine Herausforderung. https://tagesanzeiger.ch/kuenstliche-intellig...","Onlinebetrüger gehen je länger, je raffinierter vor: In einem aktuellen Fall konnten sie mit Zugriff auf ein Mailkonto ein Provisionsgeschäft beeinflussen und rund 23’000 Euro ergaunern. https://tagesanzeiger.ch/cyber..."
same_author_same_genre_same_topic,de,social_media,5,0.5363357157503814,mix_010022,mix_010023,c7e832cd55ad2492001686c1b4066866012e8d9eebc22382e0498853ba322adc,c7e832cd55ad2492001686c1b4066866012e8d9eebc22382e0498853ba322adc,118.0,142.0,1.2033898305084745,train,train,candidate,query,exorde,exorde,Nano Dimension präsentiert Ataru: Ein neues Material für den DLP-3D-Druck und konzipiert für Industrieanwendungen https://3d-grenzenlos.de/magazin/zubehoer-zusatzgeraete/nano-dimension-ataru-271135153/… #3dprint #3dpr...,"Kompakte Leistung: AIE präsentiert den 40ACS Wankelmotor, gefertigt mit 3D-Druck und innovativer SPARCS-Technologie https://3d-grenzenlos.de/magazin/3d-objekte/aie-stellt-mit-40acs-einen-mini-wankelmotor-aus-dem-3d-dr..."
same_author_same_genre_same_topic,de,social_media,5,0.5247047274065584,mix_010046,mix_010047,cc94ce7b252ca0a783e0d4e2a82ac726aab97d28668c57bd79c4b9a59b4118bf,cc94ce7b252ca0a783e0d4e2a82ac726aab97d28668c57bd79c4b9a59b4118bf,116.0,95.0,1.2210526315789474,train,train,candidate,query,exorde,exorde,"Bluetooth-Lautsprecher sind die idealen Begleiter für alle, die ihre Lieblingsmusik flexibel und ohne Kabelsalat genießen wollen. Wir stellen die am besten bewerteten Modelle im Preissegment von 100 bis 200 Euro vor. ...","Smarte Heizungssteuerung leicht gemacht? Wir haben das Shelly BLU TRV ausprobiert und verraten, ob sich der Kauf des Thermostats lohnt. https://connect.de/testbericht/shelly-blu-trv-test-thermostat-heizkoerperventil-r..."
different_author_same_genre_same_topic,de,social_media,5,0.4647093455593534,mix_010052,mix_010046,cd4a8702986377431fc950a6ed08e6efd68b0b3799fab21005c3efa54d03c9ab,cc94ce7b252ca0a783e0d4e2a82ac726aab97d28668c57bd79c4b9a59b4118bf,171.0,116.0,1.4741379310344827,train,train,candidate,candidate,exorde,exorde,"Phillip Ströbel forscht und lehrt an der Universität, pfeift mit 34 in der höchsten Eishockeyliga und bewältigt sein Pensum ohne Auto. Der Spagat ist eine Herausforderung. https://tagesanzeiger.ch/kuenstliche-intellig...","Bluetooth-Lautsprecher sind die idealen Begleiter für alle, die ihre Lieblingsmusik flexibel und ohne Kabelsalat genießen wollen. Wir stellen die am besten bewerteten Modelle im Preissegment von 100 bis 200 Euro vor. ..."
different_author_same_genre_same_topic,de,social_media,5,0.46228576851366987,mix_010046,mix_010051,cc94ce7b252ca0a783e0d4e2a82ac726aab97d28668c57bd79c4b9a59b4118bf,cd4a8702986377431fc950a6ed08e6efd68b0b3799fab21005c3efa54d03c9ab,116.0,166.0,1.4310344827586208,train,train,candidate,query,exorde,exorde,"Bluetooth-Lautsprecher sind die idealen Begleiter für alle, die ihre Lieblingsmusik flexibel und ohne Kabelsalat genießen wollen. Wir stellen die am besten bewerteten Modelle im Preissegment von 100 bis 200 Euro vor. ...","Onlinebetrüger gehen je länger, je raffinierter vor: In einem aktuellen Fall konnten sie mit Zugriff auf ein Mailkonto ein Provisionsgeschäft beeinflussen und rund 23’000 Euro ergaunern. https://tagesanzeiger.ch/cyber..."
different_author_same_genre_same_topic,de,social_media,5,0.41060055701273346,mix_010052,mix_009548,cd4a8702986377431fc950a6ed08e6efd68b0b3799fab21005c3efa54d03c9ab,721347830795cff9f74d012bb28a59779197e6b0c45e0d4144ee3e79b9137935,171.0,147.0,1.163265306122449,train,train,candidate,query,exorde,exorde,"Phillip Ströbel forscht und lehrt an der Universität, pfeift mit 34 in der höchsten Eishockeyliga und bewältigt sein Pensum ohne Auto. Der Spagat ist eine Herausforderung. https://tagesanzeiger.ch/kuenstliche-intellig...","Musks Drohung, Nigel Farage mit 100 Millionen Dollar zu finanzieren, enthüllt die klaffenden Schlupflöcher, die die britische Demokratie gefährden Musk könnte Großbritanniens „colinder-artige“ Wahlgesetze umgehen, um ..."
same_author_same_genre_same_topic,de,social_media,6,0.980227473874345,mix_010235,mix_010236,eedea5cfed7091d55e7c6d2d075ddb9888260fb2a37f7b5d63ddf48dc6cb0756,eedea5cfed7091d55e7c6d2d075ddb9888260fb2a37f7b5d63ddf48dc6cb0756,193.0,185.0,1.0432432432432432,train,train,candidate,query,exorde,exorde,Skeleton Crew: Die wichtigsten Figuren der neuen Star-Wars-Serie im Überblick Das Wichtigste in diesem Artikel Worum geht es in „Star Wars: Skeleton Crew“? Die neue „Star-Wars“-Serie auf Disney+ entführt uns in eine...,"Skeleton Crew: Die wichtigsten Figuren der neuen Star-Wars-Serie im Überblick Worum geht es in „Star Wars: Skeleton Crew“? Die neue „Star-Wars“-Serie auf Disney+ entführt uns in eine faszinierende, aber unbekannte E..."
same_author_same_genre_same_topic,de,social_media,6,0.9166891420360136,mix_009607,mix_009606,7be2ef61681dbca03e38baa382b793215a0f0aa4b4fed39dbf85089f3c8624e6,7be2ef61681dbca03e38baa382b793215a0f0aa4b4fed39dbf85089f3c8624e6,191.0,274.0,1.4345549738219896,train,train,candidate,query,exorde,exorde,"Wie die mitteilt, meldete eine Bewohnerin das es in ihrer Wohnung brennt. Beim Eintreffen der Feuerwehr wurde eine starke Rauchentwicklung festgestellt. Die Person befand sich auf dem Balkon und wurde mit Hilfe einer ...",Am Sonntagmorgen ist in einer Wohnung in Sindelfingen ein Feuer ausgebrochen. Die Bewohnerin wurde mit einer Drehleiter von ihrem Balkon gerettet. Aus bislang ungeklärter Ursache ist am frühen Sonntagmorgen in einer...
same_author_same_genre_same_topic,de,social_media,6,0.8518825701351348,mix_009731,mix_009730,9190f3d65769083e108eb1d6a8b442b71595b9b4945a8c38d31972ed74d5c754,9190f3d65769083e108eb1d6a8b442b71595b9b4945a8c38d31972ed74d5c754,231.0,208.0,1.1105769230769231,train,train,candidate,query,exorde,exorde,Nicht nur der Weihnachtsmarkt am Dom bleibt wegen Stumwarnung erst einmal geschlossen. Vorerst sind alle Kölner Weihnachtsmärkte von der Reglung der Stadt betroffen. Copyright: Arton Krasniqi Die Weihnachtsmärkte m...,"Die Weihnachtsmärkte in Köln bleiben heute zunächst geschlossen. Copyright: Foto: Roberto Pfeil/dpa Die Wetterwarnung gilt bis zum frühen Nachmittag. Ob die Weihnachtsmärkte dann öffnen, ist nicht klar. Die Köl..."
different_author_same_genre_same_topic,de,social_media,6,0.9206119523964886,mix_009349,mix_010203,5258e0b65740ea82ad9c322d011b207f60285380c6dcf0df3794802a0b512f09,eaa2ebb31edcaf4e06bb7fccd73088d263b746dc99d9a6709039d05c6a1cc03d,196.0,215.0,1.096938775510204,train,train,candidate,query,exorde,exorde,"Heidenheim gegen Eintracht Frankfurt heute im Live-Ticker: Fragezeichen hinter SGE-Rückkehrer , Eintracht Frankfurt blickt auf eine Serie von sechs Siegen zurück – am Sonntag gegen den 1. FC Heidenheim soll ein weit...",Eintracht Frankfurt blickt auf eine Serie von sechs Siegen zurück – am Sonntag gegen den 1. FC Heidenheim soll ein weiterer folgen. Der Live-Ticker. Heidenheim – Die Frankfurter hört einfach nicht auf zu gewinnen. M...
different_author_same_genre_same_topic,de,social_media,6,0.6734016533014744,mix_009349,mix_010204,5258e0b65740ea82ad9c322d011b207f60285380c6dcf0df3794802a0b512f09,eaa2ebb31edcaf4e06bb7fccd73088d263b746dc99d9a6709039d05c6a1cc03d,196.0,128.0,1.53125,train,train,candidate,candidate,exorde,exorde,"Heidenheim gegen Eintracht Frankfurt heute im Live-Ticker: Fragezeichen hinter SGE-Rückkehrer , Eintracht Frankfurt blickt auf eine Serie von sechs Siegen zurück – am Sonntag gegen den 1. FC Heidenheim soll ein weit...","Stand: 01.12.2024, 13:56 Uhr Sascha Philipp Kuserau Kommentare Drucken Teilen (function(a,b){if(a.navigator.canShare){var c=b.querySelector("".idjs-webshareAction""),d={""title"":""Heidenheim gegen Eintracht Frankfurt heut..."
different_author_same_genre_same_topic,de,social_media,6,0.5189944586137116,mix_009387,mix_009730,56038d8492d502ec54cd0b1e4d5e8ed25e8c89ecc06b3da55fc4529a2982b85e,9190f3d65769083e108eb1d6a8b442b71595b9b4945a8c38d31972ed74d5c754,217.0,208.0,1.0432692307692308,train,train,candidate,query,exorde,exorde,"Romatisch, nostalgisch oder traditionell: Bayern hat zahlreiche Weihnachtsmärkte zu bieten. Manche finden an besonderen Orten statt. Eine Auswahl der Außergewöhnlichsten. München – Die ersten Weihnachtsmärkte . Vo...","Die Weihnachtsmärkte in Köln bleiben heute zunächst geschlossen. Copyright: Foto: Roberto Pfeil/dpa Die Wetterwarnung gilt bis zum frühen Nachmittag. Ob die Weihnachtsmärkte dann öffnen, ist nicht klar. Die Köl..."
same_author_same_genre_same_topic,ja,news,1,0.9864304743895257,mix_034101,mix_034100,b3c1e3efe36dbbbcd8249c8f7fa7ef66d7d50d5b1f21a2a3f6c89103e96cdcb0,b3c1e3efe36dbbbcd8249c8f7fa7ef66d7d50d5b1f21a2a3f6c89103e96cdcb0,152.0,149.0,1.0201342281879195,train,train,candidate,query,babel_briefings,babel_briefings,画像はUnsplashより 日々、目まぐるしく進化、発展を遂げるAI（人工知能）業界。さまざまな企業が新しいサービスを開始したり、実験に取り組んだりしている。 そこで本稿ではLedge.aiで取り上げた、これだけは知っておくべきAIに関する最新ニュースをお届けする。AIの活用事例はもちろん、新たな実証実験にま,画像はUnsplashより 日々、目まぐるしく進化、発展を遂げるAI（人工知能）業界。さまざまな企業が新しいサービスを開始したり、実験に取り組んだりしている。 そこで本稿ではLedge.aiで取り上げた、これだけは知っておくべき、10月のAIに関するニュースをお届けする。AIの活用事例はもちろん、新たな実証実
same_author_same_genre_same_topic,ja,news,1,0.6481848885574476,mix_034251,mix_034252,deb255d25467fe43c35dd9a4d314917743bf13c7eb4d9669caa1591e47db1863,deb255d25467fe43c35dd9a4d314917743bf13c7eb4d9669caa1591e47db1863,103.0,99.0,1.0404040404040404,train,train,candidate,query,babel_briefings,babel_briefings,8年ぶりのフルモデルチェンジを受けたアウディ『Q3』の登場に合わせ、新たに『Q3スポーツバック』が登場した。ボディサイズは、全長4500（Sラインは4520）×全高1565×全幅1840mm でホイールベースが2680mm。,2012年に登場した初代から8年ぶりのフルモデルチェンジを受けたホンダの軽自動車、新型『N-ONE』。スポーティグレード「RS」には、軽自動車初となるFFターボと6MTの組み合わせを設定した。
same_author_same_genre_same_topic,ja,news,1,0.5054690774157546,mix_034175,mix_034174,c7a24765e0056f32f311c91464f3184c7783185a7676df3e6eef3c532647deaa,c7a24765e0056f32f311c91464f3184c7783185a7676df3e6eef3c532647deaa,112.0,128.0,1.1428571428571428,train,train,candidate,query,babel_briefings,babel_briefings,SUV キックスだけでは戦力不足執筆：Yoichiro Watanabe（渡辺陽一郎）編集：Taro Ueno（上野太朗）ノートがSUV風のオーテック・クロスオーバーを設定した。この背景には3つの理由がある。まずはこの数年間で、SUVの人気...,仕様追加 メインターゲットは女性執筆：Chika Sakikawa（先川知香）編集：Taro Ueno（上野太朗）2021年8月27日、スズキは同社の人気軽トールワゴン「ワゴンR」に、スライドドア仕様の派生車「ワゴンRスマイル」を追加し、2...
different_author_same_genre_same_topic,ja,news,1,0.4727235027789427,mix_034254,mix_034195,deea4e7f8d5b93e28c7b44d9e2e6167eb5adba9be2053bf792bf05b47da94d58,cb48a180d42cfd13135df453cd0fd12eaadf1ff8b6a22bdcea380817febf77c2,108.0,78.0,1.3846153846153846,train,train,candidate,candidate,babel_briefings,babel_briefings,Microsoft Edgeはバージョン84からWebプッシュ通知機能の改善を重ねてきたが、いまはWebプッシュ通知の頻度が高いことや、怪しいサイトからの通知によりセキュリティが脅かされることなどが問題となっている。Edgeでの通知削除方法を紹介する。,3月9日にセキュリティサポートが終了になるデスクトップ用の旧「Microsoft Edge」。Microsoftは5日（米国時間）、4月のセキュリティ更新プログラム (月例)でWindows 10から削除すると発表した。
different_author_same_genre_same_topic,ja,news,1,0.4058815596352978,mix_033941,mix_033513,89b6df3bcd3a4568445c5d7d9a0bf25211762f8828449844b3197b5dd15aa268,131e278aa8a412fc78e400f2272e7afe10e8d15db6694582e98918d68cf01b8d,141.0,111.0,1.2702702702702702,train,train,candidate,query,babel_briefings,babel_briefings,株式会社データラーニングは2021年1月1日、オンラインデータサイエンススクール「データラーニングスクール」において、9万9800円でデータサイエンスに必要な知識を網羅的に学べる「チャットサポートプラン」をリリースしたと発表。2021年4月30日までに申し込みをすると、7万9800円で受講できる。,ビジネス界を中心に、データサイエンスやAI（人工知能）への関心が高まり、大学教育にも文系を含めてデータサイエンス教育が求められるようになってきました。立教大学の国際化推進担当副総長を務めた山口和範・
different_author_same_genre_same_topic,ja,news,1,0.39202748500823337,mix_034195,mix_034253,cb48a180d42cfd13135df453cd0fd12eaadf1ff8b6a22bdcea380817febf77c2,deea4e7f8d5b93e28c7b44d9e2e6167eb5adba9be2053bf792bf05b47da94d58,78.0,89.0,1.141025641025641,train,train,candidate,query,babel_briefings,babel_briefings,3月9日にセキュリティサポートが終了になるデスクトップ用の旧「Microsoft Edge」。Microsoftは5日（米国時間）、4月のセキュリティ更新プログラム (月例)でWindows 10から削除すると発表した。,Canary / DevチャネルのMicrosoft Edgeは、2020年9月末にWebキャプチャー機能を展開した。選択ツールで取り込む範囲を選択すると、クリップボードや任意のアプリで共有でき機能である。
same_author_same_genre_same_topic,ja,news,2,0.31123566990254603,mix_034373,mix_034372,fe18a22fb383f0080ea7cde9ede92a32b38fe5df82d9fceabcfde289d11ba1da,fe18a22fb383f0080ea7cde9ede92a32b38fe5df82d9fceabcfde289d11ba1da,94.0,68.0,1.3823529411764706,train,train,candidate,query,babel_briefings,babel_briefings,ChromebookのAndroidが9から11へとアップデートされることがわかって半年近くが経過していますが、現状ではインテル第10世代や第11世代のCPUを搭載する一部の機種のみが対象となっています。すでに明らかにさ,今年のはじめに、Chromebookでもファイル共有システムのNearby Shareが導入されることが発表されましたが、Chrome OS 91のリリースによりようやくStableで利用可能となりました。Nearby
different_author_same_genre_same_topic,ja,news,2,0.4996417347636686,mix_033712,mix_033684,4a36de9a8f9b803db741c1923b8775b9ccbf8aeb6c03f197f4df23eb423d604a,40c277b1542a3ca70d8cfe99ee1cfea304da089b78044e96d44689ba0d3a824e,98.0,86.0,1.1395348837209303,train,train,candidate,candidate,babel_briefings,babel_briefings,世界最大手の信託銀行であるバンク・オブ・ニューヨーク・メロンがビットコインや仮想通貨のカストディサービスを年内に開始する方針を明かした。報道を受け、ビットコイン価格は一時過去最高値を更新した。,ビットコイン価格がさらに上昇し、507万円の過去最高値をつけた。米国時間2月10日に、大手カードブランドのマスターカードが仮想通貨の取り扱いを行うことを発表したことが好感された。
different_author_same_genre_same_topic,ja,news,2,0.4910172653424847,mix_034087,mix_034372,ada558315ea51cb83b471a6fcc6e04295dfa24a57a76738e21e42a7f72445fbb,fe18a22fb383f0080ea7cde9ede92a32b38fe5df82d9fceabcfde289d11ba1da,101.0,68.0,1.4852941176470589,train,train,query,query,babel_briefings,babel_briefings,Windows PCやMacよりシンプルでありながら、基本的なオフィス・エンタメ機能を備えていてしかも安いと評判のChromebook。それを走らせているChrome OSの最新Stable版が｢M89｣にアップデートされ、さまざまな新機能が追加されました。,今年のはじめに、Chromebookでもファイル共有システムのNearby Shareが導入されることが発表されましたが、Chrome OS 91のリリースによりようやくStableで利用可能となりました。Nearby
different_author_same_genre_same_topic,ja,news,2,0.39741117438239026,mix_033712,mix_033500,4a36de9a8f9b803db741c1923b8775b9ccbf8aeb6c03f197f4df23eb423d604a,0fd2d53076b7d841ac6f1dd856450e5403d3def2f85546ca1c7d3f5fecd48182,98.0,95.0,1.0315789473684212,train,train,candidate,candidate,babel_briefings,babel_briefings,世界最大手の信託銀行であるバンク・オブ・ニューヨーク・メロンがビットコインや仮想通貨のカストディサービスを年内に開始する方針を明かした。報道を受け、ビットコイン価格は一時過去最高値を更新した。,仮想通貨市場では、ビットコインが35000ドルまで回復するもレジスタンスラインでもみ合いに。注目点として、アルト市場の先行指標であるイーサリアムが、大型アップデートを背景にETH/BTCで反転し始めた。
same_author_same_genre_same_topic,ja,news,4,0.9749355492912455,mix_034026,mix_034027,a138fb02747094dfb74727d41ea558ff6056544c67830d2683997d2f6f62b739,a138fb02747094dfb74727d41ea558ff6056544c67830d2683997d2f6f62b739,254.0,288.0,1.1338582677165354,train,train,candidate,query,babel_briefings,babel_briefings,天才数学者たちの知性の煌めき、絵画や音楽などの背景にある芸術性、ＡＩやビッグデータを支える有用性…。とても美しくて、あまりにも深遠で、ものすごく役に立つ学問である数学の魅力を、身近な話題を導入に、語りかけるような文章、丁寧な説明で解き明かす数学エッセイ『とてつもない数学』が6月4日に発刊。発売4日で1万部の大増刷となっている。教育系YouTuberヨビノリたくみ氏から「色々な角度から『数学の美しさ』を実感できる一冊!!」と絶賛され...,天才数学者たちの知性の煌めき、絵画や音楽などの背景にある芸術性、AIやビッグデータを支える有用性…。とても美しくて、あまりにも深遠で、ものすごく役に立つ学問である数学の魅力を、身近な話題を導入に、語りかけるような文章、丁寧な説明で解き明かす数学エッセイ『とてつもない数学』が発刊。発売4日で1万部の大重版、その後も重版が続きロングセラーとなっている。「数学“零点”を取った私のトラウマを払拭してくれた」鎌田浩毅氏（京都大学教授）、教育...
same_author_same_genre_same_topic,ja,news,4,0.682650394679651,mix_033876,mix_033875,76581d1e34f8925302eb2720fbe7a3c5dfbb65001c10b4108bc470b98de474de,76581d1e34f8925302eb2720fbe7a3c5dfbb65001c10b4108bc470b98de474de,90.0,103.0,1.1444444444444444,train,train,candidate,query,babel_briefings,babel_briefings,Behaviour Interactiveは10月16日、『Dead by Daylight』のハロウィンイベント2020「不滅の胴枯れ」の詳細について明かした。過去2年間のハロウィンイベントを合体させたボリューミーなイベントになる。,Behaviour Interactiveは8月26日、『Dead by Daylight』にて攻撃命中判定の改善を目的とした機能の追加を行った。明らかに殺人鬼と距離を取っているにも関わらず攻撃を受けてしまう現象の改善に取り組むようだ。
same_author_same_genre_same_topic,ja,news,4,0.16267473480735573,mix_033465,mix_033464,063510e45290f1c5a966fff2cae942e07722d11e8f0d560cb6e7be02f9775136,063510e45290f1c5a966fff2cae942e07722d11e8f0d560cb6e7be02f9775136,94.0,102.0,1.0851063829787233,train,train,candidate,query,babel_briefings,babel_briefings,東北大学は7月5日、William F. McDonough 教授や吉崎 昂さんなどからなる研究チームが「全体の7割～8割を占める水星の巨大なコアがどのようにして形成されたのか」について新説を提唱した,マサチューセッツ工科大学・ヘイスタック天文台は3月24日、ヘイスタック天文台も参加するイベント・ホライズン・テレスコープ・プロジェクト（以下EHT）の研究チームが、世界で初めてブラックホール周辺におけ
different_author_same_genre_same_topic,ja,news,4,0.3548663556327398,mix_033571,mix_033930,214ff65143c1a02a3304c96bbd446da43e2b33cfd0255515ddaa0f80b849ffac,86de5fdf0a0dc670772b74665d64c1439a2b8d3a83eaca0b253d42f7e113883e,102.0,101.0,1.00990099009901,train,train,candidate,candidate,babel_briefings,babel_briefings,仕事・勉強ができる人や成功している人をみて、「なんでこんなにできるんだろう...？」と疑問に思ったことはないでしょうか。 東京大学先端科学技術研究センター教授・西成活裕さんは、「考える力の使い方は,スマホを使っていると、画面のサイズが小さい、もっと広い画面で見たいなどと、ストレスを感じることはないでしょうか。また逆に、PCを使っていると、重くて持ち歩きにくい、外出先で使いづらいという不満を感じる…
different_author_same_genre_same_topic,ja,news,4,0.3492418875732932,mix_033741,mix_033689,519e979cc16a1964675ebfa7158507c53be91e8e001d66c30285057e52c28a0b,422dde51224022b42dbdc3eeb8b4e0d7e865c666f41965e31247b2a2ce56eaa7,85.0,63.0,1.3492063492063493,test,train,candidate,query,babel_briefings,babel_briefings,電動アシスト自転車の常識を覆した『VanMoof』。ここでは、一般的なモデルとの違いを含め、最新のテクノロジーを駆使したデザインや機能などについてご紹介します。,Adobeを使わずとも、PhotoshopやIllustratorなどと同等の機能をもった優秀な無料／安価ツールはあります。中でもおすすめのもの13選をご紹介します。
different_author_same_genre_same_topic,ja,news,4,0.3382703259976696,mix_034337,mix_034304,f34adc9a045d6047327978b68eebc7a8eaffcdfe08d10ad45d319f24235bc689,ea3d9c214fe10adec25fd213da8e24f92e498fddec3541fd12f7bdb8d74bb465,147.0,98.0,1.5,train,train,candidate,query,babel_briefings,babel_briefings,ミスをしたり人に迷惑をかけたら、謝罪しなければなりません。誰だって、人に頭を下げるのはイヤなもの。だからこそ、きちんと謝れるかどうかが問われるのだと思いますが、アンジャッシュ・渡部建の謝罪会見は「謝れないオトコ」であることを印象づけてしまったのではないでしょうか。,おうち時間の増加から、ダイエットやスタイルを気にし始めたという人も少なくないのではないでしょうか。自己肯定感を高めることで、人生が好転するという「ナチュラル心理学」を提唱している心理カウンセラーの中
same_author_same_genre_same_topic,ja,news,5,0.6718720923367475,mix_033899,mix_033900,7d728afda642c9a15382929edfff49f94d4e0f45fe448c9b8b3a7d1b26563274,7d728afda642c9a15382929edfff49f94d4e0f45fe448c9b8b3a7d1b26563274,226.0,238.0,1.0530973451327434,train,train,candidate,query,babel_briefings,babel_briefings,中等症～重症の急性呼吸促迫症候群（ARDS）を伴う新型コロナウイルス感染症（COVID-19）の患者の治療において、標準治療にデキサメタゾンを併用すると、標準治療単独と比較して、治療開始から28日までの人工呼吸器非装着日数（患者が生存し、かつ機械的換気が不要であった日数）が増加することが、ブラジル・Hospital Sirio-LibanesのBruno M. Tomazini氏らCOALITION COVID-19 Brazil...,新型コロナウイルス感染症（COVID-19）による呼吸器症状を伴う入院患者において、ヒドロキシクロロキンを用いた治療はプラセボと比較して、14日時点の臨床状態を有意に改善しなかった。米国・ヴァンダービルト大学医療センターのWesley H. Self氏らが、米国内34病院で行った多施設共同プラセボ対照無作為化盲検試験の結果を報告した。ヒドロキシクロロキンはCOVID-19治療に効果的なのか、そのデータが求められている中で示され…
same_author_same_genre_same_topic,ja,news,5,0.49403423090851173,mix_034322,mix_034323,ee0f6b6b5f986a845d0e26a98a7f6f3a651ef2fa917ad4fe5a6a7fff66a4cd04,ee0f6b6b5f986a845d0e26a98a7f6f3a651ef2fa917ad4fe5a6a7fff66a4cd04,89.0,96.0,1.0786516853932584,train,train,candidate,query,babel_briefings,babel_briefings,ASUS JAPANの「Mini PC PB60G」は、GPUのモジュールを超小型デスクトップPCに合体させることができるという、非常にユニークな製品だ。どれだけの性能を備えるのか、実機をチェックした。,ゲーミングデスクトップPCで採用例が多いのが、Intel CPUとNVIDIAのGPUという組み合わせだが、マウスコンピューターの「G-Tune EP-A-6700XT」はAMD製のCPUとGPUを採用したユニークな存在だ。実機をチェックした。
different_author_same_genre_same_topic,ja,news,5,0.5828209607933833,mix_034003,mix_033906,9a181bdd3ee89518be65f4721977b4519b87f73e925741527e0833a4eb6f6b33,7f1e4bf5999301764276467d0e8005642d30c2648e758f9a80a5acbde40c659d,106.0,105.0,1.0095238095238095,train,train,candidate,candidate,babel_briefings,babel_briefings,宮崎県内では、新たに8人の新型コロナウイルスへの感染が確認されました。この中には、宮崎南警察署の警察官も含まれています。 22日に宮崎県内で感染が確認されたのは、70代を除く40代から80代の男女,20日、長崎県内では新たに16人の新型コロナウイルス感染が発表されました。 新たに感染が確認されたのは、五島市で8人、長崎市で6人、佐世保市と長与町でそれぞれで1人の合わせて16人です。 五島市
different_author_same_genre_same_topic,ja,news,5,0.3882199101404863,mix_033681,mix_034158,40bf5fb93e58f26bba98b4cf064148c97a926b9d87b19be9cfbc918902f1fcd8,c3a79b3ad147c879871a9a715711495b8cbefb38fe8169ded9808115d6902963,106.0,99.0,1.0707070707070707,train,train,query,query,babel_briefings,babel_briefings,新型コロナに罹患し、入院をしていたプロゲーマー・梅原大吾さんが退院した。22日にTwitterで、退院したことを報告すると国内外のファンが祝福。「早くまた元気なお姿を拝見できますように」など激励の声も寄せられた,森喜朗会長の女性蔑視発言に抗議し、白を着用した野党議員。舛添氏は「白い服を着るだけなら国会議員でなくても出来る。これでは政権はとれない」などとTwitterに投稿した。
different_author_same_genre_same_topic,ja,news,5,0.27932272763817356,mix_034347,mix_033722,f671460de79e93594de11417d868d5f1e10e586cb8e44d0b0cea6507c8450610,4c0cdfc2c9ff167174ade5a58efb35b2bfcd59cc24a48ac8bf866c39ce3eb032,143.0,117.0,1.2222222222222223,train,train,candidate,candidate,babel_briefings,babel_briefings,新型コロナウイルスの起源をめぐって、中国の研究所からの流出の可能性を指摘したのは、米国の著名な研究機関で働く博士研究員（ポスドク）だった。当初は陰謀論と一蹴された主張は、彼女の粘り強い活動によって科学界のコンセンサスに変化をもたらしている。,マサチューセッツ工科大学の研究チームは、自然言語処理のアルゴリズムを用いてウイルスの遺伝子の変化を読み解く手法を開発した。新型コロナウイルスの新たな変異種を予測し、特定する研究を加速させる可能性がある。
same_author_same_genre_same_topic,ja,news,6,0.4437589626444165,mix_034185,mix_034186,ca0333ddaa5ce4e649eb79e4a5ba835edbd84d22ea97adb7032ac41715c51c12,ca0333ddaa5ce4e649eb79e4a5ba835edbd84d22ea97adb7032ac41715c51c12,84.0,75.0,1.12,train,train,candidate,query,babel_briefings,babel_briefings,Appleが今秋「iPhone」と「Apple Watch」にスリープトラッキング機能を追加する。パブリックβで試したところ、Appleはルーティーン（定型動作）の実践で睡眠時間と質を確保する考えのようだ。,新しいApple Watchは初めてラインアップを2つに分け、低価格モデルの「Apple Watch SE」を用意した。これからワークアウトを始めるという人に注目してほしいポイントがいくつかある。
same_author_same_genre_same_topic,ja,news,6,0.25032938527008874,mix_033746,mix_033745,51ff3940c89fd3105bbf7bd1428c5398332f76f04ae9ef1a6186ed26b17693ef,51ff3940c89fd3105bbf7bd1428c5398332f76f04ae9ef1a6186ed26b17693ef,70.0,90.0,1.2857142857142858,train,train,candidate,query,babel_briefings,babel_briefings,&nbsp;Appleがサポートページを更新、M1 Pro/Maxを搭載した14インチ・16インチMacBook Proの仕様がより明らかになってきました。Appleのサポートページから判明グラフィッ…,&nbsp;Wedbush証券のアナリストは、今秋発売見込みの「iPhone12」シリーズは、Appleの売上高をさらに大きく伸ばす起爆剤になる、と考えているようです。10年に1度のスーパーサイクル米…
same_author_same_genre_same_topic,ja,news,6,0.2156696213747893,mix_034315,mix_034314,eba046b68122280bf825c3c4c62064d7d81c8531de4bfec40440c353cfae6a66,eba046b68122280bf825c3c4c62064d7d81c8531de4bfec40440c353cfae6a66,72.0,73.0,1.0138888888888888,train,train,candidate,query,babel_briefings,babel_briefings,&nbsp;Appleは現地時間9月16日、iOS14をリリースしました。iOS14では、サードパーティー製アプリをブラウザとメールのデフォルトアプリとして設定することができますが、Microsoft…,&nbsp;現行13インチMacBook Proの第10世代CPUとThunderbolt 3を4ポートを持つ上位モデルの整備済製品が、米Appleオンラインストアで発売となりました。&nbsp;【訂…
different_author_same_genre_same_topic,ja,news,6,0.5409260767378403,mix_033746,mix_034314,51ff3940c89fd3105bbf7bd1428c5398332f76f04ae9ef1a6186ed26b17693ef,eba046b68122280bf825c3c4c62064d7d81c8531de4bfec40440c353cfae6a66,70.0,73.0,1.042857142857143,train,train,candidate,query,babel_briefings,babel_briefings,&nbsp;Appleがサポートページを更新、M1 Pro/Maxを搭載した14インチ・16インチMacBook Proの仕様がより明らかになってきました。Appleのサポートページから判明グラフィッ…,&nbsp;現行13インチMacBook Proの第10世代CPUとThunderbolt 3を4ポートを持つ上位モデルの整備済製品が、米Appleオンラインストアで発売となりました。&nbsp;【訂…
different_author_same_genre_same_topic,ja,news,6,0.41619710753120454,mix_034165,mix_034186,c590bb082886386356670250fa4834d836f58ff4ca6b724a66b8e25ac82a5f5e,ca0333ddaa5ce4e649eb79e4a5ba835edbd84d22ea97adb7032ac41715c51c12,85.0,75.0,1.1333333333333333,train,train,candidate,query,babel_briefings,babel_briefings,旅先でのある日、筆者は朝8時過ぎのバスに乗ろうとしていた。身支度をととのえ、いつものようにApple Watchを装着しようとしたとき、異変に気づいた。 いつもならロック …,新しいApple Watchは初めてラインアップを2つに分け、低価格モデルの「Apple Watch SE」を用意した。これからワークアウトを始めるという人に注目してほしいポイントがいくつかある。
different_author_same_genre_same_topic,ja,news,6,0.3813383969655394,mix_034128,mix_034186,bbac1b39287df90ac3bfd786f0c0ce19033de5b381a502aeede39e920a2f4af2,ca0333ddaa5ce4e649eb79e4a5ba835edbd84d22ea97adb7032ac41715c51c12,63.0,75.0,1.1904761904761905,train,train,query,query,babel_briefings,babel_briefings,Apple Watch Series 7の発売に合わせて、KDDIは月額385円でセルラー通信機能を使える新プランを発表しました。ただしあくまで家族向けとしています。,新しいApple Watchは初めてラインアップを2つに分け、低価格モデルの「Apple Watch SE」を用意した。これからワークアウトを始めるという人に注目してほしいポイントがいくつかある。
same_author_same_genre_same_topic,fr,social_media,1,0.4869072581124585,mix_028959,mix_028958,62c20c18e61c3ce6d9b9e3c31741d1f864955482424aca8fc93c3628c24b1583,62c20c18e61c3ce6d9b9e3c31741d1f864955482424aca8fc93c3628c24b1583,181.0,160.0,1.13125,train,train,candidate,query,exorde,exorde,"Soutenu par l'organisation Carrefour International, ce projet vient renforcer la compréhension des jeunes filles et adolescentes sur la santé sexuelle et reproductive, 𝙞𝙡 𝙨𝙚 𝙛𝙞𝙭𝙚 𝙘𝙤𝙢𝙢𝙚 𝙧é𝙨𝙪𝙡𝙩𝙖𝙩 𝙪𝙡𝙩𝙞𝙢𝙚, 𝙡'𝙖𝙢é𝙡𝙞𝙤𝙧𝙖𝙩𝙞𝙤𝙣 ...","Dans le cadre de l'exécution du projet ""Promotion de l'accès aux services de santé sexuelle et reproductive des jeunes filles et adolescentes"", 𝗹𝗮 𝗠𝗮𝗶𝘀𝗼𝗻 𝗱𝗲 𝗹𝗮 𝗱é𝗺𝗼𝗰𝗿𝗮𝘁𝗶𝗲 𝗲𝘁 𝗱𝗲𝘀 𝗱𝗿𝗼𝗶𝘁𝘀 𝗱𝗲 𝗹'𝗵𝗼𝗺𝗺𝗲 poursuit ses activités"
same_author_same_genre_same_topic,fr,social_media,1,0.3414355102564819,mix_028625,mix_028626,17ef547bc3fc3d0f5253e0467e226fd1048abd0585aa3da4090d7ca34c23baa2,17ef547bc3fc3d0f5253e0467e226fd1048abd0585aa3da4090d7ca34c23baa2,240.0,362.0,1.5083333333333333,train,train,candidate,query,exorde,exorde,"Dans une démarche ambitieuse visant à renforcer son industrie agroalimentaire, le Niger a annoncé la construction d’une usine de production de pâtes alimentaires. Ce projet, porté par la société SOS Agro Busine...","Le Maroc et la Banque africaine de développement ont consolidé leur partenariat en signant trois importants accords de financement, totalisant 344,7 millions d’euros . Ces fonds soutiendront des projets clés dans l..."
same_author_same_genre_same_topic,fr,social_media,1,0.3368937258117397,mix_029262,mix_029261,ae925a2c674204d659d71eb0d5744d9f58ed55134c4e777e50247a936e1507da,ae925a2c674204d659d71eb0d5744d9f58ed55134c4e777e50247a936e1507da,235.0,221.0,1.0633484162895928,train,train,candidate,query,exorde,exorde,"Le maire de la ville de Saint-Louis, Mansour Faye, a réagi à son tour à la radiation de Barthélémy Dias de l’Assemblée nationale. Le député de la coalition d’opposition Samm Sa Kaddu a été radié de son mand...","C’est une triste information qui nous vient de la région de Saint-Louis, où les 80 personnes accusées de violences électorales se trouvent en détention, en attendant leur procès. Bassirou Diop, l’un des 80 prév..."
different_author_same_genre_same_topic,fr,social_media,1,0.47190175173215654,mix_028743,mix_029261,361e7a27130b795f90585469d75ae93249513c438188be7d006fb05ee6506bf2,ae925a2c674204d659d71eb0d5744d9f58ed55134c4e777e50247a936e1507da,248.0,221.0,1.1221719457013575,train,train,query,query,exorde,exorde,"Les préparatifs vont bon train dans la ville tricentenaire en ce qui concerne la 5ème édition de la Foire Internationale de Saint-Louis (FISA), prévue du 05 au 20 janvier prochain. Organisée par la Chambre de Com...","C’est une triste information qui nous vient de la région de Saint-Louis, où les 80 personnes accusées de violences électorales se trouvent en détention, en attendant leur procès. Bassirou Diop, l’un des 80 prév..."
different_author_same_genre_same_topic,fr,social_media,1,0.42273076384963926,mix_028616,mix_028626,16aed9a7af549b30861af1cd5dbefc24118bf4004525985a65e079ba9651ab90,17ef547bc3fc3d0f5253e0467e226fd1048abd0585aa3da4090d7ca34c23baa2,406.0,362.0,1.1215469613259668,train,train,candidate,query,exorde,exorde,"Les transformations infrastructurelles au Maghreb redessinent progressivement les paysages géographiques et économiques. Au Maroc, le projet de train à grande vitesse (TGV) cristallise aujourd’hui les tensions entr...","Le Maroc et la Banque africaine de développement ont consolidé leur partenariat en signant trois importants accords de financement, totalisant 344,7 millions d’euros . Ces fonds soutiendront des projets clés dans l..."
different_author_same_genre_same_topic,fr,social_media,1,0.3812326927265207,mix_029448,mix_028626,e054b48d4aad1490c581b73ceeb6660d9492ec73871da7e269d9e2fb117bf3cc,17ef547bc3fc3d0f5253e0467e226fd1048abd0585aa3da4090d7ca34c23baa2,398.0,362.0,1.0994475138121547,train,train,candidate,query,exorde,exorde,"Dans cette lettre, le ministre de l’Economie et des participations sollicite auprès de son Collègue, les diligences des services compétents placés sous sa tutelle, aux fins de la mise à disposition, via la Caisse...","Le Maroc et la Banque africaine de développement ont consolidé leur partenariat en signant trois importants accords de financement, totalisant 344,7 millions d’euros . Ces fonds soutiendront des projets clés dans l..."
same_author_same_genre_same_topic,fr,social_media,2,0.17725985594571425,mix_029054,mix_029053,797a7d5dc06401e5be3c0597203fac949e763ff13db8029550c37c2bd0e4e438,797a7d5dc06401e5be3c0597203fac949e763ff13db8029550c37c2bd0e4e438,104.0,101.0,1.0297029702970297,train,train,candidate,query,exorde,exorde,Vélo d'Or - Tadej Pogacar enlève son deuxième Vélo d'Or après une saison stratosphérique https://dhnet.be/sports/cyclisme/2024/12/06/velo-dor-tadej-pogacar-enleve-son-deuxieme-velo-dor-apres-une-saison-stratospherique...,Coupe du monde de cyclocross : Michael Vanthourenhout s'impose à Dublin et prend la tête du général https://dhnet.be/sports/cyclisme/cyclo-cross/2024/12/01/coupe-du-monde-de-cyclocross-michael-vanthourenhout-simpose-a...
same_author_same_genre_same_topic,fr,social_media,2,0.15745135646966268,mix_029535,mix_029536,f87b07af3a88216fe10315ee355be26605fdf5f8ca080d4bbdd4692efab7f369,f87b07af3a88216fe10315ee355be26605fdf5f8ca080d4bbdd4692efab7f369,103.0,123.0,1.1941747572815533,train,train,candidate,query,exorde,exorde,"Un piquet de grève s’est constitué devant l’usine Arkema de Jarrie, au soir du 4 décembre. En cause ? L’annonce par la direction d’une possible « évolution de ses activités ». https://placegrenet.fr/2024/12/06/jarrie-...","Asygn, Dracula technologies et le laboratoire Hubert Curien ont officiellement lancé leur plateforme industrielle européenne autonome en énergie, le 13 novembre 2024 à Grenoble. Elle se nomme GreenAI et se dédie à l’i..."
same_author_same_genre_same_topic,fr,social_media,2,0.14926219485474257,mix_029279,mix_029280,b4025e39415cc465547f8c8d0eb69cfbaaf27e9d057f27c716d75a2cbf83cc46,b4025e39415cc465547f8c8d0eb69cfbaaf27e9d057f27c716d75a2cbf83cc46,163.0,196.0,1.2024539877300613,train,train,candidate,query,exorde,exorde,Nasser Al Khelaïfi sur la prolongation de contrat de Luis Enrique 🇪🇸:\n\n« Je vous ai déjà dit que nous souhaitons qu’il soit ici pendant de nombreuses années. \n\n𝗝𝗲 𝘃𝗲𝘂𝘅 𝗷𝘂𝘀𝘁𝗲 𝗾𝘂’𝗶𝗹 𝗷𝗼𝘂𝗲 𝗮𝘂 𝗽𝗮𝗱𝗲𝗹 ! 🏸\nJe vais essaye...,🚨 𝟭𝟰𝗘̀𝗠𝗘 𝗠𝗔𝗧𝗖𝗛 𝗗𝗘 𝗦𝗨𝗜𝗧𝗘 𝗦𝗔𝗡𝗦 𝗗𝗘́𝗙𝗔𝗜𝗧𝗘 𝗣𝗢𝗨𝗥 𝗟𝗘 𝗟𝗢𝗦𝗖 ! 🤯❤️🤍\n\nVictoire 3-1 face à Brest ! ✅\n\nLes Dogues montent provisoirement sur le podium à égalité de points avec l’Olympique de Marseille et l’AS Monaco.\n\nBrest ...
different_author_same_genre_same_topic,fr,social_media,2,0.25217861407433406,mix_029069,mix_029443,7d85c73418ffdfe28d39b4409f8dd802318adb0b12e227d648be831b2e3e43da,df54d9077edfecd00c713cc7e64dc0ca3de6e851b70329f5c9bc52963a760952,115.0,106.0,1.0849056603773586,train,train,candidate,query,exorde,exorde,"‼️Dans les territoires occupés, des civils 🇺🇦attendent d'être libérés. Ne les oublions pas, ne les trahissons pas. Il est de notre devoir envers l’humanité d’aider 🇺🇦 à gagner la guerre. L’occident peut et doit faire ...","soi-disant ""nouveaux territoires"" ?\n- Pendant combien de temps les pays🇪🇺 seraient-ils prêts à maintenir des soldats stationnés en🇺🇦 pour empêcher Poutine d\'attaquer à nouveau ? Quelle sécurité cela offre-t-il à l\'..."
different_author_same_genre_same_topic,fr,social_media,2,0.23834080800830204,mix_028947,mix_029280,60d13130b97f5c893487d11e552d903698489f10af9a062e1f911be40a917ef7,b4025e39415cc465547f8c8d0eb69cfbaaf27e9d057f27c716d75a2cbf83cc46,160.0,196.0,1.225,test,train,query,query,exorde,exorde,"Initiative du @GreeceMFA , l’expo ""L’idéal olympique et la trêve olympique, 776 av. JC-2024: 2 800 ans d’histoire"" présentée au Musée byzantin & chrétien d’Athènes, qui met en lumière les valeurs olympiques mondiales,...",🚨 𝟭𝟰𝗘̀𝗠𝗘 𝗠𝗔𝗧𝗖𝗛 𝗗𝗘 𝗦𝗨𝗜𝗧𝗘 𝗦𝗔𝗡𝗦 𝗗𝗘́𝗙𝗔𝗜𝗧𝗘 𝗣𝗢𝗨𝗥 𝗟𝗘 𝗟𝗢𝗦𝗖 ! 🤯❤️🤍\n\nVictoire 3-1 face à Brest ! ✅\n\nLes Dogues montent provisoirement sur le podium à égalité de points avec l’Olympique de Marseille et l’AS Monaco.\n\nBrest ...
different_author_same_genre_same_topic,fr,social_media,2,0.2128508743014227,mix_028818,mix_028653,48cea9a1cbf80c27359a5395e61e2341518929f68a67822a0249f30a2ae204b7,1cded872100e8520f7526d1a35fedeb0f4df8c185a42ff2f94a383f3681a88be,135.0,98.0,1.3775510204081634,train,train,candidate,query,exorde,exorde,"Jour de match contre Angers ⚫️⚪️ ce soir 21h 🕘 \n\nVoici les stats en carrière de Cherki contre cette meme équipe\n\n127min 🕔 ≈ 1,41 matchs complets 🏟️\n0 but ⚽️ (0,06 xG)\n0 passe dé 👟 (0,13 xA)\n3 dribbles réussis 🌪...",@marinetondelier.bsky.social \nAh bah tiens….\n\nDans le prolongement de mon tweet précédent !\n\n(Le tout fuité par l’entourage de Macron PENDANT le rendez-vous avec les socialistes pour qu’ils aient la surprise en s...
same_author_same_genre_same_topic,fr,social_media,3,0.8967158703339534,mix_029136,mix_029137,8f2deea204358674a37ff416f063c90f2e6956f6542ff9260d3646374ad75554,8f2deea204358674a37ff416f063c90f2e6956f6542ff9260d3646374ad75554,125.0,117.0,1.0683760683760684,train,train,candidate,query,exorde,exorde,"""Urgence alimentaire en Colombie"", c'est une cagnotte (https://gofundme.com/f/urgence-alimentaire-en-colombie…), pour une fondation sans nom, relayée par @ArianeBilheran . Un des faux-nez de la secte d'origine argenti...","Une secte relayée par @ArianeBilheran ? ""Urgence alimentaire en Colombie"", c'est une cagnotte pour une fondation sans nom, probablement un des faux-nez de la secte d'origine argentine du gourou Mario Rodriguez Cobos, ..."
same_author_same_genre_same_topic,fr,social_media,3,0.890812325885844,mix_028998,mix_028999,6b6047c277fefe348e1838050992a24e45c83da17397a1cb58b399d2869f729c,6b6047c277fefe348e1838050992a24e45c83da17397a1cb58b399d2869f729c,168.0,171.0,1.0178571428571428,train,train,candidate,query,exorde,exorde,#SerieA : Ce soir sur New World Sport --------- Réabonnement : 𝟏 𝐬𝐞𝐦𝐚𝐢𝐧𝐞 = 𝟓.𝟎𝟎𝟎 𝐅𝐜 | 𝟏 𝐦𝐨𝐢𝐬 = 𝟏𝟑.𝟎𝟎𝟎 𝐅𝐜 | 𝟑 𝐦𝐨𝐢𝐬 = 𝟑𝟎.𝟎𝟎𝟎 𝐅𝐜 #bleusat #passionfootball #weekendfootball #tv #Foot #newworldsport #Kinshasa_RDC,#TurkishAirlinesEuroleague : Aujourd'hui sur New World Sport --------- Réabonnement : 𝟏 𝐬𝐞𝐦𝐚𝐢𝐧𝐞 = 𝟓.𝟎𝟎𝟎 𝐅𝐜 | 𝟏 𝐦𝐨𝐢𝐬 = 𝟏𝟑.𝟎𝟎𝟎 𝐅𝐜 | 𝟑 𝐦𝐨𝐢𝐬 = 𝟑𝟎.𝟎𝟎𝟎 𝐅𝐜 #bleusat #basketball #Euroleague #réabonnement #passionfootball #tv ...
same_author_same_genre_same_topic,fr,social_media,3,0.815510728665551,mix_029322,mix_029321,bc7edefe7a328b2e45248c85d6939bedf87bbd22a1bbd4130ebc88ee80e25ae7,bc7edefe7a328b2e45248c85d6939bedf87bbd22a1bbd4130ebc88ee80e25ae7,136.0,102.0,1.3333333333333333,train,train,candidate,query,exorde,exorde,Jeu Concours Femme Actuelle Date de clôture : 30/12/2024 Inscription Simple. Publié le 01/12/2024 https://femmeactuelle.fr/concours/a-lapproche-de-noel-faites-briller-les-yeux-de-vos-enfants-avec-la-peluche-petit-ours...,Jeu Concours Femme Actuelle Date de clôture : 30/12/2024 Inscription Simple. Publié le 01/12/2024 https://femmeactuelle.fr/concours/gagnez-l-un-des-2-mega-carapuce-pixel-art-2184360?utm_source=paradis-jeux-concours&ut...
different_author_same_genre_same_topic,fr,social_media,3,0.315499519795462,mix_029322,mix_028891,bc7edefe7a328b2e45248c85d6939bedf87bbd22a1bbd4130ebc88ee80e25ae7,565af622b1c6cb203629b10a3a4030c16259a073e3d8b064ecf6d5e896b95443,136.0,122.0,1.1147540983606556,train,train,candidate,candidate,exorde,exorde,Jeu Concours Femme Actuelle Date de clôture : 30/12/2024 Inscription Simple. Publié le 01/12/2024 https://femmeactuelle.fr/concours/a-lapproche-de-noel-faites-briller-les-yeux-de-vos-enfants-avec-la-peluche-petit-ours...,"Europe : Macron, posture ou imposture avec l’UE-Mercosur ? Il em... https://qactus.fr/2024/12/06/europe-macron-posture-ou-imposture-avec-lue-mercosur-il-emballe-lamazonie-en-barquette-sacrifie-nos-paysans-et-applaudit..."
different_author_same_genre_same_topic,fr,social_media,3,0.2989916690143113,mix_028891,mix_029321,565af622b1c6cb203629b10a3a4030c16259a073e3d8b064ecf6d5e896b95443,bc7edefe7a328b2e45248c85d6939bedf87bbd22a1bbd4130ebc88ee80e25ae7,122.0,102.0,1.196078431372549,train,train,candidate,query,exorde,exorde,"Europe : Macron, posture ou imposture avec l’UE-Mercosur ? Il em... https://qactus.fr/2024/12/06/europe-macron-posture-ou-imposture-avec-lue-mercosur-il-emballe-lamazonie-en-barquette-sacrifie-nos-paysans-et-applaudit...",Jeu Concours Femme Actuelle Date de clôture : 30/12/2024 Inscription Simple. Publié le 01/12/2024 https://femmeactuelle.fr/concours/gagnez-l-un-des-2-mega-carapuce-pixel-art-2184360?utm_source=paradis-jeux-concours&ut...
different_author_same_genre_same_topic,fr,social_media,3,0.28112482431711827,mix_029322,mix_028892,bc7edefe7a328b2e45248c85d6939bedf87bbd22a1bbd4130ebc88ee80e25ae7,565af622b1c6cb203629b10a3a4030c16259a073e3d8b064ecf6d5e896b95443,136.0,109.0,1.2477064220183487,train,train,candidate,query,exorde,exorde,Jeu Concours Femme Actuelle Date de clôture : 30/12/2024 Inscription Simple. Publié le 01/12/2024 https://femmeactuelle.fr/concours/a-lapproche-de-noel-faites-briller-les-yeux-de-vos-enfants-avec-la-peluche-petit-ours...,"Ukraine : V. POUTINE Vient de Frapper l’Ukraine avec 53 Drones, V. ZELENSKY Dépassé https://qactus.fr/2024/12/06/ukraine-v-poutine-vient-de-frapper-lukraine-avec-53-drones-v-zelensky-depasse/?fb_ref=OqJgmgnkmm-Twitter..."
same_author_same_genre_same_topic,fr,social_media,4,0.43075685129120656,mix_029046,mix_029045,76b18588c8ca18450caa3010cf1608951202dc28d51773bd406a038b23bc5a9b,76b18588c8ca18450caa3010cf1608951202dc28d51773bd406a038b23bc5a9b,226.0,218.0,1.036697247706422,train,train,candidate,query,exorde,exorde,"Le modèle Pro des Galaxy Buds 3 est en forte promotion sur le site Boulanger. Avant les fêtes de fin d'année 2024, les écouteurs sans fil Samsung bénéficient d'une réduction globale de 110 euros. CLIQUEZ ICI PO...","Si vous voulez vous offrir la Galaxy Watch 6 pour Noël, sachez que c'est le bon moment pour en profiter ! À l'occasion d'une vente flash, Amazon propose le modèle 44 mm de la montre connectée Samsung sous les 150 ..."
same_author_same_genre_same_topic,fr,social_media,4,0.3941789380480205,mix_029407,mix_029408,d4b284c1ea23ce5f5a49cad40a479d68528f459ce852e4fafe50362941fca412,d4b284c1ea23ce5f5a49cad40a479d68528f459ce852e4fafe50362941fca412,229.0,174.0,1.3160919540229885,train,train,candidate,query,exorde,exorde,"Nico Hülkenberg a réalisé une performance sensationnelle en qualifications à Abu Dhabi, en terminant quatrième, avec un départ en deuxième ligne demain. Le pilote Haas F1 a notamment fait mieux que les Red Bull...","Lando Norris estime que le rythme soutenu de McLaren lors de la première journée d’essais au Grand Prix d’Abu Dhabi ""semble meilleur qu’il ne l’est"" , le Britannique anticipant une lutte acharnée lors des qualifica..."
same_author_same_genre_same_topic,fr,social_media,4,0.3666408506252977,mix_028870,mix_028869,52b8ac45cb0f2001e65d3f98b655ced9b28c8a3c630acd403ae3f232aea22a35,52b8ac45cb0f2001e65d3f98b655ced9b28c8a3c630acd403ae3f232aea22a35,210.0,210.0,1.0,train,train,candidate,query,exorde,exorde,"En écoute, l'une des fonctionnalités phares des Google Pixel, va bientôt accueillir une amélioration appréciable. En effet, les utilisateurs pourront prochainement choisir un lecteur de musique par défaut. Prati...",Google a mis en place un nouveau bouton pour désactiver facilement les résultats de recherche personnalisés. Pratique si vous souhaitez faire vos recherches sans “fausser” les résultats selon vos préférences. De...
different_author_same_genre_same_topic,fr,social_media,4,0.4953615788678558,mix_029492,mix_029431,eabf4e140b8236bd1d5a1a8bd3413ba33acea95f216b2dbebcfece010355f0d5,dc94bfbfdadb0cf56b95a3d44447894bb4a4c5fcdadd4b845c153377bc882548,189.0,261.0,1.380952380952381,train,train,candidate,query,exorde,exorde,"Reçu à l’Elysée Sur sa plateforme Truth Social, le milliardaire républicain avait annoncé lundi sa venue à Paris, faisant l’éloge du président français, qui selon lui «a réalisé un travail remarquable en ve...","Le président élu des Etats-Unis, Donald Trump, est arrivé samedi après-midi à l'Elysée, accueilli par le chef de l'Etat français Emmanuel Macron, lors de sa première visite à l'étranger depuis son élection,..."
different_author_same_genre_same_topic,fr,social_media,4,0.45057081835298973,mix_029093,mix_028875,8397a9ea523010db0945e704b5ed8af5574f57d3ec0bac38a1bb40f19cab1db9,535394e5d4277c66eec62ef0f7b4f1548fe568ccdbe03ad3ad0c20dc1d9da4de,321.0,224.0,1.4330357142857142,train,train,candidate,candidate,exorde,exorde,"Ayib Daffé rappelle que c’est « Barthélemy Dias lui-même » qui a reconnu qu’il ne pouvait plus être député. En effet, suite à la radiation de Barthélémy Dias, ce vendredi 6 décembre 2024, le président du gr...","Maimouna Bousso, membre du groupe parlementaire Pastef, au sortir de l’Assemblée nationale, a exprimé sa position suite à la radiation du député Barthélemy Dias ce vendredi . Selon elle, cette décision découle..."
different_author_same_genre_same_topic,fr,social_media,4,0.398532188297968,mix_028588,mix_028915,11632b296e5817c2bc1c0647d42c88ebf1fdfaff99b043017843ffe63c4cbb2d,5c5eb4d6a59fcc8edc28c70d7741888255eb2a797dd9857f4b0a8baa8954952c,253.0,356.0,1.407114624505929,train,train,query,query,exorde,exorde,"Justice © BELGAIMAGE – LUC CLAESSEN Le corps sans vie d’une femme de 46 ans a été découvert dimanche matin à Herentals, confirme le parquet d’Anvers. Un homme de 54 ans, vraisemblablement le compagnon de la victim...","Jeudi soir, vers 18 heures 15, rue des Guillemins à Liège, un jeune homme de 18 ans a pris la fuite après avoir aperçu une patrouille de police. Constatant le comportement suspect du fuyard, les policiers l'ont in..."
same_author_same_genre_same_topic,fr,social_media,5,0.6618688121027623,mix_029349,mix_029350,c3f44d41061b0214e0e5c464f7c5aae3af4803e23f724e97267a5b9d2e2b92ff,c3f44d41061b0214e0e5c464f7c5aae3af4803e23f724e97267a5b9d2e2b92ff,115.0,85.0,1.3529411764705883,train,train,candidate,query,exorde,exorde,Réduction de 10% dès 3 formations achetées ! Préparez-vous pour 2024 avec nos Certificats Spécialisés. WhatsApp : +225 0504591677 pour commander votre pack de 3 Formations. Début des cours le 10 Décembre – Fin le 7 Ja...,Découvrez les Techniques de négociations commerciales avec nos experts. Rejoignez la session du 10 décembre. Inscrivez-vous ici : https://vente.paiementpro.net/certificats-specialises-:-choisissez-parmi-17-formations-...
same_author_same_genre_same_topic,fr,social_media,5,0.3194912315476426,mix_028623,mix_028624,17deacb180d8809d2100cae0dfd0b6e3c5f218ac99eaf2de65f6ac139cb43646,17deacb180d8809d2100cae0dfd0b6e3c5f218ac99eaf2de65f6ac139cb43646,107.0,112.0,1.0467289719626167,train,train,candidate,query,exorde,exorde,"@BrunoRetailleau @davidlisnard @GeorgesFENECH @PhdeVilliers Pers de Droite avec Macron et/ou Gauche:NON Sinon ces""pers et leurs amis""aucune chance en 2026 et 27. Plutôt voter MLP. CIOTTI. Z. 78ans gaulliste Ne commett...",@MartinGaragnon @ludovicMDS @PhdeVilliers @GeorgesFENECH @Herve_Morin E.M.Souvenons ns: -Gal d'armée P. de VILLIERS a démissionné de ses fctions 2017 (désaccord budget avec E.M.) -E.M. prend ses distances avec Holland...
same_author_same_genre_same_topic,fr,social_media,5,0.2517466569300455,mix_029434,mix_029435,dd06e245fc6e7c861574251be31127ab0b7479fa7475ba99740e17e4ee6a219b,dd06e245fc6e7c861574251be31127ab0b7479fa7475ba99740e17e4ee6a219b,244.0,353.0,1.4467213114754098,train,train,candidate,query,exorde,exorde,"Pour ceux qui, comme moi, se demandent le lien entre la censure et ce changement : les tickets restaurants ne servent qu'à acheter des produits directement consommables. Il ya une exception *temporaire* permettant d'a...","En l'état, ça ne changerait absolument rien. La gauche ne travaillera pas avec la droite ou l'extrême droite. Ni la droite ni l'extrême droite ne travaillera avec la gauche, et travailler ensemble semble un peu compli..."
different_author_same_genre_same_topic,fr,social_media,5,0.295290273733832,mix_029434,mix_028887,dd06e245fc6e7c861574251be31127ab0b7479fa7475ba99740e17e4ee6a219b,561230e1cc75d8ea073b2206da09e42efe00904940174eb1db7b7aad658a751a,244.0,160.0,1.525,train,train,candidate,query,exorde,exorde,"Pour ceux qui, comme moi, se demandent le lien entre la censure et ce changement : les tickets restaurants ne servent qu'à acheter des produits directement consommables. Il ya une exception *temporaire* permettant d'a...","&gt;Emmanuel Macron ne nommera pas de Premier ministre PS tant qu'il sera allié à LFI, a appris BFMTV ce vendredi 6 décembre, alors que le président a promis de nommer un nouveau gouvernement ""dans les prochains jours..."
different_author_same_genre_same_topic,fr,social_media,5,0.27517494799094866,mix_028552,mix_029435,073ae70b4dd1b6a0deb97999f6261f0ae68f3e045330eec60a8e91a13cd212a1,dd06e245fc6e7c861574251be31127ab0b7479fa7475ba99740e17e4ee6a219b,290.0,353.0,1.217241379310345,train,train,query,query,exorde,exorde,"Ok, la page 1 mérite quasiment une analyse phrase à phrase. CHAPITRE I\nLe réalisateur ordonne de faire zoomer la caméra 3 sur moi. On l'entend jusque sur le plateau de tournage. Au milieu des fils électriques et des ...","En l'état, ça ne changerait absolument rien. La gauche ne travaillera pas avec la droite ou l'extrême droite. Ni la droite ni l'extrême droite ne travaillera avec la gauche, et travailler ensemble semble un peu compli..."
different_author_same_genre_same_topic,fr,social_media,5,0.2629911957815856,mix_028888,mix_028749,561230e1cc75d8ea073b2206da09e42efe00904940174eb1db7b7aad658a751a,372c82395d9178ec41ba4de0fb17b6947d6a18d3e984ad33608f9c9d912473fe,110.0,144.0,1.309090909090909,train,train,candidate,query,exorde,exorde,"Je suis pareil, je prends 20 photos avant d'en trouver une bien, c'est qu'une question de tempérament ou d'habitude je pense, quand j'étais gamin j'aimais déjà pas ça, le sourire est toujours forcé sur une photo pour ...","J'ai pris le premier tome de cette édition pour la partie Kaiki de Mugen Shinshi.\nPar contre, dure de le maintenir ouvert. C'est une vraie galère. J'ai pas pu test car il était sous plastique. :/\nPour la suite, je m..."
