author_id,num_primary_genres,genre_entropy,genre_entropy_normalized,dominant_primary_genre,dominant_primary_genre_share,num_docs,dominant_lang,num_languages,dominant_source
00174b484c979369fee3d906bffa0ff8b6c7c9e46db23d24e0745b82d49c487e,1,-0.0,0.0,social_media,1.0,2,ko,1,exorde
001778577415965644059f97b5631f361ab845c52996412d48efceaadf1a1a54,1,-0.0,0.0,ecommerce_reviews,1.0,2,en,1,amazon_multi
0017c9af2885e9e3e40c22fc664ae80cf97750a2904dbb3d6f2c31b5566687b4,1,-0.0,0.0,literature,1.0,2,es,1,spanish_pd_books
00201c23129292d5097098dc5e78d77efda38e51c4655aad83cc54b0af42af9f,1,-0.0,0.0,news,1.0,2,ja,1,babel_briefings
002975327d9bdaa326b3b9dbf2d6f54bfa8324d5b28975f8caf02f0410707426,1,-0.0,0.0,media_reviews,1.0,2,zh,1,douban
002be5c79bdd788c544b74a3179d264bb8af8d29e110a740df8b8f3329299dcf,1,-0.0,0.0,social_media,1.0,2,ru,1,exorde
003ad934f18c69ab120426e3359f9e88de6c06d61235a3f5db79a9548ab8f3f1,1,-0.0,0.0,news,1.0,2,ar,1,babel_briefings
003c0f725104e569b89305095efde780bf16f72e0a951aac8988cf570244552d,1,-0.0,0.0,social_media,1.0,2,ar,1,exorde
004652f931eaf3d3caaed6ac881a8847e79696dbfaba8c3d110b211d31f52a8b,1,-0.0,0.0,literature,1.0,2,es,1,spanish_pd_books
004b66991b7c555873523028260ff18a3c508f7eb37684563f60d5ac13d36fa6,1,-0.0,0.0,social_media,1.0,2,hi,1,exorde
004b9abb192696a6a9a283a0e22110c2d0759fb27e2eb0fd8d5694b2dcbfb487,1,-0.0,0.0,news,1.0,2,es,1,babel_briefings
004baa035c693b5fab5dd60c9ecca88a8873dcf8605218cc27060f772dec91ce,1,-0.0,0.0,social_media,1.0,2,ar,1,exorde
005a9a6c09f3f7972e40b59daab53a1dd94937572f4ed9713f2b07f57f1342d9,1,-0.0,0.0,poetry,1.0,2,ar,1,arabic_poetry
005f8aaa250a736f737dc003b19945d9005045ea68116c70b8e94881a1e2e4ba,1,-0.0,0.0,media_reviews,1.0,2,zh,1,douban
006768b57cad1cecae56dcacbb88ea2bcd0ef9df36b7aae1e1880135cfd765c3,1,-0.0,0.0,social_media,1.0,2,ar,1,exorde
006f4c9a215b570aa57de743a98ca35d014772a71db49dacbea068812618e4f6,1,-0.0,0.0,news,1.0,2,zh,1,babel_briefings
0073491c69d3f74d8020b297cc8e00677c00b08ebc989cdf3a42c97928ef0b61,1,-0.0,0.0,blog,1.0,2,en,1,blog_authorship
00765197e021e1a547151101c01f185a87205cb9bf9cc48a63de99651bf9c430,1,-0.0,0.0,news,1.0,2,ar,1,babel_briefings
008bd3e494276eee481503daa245e366ab0ec686ee8daaa99344395f2599ad94,1,-0.0,0.0,news,1.0,2,fr,1,babel_briefings
008f7c0f9981eb83a80fc4c1b57419a0fb47fb97f77e38941fdd8e70581162e6,1,-0.0,0.0,literature,1.0,2,es,1,spanish_pd_books
009319ebf3023427a74a00a60f596c466db58de1439f9ad039b05a1c95ff5bee,1,-0.0,0.0,news,1.0,2,ru,1,babel_briefings
009a24fed32fbd2a97b0ba84644e173627b17ae891a972a0616758007b8a2230,1,-0.0,0.0,poetry,1.0,2,ar,1,arabic_poetry
009bc5576a21d696d2f8e4469968b72dc4be3a1ab14f38e42dd8f0dba9bb569c,1,-0.0,0.0,social_media,1.0,2,ar,1,exorde
009c027889a09aa4813d8253aa7434b1e3a4c4010536b44d9c2839c26428b641,1,-0.0,0.0,news,1.0,2,de,1,babel_briefings
009cab11acd39137ad93ef69e1ba5e708156e9a73047939294a244be4c016555,1,-0.0,0.0,literature,1.0,2,ru,1,russian_pd
009df14a24171659e0aa88b3dc1e30ee7251bab730386d384d2df303fa4f5c03,1,-0.0,0.0,social_media,1.0,2,en,1,ytcomments
00a0bc4ccbd197cb2debbb2a5412782450b2c4894a6b4808f139145e03fd6a23,1,-0.0,0.0,news,1.0,2,ru,1,babel_briefings
00a2f03ae57724b7c652edb795fff31ec3bce4832d290a055f302e0f0f1b029a,1,-0.0,0.0,social_media,1.0,2,zh,1,xiaohongshu
00a883f529b5200e2b8be641ea8ef5352d416512e5fac283d8fe782e7905039d,1,-0.0,0.0,literature,1.0,2,es,1,spanish_pd_books
00a9f444f89dbad2ca9f8439111cfab19fcbc9fffdf8230e010b63cf3c4b9190,1,-0.0,0.0,media_reviews,1.0,2,zh,1,douban
00aaec58d409553b69fa1b99c43fcc77a3c355cafaac5e94cb88f4b2fe3d4cfd,1,-0.0,0.0,literature,1.0,2,es,1,spanish_pd_books
00ac98839243fbd5faca212874b276738c540323a07faa4b6611841e8f377e58,1,-0.0,0.0,news,1.0,2,ru,1,babel_briefings
00b5def69b551402b25518f0d88132358c9bc3a9a465a680e4490b667f0c0cc0,1,-0.0,0.0,literature,1.0,2,es,1,spanish_pd_books
00b8c2e930b2aeadaf3723e1a48bf0f0bce1e46b904e58653d98b9729f2e3f5f,1,-0.0,0.0,social_media,1.0,2,ar,1,exorde
00c4031daef61f7a8981b2f3845b4936a8b9eb8ff900e6458dd137ea7a50dd0f,1,-0.0,0.0,poetry,1.0,2,ar,1,arabic_poetry
00e141a9802cb7aed809bb34cafbe1c0eab9f49faf2b0d72b05048b734644b69,1,-0.0,0.0,blog,1.0,2,en,1,blog_authorship
00e280733ad2e4c225e6fdf5e1a5f62c173532dcabf64fb06e4bbdf00f2a9e47,1,-0.0,0.0,media_reviews,1.0,2,zh,1,douban
00e8cb51cc18fa143f1cfa2bb82b4249fda4429c848915dd6a9a5752101abfc9,1,-0.0,0.0,news,1.0,2,de,1,babel_briefings
00e976b438ddea9983eff54fa31f9db0e2facd892ab5e0fcde5c09a9e2bd12ae,1,-0.0,0.0,social_media,1.0,2,ru,1,exorde
00ea93decad9b1a5f426f1c464d384e8b8426738279e05e33ecf2da0cbb570e2,1,-0.0,0.0,literature,1.0,2,es,1,spanish_pd_books
00ecc1447e4dbd9ce5e84b61bfe33ede9cada02681ce3a428e808d1745cb6edd,1,-0.0,0.0,social_media,1.0,2,ar,1,exorde
00fa98631cb04f82a3b08c227572968a69947206a412203aee05a8ed99d96eb1,1,-0.0,0.0,poetry,1.0,2,ar,1,arabic_poetry
010b1e60eb98fa0ef15f761cc3caa5264c8fa776f16c9136bea495508192b7ef,1,-0.0,0.0,literature,1.0,2,de,1,german_pd
011a6b43fe79bbed02594a44a16c98172868367944c7c8b075ba6a0a36ed0585,1,-0.0,0.0,literature,1.0,2,fr,1,french_pd_books
0121fbf394ec9a764e1dde51918eb81c06b722269b4b6de527826a2d160174d4,1,-0.0,0.0,social_media,1.0,2,zh,1,xiaohongshu
0122483d47539f90004eb437d38a562d6ddb2508a7a83adeb75c5d27419b24b4,1,-0.0,0.0,news,1.0,2,ar,1,babel_briefings
013585241c5147cd3811044858c61988a77af0522a949e4695a2d885dea259c4,1,-0.0,0.0,poetry,1.0,2,ar,1,arabic_poetry
013f32815a6d9ecf83a3800ff5c70e3e0deadb2c929d5d941ac1a5f77f9e0def,1,-0.0,0.0,literature,1.0,2,hi,1,hindi_discourse
0141d233acc81ef03f8a2b11ca60f7f62ee9b72f771d0908f6160cf6ff31140b,1,-0.0,0.0,media_reviews,1.0,2,zh,1,douban
014db8b7ef05f08420d6c0719aaaea78efe52ea6ba013572a4aea965766c2258,1,-0.0,0.0,literature,1.0,2,es,1,spanish_pd_books
0154c8348a289b4f8403d5634062479899adec04c8e3df0b005e8c54c7f3aacb,1,-0.0,0.0,news,1.0,2,en,1,babel_briefings
01566d47f5cdb7d701b2ae8b65ad5b2439b156365dbc8b8c72749684fd5dce01,1,-0.0,0.0,blog,1.0,2,en,1,blog_authorship
01716c95d861f92541ee528efe04eb5838adcf267273f7dccd7a4fe2a335df95,1,-0.0,0.0,media_reviews,1.0,2,zh,1,douban
0175de0b9905af4d01c97014f222d1cc1f375dcf5be6e5c2854e6ad0cade45e0,1,-0.0,0.0,social_media,1.0,2,ar,1,exorde
017a96daff5f93d705ceb35f049586f77f26aba2de3f5ab318ca205927cb0cae,1,-0.0,0.0,social_media,1.0,2,ar,1,exorde
017b45dbb2f6a316909126f3036c2d96790c2ab3b7825b0503fa4fa856c82152,1,-0.0,0.0,literature,1.0,2,es,1,spanish_pd_books
0181bdd5fec8d8064581b0feb2f0fa057407a032b09d34d1763309f39a219bdb,1,-0.0,0.0,poetry,1.0,2,ar,1,arabic_poetry
0181fb593593137819486a9681125ba29af02c5515aca40e6d2e33b478ecc6f8,1,-0.0,0.0,social_media,1.0,2,ko,1,exorde
018bf09734ff025834a56b5c944cba4526d5b888c246226d2874a7b01d87d9e3,1,-0.0,0.0,news,1.0,2,ar,1,babel_briefings
018c4ae84fdd6fa2c48041ee7d97b83d9505d8f6b0f3675da69b60ce2b6b565a,1,-0.0,0.0,media_reviews,1.0,2,zh,1,douban
018c9851de260add4d9d997e8c6af2da2d6bc3b8d820d597154fea91957d0230,1,-0.0,0.0,news,1.0,2,ko,1,babel_briefings
019b984818ad632f36c2d643c0d2bf02865f9a06a8013f02a6998ec0ec2c8745,1,-0.0,0.0,literature,1.0,2,es,1,spanish_pd_books
01b6707e9c48ebf760af71ae4d7d2b97b6daed9e2d49e8838839aadc2d2688b8,1,-0.0,0.0,news,1.0,2,en,1,babel_briefings
01c2b56835eaef727088765dce4e5324bf859fde03f3ed7ce1baf99831ed14c9,1,-0.0,0.0,news,1.0,2,ru,1,babel_briefings
01cd84cdc41c4a7675f2c30c9469486ebd1c3908e3e3ad353425c47549347f55,1,-0.0,0.0,social_media,1.0,2,ar,1,exorde
01d5b785ce3f720903c2c38c307ebff622392e7c47f82f5c090384d5dd024233,1,-0.0,0.0,social_media,1.0,2,ar,1,exorde
01de20c398c069202b08e1f8afba57df5ed40c4ee9d831676890668a2a489712,1,-0.0,0.0,media_reviews,1.0,2,zh,1,douban
01ee6d019594ac1462eb9dc3b378a5adaa5fd8b706058d8465158f60708073fb,1,-0.0,0.0,media_reviews,1.0,2,zh,1,douban
01eff72de4dad3f937816cb01de67cc6b8cc3d69aa3a3ef4f7bccb0541d5a658,1,-0.0,0.0,media_reviews,1.0,2,zh,1,douban
020f1c8d641716ac6d1a1bfc0a6a9272ceb751a81cd2dd27d64a10de09e62d19,1,-0.0,0.0,social_media,1.0,2,ar,1,exorde
0222f84743797b14cb8190e18302b96fe80eece3e745363400298a4be91749dd,1,-0.0,0.0,news,1.0,2,en,1,babel_briefings
024913ec6b3addae1680af8704832273a4a9e8f8bf5cd5bcf522160e60c39d45,1,-0.0,0.0,news,1.0,2,ar,1,babel_briefings
024a670e19c0f8cb7da8de71074f6791f6e78a0f407deb7492809ac7801a1643,1,-0.0,0.0,poetry,1.0,2,ar,1,arabic_poetry
025852c534ca4254a4c1ce8dee1e94dd58481c01837e09a27ba9e317ee2a9c12,1,-0.0,0.0,literature,1.0,2,es,1,spanish_pd_books
026e7827a8ab8eadb45849c7a0e229f8e7f1c42660ee5422960642c729fb4fd6,1,-0.0,0.0,poetry,1.0,2,ar,1,arabic_poetry
027714158edb6b9dbcf95b392bc53ea75cc15320c2a42c07d0d4309ed142b9de,1,-0.0,0.0,social_media,1.0,2,ru,1,exorde
02837b6330ddca04ae5b19d77520ea17a869de61dde0a2206dff3dd4eeed26d9,1,-0.0,0.0,news,1.0,2,ar,1,babel_briefings
028401a36b9a10b892841e0b5c98934b6220ffb3abee2d8a0c2e2ffba8bc747b,1,-0.0,0.0,media_reviews,1.0,2,zh,1,douban
028aa983749d9f67682d2cbdd020484d2f6d96bc2ef3744ef85b015968eecb7b,1,-0.0,0.0,literature,1.0,2,es,1,spanish_pd_books
028c8eed8804f2fcece931aa64032998a4b6802b87f850e968e875ca8da16140,1,-0.0,0.0,social_media,1.0,2,ar,1,exorde
029318f3da050c232e805f782463b4406aab822698c2b9f0633deb06e0f0da65,1,-0.0,0.0,social_media,1.0,2,ar,1,exorde
02a231041dc5e5ff93d6076685fe52f522789ff12570b04bf4fb17f115cefb1e,1,-0.0,0.0,social_media,1.0,2,de,1,exorde
02a81ea18b05eb363d82c4a7fc75ea440e999620b848b1613f58aee4a575dea6,1,-0.0,0.0,media_reviews,1.0,2,zh,1,douban
02ab0d5d07c23d353463a3e7facd600312d906c4e23d28f540471de4021e025e,1,-0.0,0.0,media_reviews,1.0,2,zh,1,douban
02ac9f0a8b9b49003b093b50014b02bc334caf66e94daf8c373b75e31c2fcc78,1,-0.0,0.0,media_reviews,1.0,2,zh,1,douban
02b3ae7a3d682251f69e8bfeebd89de3bdab521ea43881808f66a5fa34c7bb1c,1,-0.0,0.0,blog,1.0,2,en,1,blog_authorship
02bf4cfdd7a6bc61494d304c5d7ce101ebcfe2599749b9edbd7794bd5f19c21f,1,-0.0,0.0,poetry,1.0,2,ar,1,arabic_poetry
02c8320e4649b50c80c6685a3f3955a3394ccc47b57d75befabb1760c3cc3e9d,1,-0.0,0.0,social_media,1.0,2,ko,1,exorde
02cdc4020cbb1339ebed5331dccdabcae3cd2db2f8501efa18d3ec8ef932c344,1,-0.0,0.0,literature,1.0,2,fr,1,french_pd_books
02df0e288bc69691403dba83d0fc57ac13ad1f7310b3f1511b7eca30340ed65d,1,-0.0,0.0,literature,1.0,2,es,1,spanish_pd_books
02df6ddc4f483c304d57ef804104a349f560330d25ccc8ab88ea9580253252d3,1,-0.0,0.0,media_reviews,1.0,2,zh,1,douban
02e71c14720c5c1e9dc010d8fb32d1e998bae4af73acd112aea212c9ad6a340c,1,-0.0,0.0,news,1.0,2,zh,1,babel_briefings
02e8e80479052d96de4d9555223846c98b580da57729e48caaecc93682b60833,1,-0.0,0.0,media_reviews,1.0,2,zh,1,douban
03065371192c3ee2ece0ec18622cdfc073b3c7ab7f91d0f6e559f071a382bb73,1,-0.0,0.0,literature,1.0,2,fr,1,french_pd_books
030cd676032c81dd649a98bcf0bfc5195b4817f777b001757bb5c1909402c9da,1,-0.0,0.0,literature,1.0,2,es,1,spanish_pd_books
03112e960ca11443ffeb91a4d2f10ba2e9df03277d64484f1f31277487b46d96,1,-0.0,0.0,news,1.0,2,zh,1,babel_briefings
03156eb43058e40f3f02f98422f4df69f1c478d4846af0e772a827034b20a0a6,1,-0.0,0.0,social_media,1.0,2,fr,1,exorde
031dbeeee024a0537a31bb8e20ade084f75967f0a7fb402f28a5d1874183a23f,1,-0.0,0.0,literature,1.0,2,de,1,german_pd
032ff43b09a81b150a3592ec68534d6529dbf750f2e3d2327658425227e0ac0b,1,-0.0,0.0,social_media,1.0,2,ru,1,exorde
03368885d6409ea6f2f271ab55bfab3155c880c31f2cf1890b1adde3c44fdce1,1,-0.0,0.0,news,1.0,2,en,1,babel_briefings
033711a6d3988a2ca44299839c87bf4c9066f5e3cdf04ceb385f8b17f78a1ec3,1,-0.0,0.0,media_reviews,1.0,2,zh,1,douban
0343420ac2f9e1ed9d5f944562b0ed90a1472f8b6be1683be752b3b1db7d0203,1,-0.0,0.0,social_media,1.0,2,hi,1,exorde
034538d3cd27bbf568bbeebbfc9b2c74b5047375124214c59be34f0a9352a7e4,1,-0.0,0.0,literature,1.0,2,fr,1,french_pd_books
0347f1701d335bd7de9fbfa1cec4c64dd6faf8b0879adc85690f07e14f1b5991,1,-0.0,0.0,ecommerce_reviews,1.0,2,en,1,amazon_multi
0348417cb56bfce71ab3ff9f496195ff3376b70942843a13d8e7164b284ed467,1,-0.0,0.0,social_media,1.0,2,ko,1,exorde
034ac747faac6e3d157d590b91a95c5c0dab780bd2632d4372818008df31e199,1,-0.0,0.0,news,1.0,2,ru,1,babel_briefings
034fef98d1165ac470e7bb0adc7ef25e5375af341baf439ee39f828f651455be,1,-0.0,0.0,literature,1.0,2,ru,1,russian_pd
03593d4c13ec4f254a76ee1600a21e7fe13f774139692b5b2428bc4d54de3395,1,-0.0,0.0,literature,1.0,2,ru,1,russian_pd
035c287028a5b78011e01fb6e3b67c578f7b32fe8e5e87ac600beb90fac76f22,1,-0.0,0.0,news,1.0,2,ru,1,babel_briefings
036dbdba6c4d289b6c7e83540e801e0b1917804aaadc626d7fcd1a93bdd65bef,1,-0.0,0.0,literature,1.0,2,hi,1,hindi_discourse
0376a90a2536c5e9fcd422a9f34b92f660051ce571d649a351dc2a46a4c03746,1,-0.0,0.0,media_reviews,1.0,2,zh,1,douban
038502ff9365fc9a3c920b758d6ad326e3edef59f81498c91c3ee1b24c3005a7,1,-0.0,0.0,blog,1.0,2,en,1,blog_authorship
038558457e2d37627a5b210c048145d7970084e37a89c6c9bfa459e7799b56a3,1,-0.0,0.0,news,1.0,2,ja,1,babel_briefings
03889ef04f2aa1e4bd4ce6c06f66c5dfc5f8dfbc4ee0e20f123b2332900d3540,1,-0.0,0.0,news,1.0,2,zh,1,babel_briefings
03899c7c4129c81b5793e898b6ffd754fcb2c29e36e90191f89eff8847b2ae4b,1,-0.0,0.0,social_media,1.0,2,ar,1,exorde
0394f8e3f1be1f9cc960b6d3ec92d7dc818ff9a59900ff5f5efd31ab6570d219,1,-0.0,0.0,literature,1.0,2,es,1,spanish_pd_books
0399b624cbecba66417ada157f2086e653469a03f1a11c7b81da01407258ba1d,1,-0.0,0.0,blog,1.0,2,en,1,blog_authorship
03a6a240ce26cb15d92ca095904a36918229c916e591dbdcd33395efcd36f194,1,-0.0,0.0,literature,1.0,2,ru,1,russian_pd
03a8f998188f179eb2a3525cec74f7657227c5a94c9d452965bf356806252b7a,1,-0.0,0.0,literature,1.0,2,es,1,spanish_pd_books
03bdacfbe498651300642f00f7ecbe21b45fd423e1e79a16610ddffb46e2f613,1,-0.0,0.0,news,1.0,2,zh,1,babel_briefings
03bfcfb21445e22d35ab20beb3cddbb9ab867d3cdfba70c4de8d8e510639b922,1,-0.0,0.0,media_reviews,1.0,2,zh,1,douban
03dd89c9cbb6a0069b2ab2e6e50d52e259832d8b2b759d480410bee7fc8771d0,1,-0.0,0.0,news,1.0,2,zh,1,babel_briefings
03e811de482c8fd2b64b6b4d7c35f5a728dcdc5691dcde05b017f238983be02e,1,-0.0,0.0,news,1.0,2,en,1,babel_briefings
03ef4942533fae57fa8a1046032add02654b0b969fd141d4eeaf245607bf40b6,1,-0.0,0.0,news,1.0,2,fr,1,babel_briefings
03f3ce8343e78e923a7d8c6b65c7b5c9d6585efb259e137c0ce37d0408cc3b99,1,-0.0,0.0,social_media,1.0,2,ru,1,exorde
03f476aaf711145515039d42f13e87a3683164d865f6d6042ca3e4e227af1f64,1,-0.0,0.0,news,1.0,2,ru,1,babel_briefings
03f73c4d2948ebf28cb37a637e253230b2c6b4134fd71bc58bdd12f821a7e44f,1,-0.0,0.0,news,1.0,2,ja,1,babel_briefings
03fdfd1189168109163d5cb7b47298ab71e891792af53fc5b3b17e7724891663,1,-0.0,0.0,ecommerce_reviews,1.0,2,en,1,amazon_multi
04049fce371d786379658aa244857a68b65ff62ad1a0e4be3350bd491277db03,1,-0.0,0.0,social_media,1.0,2,ru,1,exorde
0407c649de9f5a50b3a9af9a2eb4bce9d502443b5f3fcfb4181448faf18ceb9d,1,-0.0,0.0,ecommerce_reviews,1.0,2,en,1,amazon_multi
040e661d5947f10b2e2c24f4418be94c7cac68816d7a1402fea7593c6a721217,1,-0.0,0.0,literature,1.0,2,es,1,spanish_pd_books
04145575eb0c087a5dbcef900d6b4a78871d367c666878510b349ea6520cca80,1,-0.0,0.0,news,1.0,2,ar,1,babel_briefings
0417b52ebce5d7d68e4cc7f357c4b8c79bc49c87046d0b158c551cf36040077e,1,-0.0,0.0,news,1.0,2,ru,1,babel_briefings
0423d20bb477af483d59633098d8a4c2ee6abdea78231355513369012221601f,1,-0.0,0.0,poetry,1.0,2,ar,1,arabic_poetry
0425d8f609c589f3102646daaac38f60406c07c25bcea93ba7939d325a6dc7ae,1,-0.0,0.0,news,1.0,2,ja,1,babel_briefings
042c8f56cc7451c511dc6a552c3033b44734d0f152789e3cabe8ee1142e8d29b,1,-0.0,0.0,literature,1.0,2,es,1,spanish_pd_books
0447d1e42aff5dda666f7b558704e4359057807df758de68dea12f5cb9cc10a9,1,-0.0,0.0,media_reviews,1.0,2,zh,1,douban
045ea2059bbb6750818aef30bff07ab522350bb21695daa5fc6946bad12b9505,1,-0.0,0.0,news,1.0,2,ru,1,babel_briefings
0470863e7dd5a300ddcf8da3a78f5981103046a32e4708842a22937a850f5162,1,-0.0,0.0,social_media,1.0,2,ar,1,exorde
047a52eafdaf11c6f6f2b68b26d4aeb87142e348176a38ec9dd7fe8e717340a3,1,-0.0,0.0,news,1.0,2,zh,1,babel_briefings
047eb8afb438655f28e9fb23342b16d8a0b80369b3415da58e5a08916a24fbbd,1,-0.0,0.0,news,1.0,2,es,1,babel_briefings
04837bdb4c4821082753581ad8581c82723d0b35e52af0eead0ea30aa8a21765,1,-0.0,0.0,social_media,1.0,2,ar,1,exorde
0493f7828ca06d232d2db986b8caee1cc9be85ad71a7fd2254c301b56d328761,1,-0.0,0.0,news,1.0,2,ja,1,babel_briefings
04978bd3f5faae4fb6ca0a9792466d48e8b33daf5291665d8b1e08c1e28370ca,1,-0.0,0.0,news,1.0,2,ru,1,babel_briefings
04a5db50c3a952db049c2f36b0dfc20fc4e2c6ea8cddebd57a8ef7444418d6b5,1,-0.0,0.0,literature,1.0,2,ru,1,russian_pd
04b28a95bfdffac46e67974d1b458e4588f25a2ac725241fa85ed6a3126234e0,1,-0.0,0.0,poetry,1.0,2,ar,1,arabic_poetry
04b3ddd3c62339e1ff11cec2a2896e9356a7d51d3a6edbdf96bda9037b73f7c7,1,-0.0,0.0,blog,1.0,2,en,1,blog_authorship
04b427725e15c6a6c786c6f20bc7b200cdb5fa6559d508d2eb7000521516e8eb,1,-0.0,0.0,media_reviews,1.0,2,zh,1,douban
04c09f33124a8647a354c0769be7d2bd6d7f9d1cb249c5890b6a5d152670b455,1,-0.0,0.0,news,1.0,2,ar,1,babel_briefings
04c6fa9f8a973a906ad50c64e25b346049f05c9b17e7230149b52de0b21648a5,1,-0.0,0.0,social_media,1.0,2,ar,1,exorde
04d07f880ebb22ee2849520f29397feafddc40d07f1c492c00a242bfeaaec827,1,-0.0,0.0,news,1.0,2,ru,1,babel_briefings
04d53cda9a51f3c269af223032da8ecd8dc6d81bc8181750919658adbf5701ba,1,-0.0,0.0,news,1.0,2,ko,1,babel_briefings
04db8080102993c98533fceeb5e619d45377e92c3f704e8d3b80cd6327d90b1b,1,-0.0,0.0,literature,1.0,2,de,1,german_pd
0502972b6a37b8c69c113ba6d2ad84d7a61680955935b23b529f942adb061044,1,-0.0,0.0,social_media,1.0,2,hi,1,exorde
050f44d8036692e365227bf2cd08ac5c6d65b70780130c1d504cf52646560e18,1,-0.0,0.0,ecommerce_reviews,1.0,2,en,1,amazon_multi
0510d67c2edef7be99e2a872d99a889156f06cfbf23ced2192acb3c2eae0247f,1,-0.0,0.0,social_media,1.0,2,ar,1,exorde
05115b1b264b420be73c17b8cbd6dcd8b3a1eb0b32da6a947a0806dd3e6fbfb1,1,-0.0,0.0,literature,1.0,2,ru,1,russian_pd
051a63a7b49351aa9e61c949bf5ca787a5ce4053a1f16fe4b4c1f0c29b11a4b3,1,-0.0,0.0,social_media,1.0,2,ar,1,exorde
05206da7ce06f8695ca5e3cd2f8b948ba319f3ba0ac2e183ddcf78d448bfff59,1,-0.0,0.0,news,1.0,2,es,1,babel_briefings
05248a98afeedb293ab9f408fe78d320e9c19bf460de6f475cafdd9a0209ee8a,1,-0.0,0.0,social_media,1.0,2,hi,1,exorde
0525680d2a1c4706ae6f36be2db88765c9b9311235465d252601d2a20757188a,1,-0.0,0.0,news,1.0,2,ja,1,babel_briefings
052a51184c2e9b3c680862c637655016a9c55ac3248faa65c6635172474b49d0,1,-0.0,0.0,literature,1.0,2,hi,1,hindi_discourse
053502a32fef4da17c3c9691ffbb3d7258234d67cd0b8425972c07ddc61bc8f5,1,-0.0,0.0,social_media,1.0,2,es,1,exorde
053cdcfb32d25d98d149630fd0b3bf9a62ed7d26199de55a7c9851d6c33044de,1,-0.0,0.0,social_media,1.0,2,zh,1,exorde
054474621f5c3ec624509beb9306b78de5973cb37d4f0e9c9fba5a5248b0fe15,1,-0.0,0.0,news,1.0,2,ar,1,babel_briefings
0547ccae76c7155a32e356706c8932582ed9fe7ee695dde94452a8a60399bbc3,1,-0.0,0.0,social_media,1.0,2,ru,1,exorde
0552f3f7089dbbac14b167582b43c5f9d440fe562f6d17c325746d14d35e1d60,1,-0.0,0.0,social_media,1.0,2,fr,1,exorde
05543b46834dffa0fc4b22f1eaa44697904e8680adac26e21f4820eb3676506d,1,-0.0,0.0,social_media,1.0,2,ko,1,exorde
0555bc8b15dfa4c0fc1aeaf731170a49c1109ecc8c8f945d96c8cac917231db5,1,-0.0,0.0,news,1.0,2,ar,1,babel_briefings
055ef2851e45c42a0b0a68f4af68fd93cc0ac3049c759db83e11a08e0aa991cc,1,-0.0,0.0,poetry,1.0,2,ar,1,arabic_poetry
05617a79758f63ec9d8ef89ac4cbe4faf85a510b6bc2751b3fdc642b6dab6ad9,1,-0.0,0.0,news,1.0,2,ar,1,babel_briefings
05709593c8fc6d4b64abf03b63828ed34fe5c1eab4f9ffcce2802ebc5dda7e08,1,-0.0,0.0,literature,1.0,2,es,1,spanish_pd_books
057a63e04001cf726b337c0e79368a74bdb2cb368b1c7838b5fe44c5a8003056,1,-0.0,0.0,news,1.0,2,es,1,babel_briefings
0580304017d678d8fe82596e18614b2bd6e6945e99ce8449b116234e42283d7e,1,-0.0,0.0,news,1.0,2,ar,1,babel_briefings
05863f6273f4c0f447517714917f9c4ad7754fb92208171004d03ad59f337df3,1,-0.0,0.0,news,1.0,2,ko,1,babel_briefings
05a2d5c0668c07e308f4d25421d2e279ba594554671fe62c5b7af3b90576e0ca,1,-0.0,0.0,literature,1.0,2,de,1,german_pd
05a809a87fbfe08924b925d66475ddf4f75a397523947128bd9af7439d9a1653,1,-0.0,0.0,literature,1.0,2,es,1,spanish_pd_books
05b50657759b06a8a59882c524ce1692985119453efb81e1afab2a0152effad5,1,-0.0,0.0,blog,1.0,2,en,1,blog_authorship
05b814327ab8d992c3d20af26bbf88d321af982fbd8170db2f0ddcd3f9ae8eeb,1,-0.0,0.0,blog,1.0,2,en,1,blog_authorship
05bec38c2a66719b97d55987b6559cd0615a96e426cd81c2db47e8f1aa31aaf8,1,-0.0,0.0,news,1.0,2,ru,1,babel_briefings
05bedb7fa2395fecaac8065ddb9699be0d1256c0706d95f8a86628b2a81bc6bd,1,-0.0,0.0,news,1.0,2,ru,1,babel_briefings
05c2f965d873e8ba9dbf2e8a48726e10a00e1d53f3f0d2f6734dd2ceff079fdd,1,-0.0,0.0,blog,1.0,2,en,1,blog_authorship
05cec19f79d3dc411259ef91d8753be9adbba6f17bd545ae81be500ae3283360,1,-0.0,0.0,literature,1.0,2,ru,1,russian_pd
05d449b66649ad3bb39222c4ac1b35e8f395c3a48ac47909a1e0ff7bff5a0762,1,-0.0,0.0,social_media,1.0,2,de,1,exorde
05dca18569d0d0df385b5eda725adff9dd052b52dbcc7ec5f9579263eb2d04f0,1,-0.0,0.0,social_media,1.0,2,ar,1,exorde
05e14bee330a54e4555b17ab6b52c6342fa54acff6287567aa401ef7bd2a2645,1,-0.0,0.0,social_media,1.0,2,ru,1,exorde
05f50fd0f80c5f3ca0cc16b1d310968a1045d867e12f5397a7ff28befb8d6a1e,1,-0.0,0.0,news,1.0,2,ar,1,babel_briefings
05fa0d93970e52b927bde683f27411be939a9db596684cceb75e0aa2f98979ea,1,-0.0,0.0,literature,1.0,2,es,1,spanish_pd_books
0601ec90fe9b8594443fb7628325d1bd63ca93e339dbd0ac61a5923fe928b7ae,1,-0.0,0.0,social_media,1.0,2,ko,1,exorde
0608273dd7521d5336be54b9f431999c7110ccd64d0738fc0e42315b5a9c380c,1,-0.0,0.0,social_media,1.0,2,ar,1,exorde
061383fe55e2a7b5eebb8745bed047045ccc201a092586ce3e0b0bdc8518a363,1,-0.0,0.0,social_media,1.0,2,ar,1,exorde
062e36606a2d2acb46cbdf8dd9b8cbb2418c0fbc9bf1275d44f4092fbee51607,1,-0.0,0.0,social_media,1.0,2,ko,1,exorde
06313f974d5bea1545e65ccd4fb171d49b68f5ede3630019de13f7bfb382cb7a,1,-0.0,0.0,news,1.0,2,ar,1,babel_briefings
063510e45290f1c5a966fff2cae942e07722d11e8f0d560cb6e7be02f9775136,1,-0.0,0.0,news,1.0,2,ja,1,babel_briefings
0641dfff791b9d878178288f4c3ba3b188b1d34c05a42d954b46c8bddb268a4a,1,-0.0,0.0,news,1.0,2,ar,1,babel_briefings
0651c8b7396860238bb7e08d713e55d74b14a028eec80e67935bef5c6d72000f,1,-0.0,0.0,social_media,1.0,2,ko,1,exorde
065ccbe473484d56c020636e0235b5c24ad3d862ebce6412236da423134b0075,1,-0.0,0.0,social_media,1.0,2,ar,1,exorde
065cf62e593ea5f9fc99aa1e34e89f2f67e83347e52f483c6f552daa5f704d66,1,-0.0,0.0,social_media,1.0,2,ko,1,exorde
0664f0b480de952f8358b99049235e3741e9c84b0d40acd317b54869b8f20e1a,1,-0.0,0.0,social_media,1.0,2,fr,1,exorde
066a8127076a3b7a76298f360d6af342058a74351cd67df0ecf1a94400025f2b,1,-0.0,0.0,social_media,1.0,2,ar,1,exorde
067a6144372a78c275e24eb76360cf6cd018194aadb714b7f3feb9e429f75019,1,-0.0,0.0,literature,1.0,2,ru,1,russian_pd
069896ccae2ef41a8c0945296fd311b6d620f56c9057819259f7c3f66ee7a179,1,-0.0,0.0,news,1.0,2,en,1,babel_briefings
069a2d763f823dcb40227402ac5b6dcce099e1d2b21afc29b8e740b18b92940b,1,-0.0,0.0,social_media,1.0,2,ar,1,exorde
06a631b5952b84aa8aa10ca4028033b0243cd92cd4753147d9aea4f821dc37c3,1,-0.0,0.0,social_media,1.0,2,ko,1,exorde
06a80509f58db0ed51ae50a99310800002ad92b1f5170b38476bce067f0b9e9d,1,-0.0,0.0,poetry,1.0,2,ar,1,arabic_poetry
06aba2738d901954c197946fc830ce8f673bc9e4b322c9fbe6fe808a66441518,1,-0.0,0.0,social_media,1.0,2,ar,1,exorde
06b1405c7a289ea5a5436c25ea395fef691b396b7a07ee22531f76317f380ef1,1,-0.0,0.0,news,1.0,2,ar,1,babel_briefings
06b325aea59674e8e9ff12d2ccc1f825abc59444bed49be011be5f9578ac9c53,1,-0.0,0.0,social_media,1.0,2,ar,1,exorde
06b6a8ecf180e19610f9ff914100cb5aa88fdc5e0d276efdcb16f24f740fe25e,1,-0.0,0.0,literature,1.0,2,ru,1,russian_pd
06c00b54417ff405a1312970990a65fe846d9ca0b33bcadfdb69b247e11f597d,1,-0.0,0.0,social_media,1.0,2,es,1,exorde
06c07aa202b38eab99167083250e067ca79d0a6fd64730728e4b9b65a15c5412,1,-0.0,0.0,literature,1.0,2,es,1,spanish_pd_books
06c4bf6ff5ae8f3994fe221fb1338eb6cc8a6be747a595e6105eeca76bf049c9,1,-0.0,0.0,literature,1.0,2,fr,1,french_pd_books
06cbbcbed6e72f96887c6ddcff62c451f5ac6ae713568bf62e21207f37e7aa2a,1,-0.0,0.0,news,1.0,2,ru,1,babel_briefings
06d53bb5a0ff414649909add282d9f9ee4e5a6a74131da167354ecfc440faeac,1,-0.0,0.0,social_media,1.0,2,hi,1,exorde
06d85b8b3c8b986759960a998d4c74d62a5e9120c8227653bae16bae635238d7,1,-0.0,0.0,news,1.0,2,ar,1,babel_briefings
06f25ca4cdc9c78d3789f2bb72b88056651cc3f7400ba0123b415e3cbf7d5043,1,-0.0,0.0,news,1.0,2,ar,1,babel_briefings
06f5d8f7e334fb7c3fd1d0d6423029fa83bdb4bd9f2e82e506480b4ec9672ce1,1,-0.0,0.0,social_media,1.0,2,ar,1,exorde
06fb15b098072cb2dc413cf6429cfb636e8fd67a3abaf5d61670627ff6b5e123,1,-0.0,0.0,social_media,1.0,2,hi,1,exorde
070a18dbc8cb07617e70a4692847b82115bf99813031cabbef9d36034cc0e8f1,1,-0.0,0.0,literature,1.0,2,es,1,spanish_pd_books
070a66a274a0e863a573df89d03959063aab3981a9a77ce55a5e5ae3ac7b916a,1,-0.0,0.0,news,1.0,2,ja,1,babel_briefings
070f646d511c53967f7009b55cac72c7a42c6e3be4810bea207d8703b6afc37e,1,-0.0,0.0,literature,1.0,2,es,1,spanish_pd_books
0711884da6f654c5053b925c2521cc6254d52abe6acc26b8cff61b1e336673eb,1,-0.0,0.0,media_reviews,1.0,2,zh,1,douban
0723b210fe75396a3b33ba3682b79a8561d3f1f04dff938139b43f86879e3575,1,-0.0,0.0,news,1.0,2,en,1,babel_briefings
0726d676c2efa2870ad06d596b181ad0e42c948a4cdd834fe01115d5a56383b0,1,-0.0,0.0,social_media,1.0,2,ko,1,exorde
07280e191261dcf160721aa5c26e60d98a9a3179aa4298b6a4b1cd8f612447d0,1,-0.0,0.0,social_media,1.0,2,ru,1,exorde
07298959c8484526010272b6ddad2693a30e5627bb3dc256f244d4ad0b8ea6a9,1,-0.0,0.0,blog,1.0,2,en,1,blog_authorship
0739014ce11c0c98146ff910923830510340c5f4dd7cf4cb1c4a62574862f644,1,-0.0,0.0,news,1.0,2,zh,1,babel_briefings
073aad415602990dff53630fdff162ae9f6bc9b2d6567a684389c79c16bc9dbb,1,-0.0,0.0,news,1.0,2,zh,1,babel_briefings
073ae70b4dd1b6a0deb97999f6261f0ae68f3e045330eec60a8e91a13cd212a1,1,-0.0,0.0,social_media,1.0,2,fr,1,exorde
074d7ee2acee80dbcdafc1da1608babf12d31396c817910e7f89460789ebac58,1,-0.0,0.0,blog,1.0,2,en,1,blog_authorship
076d52165a8f61feedc3a37d91fe48d7175e47b6dfa0f5ca3fe19006a0ff1c44,1,-0.0,0.0,social_media,1.0,2,ar,1,exorde
077395b482e072bc8551bf076e85a5ecc29b360c8f0b2cd4dcb89cc194346b71,1,-0.0,0.0,news,1.0,2,ru,1,babel_briefings
077abeb125a5a3f481e6cffb6da2557274308f3134840b312684a13ff0470ccf,1,-0.0,0.0,news,1.0,2,es,1,babel_briefings
077f21406b5c8367bd5a0c54c46db19ae03c80b7e983722038b59b9b5d9dc25a,1,-0.0,0.0,media_reviews,1.0,2,zh,1,douban
078326bbdbaeae4898b9654deba427bcd8788c9aaeded1529674d8871809542d,1,-0.0,0.0,social_media,1.0,2,ko,1,exorde
07992c0d730ba161477bb3701b46604f3614db8c1567f12539f3260001a247ec,1,-0.0,0.0,social_media,1.0,2,ar,1,exorde
079b2470f43604a9dca33a4db955372773e9cc9023bdaf687cada825fb9133c9,1,-0.0,0.0,news,1.0,2,en,1,babel_briefings
079e6ade9c48a9d2d2d42a0b33d95032a1f570a606aec95e3009b571263930d0,1,-0.0,0.0,literature,1.0,2,es,1,spanish_pd_books
07ad337d836e5fba5a3ff411fcc19f77497e440cf26c31476ef14628b58f0143,1,-0.0,0.0,news,1.0,2,ru,1,babel_briefings
07ad790a6d0722cc44eac568c64b96de7c545407db386defdc38940579ba0e52,1,-0.0,0.0,social_media,1.0,2,ko,1,exorde
07ae0d45e3d05187b5a1f4a32a133600f9078278ce24aee56dd5fe6744a7d1f0,1,-0.0,0.0,social_media,1.0,2,hi,1,exorde
07bcfff79874119a3c768b55feef060a24cc4180d01098d829b45451d2af359b,1,-0.0,0.0,blog,1.0,2,en,1,blog_authorship
07be27c17594c4aa73d4ec926f5a71fff3f5eb64040b7539052060e74a89e13c,1,-0.0,0.0,social_media,1.0,2,ko,1,exorde
07c10db39a8c2f44dfd71f0cfc35ae503c1faad9e8dc619ec7bd4a7b91e72390,1,-0.0,0.0,social_media,1.0,2,en,1,exorde
07c537d685e2e7934af64cf87a5a2037bddff06c2ea1efacf5649ca403eb72f5,1,-0.0,0.0,poetry,1.0,2,ar,1,arabic_poetry
07c8d47a114742b51f41c4b3952aea3d3458c3bc0b34c01d9b3b3af0d25e6778,1,-0.0,0.0,news,1.0,2,ko,1,babel_briefings
07cb63daf011e30983df700263db9477576057423c41dcc879e151ec388b88d9,1,-0.0,0.0,social_media,1.0,2,fr,1,exorde
07ce2b3853a153d5fbe84b66df43629ce8c9129d00983b0824e93e5b917aa7cf,1,-0.0,0.0,social_media,1.0,2,ru,1,exorde
07cf8aeec46c4661edeafbb763d246dec93848c5e2d1aa402d264d9ada483d3e,1,-0.0,0.0,literature,1.0,2,de,1,german_pd
07d32f153c46ecd6d7e9fb6005acdac1c97403024a461718a99e4b049ee9a94c,1,-0.0,0.0,social_media,1.0,2,ko,1,exorde
07d75747c05fc88f5e1c9820408d7a07de05f20e57a672e849933e19fa417efa,1,-0.0,0.0,poetry,1.0,2,ar,1,arabic_poetry
07dba2796d3a3a5fada01bf8a8f36affd32092965e3aed7b6e795c5c583518c4,1,-0.0,0.0,literature,1.0,2,es,1,spanish_pd_books
07dd93af159ab95d42f292b7d178870b70d42f53bd03d3c2e6bcb5506441fd91,1,-0.0,0.0,social_media,1.0,2,ru,1,exorde
07f5433dad740a437b38bb3497702cf3af5de61f14c25d86fc40992a5b1e36bc,1,-0.0,0.0,social_media,1.0,2,ar,1,exorde
07f9d5e01b7165349c82e7762d4c890e3feac3bf7de31cf00a7429a07469fd93,1,-0.0,0.0,literature,1.0,2,es,1,spanish_pd_books
07fbf4af08defcfc5aa60c69d12dceb5c0618c6dee56e384ac279fc04d1a12e6,1,-0.0,0.0,social_media,1.0,2,ar,1,exorde
08092cb9684a8b8852792e3a36fdd9ef7fffc954e164c4995fa8b309b183f479,1,-0.0,0.0,news,1.0,2,ru,1,babel_briefings
08105a1f34e610e6f45b83710c0dbfa6ea111fa92233141d5174bea1d2677ba8,1,-0.0,0.0,social_media,1.0,2,hi,1,exorde
081d90e1fd6da8a4732eb93d63aa5395386d274400235f7568d5080c4eae728c,1,-0.0,0.0,literature,1.0,2,ru,1,russian_pd
081fb437c3160ebe2bb3488881165973fd4a9b702c3f95b67b679e1bcf6a2c01,1,-0.0,0.0,literature,1.0,2,es,1,spanish_pd_books
082ce6da3b25b7577f8760b1a5bdfd449a53a7323b56e9785fad72d39d79e570,1,-0.0,0.0,literature,1.0,2,es,1,spanish_pd_books
0834de3b607848db92c1fa176cd9889122339bb96557fb71be1ea19988c03183,1,-0.0,0.0,news,1.0,2,ru,1,babel_briefings
0837d4ebff3a0ab50bddc548e5c10a316c2b0577eb1e7f63933655f3a9d084dc,1,-0.0,0.0,poetry,1.0,2,ar,1,arabic_poetry
083c415ac575558972a3da8849c2d6b2f95b21a1544ba1a61e2494be07e691ae,1,-0.0,0.0,news,1.0,2,ko,1,babel_briefings
083f25da1348aa6b861d576986b7aa382aac2129449a1aef8620539161ca5227,1,-0.0,0.0,social_media,1.0,2,ko,1,exorde
0843be30a9056f54c36f4078073afc5d0ef2c8783d5c1464da0ccf7b0b5aa417,1,-0.0,0.0,literature,1.0,2,es,1,spanish_pd_books
0854e8130177d812c3789c9279bcae58d402f5e72e5d5935dfa0d5454e2c87a8,1,-0.0,0.0,news,1.0,2,ru,1,babel_briefings
08590fd4f704c0feeae6086f66a5a9ca2786a8586dfed6430ba6c463be479efc,1,-0.0,0.0,literature,1.0,2,es,1,spanish_pd_books
086e39451b5d2669fb68999208a70e8457dd931edd75a85495f8b9a2ff781617,1,-0.0,0.0,literature,1.0,2,hi,1,hindi_discourse
08769df555707ef3442f5e9c56463356737c86d45e91c0963a88a523ff15bf17,1,-0.0,0.0,news,1.0,2,zh,1,babel_briefings
087a18b2e167a760edc858c632933de8ba1286634e31b579d331e7d8b638a009,1,-0.0,0.0,news,1.0,2,en,1,babel_briefings
087afdcc5b00e9c55ae93a886d01a7ea820471c52278e43d1923f856b383b8b6,1,-0.0,0.0,literature,1.0,2,fr,1,french_pd_books
08a806f8ee0dc7007de83d7ef4b61c4428369b7c266159c45de4b30a2aba1ec2,1,-0.0,0.0,news,1.0,2,fr,1,babel_briefings
08bbaad20a78723ca111a7f00ff80dd7d1889963c23060cdb0cba34bc5377c29,1,-0.0,0.0,blog,1.0,2,en,1,blog_authorship
08c5ab8e5f6f01a4ae0467bec8ef6a4c68afd364e860612f52bfe11da8a928da,1,-0.0,0.0,news,1.0,2,ru,1,babel_briefings
08c656cb3f7504c6f35765ce0925bdbdc1a302c5922d09bf257fceb109faf230,1,-0.0,0.0,news,1.0,2,ko,1,babel_briefings
08d86bd653947dbab61ecfa24d59cbd0e9a38c389fe4f07dde9837997d797f3f,1,-0.0,0.0,social_media,1.0,2,ko,1,exorde
08dd77b8c90ce06358d96fd1fc62a0893a8b5591bf84b7c42460c3c44f7cae2d,1,-0.0,0.0,media_reviews,1.0,2,zh,1,douban
08e55dfe2da7f5b59174e536b69a6a132a93fbe34d5207d3d9928f6d1229e8a8,1,-0.0,0.0,media_reviews,1.0,2,zh,1,douban
08e99d00dd7ff57ee7d93ef8d47848d7353faaf6607838bc29dad65199e10acd,1,-0.0,0.0,social_media,1.0,2,ko,1,exorde
08efbfe3a51ab54d1f6a2c2cd1ef748ebb2053cf7bf347c5cc4c84909fa44fca,1,-0.0,0.0,social_media,1.0,2,ru,1,exorde
08f410831d96c762315b48a450913b7ff1f0fc1280618968073b2d160c3dc328,1,-0.0,0.0,social_media,1.0,2,hi,1,exorde
08fa55ea4d57b97a107d2f1f90476ad8431efb57b54167573b2db9c3770059b1,1,-0.0,0.0,media_reviews,1.0,2,zh,1,douban
0904236da58fefe39a143c19b34ec3b1eb86cfcba4636e97d03b596aaa37740b,1,-0.0,0.0,news,1.0,2,ar,1,babel_briefings
090e2a79f1ff835258222583ce0f42676744ebce103b57088f884973cedf959c,1,-0.0,0.0,blog,1.0,2,en,1,blog_authorship
09188d5696a9472cd3e687f1bfb943a22412247b30c6ce3e5caf031a135a4025,1,-0.0,0.0,news,1.0,2,ru,1,babel_briefings
091ccf1ef7fe25e2c3d896263d1a6a225e0fff40ba2f3b30ef32b9dc6f957c92,1,-0.0,0.0,news,1.0,2,ar,1,babel_briefings
0929f9768a6b15eb3ced138263f2c7ce548e34d661bfdd02d3cc837547c910d7,1,-0.0,0.0,literature,1.0,2,es,1,spanish_pd_books
092ac5d1e40b7acb8f1d4094cdd8bcccae669eea5b331e43b342204bb53b8157,1,-0.0,0.0,news,1.0,2,zh,1,babel_briefings
092bd03bad693ff82c72ce1c410f147dc9755656bb9f59d032a8d21fbffa2c98,1,-0.0,0.0,poetry,1.0,2,ar,1,arabic_poetry
0931ab12c6e1e8928363f82e44c47ceea8b38a210dde0a0e1f9af9f91f603649,1,-0.0,0.0,social_media,1.0,2,ar,1,exorde
093b506c04e06175c645b664b5656009d25203536ff25ec5e25fefd20dff31dd,1,-0.0,0.0,social_media,1.0,2,ar,1,exorde
093e32558fe69e0d74e67c5cd2a12b43ac7c86a700c1ffea91436efee50dd579,1,-0.0,0.0,social_media,1.0,2,ar,1,exorde
0942154792b9bdb36280964c1a323e542e502168b888362e78e70aa697b99221,1,-0.0,0.0,news,1.0,2,ar,1,babel_briefings
09512270838506d34bf13db3494bbe289a9e7315c7eaca297cf2526b9ee84620,1,-0.0,0.0,media_reviews,1.0,2,zh,1,douban
0954e8c6c2fccdf4471af7cdd674ce149f5f7f5513f2b250b60d78db8a909dcf,1,-0.0,0.0,news,1.0,2,ko,1,babel_briefings
095790d8485d97ca0238c0d6aa3d159568ddfaf558b8c15f922bdcdec56603cd,1,-0.0,0.0,social_media,1.0,2,zh,1,xiaohongshu
0957c41c2fd9b7e526319a96890a171d65975e75889b43e735501db4300f05f8,1,-0.0,0.0,social_media,1.0,2,ko,1,exorde
095a2ae50a38f0e34f63b6da8c1f29da017e255384fc74f1a928db8ccf782769,1,-0.0,0.0,media_reviews,1.0,2,zh,1,douban
095f5ca4a6f8ed6096e827cfec41f267eea38c3d287ef30604716d78f3a7be19,1,-0.0,0.0,social_media,1.0,2,ko,1,exorde
0964363d84b687b74c5cdf12002d7858e6f5f9fdd74096ee2132a511f6ac17ee,1,-0.0,0.0,news,1.0,2,ar,1,babel_briefings
0966ef5d7d72115fee2f782651cfb00407c8d6e20e3af499d675228908f05b0b,1,-0.0,0.0,poetry,1.0,2,ar,1,arabic_poetry
0974cf28fd3bbd684d8f6ce76c3d21fb795c16e1e8c70ff9485b36903796e1f9,1,-0.0,0.0,social_media,1.0,2,ar,1,exorde
0984fb517d1e0ac48c532e774773cf68d9cdb666e37c64c5dc19a9728bba50b2,1,-0.0,0.0,news,1.0,2,fr,1,babel_briefings
09869801cf10245ff99f11f2c3733776a29951a87cd3bd6cd6282c4d61a42332,1,-0.0,0.0,social_media,1.0,2,ar,1,exorde
099b2bec9cf3907d5e6e458912d4e40625b953b7d143a93cf195168dae11a8c5,1,-0.0,0.0,poetry,1.0,2,ar,1,arabic_poetry
099e1b02d5c53e49c108a5b5574c07c11ae4b0fb5c00082381c52250c602e380,1,-0.0,0.0,social_media,1.0,2,hi,1,exorde
09b575dcae982effa93856b9b35b170f1cf531416cf16e65c5452152964de8ac,1,-0.0,0.0,social_media,1.0,2,ko,1,exorde
09cdfebb92e69317886aa5c3b0ca93735298dcfa3a2f825914c6308a14f75451,1,-0.0,0.0,literature,1.0,2,de,1,german_pd
09cef7cd8c6b1d5c1f1214165739448d5f4651034537a38c3a6d9a3ae6a597e1,1,-0.0,0.0,literature,1.0,2,hi,1,hindi_discourse
09e6291a45dae5dea7d7ddd5d94dc651d9fae665bc6ff3fb86fd98948c125527,1,-0.0,0.0,social_media,1.0,2,ar,1,exorde
0a06f8b10129021194e4cfbdf5cb9d0b66a4edc3f734e31a72e2356b276966d3,1,-0.0,0.0,media_reviews,1.0,2,zh,1,douban
0a07938e1411045027d6c9328f10f23124275a4326a68b35f7d8547bb08be95a,1,-0.0,0.0,literature,1.0,2,es,1,spanish_pd_books
0a1dc68b4bd1f9ecc298f532f4c959b51419c5c0d5057a485fe9b2ace5a7626c,1,-0.0,0.0,news,1.0,2,ru,1,babel_briefings
0a2e30ca64d7d2c4c5d250a95ea5d74458d5ef513f717d9307e15a1a5b06cd6c,1,-0.0,0.0,news,1.0,2,ko,1,babel_briefings
0a49034f10afd63f2a3ee0f63ab0b9f41ca966cb7a63944d8d7b8198a47378a3,1,-0.0,0.0,social_media,1.0,2,ar,1,exorde
0a566c73b8475a082a4fa920ae64ddedc11a904677e0715a68654683476a5aa7,1,-0.0,0.0,media_reviews,1.0,2,zh,1,douban
0a6457c6f13f69167c7d920f3feaf34475ad543dc12ed0bf3b782766c69b761e,1,-0.0,0.0,literature,1.0,2,es,1,spanish_pd_books
0a6698fd97ea52a27cdc0f040d74f870b3236fef5d4be957452e87f1062dabd6,1,-0.0,0.0,news,1.0,2,ko,1,babel_briefings
0a671615774d57f21a593d8dc727afa5a2622a3a7baafd7048dfcc4f04615eb6,1,-0.0,0.0,blog,1.0,2,en,1,blog_authorship
0a6ec6aab86a10eb183ffee550309dddc3609561dd19e6d1581b0ee319e79ac1,1,-0.0,0.0,social_media,1.0,2,zh,1,xiaohongshu
0a73aea4557b961e6c36bbb17641d69e0c346c7653fccd7062c08c71baeb5163,1,-0.0,0.0,news,1.0,2,ru,1,babel_briefings
0a81dfe9bae027f5c6fc9e1b65f41c6877ff9b5a7563a7f9998d294260f757f8,1,-0.0,0.0,literature,1.0,2,de,1,german_pd
0a89a625a6a93c1507d9e6121bb0721505c67d56a32776a73d44cdf39cc62d44,1,-0.0,0.0,news,1.0,2,ar,1,babel_briefings
0a91261a93d9f0f4334931c9234d897c006c534d86dfc77c3996c2361730d8b5,1,-0.0,0.0,literature,1.0,2,en,1,project_gutenberg
0aa382ca36af1f1d31f1e8722efb16d1e62625a97d412705fd06901c70567f1d,1,-0.0,0.0,social_media,1.0,2,ko,1,exorde
0ab59c14649791f1894c37b5bdf33a5b4551997eaf046cd061c5808bae8a75e1,1,-0.0,0.0,news,1.0,2,ko,1,babel_briefings
0aca10594d8472e2a1fa3211fdd5cbe23dfc2701f28077c77c4fd5d49c7f1be8,1,-0.0,0.0,literature,1.0,2,ru,1,russian_pd
0ad70fd0d9e9922a99b6c35592ca9ab227e0be830c6dcfc584406ee4c7c8412d,1,-0.0,0.0,social_media,1.0,2,ru,1,exorde
0ae3baf759feb8cff897a43823594f8cea904557b0642039655d6c367c6b676e,1,-0.0,0.0,literature,1.0,2,es,1,spanish_pd_books
0aecc98b748ba4de92bf92335b972ba10224e55e1cadd180e9ede47abbe691e7,1,-0.0,0.0,social_media,1.0,2,ko,1,exorde
0b0d4d9b97a9925d4b74163636271da9a15e6e758049247731be52d248e254b2,1,-0.0,0.0,social_media,1.0,2,ar,1,exorde
0b0eb9531e1ff99ea8edbc9e59d330bf6dd5b3b847b8ccc0c91d64a7680ac06d,1,-0.0,0.0,literature,1.0,2,es,1,spanish_pd_books
0b0f71b38746e4d36852c9fee0b3c684b98eb4e00883687b9d2deba9755ce587,1,-0.0,0.0,social_media,1.0,2,fr,1,exorde
0b125b174861620b16b82d1a260599478747cd817b0795c15ed8d3a00e62d774,1,-0.0,0.0,social_media,1.0,2,ko,1,exorde
0b13483ed79af680470a549d00c6307728042fc57f4fa61c61f28fc228829a0c,1,-0.0,0.0,social_media,1.0,2,ru,1,exorde
0b174f8e0b42298b23c4d9fcaad912298a40fe4bb5f51e4620273a75b0bff31a,1,-0.0,0.0,social_media,1.0,2,ar,1,exorde
0b1b325d316e99ac7a2388f129b4bb7b272bcb0e50e37c1bde721428209d37de,1,-0.0,0.0,news,1.0,2,en,1,babel_briefings
0b2266f023d9c78865ccba604d6e03a621d0609c912dbc46f4c91f4a5ea9da6d,1,-0.0,0.0,news,1.0,2,fr,1,babel_briefings
0b32a0384ba975e1f7e23c397b801e3d5ebbcbc38c1c8139cdc161a8ac126e69,1,-0.0,0.0,media_reviews,1.0,2,zh,1,douban
0b381d174821d5f6f5b5975ebdc1e5ccb114505c6cd07c9d217f6a81ed8b0761,1,-0.0,0.0,literature,1.0,2,es,1,spanish_pd_books
0b4255d8f3cbbafdc413bb8f797dee1771797bdbb2cab4ef677945297b316bd2,1,-0.0,0.0,poetry,1.0,2,ar,1,arabic_poetry
0b5017e51604f618eb7acff256d9de4ad6dec3d94d0df829bd345907a14d71f0,1,-0.0,0.0,news,1.0,2,ar,1,babel_briefings
0b53004d532c7c90e103e42a0ae1cf93ee5cd20276b5a04c2e00419dd316a5fc,1,-0.0,0.0,poetry,1.0,2,ar,1,arabic_poetry
0b65c651754f3cc1dc9eedff0d24580a958ead40fc1cec2491bba978894577ed,1,-0.0,0.0,media_reviews,1.0,2,zh,1,douban
0b69851fde3cade7c1753937470bd06ae095e1e245065c7dbd6ea51be3c0e180,1,-0.0,0.0,news,1.0,2,ko,1,babel_briefings
0b6a36d9e39eef587b78a120c4ed1b4791e51b9c6e32715f8aff47007e47cf13,1,-0.0,0.0,literature,1.0,2,fr,1,french_pd_books
0b78ccf76da24cbcae65d4736c8f797058fc30411bf6c53631adc1c780ccc434,1,-0.0,0.0,news,1.0,2,ru,1,babel_briefings
0b79bc3d1da5a5930cfac2b493fbeefbaa24563e6da2c1da3979ef2947ef3e25,1,-0.0,0.0,media_reviews,1.0,2,zh,1,douban
0b7dcb6f90755e14beb98ccccf16e366eaa039027c7ad4825b40c8c1d52dbd28,1,-0.0,0.0,news,1.0,2,en,1,babel_briefings
0b85b9b2b074bc84c6dd6098de116721a55ffcbeb8903986e9270efd7941362b,1,-0.0,0.0,blog,1.0,2,en,1,blog_authorship
0b872293b63473941f662d70b762174c773b0bb342f2283cfc009d6e8712c2a7,1,-0.0,0.0,literature,1.0,2,es,1,spanish_pd_books
0b8c58dfb3178c80d893fbfdaac72ecf315c80abdb2bcd41144a94a501fc6b19,1,-0.0,0.0,media_reviews,1.0,2,zh,1,douban
0b95f54ad30d9565b7ea0067703d7fa6b6896b3ac00da3006c0f3f657fbc4a6f,1,-0.0,0.0,news,1.0,2,ar,1,babel_briefings
0ba8c75429e7b08565b9cdd4588c963457e9ed4ace6cc9ae281b289e2fef1605,1,-0.0,0.0,social_media,1.0,2,ru,1,exorde
0bbb7634b9477ca6f0168bbb06640f58542ab85e159f0086eb11fb50ebffca09,1,-0.0,0.0,social_media,1.0,2,ko,1,ytcomments
0bc07e7a664e3b51078eb0397e298c6137844917dc44f0c81a977f196dbb8a33,1,-0.0,0.0,literature,1.0,2,es,1,spanish_pd_books
0bd24ae2b0ffb79ecfeaf058600d208d182e3e6a6454ebb828835bc0d025a679,1,-0.0,0.0,news,1.0,2,ko,1,babel_briefings
0bd433b1e2dfbf7c4d65086e0b4e0b74eac949d4e9cecb04232841b007fd2862,1,-0.0,0.0,media_reviews,1.0,2,zh,1,douban
0be9b465ef935498d47ae45ad4579e8447ed9a677eba039b29e0e4853169ab51,1,-0.0,0.0,news,1.0,2,ko,1,babel_briefings
0be9c67a7dae7717fc4fb2b8985862cedefc120d151f0e01d49b4b141eca1ee6,1,-0.0,0.0,social_media,1.0,2,ar,1,exorde
0bee2a73b3a8781df09f78b8166ab375b464940301ac17b5a3fd31c7c1368586,1,-0.0,0.0,social_media,1.0,2,ko,1,exorde
0beea5da1b6e3694c56892a3e9d154c03cf00360749d7feafb194a14ce1fe901,1,-0.0,0.0,literature,1.0,2,es,1,spanish_pd_books
0bf18e48720f30a63036820e449c23eeb70e84b00ccef3bdf8406d4117d57a8b,1,-0.0,0.0,news,1.0,2,ru,1,babel_briefings
0bf392a758a98e1689f426d971c05fb9cb3047d0855635da090ad046e68a0d35,1,-0.0,0.0,media_reviews,1.0,2,zh,1,douban
0bfacc4034e88f77ba3470f33df61f3337b0f53816781f1401583adfed3a3b9a,1,-0.0,0.0,social_media,1.0,2,ar,1,exorde
0bfc12b651cd197606259ce334f63bec326955e2b17d1e9a02fc92caa6397472,1,-0.0,0.0,literature,1.0,2,es,1,spanish_pd_books
0c05ec667461ff6d95265e1ae028c532b5120655025de212387e583cb4853fcb,1,-0.0,0.0,social_media,1.0,2,ar,1,exorde
0c0acd596489aeb37b584f8e906f6bbda27b8f7797b15ce8b3780f0a220449e5,1,-0.0,0.0,literature,1.0,2,es,1,spanish_pd_books
0c0ed68268652f7b0b3c4e2b680971b2af6a73c7eb0d4f59a3846f173112444a,1,-0.0,0.0,social_media,1.0,2,de,1,exorde
0c12613fee9cf637642813aecbd57e3d44b86b59a77f20169e31f17d5b9b6217,1,-0.0,0.0,literature,1.0,2,ru,1,russian_pd
0c1e915dc3354791011b6d6535edf30e0e423d2f0d150678e188e2acfb551539,1,-0.0,0.0,poetry,1.0,2,ar,1,arabic_poetry
0c23c56f2bf0bdcd67014e7f06a65852f225d10d7fcad6bb3e14cc637d1fbf77,1,-0.0,0.0,news,1.0,2,ar,1,babel_briefings
0c267cc22e48b63cb30dca31bc23dc7db703559b7fff4c47abbe0bc9c2781c9a,1,-0.0,0.0,news,1.0,2,en,1,babel_briefings
0c2a82a5b98cadb96bf7d2bb713eb29969fbd2d82bfb6dc296c8005281185639,1,-0.0,0.0,social_media,1.0,2,ar,1,exorde
0c37264bed700455a27b3c0d417bd3bda3e4197b7d9a8726c9c7dcf6cefc1102,1,-0.0,0.0,media_reviews,1.0,2,zh,1,douban
0c3a6be4e4a5514bb8d54223d2232ce2513bc69a317b958e2b8b14f2de8234e0,1,-0.0,0.0,news,1.0,2,ar,1,babel_briefings
0c3c30bab1da40b604b7df210a3089eb5d00ee6db0705d582842e17284cc5740,1,-0.0,0.0,literature,1.0,2,es,1,spanish_pd_books
0c43e828074654bc0ffe6beaf58f32a1900d5ce2a39798ac7a9dad1393eb878d,1,-0.0,0.0,social_media,1.0,2,ar,1,exorde
0c45da181fe327b4ea216a7d888d98a4031940a9a4264a55540ba3480d0241af,1,-0.0,0.0,news,1.0,2,ko,1,babel_briefings
0c478a632e0a00d2a5da081832f6fb45b413a744c154e54ba8181211c8c6aacd,1,-0.0,0.0,social_media,1.0,2,ko,1,exorde
0c530b7f9fd14b2c595401e8f43ddfe09293b5ca57f381171a771b7f81842618,1,-0.0,0.0,literature,1.0,2,es,1,spanish_pd_books
0c538214f447bab1ec9fe7b0e9a61bc10b0b5ea92b396b14d63afb5532934ff0,1,-0.0,0.0,blog,1.0,2,en,1,blog_authorship
0c5734a97af3ce66385eaccd924fc0451a8e3dd28b4ea975603cdf5a842d22a5,1,-0.0,0.0,social_media,1.0,2,ko,1,exorde
0c5dc7fc6108263bf967c8dbc2c6a920e3f9eb31836563223fb909ac1849f284,1,-0.0,0.0,social_media,1.0,2,hi,1,exorde
0c7a59aafb06c50f63c2ee4a4b5f58d3a50822d4bfe0b3a52919c11b5b9175fd,1,-0.0,0.0,news,1.0,2,ja,1,babel_briefings
0c7c9c5da2458157d98a67bd8f5ca8f32c59486c22edf14166f533461d9f32c1,1,-0.0,0.0,news,1.0,2,ko,1,babel_briefings
0c7d1592201a45ec0b7430d0598aa905939147ff3a24c80c85420938157c465d,1,-0.0,0.0,literature,1.0,2,es,1,spanish_pd_books
0c8d6daceb87ac1abadf704af00002066945f18213a2c8753e240bf9cbb0917d,1,-0.0,0.0,media_reviews,1.0,2,zh,1,douban
0c90a7d2ebdfc3702f4985dbd5246629393b3c7a77f23c9d67b8b78bc1e4468b,1,-0.0,0.0,social_media,1.0,2,ar,1,exorde
0ca55db0adfbf7456ccbdfc058a34ef41f15eca899885f6b304cf476069c814c,1,-0.0,0.0,literature,1.0,2,es,1,spanish_pd_books
0cab4cc0f822cbbddaa401a1bb3626eeb7f602c536e42d0fbbb7d76602551d93,1,-0.0,0.0,literature,1.0,2,es,1,spanish_pd_books
0cb0c083a01b58f56c70973da1880751ea5e4bd5a25acc048b0aa6efc9a9b882,1,-0.0,0.0,news,1.0,2,ar,1,babel_briefings
0cb996f99b37d3eff8fce4abe9b7c00522fe78e7258484e192151aadefbaf7a1,1,-0.0,0.0,poetry,1.0,2,ar,1,arabic_poetry
0cbe21875e99c24dbb240312ec89f31973e63baa86c3a40710e3145462bbaa7d,1,-0.0,0.0,literature,1.0,2,fr,1,french_pd_books
0cc13a8b5a1f0898a7caec4e922bc3f492ea511582f4bea1e51749040f12f643,1,-0.0,0.0,literature,1.0,2,es,1,spanish_pd_books
0cddcc13b1a7ded5907302aedad820ea8f6a3952dfddb0f2ff0f9778f90d2c08,1,-0.0,0.0,news,1.0,2,en,1,babel_briefings
0ce46b172f291503fea28078d49690e504b4660d09203799b67be833ec3d0652,1,-0.0,0.0,social_media,1.0,2,en,1,exorde
0cea4877bdca9612bdffef4d42935f14f4d9b845fb4833ddb1a3efa4dcc39d14,1,-0.0,0.0,poetry,1.0,2,ar,1,arabic_poetry
0d03df77bbb9e8e122b6c75867b29cf821b22b5c49c3a8dff58edc19a0a1ba1a,1,-0.0,0.0,literature,1.0,2,fr,1,french_pd_books
0d1267b301d7b6ebb19cce05d5f30d54c087fe0bdad6e093a316c1978766df9d,1,-0.0,0.0,news,1.0,2,zh,1,babel_briefings
0d1556b9d9a246788cb8ad8954d53eae713b1474f6c655e2d62925c0be4f9077,1,-0.0,0.0,media_reviews,1.0,2,zh,1,douban
0d35a8350bb5e7923ed230b03928835cccedc2140e2cc658acfe6b457866a80f,1,-0.0,0.0,social_media,1.0,2,ru,1,exorde
0d3f72e6b03204390d907d978c7d5230ed886c987a0b8064d2877fad43e6dc26,1,-0.0,0.0,news,1.0,2,ko,1,babel_briefings
0d43fdf3413475675295d96d5fc3452c4460bffa224b2ffe16e0e8986549bffe,1,-0.0,0.0,social_media,1.0,2,ru,1,exorde
0d447e82df16a054ee9867b2d6a8a0eb47ffe760eb76eaac234394983ff4e138,1,-0.0,0.0,poetry,1.0,2,ar,1,arabic_poetry
0d5f92ac1e482bce79a12be2179e2f54a5c56ccec0f1853bd915eed6905e60f5,1,-0.0,0.0,news,1.0,2,ko,1,babel_briefings
0d63ce79638779ee204b85448155e1f3cfde650cc15966e40602cf61925324a8,1,-0.0,0.0,media_reviews,1.0,2,zh,1,douban
0d670d24316bd8806458c0fe31e0f5666ebe74b212ff4519c7a1f3665024385f,1,-0.0,0.0,literature,1.0,2,de,1,german_pd
0d68bf47d8c499fa45cf892a9a8cced1d08e07d24e4ada6675d4ca8918e91b2c,1,-0.0,0.0,social_media,1.0,2,ko,1,exorde
0d73a2c38dd1c0ac6a1ea0847e6f3c6cfe5f8317a8298b9f8704283e7c6fe6e0,1,-0.0,0.0,social_media,1.0,2,zh,1,xiaohongshu
0d770c91ea031ef4d5a1d33ba647c6d538afafc588078c93b9f65ee611bf9f17,1,-0.0,0.0,news,1.0,2,ar,1,babel_briefings
0d7ea652d8cf6d475df90c5a3db311c7f8741e874dc764345e00d6f235b3f3e8,1,-0.0,0.0,news,1.0,2,zh,1,babel_briefings
0d7ed409043299a6e18778899ee178a0359a0c389f03b0e77e412ff650294bd3,1,-0.0,0.0,news,1.0,2,ko,1,babel_briefings
0d7f973e969c5c33a10e2e9e54334a575e0028c62c766e7199240a4ece04d5bc,1,-0.0,0.0,media_reviews,1.0,2,zh,1,douban
0d8fd5bb16fc7524c2f6d416229d71ba237fb8b3384c8d77f237b46d11f0885a,1,-0.0,0.0,news,1.0,2,ja,1,babel_briefings
0d93a7878805991e306a11e14eaca2f8f2a730fd06e4ac95177eff4292e301e0,1,-0.0,0.0,news,1.0,2,en,1,babel_briefings
0d9595b79255a5fcd42487d012a0da6e16ac99146fc4a651005ad952972095f1,1,-0.0,0.0,social_media,1.0,2,ar,1,exorde
0da0f20a9d493159e9182eb5747b98ca2f09a05242ae03dd5b213a64d43c0d2d,1,-0.0,0.0,news,1.0,2,en,1,babel_briefings
0da349db3fa31263a96117cd22733e80b34e7d9ce43925ba117e03430987d8df,1,-0.0,0.0,news,1.0,2,ar,1,babel_briefings
0da5d02684f87a2ddf6cd2126ad615253f39ae5e3ef4f84e065a4776e062bf82,1,-0.0,0.0,literature,1.0,2,es,1,spanish_pd_books
0da9ab5ff4807f0d1c417ac8699703f795d6b61e9daa255ca6f9c2b7de287199,1,-0.0,0.0,news,1.0,2,ar,1,babel_briefings
0da9c16a913a496b3180d55f0885c0f206751f931e13cba1ddef7522bc616404,1,-0.0,0.0,literature,1.0,2,ru,1,russian_pd
0db6f19e932e3867465b3999308fb74d868a7765b202b78121f4e89bb076a05b,1,-0.0,0.0,social_media,1.0,2,ru,1,exorde
0db72825526867aa7486b581e6a4eec30aef646dfdb8297ae1a748f0af94b830,1,-0.0,0.0,news,1.0,2,zh,1,babel_briefings
0dbc81c65b5fce2ff8271bad90f8b9541a5888acf79a238c009c06b7a7d7c748,1,-0.0,0.0,social_media,1.0,2,ar,1,exorde
0dc23e7d49fa877a9843421fe019417463095fbf9d644d46e7e71a6e54046cad,1,-0.0,0.0,media_reviews,1.0,2,zh,1,douban
0dc667cd767bf8037068df77307591fcf1067072b772d9d75dc35b612f00e635,1,-0.0,0.0,poetry,1.0,2,ar,1,arabic_poetry
0dcb45e52125aba1968859316bfc06d436616d423b01e0a0eb242bd204086c2f,1,-0.0,0.0,social_media,1.0,2,hi,1,exorde
0dd420ad73d467408228e445a2c310e98c51e2551e9797e4197f14f3cd847447,1,-0.0,0.0,literature,1.0,2,es,1,spanish_pd_books
0deffc3fed01eecab430401e962f5558b0641431e9077fbe3bb76c21b0c95cea,1,-0.0,0.0,news,1.0,2,ru,1,babel_briefings
0df28bc49dbc16923f9aae014f51095071bdd48ec55d95634187abc92cd5ea19,1,-0.0,0.0,social_media,1.0,2,ru,1,exorde
0df7313b67940224380e8c528d1431197a4bd7cc4b7bdbe57940ccbde2484a84,1,-0.0,0.0,social_media,1.0,2,ar,1,exorde
0df75663a7f2ebf7db40a0d485263d3dc8235a3fb2e1d52e5bb6f333aee3067c,1,-0.0,0.0,social_media,1.0,2,ko,1,exorde
0e04653e9e11af701532983d03f15b0d7df87065cc7f85f93408024912cfde32,1,-0.0,0.0,literature,1.0,2,es,1,spanish_pd_books
0e05302d4a777e656c96808ffdbe9c11c8ce409310be8e317ac63074988f01a3,1,-0.0,0.0,literature,1.0,2,hi,1,hindi_discourse
0e077cc410b9ec4a2a4d344f7b2e40fa1c105813e3ec677ce39b05c36d2db07f,1,-0.0,0.0,news,1.0,2,en,1,babel_briefings
0e13449d6950db05037b9d552350b60a9f9e605785950df4ee31588525b8e628,1,-0.0,0.0,social_media,1.0,2,ru,1,exorde
0e2b49dc9b4941eba1e5bf64bff3ab02f4cd314a025a2f47c9f5d62e8131bcfa,1,-0.0,0.0,news,1.0,2,en,1,babel_briefings
0e2f0cad9fcc4184b4a76c429f2b9dad317a38dbf050dcaabb79bd50c727dd6d,1,-0.0,0.0,news,1.0,2,ru,1,babel_briefings
0e4356851ecde8adfd123d2169f26058ee8855140c89ded6d7ebe53d52f7e2d0,1,-0.0,0.0,news,1.0,2,ru,1,babel_briefings
0e5378357719991b48e53d87f29ad878c7c870f2ae340a0264a2d6baa6c62ede,1,-0.0,0.0,news,1.0,2,ar,1,babel_briefings
0e5988edbae5db416446ce6fdad6a890130d8717f4c3bb1bf6cb526cfb229bfb,1,-0.0,0.0,social_media,1.0,2,ar,1,exorde
0e6a32ea4d11a69a0266fc74abd9543f34ca47d9c742c3555c0036b8a7b1db58,1,-0.0,0.0,literature,1.0,2,es,1,spanish_pd_books
0e789c7d24c63d16bb16ace56cf6bac42554821ec0cd260ca8981fd828f12de8,1,-0.0,0.0,social_media,1.0,2,ko,1,exorde
0e859bd99622f8600112add862b951b4e3d98b505be9bfd70b5d005d3c7f3f15,1,-0.0,0.0,news,1.0,2,ar,1,babel_briefings
0e8653169d7ffefd6af8dd94d91bc07c04db2119aa2689404560f7090afc7bb7,1,-0.0,0.0,blog,1.0,2,en,1,blog_authorship
0eab550b79f7c563e941622bcb5a7d43b91a252c4a52d14136f0014b1fe16eef,1,-0.0,0.0,social_media,1.0,2,ko,1,exorde
0eb84303760a62885c6a8adf203ecce78412ab078ad169db1d0f3bbf2f07e823,1,-0.0,0.0,media_reviews,1.0,2,zh,1,douban
0ebb530905850e72567715649464946bdd7d1c07428070b263e064fc3677c9af,1,-0.0,0.0,blog,1.0,2,en,1,blog_authorship
0ec90d13b1fe1005c6ef4dae8e0c984a5b9f1ae57d200eccad11149a96687fcc,1,-0.0,0.0,literature,1.0,2,es,1,spanish_pd_books
0ed4a2e81eda45c6a98a8c5b5234eaa6dc60f912afa00351026cd0490472a846,1,-0.0,0.0,news,1.0,2,en,1,babel_briefings
0ed58962cac45f85b7375d646137da3ce3d815b3f028016827d6a55deb7a966e,1,-0.0,0.0,social_media,1.0,2,ar,1,exorde
0eea56e089aa75814b8eb67ed544e0510b91b12e884850752bdaa28160b668d5,1,-0.0,0.0,news,1.0,2,ar,1,babel_briefings
0eeb8edaa7e7615b844c04442430cbf473ed7aaf3f18964d433d5cdebe522c63,1,-0.0,0.0,news,1.0,2,ko,1,babel_briefings
0f063ac6a3662228470b9dc77f2aaebc02322de7258e04b1824b27eb135fb85b,1,-0.0,0.0,literature,1.0,2,ru,1,russian_pd
0f0c63468be98eefc9a9a92d451adbc7f8292438c94e5120c37c28447a855fa3,1,-0.0,0.0,news,1.0,2,en,1,babel_briefings
0f26f93b52ab2ed754795c7de795fc42fbb8a8f93c1f5c6938945e2aa7e8cbd2,1,-0.0,0.0,news,1.0,2,ar,1,babel_briefings
0f2de346bd3680f8f4fedb76e847150ce41c6896fe938e1f1ec157a62075df16,1,-0.0,0.0,news,1.0,2,fr,1,babel_briefings
0f3f26dc0c72ffe75c1c5a4c13d562afc6f0e0aeafbdc2e0f276326e77fbb15c,1,-0.0,0.0,social_media,1.0,2,ko,1,exorde
0f5c53347daeeb59bfed95685fd0700fe7cac1752a37ecf229a396864f78515d,1,-0.0,0.0,social_media,1.0,2,ar,1,exorde
0f7a94c9772a686c4f44ead5be1a7c35323b1153df42ec037d3d8e8147e96a95,1,-0.0,0.0,news,1.0,2,ar,1,babel_briefings
0f81e0220c5df3ce4adc520b70c20a15223f0b2afb94fc4ce84a58f81907fd58,1,-0.0,0.0,literature,1.0,2,ru,1,russian_pd
0f9d516c31741d56b9dc3b4b6abac62b0377695c7d9a0ba21bb3890542496325,1,-0.0,0.0,social_media,1.0,2,ko,1,exorde
0f9e635e7db13a447fe7a5a34057c7c0b74a967d3e627cf1fe86fc5a27e1df50,1,-0.0,0.0,literature,1.0,2,de,1,german_pd
0fb9ad5532835747b3af23cc65d8dc1e2e7f87448f98d13196ae7e15de72eaf9,1,-0.0,0.0,social_media,1.0,2,ko,1,exorde
0fc57d92f5e55a654cf39e4acf42bdc083c538607d6d7738d3095f4d6aa47022,1,-0.0,0.0,literature,1.0,2,fr,1,french_pd_books
0fcc6952728c66441401e69e77a6ee9b71a4b2747f9a403089192dddff8ad809,1,-0.0,0.0,literature,1.0,2,de,1,german_pd
0fcf5cc562cd4f4d2fc3c23ae80bd7c96f1867970206a564b606f2c76af32ea1,1,-0.0,0.0,news,1.0,2,ko,1,babel_briefings
0fd2395b9083cd6767c059406869bc259f40fdb2a33ec3bf8950835197d1e876,1,-0.0,0.0,news,1.0,2,ru,1,babel_briefings
0fd2d53076b7d841ac6f1dd856450e5403d3def2f85546ca1c7d3f5fecd48182,1,-0.0,0.0,news,1.0,2,ja,1,babel_briefings
0fe3e045e805c38e1d8d3583d674463cbea9e12b3ddab2b22356df46be009a1b,1,-0.0,0.0,news,1.0,2,ru,1,babel_briefings
0fea071a23ddf61712bf929606e1030fa268a299c7e076f5810086a9f4a3b337,1,-0.0,0.0,poetry,1.0,2,ar,1,arabic_poetry
0fef525b3fb1fd7036781aa2720b540b0081aadb9caeb063141dbd31ac1f45a3,1,-0.0,0.0,news,1.0,2,en,1,babel_briefings
0ffa3bab07fc4e554f462da8898c754d2e4d9bfc3e6545902c201bf609d339f5,1,-0.0,0.0,literature,1.0,2,fr,1,french_pd_books
0ffdda5b1d01f97d663c824136b041f6b561f2aee53c8c389b40d3f05489dd35,1,-0.0,0.0,news,1.0,2,ko,1,babel_briefings
100897e83c91f3a545667a61b6142739fd3a96b9adb28c0d5a227a8aef839633,1,-0.0,0.0,social_media,1.0,2,ko,1,exorde
100ca5ecd8d0daaf376790720a055ae237c19549226a78b980552f9aa8414ad5,1,-0.0,0.0,literature,1.0,2,es,1,spanish_pd_books
100e14e19fbb341db06f57fde771682caf0a33ff9e28c48999c61f662bcffb24,1,-0.0,0.0,blog,1.0,2,en,1,blog_authorship
1029e828ab3725fe97b4adfaa9a4ec2fb3aa7b0f1c726be3ef6568a3f73cf1c5,1,-0.0,0.0,literature,1.0,2,es,1,spanish_pd_books
102c384867a5240431336f03af208755f139a3837865c5da86ec653947220fbd,1,-0.0,0.0,social_media,1.0,2,ar,2,exorde
102cba9fdbb33b75fb389358aa6c1bb3d092b026df26fed808a92c610952eeed,1,-0.0,0.0,news,1.0,2,ar,1,babel_briefings
102f7b389da293ae9ab9903840b8fd49b917306e8c3b1fd8a8565909c53bc391,1,-0.0,0.0,literature,1.0,2,es,1,spanish_pd_books
1030a657232f2d780f28d9c0dc27c396f77c826363ca98d370e113c89197a62d,1,-0.0,0.0,social_media,1.0,2,ko,1,exorde
1031a8a0c241f678e5ec261f93d890d9465ff5fc6a477503d9a47859fc780191,1,-0.0,0.0,news,1.0,2,en,1,babel_briefings
10353d037a3ee8a4ed9cb89932b56a6149f87928b3bcde33bead76e10ded4510,1,-0.0,0.0,social_media,1.0,2,ar,1,exorde
103f0c7c894bdf0eeeeb3eb68c206722052fbee1821f1195e7ff880795f63f7f,1,-0.0,0.0,social_media,1.0,2,ru,1,exorde
103f3c5e6e870a762bd27779f77ef45545d82e528f6f1a57aee02442f2403f61,1,-0.0,0.0,poetry,1.0,2,ar,1,arabic_poetry
105f1cb6222842cdb15a1726d455393b9939c10368958ce33e14daefa5ed1f58,1,-0.0,0.0,social_media,1.0,2,ar,1,exorde
10613021909b02955dc9bba95acab5914886a41d3bd68eb43d455a096bc8fd9b,1,-0.0,0.0,blog,1.0,2,en,1,blog_authorship
107911ed06b7cef34f38509dc7dfb0ecc9783cb8414b10569b1c884e1293cba8,1,-0.0,0.0,media_reviews,1.0,2,zh,1,douban
108a188be32b40699369cbbdec2e706b740a97abce7770968c7e4339de2210b5,1,-0.0,0.0,literature,1.0,2,fr,1,french_pd_books
1097f064ba952af848d3aeda908196f90fb340f0c084272e770b4314e32a0cc4,1,-0.0,0.0,news,1.0,2,ja,1,babel_briefings
10a1761d8dfe02ec6eb1be5e63259ee7b342b0b75cd0d3f1faee1da79c4a6938,1,-0.0,0.0,news,1.0,2,ru,1,babel_briefings
10a45a5f391acde4878c7819b6f9fe66853a6c943df1b23040641005c1e3226e,1,-0.0,0.0,social_media,1.0,2,ru,1,exorde
10b0a230ac174876318d82a66f149458f3ab45da97bfc4a11e7747d644d29838,1,-0.0,0.0,social_media,1.0,2,zh,1,exorde
10b0d0b8120ac497398963921e8fb5c46e05ef640f3b0e3db71e1a9139676b52,1,-0.0,0.0,news,1.0,2,ko,1,babel_briefings
10b38274031b2cf906e67fb7489769148df1469fa974e6df2e7ecee9800a9520,1,-0.0,0.0,poetry,1.0,2,ar,1,arabic_poetry
10c3ac56947b2032226b5d42e0280ad74a91176ad1791a1f267b18ba56877ced,1,-0.0,0.0,literature,1.0,2,ru,1,russian_pd
10c4fe28436fb6685c84b6c1c3c4488c761dc196178d8e4cadf5d23d58e75b9f,1,-0.0,0.0,social_media,1.0,2,ar,1,exorde
10c9218e76f4076c01f7edb5dc01f46b2ec055674ee4fb033481ff0611b1e17e,1,-0.0,0.0,news,1.0,2,ko,1,babel_briefings
10cba6870bfc233de1c1a057a3052a96d363b59109b5865bc8ae3872e2373ff7,1,-0.0,0.0,news,1.0,2,ja,1,babel_briefings
10ed2123a68cc039306f10dfcd77d902e1521a56d892dedc991673feba790d81,1,-0.0,0.0,social_media,1.0,2,ko,1,exorde
10ee85637876283eacac0d0f61db803fd7680cc692bd69de30baefc8a18a8b8d,1,-0.0,0.0,news,1.0,2,ar,1,babel_briefings
10f43825997e9c38db14f07488fd5a8293afb398d030d520d13b94b8bc5ba555,1,-0.0,0.0,news,1.0,2,ru,1,babel_briefings
10fd83ed9b6afd45a1d34895c421383c4bc01d0f99d152eba37486b7c1f2d446,1,-0.0,0.0,social_media,1.0,2,zh,1,xiaohongshu
10fdd655553050099795e68807fb2412ef255ca59454d089ad89d5111a7713a4,1,-0.0,0.0,news,1.0,2,en,2,babel_briefings
1103a68e00899b2342bcc7b578cf339aabb35b0b76b286db098e0274154d0b7a,1,-0.0,0.0,literature,1.0,2,es,1,spanish_pd_books
110eaaf78a5f7b33ba6901b07d035d83d520531e5f45d694bdb983943b98dc5b,1,-0.0,0.0,social_media,1.0,2,ar,1,exorde
11175220e7d39f81ecd55c0f56ce209d0c6db652a2e228f061d320cb7a63f98f,1,-0.0,0.0,ecommerce_reviews,1.0,2,en,1,amazon_multi
112b616f986468677160c94f1537b9a15903aa8c77c59419e832c20e1c526c74,1,-0.0,0.0,news,1.0,2,es,1,babel_briefings
113decd0421492ec3705b9a9e60feafdd8ed413d33892f9514bcdf946291be3e,1,-0.0,0.0,social_media,1.0,2,ru,1,exorde
114a144a98cb6284a6c6ee5527e651c17aae1e8cb69f6147c0f40254c50cd82b,1,-0.0,0.0,news,1.0,2,ar,1,babel_briefings
115b52334eb33e237f8e9a75819f2410e25172696f70f607ffb33137edb80780,1,-0.0,0.0,news,1.0,2,en,1,babel_briefings
116134cc426b41889bcf2aac27dc87cb4e4d7c9431f1b1f5f4a8917e48ffe8db,1,-0.0,0.0,media_reviews,1.0,2,zh,1,douban
11632b296e5817c2bc1c0647d42c88ebf1fdfaff99b043017843ffe63c4cbb2d,1,-0.0,0.0,social_media,1.0,2,fr,1,exorde
116649be77614a1321d4e929bbecc7dbcd4273626a7aae201cabc04d96c6ec19,1,-0.0,0.0,social_media,1.0,2,ru,1,exorde
11668a7a39c6c87093561325e1c6ecd2ca42617e94d0d839f4df7bff19bcb8d2,1,-0.0,0.0,literature,1.0,2,de,1,german_pd
116ee02280c643a526d117dc41c32262e21569c57f1e7fde7bac8df1f31a68fc,1,-0.0,0.0,social_media,1.0,2,ko,1,exorde
1177d6fb3e9fc85b7dfda767fca5c5cd0faa4801e09a10f6e3181071ff671a12,1,-0.0,0.0,literature,1.0,2,es,1,spanish_pd_books
117a555cfc4f2dd48ca409780c0b68dd2ce3cdc06661e7c698b7bcf71225e9bf,1,-0.0,0.0,social_media,1.0,2,hi,1,exorde
1190689826a48e1b1ad3a2b29ccba62581d87ded8e0a7d3aeaa699435981e477,1,-0.0,0.0,literature,1.0,2,es,1,spanish_pd_books
11918eac1c3a38a7af17dc6ada900b48ac1c2980bed97fa38e3ef2c6bcb5c940,1,-0.0,0.0,news,1.0,2,ru,1,babel_briefings
119fd89a52145151398eaf4cbba8b7b84bca04fb27d1c2f2f0022b40ee2a165c,1,-0.0,0.0,social_media,1.0,2,ar,1,exorde
11a9b053f0e5637be44c48966cf0afc12d5bf4e68c28013e02f8bf64b4309c52,1,-0.0,0.0,social_media,1.0,2,ar,1,exorde
11b6824ee7030b74588b9ea5afbd243b876fbf292dd1b4a00224092c5e0c81c6,1,-0.0,0.0,social_media,1.0,2,ko,1,exorde
11bb715a6b57aa488111499c25606e2a7f375a907e960e3eff6c30eac126201d,1,-0.0,0.0,social_media,1.0,2,ar,1,exorde
11bd5c77631a15e4cf7a96ef1441aecdfba54018e423d7e303090309e791ceb2,1,-0.0,0.0,social_media,1.0,2,ko,1,exorde
11c7a6d38e05a8feab33fce3dfdd326490716328d76540f11e9eae2b5a9ff592,1,-0.0,0.0,news,1.0,2,ko,1,babel_briefings
11d742d18f0809e2217d611e390327b95ae44a078b36dfcf9576333e6875319f,1,-0.0,0.0,news,1.0,2,ar,1,babel_briefings
11de383e021c206a16e178802df6f2b35d53487b28bc93af6804cbf1ee41b6ff,1,-0.0,0.0,social_media,1.0,2,ar,1,exorde
11e3d5a77d64633a477a64578bf79190d2cff9b95b64de4178e628a214d64921,1,-0.0,0.0,news,1.0,2,ar,1,babel_briefings
11e56e7fc04a0809fbc2d75eb24112caee17f68c585000565e1eac2f2915a1b6,1,-0.0,0.0,ecommerce_reviews,1.0,2,en,1,amazon_multi
11e865527aa5fa80a94ae6c3bcac30469b9125db5f889e8e03bc4474819cc7a1,1,-0.0,0.0,news,1.0,2,de,1,babel_briefings
12005df1bc1a2987d263c08bd868f1f904c3185597193889af7e7b294c2e4af0,1,-0.0,0.0,news,1.0,2,ja,1,babel_briefings
1201171952f0add0ae2bdcd6ded179bd2784b95f5bcfd5220f2a794b95ffb224,1,-0.0,0.0,media_reviews,1.0,2,zh,1,douban
1202b43ea2bf7b01286d1b877ff6469b373fe3a67f70f50bea91999289f75483,1,-0.0,0.0,media_reviews,1.0,2,zh,1,douban
1204faec56925edae933740fd7f616e631804869ea5a421786c40b9c2aae20a5,1,-0.0,0.0,social_media,1.0,2,de,1,exorde
12083fbc8731fb77c38b54107b4f2d20edc15d67f00e123bdbbba95673964639,1,-0.0,0.0,social_media,1.0,2,ru,1,exorde
121478e57e8f837624b3a341decdb9f823b89e02a1c1a56efa5b37582ee8a563,1,-0.0,0.0,literature,1.0,2,ru,1,russian_pd
121709a6e2281af6151c48046a481c61db3dc5f696fa7ad39e301a5053d21924,1,-0.0,0.0,social_media,1.0,2,ar,1,exorde
121b07fe5ce4c8f779b08916f1209d25430f6495fe20d74bed7bdbca8d439111,1,-0.0,0.0,social_media,1.0,2,ru,1,exorde
121dda41cbfbd0c512749a20ae5dc819ad8c15bd623308161e80544467b9b703,1,-0.0,0.0,literature,1.0,2,es,1,spanish_pd_books
121df2757c0e4c2bfa2d7a8bb8a7afd91f89da7ba8e9556a6042f713238ce875,1,-0.0,0.0,social_media,1.0,2,zh,1,exorde
122d39db8cdc5ce8cbac300854b3bb46c5ce170d00bc2881ce1184dc751387c6,1,-0.0,0.0,literature,1.0,2,fr,1,french_pd_books
123979d0f963fae481769d96c434bbfae1077cbf006f413108d97f0ede062505,1,-0.0,0.0,news,1.0,2,ko,1,babel_briefings
123cccdbe46f70eed2b9dc59c2e1c653d7b3cea294c4427f4de34c27237a531d,1,-0.0,0.0,news,1.0,2,ru,1,babel_briefings
124921a55da4adac2858d4bc6c16a19125b2ef321343f788dbb6562c4c087de7,1,-0.0,0.0,news,1.0,2,ko,1,babel_briefings
12558a338d66fdb9e83e40fd0edb7479d654a024122e8d30f688f317eebed2ff,1,-0.0,0.0,social_media,1.0,2,hi,1,exorde
12561214943f83bfe44a663908d64cba5397191f6beb7dfabb30eeb54f74e05d,1,-0.0,0.0,media_reviews,1.0,2,zh,1,douban
1256f4cb9ede48802a5cf02716cd78e9eac2c73f3c599d6c59545beae3e6d9a3,1,-0.0,0.0,news,1.0,2,ar,1,babel_briefings
1259c98e8c1e2f13212956d367cfb8a94560f3303889e1fefb162079cf9a2be0,1,-0.0,0.0,social_media,1.0,2,ar,1,exorde
125bda97da83a23728f22c4d791fa295343c992451726ca581b74ccd4e34dc1d,1,-0.0,0.0,news,1.0,2,ru,1,babel_briefings
12813edfa8b8b06d3148f77ecf7618d340792da2315aba6a76a890f52e944c51,1,-0.0,0.0,poetry,1.0,2,ar,1,arabic_poetry
1281a9826be50fc8a5dd36c75913504f5e64291a403b01891de5648f882b556f,1,-0.0,0.0,literature,1.0,2,es,1,spanish_pd_books
128388bb5619dc1f5a3afd5c04998e2081018678dceada4e23be9d8a095dc53d,1,-0.0,0.0,literature,1.0,2,es,1,spanish_pd_books
12862a0a58c4ef4b0a6984e997614a09c6281cbdfaa89dc51b4921dec66a91ff,1,-0.0,0.0,news,1.0,2,ru,1,babel_briefings
1287227732bf5663a9ae99e182051a8b8f24b2d4c74ca26de1e4172024e85577,1,-0.0,0.0,social_media,1.0,2,ko,1,exorde
12958b3c56dec45ad72ea19b3c679208a3f8a140629983b320454b409c04f8ca,1,-0.0,0.0,literature,1.0,2,es,1,spanish_pd_books
129a956c6c3dc2f89c2f238cb10b45e41e1738bc524b05c6ba166e9a86199a51,1,-0.0,0.0,literature,1.0,2,ru,1,russian_pd
129b4e37de630fa1561dfaf83f9f2642d674b685f46ce0ca23cb7261f0067e9f,1,-0.0,0.0,social_media,1.0,2,de,1,exorde
129f7dc489184a3d90ac22c7c174dcf13303eed2891a321c4f470753749ff93d,1,-0.0,0.0,news,1.0,2,ru,1,babel_briefings
12b06ebc2760df7b9965ba14b4c0043ebc186695cd9242204e368c9d85585213,1,-0.0,0.0,literature,1.0,2,es,1,spanish_pd_books
12ba5cafac252f0215ac36d67a7df45276581a52193c0ae2d5ce5ed25862d49f,1,-0.0,0.0,literature,1.0,2,de,1,german_pd
12c31ee9041898c76fac05620b9439863c01ef9e0af6fd4496912744eed3b4be,1,-0.0,0.0,news,1.0,2,ar,1,babel_briefings
12c77b0e05c02ca7cf9e47a0155fa4256e11c1153af2e48887666b49c9017abb,1,-0.0,0.0,news,1.0,2,ar,1,babel_briefings
12c8918dd8d11d3be8a9d1a77b16aefa5046277dc53e0aa3d3ddc7bc341cd96f,1,-0.0,0.0,news,1.0,2,en,1,babel_briefings
12cf283e3b8c25ce930e5e164ca377cbba5d87a4eaf5727440b82b3833d35aac,1,-0.0,0.0,social_media,1.0,2,ko,1,exorde
12e4566265e9ade81f2c4f6aad7adb216f79e9ac764f45b45eeb2f5be66e2132,1,-0.0,0.0,news,1.0,2,zh,1,babel_briefings
12f3f431523604f7b6a256f1b9026d7b2299ce2034fb974421fd9a8cee4c0a4d,1,-0.0,0.0,news,1.0,2,ru,1,babel_briefings
12f72c80b03a9d22ba4a18eead9befc2471aec1c71c4d7efe3cb29fab3c417a9,1,-0.0,0.0,news,1.0,2,ar,1,babel_briefings
1317f3c707ee63c11a441f5a2745264b880904650606a93079bd162037298a31,1,-0.0,0.0,blog,1.0,2,en,1,blog_authorship
131e278aa8a412fc78e400f2272e7afe10e8d15db6694582e98918d68cf01b8d,1,-0.0,0.0,news,1.0,2,ja,1,babel_briefings
13415a9cc93e2c80e9a6642d6f29649a34f614500e23fe93892105bff713ee65,1,-0.0,0.0,news,1.0,2,en,1,babel_briefings
1365b16cb2d7e6d5b01e9fe1b643d8875549f81080ababe5b6ba7fba0347de3c,1,-0.0,0.0,news,1.0,2,ko,1,babel_briefings
13730299a2f5722006905ce6a845ba4e3485143dd50c638ff644358cd8df5899,1,-0.0,0.0,social_media,1.0,2,zh,1,xiaohongshu
1382981574848ac7eca620ab55e8aa416d2e2b30d6558ca24d1c77021b261b13,1,-0.0,0.0,literature,1.0,2,de,1,german_pd
13971566864ecd5a7663322c35873c4aea0e6a244135dd380791df4a3c9560d4,1,-0.0,0.0,news,1.0,2,en,1,babel_briefings
13a6ed5aea047af0c27f9eacf53d99f45c3b81fecafdf4df230739ce3c4111e5,1,-0.0,0.0,literature,1.0,2,fr,1,french_pd_books
13a76e3ae0f58f4735bde60673a98436811b6dc6f2652c938a60e853d141d75f,1,-0.0,0.0,media_reviews,1.0,2,zh,1,douban
13a7e09bef2e9fb2df83112e3169093f401fde89403507ec1381f6d65c515dc1,1,-0.0,0.0,news,1.0,2,ja,1,babel_briefings
13b6d2f4ca0969a5c7eadbd7afda648b8f059e49116e5b7afe49a73508104292,1,-0.0,0.0,news,1.0,2,ru,1,babel_briefings
13bdfc910d998d640d9b864ed982a725822aa04cbda23d0165f80a776cdaf661,1,-0.0,0.0,social_media,1.0,2,ar,1,exorde
13be94abdfc5fd339e5b0fdad9797485c212025b0e057ab3cefba4eea03aaf2e,1,-0.0,0.0,media_reviews,1.0,2,zh,1,douban
13c04aca516a4dc0faae5db29a7a7e7e9018172999d09d4b0e574ad6992b6479,1,-0.0,0.0,literature,1.0,2,es,1,spanish_pd_books
13d71ad2d25bde36f369d42947cb06772fc2fea898f01ec038dd6f0b5830b339,1,-0.0,0.0,poetry,1.0,2,ar,1,arabic_poetry
13dc9c110e2d13ef90c91081849f3311e46819b9267dd3db441717ca560b75b8,1,-0.0,0.0,news,1.0,2,ko,1,babel_briefings
13ecda8993f7a2c4e22ac89b4bfca651936f0906c31b7bf19ba982762c4b1306,1,-0.0,0.0,social_media,1.0,2,hi,1,exorde
13f35f42ea5f2a4ecddf35cb0eeaaab3f7c798219eb2ec084a96d421559d0716,1,-0.0,0.0,social_media,1.0,2,ko,1,exorde
13fe3d1394d56e03d7bdbd963583f224229cfa027d197877cbf2455c021b5566,1,-0.0,0.0,news,1.0,2,ru,1,babel_briefings
13ff1cf3dc78890fcc45c51f8415cd2ccb86a4278cdae33fa37e2f70ba001cf4,1,-0.0,0.0,literature,1.0,2,ru,1,russian_pd
14007fbf16a5ea3228e15502d29ba3b27ca88b01214ae6d377b4b2150bab1d2d,1,-0.0,0.0,news,1.0,2,en,1,babel_briefings
1403b389c21f293f137b0a0919f63a4d140d116f2e655a765ce90b4d8998e5fe,1,-0.0,0.0,news,1.0,2,ru,1,babel_briefings
14044f06ef9e819f17bf07b86a2a1caac09c0a62db1e8e618afcaf61ccb65f76,1,-0.0,0.0,news,1.0,2,zh,1,babel_briefings
14171d40a87eefb2cafe528a1b07192d18541fca9f2f9ef06218d5ac3dcb9c29,1,-0.0,0.0,social_media,1.0,2,hi,1,exorde
141c84ba06e281199047ef70649c9096b02ee125b9905a68583945f34f9b8240,1,-0.0,0.0,news,1.0,2,ru,1,babel_briefings
141fa4d71551366232d9656dffef9299c7667acd178196224e9a1eac4791ee76,1,-0.0,0.0,social_media,1.0,2,hi,1,exorde
143066294aa0842d49135ac6fa402e7262891c999df0e80463e474ab10846263,1,-0.0,0.0,news,1.0,2,ko,1,babel_briefings
143516358f302b112f197c3a6dd6073ffc569afe41206f0b18d3fafb1be98b9e,1,-0.0,0.0,social_media,1.0,2,hi,1,exorde
1438a86a00586400c72a77b81a29f13a425cab34fdd090c88f7e0297473fe9dc,1,-0.0,0.0,news,1.0,2,ru,1,babel_briefings
143fd30267ad82b8469454dc3c7fc6dbf16337c891330e2df90dd8aa7a7b4a7f,1,-0.0,0.0,media_reviews,1.0,2,zh,1,douban
1441244e1c60159757b212ea34b60e45b4da5dbb931418b77736ddc844db2572,1,-0.0,0.0,media_reviews,1.0,2,zh,1,douban
1449f4ab8fd5d2b678fee422fae8a654848b4051cff4a8651103f5f1174fbe7b,1,-0.0,0.0,news,1.0,2,fr,1,babel_briefings
145fc7b5a516f9622f23b34ee797c496efe52d67d0aac0e1958b0ec7f2dbe2c7,1,-0.0,0.0,news,1.0,2,en,1,babel_briefings
1476d7f0c920a5aa91b244f6f735ae611a41c32cb85c7d269457d8eacb96561c,1,-0.0,0.0,news,1.0,2,de,1,babel_briefings
14843b1cbb383829e66d083e8594300929f17e78e3df48140370082e97e3c471,1,-0.0,0.0,literature,1.0,2,es,1,spanish_pd_books
14923a66da7ce39c905ef5439c1d839a95176d77f26d2403a7bed217d7073f8b,1,-0.0,0.0,social_media,1.0,2,ko,1,exorde
14a72d250e879d32bef92db1c0d24cc05760fec1cde863c2c944f404238a1031,1,-0.0,0.0,news,1.0,2,ru,1,babel_briefings
14aea99721eeb0c4e2fb42ac133015324740225ae6e784dc9095e11b9b7053e4,1,-0.0,0.0,blog,1.0,2,en,1,blog_authorship
14b506b9708023f169fbdc0eb7030433967f24e247921cb58515708ef1da874b,1,-0.0,0.0,poetry,1.0,2,ar,1,arabic_poetry
14b69871ac5ef2cf177b2c1e3213bcaaa3183e787f6a7d4a12705da222d90a32,1,-0.0,0.0,literature,1.0,2,ru,1,russian_pd
14b73ba6b0424f633c10e4fa4571702d321c5eaeaf6673055bcc42074962f8b6,1,-0.0,0.0,literature,1.0,2,de,1,german_pd
14bbe7fb94047da10bcf3a5b72b8421d7bbbe305d21bfe0f5bbf27ce165294a1,1,-0.0,0.0,blog,1.0,2,en,1,blog_authorship
14bd05d442c513aa86c14a8ecd4ca6e3e5dcec480a270d94cc35d3b354fb2312,1,-0.0,0.0,news,1.0,2,es,1,babel_briefings
14d05ffef03233937d696b08338bb013c623ed108076427b374bea017541e79e,1,-0.0,0.0,news,1.0,2,ru,1,babel_briefings
14dcaa85cb3988b2cd0d5dcbc5501f475eb4e5b6fa979bff889645124a9c0d78,1,-0.0,0.0,news,1.0,2,ar,1,babel_briefings
14eee97b1324d694882b59806d0f3be06fab861d3b6c92c0402af7f9f16d7df1,1,-0.0,0.0,social_media,1.0,2,ko,1,exorde
14f584eb2994987a468de204ae77b5dd375340d2fc0a7a18653492ee942d59db,1,-0.0,0.0,literature,1.0,2,ru,1,russian_pd
14f675db54d502f2deaa202fbad795ed6af6ee65a733136bdb85466f220cfbea,1,-0.0,0.0,social_media,1.0,2,ru,1,exorde
14f689471b8995f46e53a9e09dcc583e9ec0e428e9229bc2bf10caf5a994c911,1,-0.0,0.0,news,1.0,2,zh,1,babel_briefings
14f73983b040fe4571c1270b6f74aedda601e44a6d30ade05a0ae4acd1a67a27,1,-0.0,0.0,social_media,1.0,2,ar,1,exorde
15061a8c63b710503496758b47215138fb116c09396e0f4fdfad806df3772d7d,1,-0.0,0.0,news,1.0,2,ko,1,babel_briefings
15114fe3075fefee32415062f791e9b5b9aa73aa5be3853162a4dfb2e3b86284,1,-0.0,0.0,news,1.0,2,en,1,babel_briefings
151ebc088794cee00b6920175ce76619e97dde03f798a29b3a266989e44c7d70,1,-0.0,0.0,social_media,1.0,2,zh,1,exorde
15236f69e411863cad0b35a1873741c0fe466b784cdb718760a53c4bf264cd41,1,-0.0,0.0,literature,1.0,2,de,1,german_pd
152f07471cd0b5a8ee94c606a278d53160c5270bd3695304ceb02548dfd90e95,1,-0.0,0.0,literature,1.0,2,fr,1,french_pd_books
153d235d7011c46396d95f234268097de7048d082680b1b5a37ab41eba03432b,1,-0.0,0.0,social_media,1.0,2,ko,1,exorde
1544904e0390359443ff7be12a7d9ff78aba1a41cef1c8523527b1274b83127b,1,-0.0,0.0,social_media,1.0,2,ar,1,exorde
154bc38c13be3f1d1f32c56e2b0b25d5c960bdfab8d717bfd4d281fa5d14d9fb,1,-0.0,0.0,news,1.0,2,ko,1,babel_briefings
154ecca86431166bf40324f4cd5322602e2e192b8755936251d8b649b4113b0e,1,-0.0,0.0,social_media,1.0,2,ko,1,exorde
15574b9cd702fadf3dac5cb709ea7049d691a9abee2781bb845dfc56e59c7344,1,-0.0,0.0,ecommerce_reviews,1.0,2,en,1,amazon_multi
155e6df0f7e58afa27fe2f31be3f0e87cab3dd9ab167aa9901e82ba3ecff3056,1,-0.0,0.0,literature,1.0,2,fr,1,french_pd_books
156ab3a4da926920747743f778fa865750f903e54025b3aadb8935058c58e223,1,-0.0,0.0,social_media,1.0,2,ar,1,exorde
157a631852d37462b12111c70338c9811a543c10d273cac6f49a559db7f70ad8,1,-0.0,0.0,literature,1.0,2,hi,1,hindi_discourse
157d8f0b0e384858d66dcf8d13b35d0b6b2f27ae059d87a052317c05f099bac8,1,-0.0,0.0,literature,1.0,2,es,1,spanish_pd_books
1581d7dbd8a10452d4b9034bb347baacd100ef49053fe74e1ecb17b20a8e1620,1,-0.0,0.0,literature,1.0,2,ru,1,russian_pd
158669756bbf7710f9ad08af1d04890a4557dddc33706e2c07e94de9fc566e22,1,-0.0,0.0,news,1.0,2,ru,1,babel_briefings
158ba10c087385e57d0d88646c3279a2256953158d5587c2c8e47d6c15b67a82,1,-0.0,0.0,social_media,1.0,2,ar,1,exorde
158c52fd414066424e4d6bb0fc94095d62784107201381392ca9adf914348266,1,-0.0,0.0,social_media,1.0,2,zh,1,exorde
158c778e605ead948af840cf74e904bc7cc125292a174610e83c44296892dd0e,1,-0.0,0.0,media_reviews,1.0,2,zh,1,douban
159e28879140398fd970959de2e941c06454d0219ac8bc57632c3f7b44212d51,1,-0.0,0.0,social_media,1.0,2,de,1,exorde
15b61ef9bbd51d7c07e2ed5bfc49550986d3b6202ae7dacb10a14b4322806d8e,1,-0.0,0.0,social_media,1.0,2,ar,1,exorde
15ba55cc07e2a2eee0c36212984afe0e11441faa6c7f8916e0dab0a0d359b932,1,-0.0,0.0,news,1.0,2,ru,1,babel_briefings
15c807838160b4d3e3423639ccb3d5476caa808ff991301f32dffee3e4c107c3,1,-0.0,0.0,social_media,1.0,2,ar,1,exorde
15cb8dbdb9ea3185e50f89fdb32ae4784f66be446035e528af9c8deb9033d95b,1,-0.0,0.0,news,1.0,2,ar,1,babel_briefings
15e05bd6d5e8b6557862e78cc49ec004091544c28c55bf5c68680c497547a66e,1,-0.0,0.0,blog,1.0,2,en,1,blog_authorship
15ee5536c4de04464f038de285d1c741fd2555a797345736f1246ff95f67ef5f,1,-0.0,0.0,literature,1.0,2,es,1,spanish_pd_books
15f07f1ba3779076a94232469e4e8d536e26a43c706616e68ac6e61b4fb8d1a3,1,-0.0,0.0,poetry,1.0,2,ar,1,arabic_poetry
15f3ccc2060fba57d29371328c276da5aa58c922a241168a7ffba2a2cfc0a014,1,-0.0,0.0,literature,1.0,2,ru,1,russian_pd
16001babc59eca9d6449a1f162179765f01c58aeca471770ac5ec35655cac9fb,1,-0.0,0.0,news,1.0,2,ru,1,babel_briefings
16166ec0503939486e515fc5ca3dd3922953eb0ef5ece861be6cfaee3f8a1494,1,-0.0,0.0,news,1.0,2,ko,1,babel_briefings
161d85b459ff89ab34713707c75b6d54fbac1889bb3acf320d467a0bc36adb33,1,-0.0,0.0,social_media,1.0,2,ar,1,exorde
163695e94eb44c996f9203c76612b291abe1344d02013e80ffa2947659325a54,1,-0.0,0.0,literature,1.0,2,es,1,spanish_pd_books
163ae558b04f1c191abb3f0c1e8b2fa3f717cab9b1aa6a6bbbb3bb6539c3fc30,1,-0.0,0.0,literature,1.0,2,de,1,german_pd
16589d61dd90f676740d1085f693dc5a32031770fb707d343dbeac2b84d7ebd6,1,-0.0,0.0,social_media,1.0,2,hi,1,exorde
1660f66fc6650fe4a195b42e44c5c3898d0a5cc31bccfe9520d027d425315311,1,-0.0,0.0,social_media,1.0,2,ar,1,exorde
167e032aa1354e64530053236d4162f80dc4d812197e73ed3cc6d259682d0c0e,1,-0.0,0.0,social_media,1.0,2,fr,1,exorde
16847d9ca9fbb61b48648857e394acce7f03a68a6636f8b71e2637c0cc47e37b,1,-0.0,0.0,social_media,1.0,2,de,1,exorde
168eea2280d4962e0d9ce819b6e347c9b60cd9774f7d6f894e7c24c594e496d0,1,-0.0,0.0,news,1.0,2,zh,1,babel_briefings
168f5ae71e73b08c7463045b9e5d478607aab8d366bf2f5510c48053aec0c879,1,-0.0,0.0,literature,1.0,2,es,1,spanish_pd_books
1691d21a224f1ae3599e2a71ae108c620e2c00792986b2baf858ba87019ac216,1,-0.0,0.0,media_reviews,1.0,2,zh,1,douban
16aa62dd57b35c2ab30689415e628b2633d33bae5edbc6e127e8204266c9858f,1,-0.0,0.0,social_media,1.0,2,ar,1,exorde
16ad1061c8bd0978c5fc4ffe9b2f431f618cf096fede2ad1929cee537b8bd1cc,1,-0.0,0.0,social_media,1.0,2,ko,1,exorde
16aed9a7af549b30861af1cd5dbefc24118bf4004525985a65e079ba9651ab90,1,-0.0,0.0,social_media,1.0,2,fr,1,exorde
16affb6b8cf2b71279d0a571345aa7045f4be4e4f9bbe58db57ceaf660116929,1,-0.0,0.0,news,1.0,2,fr,1,babel_briefings
16b461f26a3512fe95e4aa531daf50c4f1c6293949819abd8f0237fd9ca8a0bc,1,-0.0,0.0,media_reviews,1.0,2,zh,1,douban
16b76c467b7ba43ff6291f0126b5e597c0e116a69fe8c73481c757da60039a24,1,-0.0,0.0,social_media,1.0,2,ru,1,exorde
16c1b821fddf40f7991c171cbd16c01eb7d733becc0afa2fbe37264f3464e388,1,-0.0,0.0,social_media,1.0,2,hi,1,exorde
16c8d7f4359ea38d3a914ae6fcc3f6dfd37e9d2426b64ff10af4b99b770d6fd1,1,-0.0,0.0,news,1.0,2,en,1,babel_briefings
16d280c99a94a9ff7ba9e49239b1fb5ef5fa31d0c48b32f882cbdd78db5f696e,1,-0.0,0.0,news,1.0,2,ko,1,babel_briefings
16d4d1ec85ea689c92300bacf001af472e0f530f13dbd3315da174892073bfd9,1,-0.0,0.0,ecommerce_reviews,1.0,2,en,1,amazon_multi
16dcfa40e268275ec93c569322912612b9f891ea225e9cb733efe85dcc586b08,1,-0.0,0.0,literature,1.0,2,es,1,spanish_pd_books
16eb1a9ce7033c0326abf22dab264a8cb0f6915179a1d7288b806a3bb267c7e5,1,-0.0,0.0,news,1.0,2,ko,1,babel_briefings
16ecebedf5b18bb19e596724b383d79d661ec4b321dced8e78ad137fe6c9225b,1,-0.0,0.0,news,1.0,2,zh,1,babel_briefings
1700a5c27bec637bacd5c7a3fb9e6db7cd2ab1779c53ab6a5f3d90e84d7094f1,1,-0.0,0.0,literature,1.0,2,fr,1,french_pd_books
170782f77b11ed59f92f45db93751e8f3e5da5ab43cecb6f340d436df792195a,1,-0.0,0.0,news,1.0,2,ja,1,babel_briefings
17154946dfb8667794162b97d5fe15cede7ddc7cb89fbe2646c4c8c43652f452,1,-0.0,0.0,literature,1.0,2,es,1,spanish_pd_books
1719ca205cdcbf6e4c399469cc12123d960ee43261c3e7d18b14d716e7a0417d,1,-0.0,0.0,news,1.0,2,ko,1,babel_briefings
173a880151cc258ad45c437e789558b1c9a8606572a8a2422bc8beff2e586949,1,-0.0,0.0,news,1.0,2,ru,1,babel_briefings
17474a1f0c9e2274f8bc195deb8c2840a865814a5b14dd9ad7bdeff243769019,1,-0.0,0.0,social_media,1.0,2,hi,1,exorde
17495df1822e321e9edd78ecc97e1fb29d859dcdbb301a2e1b57f53c1f5408a8,1,-0.0,0.0,news,1.0,2,ru,1,babel_briefings
1749dd1188333e7cb7e5c9ca7d2aab3374aadb8cc74112d0b965803308f9c1c6,1,-0.0,0.0,literature,1.0,2,ru,1,russian_pd
174dda9a73d193a2ed24124274bf3dddb553abf4166d8a40a6bd6ebba0a4fb08,1,-0.0,0.0,news,1.0,2,ru,1,babel_briefings
1761d53311be558b5b7279d7a83565fc61e2ae302b79137b9e3223d5f245e237,1,-0.0,0.0,media_reviews,1.0,2,zh,1,douban
1764a57e315f3cd87928faf080e97010bde0123967a531db52557e998d87e4ee,1,-0.0,0.0,poetry,1.0,2,ar,1,arabic_poetry
176f5b79c517aaac616f3fcde243b368ee95af89d88172437e0545ecaeed4db8,1,-0.0,0.0,news,1.0,2,ru,1,babel_briefings
177299a5e9bfbaaecaa42f1bd46d82e7ecf265bf2868e7f709b20a2b1a27dda1,1,-0.0,0.0,social_media,1.0,2,fr,1,exorde
177329783ac77f34d25d03c0f96f69e29cd4fb3686205e1a161100f2b03f615c,1,-0.0,0.0,news,1.0,2,ja,1,babel_briefings
177644046a6a761a026b948499d0fbd671fabff5fd4c67cb0f26aa3e6676b67d,1,-0.0,0.0,ecommerce_reviews,1.0,2,en,1,amazon_multi
177d9e90850d97552653b18afaf24990cfbb1dc4f39f699124dbb66984665e02,1,-0.0,0.0,social_media,1.0,2,zh,1,xiaohongshu
177e1655d2c5043a4ee6b28ca0430d53e94a10ca7e166b500ca7632a20640b73,1,-0.0,0.0,social_media,1.0,2,ko,1,exorde
178b7806655ae5de3e30c41181dc1846b1d4bbc1e497a55168c36f9b49b18395,1,-0.0,0.0,ecommerce_reviews,1.0,2,en,1,amazon_multi
179f0355634dd76111777aaddf7f129a268baf97c1983b65a7645a14dcdbbef0,1,-0.0,0.0,news,1.0,2,ar,1,babel_briefings
17a1ad9f42ef35b858712be31e48383cc65459bfecdb5fd2e88d3d31affcc3e6,1,-0.0,0.0,news,1.0,2,en,1,babel_briefings
17a486bcd4503589ad897c730edd8f2aa9d45be2fb88821b89c40a9ab54b3196,1,-0.0,0.0,news,1.0,2,ru,1,babel_briefings
17a68bb283b154a203a6a95c2373888a2bd1573fa780830faa6bffdc177ff9f0,1,-0.0,0.0,literature,1.0,2,ru,1,russian_pd
17ad84e88bfa868d2c0ea5ae23e42fccdeee1c29b16527bc2f434d9d8f3870b7,1,-0.0,0.0,social_media,1.0,2,zh,1,xiaohongshu
17c3677717cd52b028c0c9dab5c7d62fdf0b60ff8f085601eaedd8b0cdc8700e,1,-0.0,0.0,news,1.0,2,ja,1,babel_briefings
17cc815a3a27f5ce24c71ca4ae984fa8fec6961e3191434dd23b071d48dffaff,1,-0.0,0.0,literature,1.0,2,ru,1,russian_pd
17d253297cdc0f3d5dcd49db6be5e404afe88a568c12d19011a73b9728c4c5c0,1,-0.0,0.0,literature,1.0,2,es,1,spanish_pd_books
17deacb180d8809d2100cae0dfd0b6e3c5f218ac99eaf2de65f6ac139cb43646,1,-0.0,0.0,social_media,1.0,2,fr,1,exorde
17e3c32d71ca0a4e4c9f3119350bc9d256ed45bd01ee2d87a7140a26ed33f59c,1,-0.0,0.0,news,1.0,2,ru,1,babel_briefings
17e459c5803cdae00aff500ba7247b31d66f8f359a20d7e46d6a93011105dd2f,1,-0.0,0.0,social_media,1.0,2,hi,1,exorde
17eb2210d6a80ae79db75dc9f3965b15c9126bf20895a69316835f164cde1328,1,-0.0,0.0,literature,1.0,2,ru,1,russian_pd
17ee3cf21cd58b29dfff15d84b4a26834d17fcc99f07d1130ba03b0ba7e58526,1,-0.0,0.0,social_media,1.0,2,ko,1,exorde
17ef547bc3fc3d0f5253e0467e226fd1048abd0585aa3da4090d7ca34c23baa2,1,-0.0,0.0,social_media,1.0,2,fr,1,exorde
18155a8d6c5f52232d81cfeeaff6159f732010d023561016f30da6bfbb877b1e,1,-0.0,0.0,poetry,1.0,2,ar,1,arabic_poetry
181c74289ee1e3f53f5c4a9b2fc827a80b6be429d7e882614193881b5554b162,1,-0.0,0.0,literature,1.0,2,fr,1,french_pd_books
181ed63c605e9b4187c46c0e8bde602a991428cf7d60f4f8203f208d7195586a,1,-0.0,0.0,social_media,1.0,2,ko,1,exorde
18236ff7d9068c637cf253df670ddcb21023f3b9c4f5e3eae9cda884fef99e62,1,-0.0,0.0,social_media,1.0,2,hi,1,exorde
182ab0c8386abe54d62bb126c963538ac99972a4349b6557afb12801b1246219,1,-0.0,0.0,news,1.0,2,ja,1,babel_briefings
1831abb11a1017a7fcb5344df57bdd8eb466c42ec49232e3a0c553c3628cc21f,1,-0.0,0.0,literature,1.0,2,es,1,spanish_pd_books
18331f914f7ca075bc77e361eba73793b2fdfcaefb862a0baf0bef9764f3806f,1,-0.0,0.0,social_media,1.0,2,hi,1,exorde
18339b2c9c8dc4443d80ae68781edea060ed1a86f41f98ca45cb78bc231d0eff,1,-0.0,0.0,literature,1.0,2,es,1,spanish_pd_books
183606863e6a3d54fd0a38cc6f96ba5cff629b61f6e7fc480c4f29d1eb580d2a,1,-0.0,0.0,blog,1.0,2,en,1,blog_authorship
183b96bd335799a06f82548dfe0196cb53f3e274bda4c785c890defa9f551e68,1,-0.0,0.0,literature,1.0,2,es,1,spanish_pd_books
183d9254ae5b5f66468246d1aad92e613ce5b38e30408450e959eaf909c77cc3,1,-0.0,0.0,news,1.0,2,ar,1,babel_briefings
184b77239ce908f8298cbf639251a0599b947ff05ef777a2187f387188bdae79,1,-0.0,0.0,social_media,1.0,2,ar,1,exorde
18504db7ae9837f2bd3d5c73697f0989125a6ced1a711c02f46a7e3ec3792ba4,1,-0.0,0.0,news,1.0,2,en,1,babel_briefings
185c3815a766c16710888b192510e3002c7027c922d9942c5f0f86c115f6bcba,1,-0.0,0.0,social_media,1.0,2,de,1,exorde
1860a27394f1976d2cc509dd54b32daba2cd56f1dad586161e63651f868b2a3a,1,-0.0,0.0,media_reviews,1.0,2,zh,1,douban
186768f4b107c94d80a305c7c7835677d9a6c924552aa299a4b2f078d14c4d3f,1,-0.0,0.0,social_media,1.0,2,ko,1,exorde
186ba857378926e939799e894597555c69828ff4a29f145d6f135abc28f55dc8,1,-0.0,0.0,literature,1.0,2,ru,1,russian_pd
18742ce2817d2c2d7bba2a8e72b8363d90a6352cfff46fdfc4fbfd5ed0b0c591,1,-0.0,0.0,news,1.0,2,ar,1,babel_briefings
187f13f5ea295dede84adcf2a5a832ca194b6a5c7bc019da9be4a49f3c11d36b,1,-0.0,0.0,literature,1.0,2,ru,1,russian_pd
187f204c03c4bda497a13f6d87346484e27861211c1838cfce1dcc0d69191730,1,-0.0,0.0,social_media,1.0,2,de,1,exorde
189080d517d4486783e819de571a712fc8c2cd27a4d98d314bcee077cd9a2674,1,-0.0,0.0,social_media,1.0,2,ar,1,exorde
1897a6761ac16249a298aa50724206b7845d19533567dd4dc1a9f3c1cad97813,1,-0.0,0.0,social_media,1.0,2,es,1,exorde
18aa47ba416b84735fc0f6343ecd07e87f95acb4366670b1a696d62e68d2a4bb,1,-0.0,0.0,news,1.0,2,en,1,babel_briefings
18b47cd8111b2cc1f429a09005497bcd8f33f9678a4836506bdb8cd61fd0fdfe,1,-0.0,0.0,blog,1.0,2,en,1,blog_authorship
18b5cadc0cf711c6ead75a650b318a1bfbf3bc91244a7da93debdc83b3dc8df0,1,-0.0,0.0,social_media,1.0,2,hi,1,exorde
18b8fd93b4b666df4abaa6591f6b3febfd6dbbf49dca150eee466d2d88f4ace3,1,-0.0,0.0,blog,1.0,2,en,1,blog_authorship
18bfcd4df9696ed358261c9e9fd39580f40d70ad275f1f91864fdef09641e86f,1,-0.0,0.0,blog,1.0,2,en,1,blog_authorship
18c661d4ff5dfe0ad2c41c2f333965dd57f44af58f1eda491834d9a6cd261d81,1,-0.0,0.0,social_media,1.0,2,ar,1,exorde
18c889a11526df04812ef870d1fda7dcf114259a3fd06c2ec22a29587b69c6fa,1,-0.0,0.0,social_media,1.0,2,ar,1,exorde
18c941d55efdab017ee52af6b25608079ab7826512d2310d94641c2e51fe7c32,1,-0.0,0.0,social_media,1.0,2,ko,1,exorde
18cbfce80b1c505d415459d3737ddaea2079119a33e81b3644de627edcec9ef9,1,-0.0,0.0,literature,1.0,2,es,1,spanish_pd_books
18cec2790cbd9f1fa780e7fb084cf6dc76b56ab3304cfdc797c1040bcf3266f3,1,-0.0,0.0,media_reviews,1.0,2,zh,1,douban
18e57f7a7623674b358f740b40485dc99542795142a66a0a74d5cb612a6a8cd3,1,-0.0,0.0,media_reviews,1.0,2,zh,1,douban
18f1b9221aa2f0d6bb41ddce3dc17852fe88caeb0ee332d0d1e163c1def054b7,1,-0.0,0.0,news,1.0,2,es,1,babel_briefings
18f4bf06dba884f2c396f65fe3d21c75c7188514f126969e1db7ecd2c7897a95,1,-0.0,0.0,media_reviews,1.0,2,zh,1,douban
18f66e64ce29e3b8b6077c3135d35e6f8689f49ff499209a666defb4c3d33471,1,-0.0,0.0,news,1.0,2,ar,1,babel_briefings
18f8014a1e3259704b989b868062fe5e8a0187a073bd103afe4010df01cc079f,1,-0.0,0.0,literature,1.0,2,es,1,spanish_pd_books
18fcdcea49f04b4bf735e6701bd95d3c2eed6c055ca962f87a0783d3245084d6,1,-0.0,0.0,social_media,1.0,2,ko,1,exorde
18ff1dca44e7cfce1b8f07db72d46c1704d7322ab66e8d3ad30d9bd859428ca4,1,-0.0,0.0,news,1.0,2,ar,1,babel_briefings
190c4df3deee853377cd6984965e8471c43c70ab923e7468bfe5a62b7037d308,1,-0.0,0.0,blog,1.0,2,en,1,blog_authorship
190f17250d4a1def48fe7e7abe843cb07f0b9a1b3800fd6a675571942356dc0d,1,-0.0,0.0,literature,1.0,2,es,1,spanish_pd_books
191a88c91ab225585d035677c6a710085526ec15b8c97fcf2ea966c50fa04a9a,1,-0.0,0.0,social_media,1.0,2,ru,1,exorde
1920bce8b20fd3c520837f973116d53dd6fe9fc1aa14c78862bbf848c57dbd01,1,-0.0,0.0,social_media,1.0,2,zh,1,xiaohongshu
192220e0fb0944143179916c0a2995396c528b11770366f7786b5f79a677719a,1,-0.0,0.0,news,1.0,2,ja,1,babel_briefings
1924a8b267e234aa57c52429b597f41fc3ebc780ae63319e19273b5ca4c1e290,1,-0.0,0.0,social_media,1.0,2,ko,1,exorde
1928e8dc6c4e489395f7f82851246f8ed85286cc4158a26b4a7f7eed1ea02b58,1,-0.0,0.0,social_media,1.0,2,ru,1,exorde
192a277db25bb43b40e36cec6d9b3cfb86878b8fc12bbf2acb545dbe4d0b1d2c,1,-0.0,0.0,literature,1.0,2,es,1,spanish_pd_books
1932ca2f333a02c3197030335490e0b5094090b37071e89c4fd929c92428fea8,1,-0.0,0.0,blog,1.0,2,en,1,blog_authorship
1940f434e1a787da1a996de2802a0a2d34a5e3220a8a324d89895d79b2c3ea72,1,-0.0,0.0,news,1.0,2,ru,1,babel_briefings
19441fc7bc6dd7bd3373d9d191927cac8ead8745143ff1fa2e4b385e76b6e3de,1,-0.0,0.0,literature,1.0,2,fr,1,french_pd_books
1948732048b572c5a091f8fe166009297f743e2edf659199c3f89db83cbe9ce1,1,-0.0,0.0,news,1.0,2,ru,1,babel_briefings
19610e6df60e856d8aedb6077dc62c01debe40436b672dcf55e73a78f66c84e9,1,-0.0,0.0,social_media,1.0,2,fr,1,exorde
19653bf831b663b6fb4c131376193e2e883bf2628fd8d9b9cddf81adfff88ccf,1,-0.0,0.0,social_media,1.0,2,ko,1,exorde
196ec3e0bd85b41e4a15cfef807893fab14a42a62c7acbd4b68c2254d7e4a678,1,-0.0,0.0,social_media,1.0,2,ar,1,exorde
197490a84892557acfe001db91851cdbef06f92faca4f0d468aa80ab695e1cfe,1,-0.0,0.0,social_media,1.0,2,hi,1,exorde
1978c56fce70f37e8e01ef41d6b2d2d94dc726c222718bf46b9259cc7536b9c7,1,-0.0,0.0,news,1.0,2,es,1,babel_briefings
197aeb03a76ed10cbfd723a9e74f055e2ee186456d3875c1727bf563a8ebf365,1,-0.0,0.0,news,1.0,2,ar,1,babel_briefings
197c394145031b43550b500773e2a40eed1be0d8cfaa4cddc6c3e248c160d37b,1,-0.0,0.0,social_media,1.0,2,ko,1,exorde
197fedd9cb40177979541ed5d2317966d82c3484358d94636922db2e4a0a1aba,1,-0.0,0.0,social_media,1.0,2,ko,1,exorde
198f7c28a587c13d155186c6a672db24afbec4e82e8c612a340e4c65a0deb239,1,-0.0,0.0,news,1.0,2,ru,1,babel_briefings
198f9f015efce551393a8d17ca860449f609f8afd32422d8352e0b5801302330,1,-0.0,0.0,news,1.0,2,ja,1,babel_briefings
19916c7d7a2b1cf9e99ad5969c5eb537ddb81be67f1e3eab95dc21ce0df062ea,1,-0.0,0.0,news,1.0,2,en,1,babel_briefings
199cfcb14c88bdd32874d7c52774ee9bded9151eba5bba6cb785754b4a0bb690,1,-0.0,0.0,social_media,1.0,2,zh,1,xiaohongshu
19a648f09babcc95b7365a2ef5c6fb431cff859af6d036f39740604310a04ca1,1,-0.0,0.0,media_reviews,1.0,2,zh,1,douban
19b54c56259bce225ff5f64154a95f1ad35fde9ae7398cea46c588cc38c3003b,1,-0.0,0.0,social_media,1.0,2,ko,1,exorde
19bd7adf6f475a45d6b31c42c2fd0bfa0816c9fc71e45be9a534635b3257bd60,1,-0.0,0.0,literature,1.0,2,es,1,spanish_pd_books
19c15bd0af64ec4bb16a657088e50de0c7ee010897bea13db6570a52dcb10e17,1,-0.0,0.0,media_reviews,1.0,2,zh,1,douban
19d21fb2b96b890bc1009168326697eb3de11405c1dfb208d08a16297976c38a,1,-0.0,0.0,social_media,1.0,2,ar,1,exorde
19d8d2fd0527799a04c20429ac69fe5a59dc0af18c28bf4f4feff08c7d188c50,1,-0.0,0.0,news,1.0,2,zh,1,babel_briefings
19e2787338de8e7f1569b5e1d483a597eed6ad8306e02c86444192334b958e94,1,-0.0,0.0,social_media,1.0,2,en,1,exorde
19ee9b614109d11c977e47b0c2749616d208feff65c9488f1668e3ccece6a538,1,-0.0,0.0,social_media,1.0,2,hi,1,exorde
19f3d361b71f72bce86701913f39712a113efd0d0ad27f0c0cf416b456a7ef6e,1,-0.0,0.0,news,1.0,2,es,1,babel_briefings
19f8d279516eabbd5b581f66a5fc1fe76011c8fdb975a9c1b1c595b55283321f,1,-0.0,0.0,news,1.0,2,ru,1,babel_briefings
19febe18ce31958dd97cb22ca5f02461367b7e7db7912b9f5cb5c10a321d547b,1,-0.0,0.0,social_media,1.0,2,ko,1,exorde
1a011886434d3cde86f356233c32cb412561207032ea307d8c5e656643f3b705,1,-0.0,0.0,news,1.0,2,ar,1,babel_briefings
1a03d6f1ae0d36ef6af21bff4a37e13416a696ec1dac867714639edf251353d1,1,-0.0,0.0,social_media,1.0,2,ru,1,exorde
1a0480a14083d52308fa9bd20c11c2532daf4d263fd5dbdf83881d7255a9bd52,1,-0.0,0.0,social_media,1.0,2,de,1,exorde
1a09ff25389f3352d0cb08934f6fd586449eb5bbb9c77eefe8e2e0deaca10929,1,-0.0,0.0,social_media,1.0,2,ru,1,exorde
1a24904a6c5918918f8c8f18b91c0a505c6a6d59e32377f959ee5ee38d279aa6,1,-0.0,0.0,ecommerce_reviews,1.0,2,en,1,amazon_multi
1a2558af0f1782743d3770c78b12f3211ca21cd588a663c2051a5ab95c951ae7,1,-0.0,0.0,literature,1.0,2,es,1,spanish_pd_books
1a322c85d6b52c379b19bd750898ca0996f473f27b5b054db991b12c044b0a03,1,-0.0,0.0,news,1.0,2,ko,1,babel_briefings
1a36a2a2c331ca240d049109d5b39c3cfd6405462ed75c0f23fd63b0769b1014,1,-0.0,0.0,literature,1.0,2,de,1,german_pd
1a48ae222b69a4ffae7869d62bbbb80be5af218b3acd15195363370e50c1c72b,1,-0.0,0.0,media_reviews,1.0,2,zh,1,douban
1a4edccb38ec56e80e4dc81f1c00fae5ddf367ae2bff7eb754e1439521ca3311,1,-0.0,0.0,social_media,1.0,2,ko,1,exorde
1a512c765d6b9a8cd19f0103c11b1161dd622649bcc99f1455931c987ccbadba,1,-0.0,0.0,social_media,1.0,2,ko,1,exorde
1a562f374e91fa1e4f502bdde72ecb071cbe08f41412850199ea43ca2ade81c7,1,-0.0,0.0,social_media,1.0,2,ko,1,exorde
1a5a6541fe5ad42ed7ce593753eab4ede812c6a2ddc514e11c497a2370d6d355,1,-0.0,0.0,media_reviews,1.0,2,zh,1,douban
1a5e944d33db54d4069b9efafc4b72277728ecfaa8d4b476983eab121d4ca6f5,1,-0.0,0.0,news,1.0,2,ko,1,babel_briefings
1a629403276ea64307463b47e8408f40f33a9f42c3cb638d5d75a8e477740255,1,-0.0,0.0,literature,1.0,2,de,1,german_pd
1a65e3d5c87f08a27c72d322de5450a07850072b38788e554ee405589992556b,1,-0.0,0.0,poetry,1.0,2,ar,1,arabic_poetry
1a6c13984dc8d28c1c69fcffda5251882b6e5100a035b4703423c15699e98f2f,1,-0.0,0.0,news,1.0,2,ko,1,babel_briefings
1a6d2eec5b0986cc6cba37723f5b3b42b8f162dbed8026d0bac3b72828d20113,1,-0.0,0.0,social_media,1.0,2,ko,1,exorde
1a7b3ecdb7d14efa4524d9ea9999ef63e083751a630d13a08cef803a7af8df96,1,-0.0,0.0,literature,1.0,2,fr,1,french_pd_books
1a84d8f0fd4330be47314dbbf98e6906c03aec16b3b5827e557ff15589e4dd8e,1,-0.0,0.0,social_media,1.0,2,ko,1,exorde
1a85ccc75919ed945520a2afec7d7722a09e0109767cd37d5a05b04738650ae3,1,-0.0,0.0,social_media,1.0,2,ko,1,exorde
1a86b4b13d1beb59c25395579581329cf667bf712719ab9876dd7bb752fe3a5b,1,-0.0,0.0,social_media,1.0,2,ar,1,exorde
1a8cb5325e50ada0fd7398a71b6c05cb5620f4bddc0ecda23ab9f14f7cf7c3e2,1,-0.0,0.0,news,1.0,2,de,1,babel_briefings
1a97744fd522094014d2f6a0adc12f8948757edd8c47afbaf83cdb36e470b354,1,-0.0,0.0,media_reviews,1.0,2,zh,1,douban
1aad8903b5e14fcdf7398bc6d56ef0cfc980f673a5af3b76d152dc80b90f4ff4,1,-0.0,0.0,social_media,1.0,2,ko,1,exorde
1ab3130f68c1dd471b39c011a95e534e6fb975a07dffdf81af17e6f54975c27b,1,-0.0,0.0,news,1.0,2,ru,1,babel_briefings
1ab9ac8ab42245d362ac4bc9222b1857c4bb2fc558ecfb534f132034406d82e8,1,-0.0,0.0,blog,1.0,2,en,1,blog_authorship
1abe4d760d92fa8948041a15a227cc17ad56b08cc41be698fa45774016bd41f4,1,-0.0,0.0,literature,1.0,2,es,1,spanish_pd_books
1ac47d5063cd2a54a02e7846cdcac260e0db795cfe6aa79addcac6d64ad33407,1,-0.0,0.0,blog,1.0,2,en,1,blog_authorship
1ac590b7076d39edd81a61ac62291e3232784923e17a53cc5a4a3f77400a68e3,1,-0.0,0.0,news,1.0,2,ru,1,babel_briefings
1ac8033d23f9644c67a5a5dfdbfe86f79850ea9fdb44fa60e34c2d236537b3b5,1,-0.0,0.0,media_reviews,1.0,2,zh,1,douban
1ace041a5efffea9c34e9ef2f07819205ea21ef4908acb6144a1fb8f9df5d375,1,-0.0,0.0,blog,1.0,2,en,1,blog_authorship
1acfcd8dcf28e1b4b9300eb668ea2472cb5b006081140172507567863324ddd3,1,-0.0,0.0,poetry,1.0,2,ar,1,arabic_poetry
1ad111504d9978758b8de2c6b5b7d1e3de6e2a90d37306b8d8c2e9709d92b855,1,-0.0,0.0,news,1.0,2,ar,1,babel_briefings
1ad2ffcd1bc0299c59f12ff2adece2bded0cf627b240fe1cf696ba5852333e10,1,-0.0,0.0,news,1.0,2,en,1,babel_briefings
1adac9b10fc14dcbde8c87de066d60446a5563d2f0a0229a2c4795fe9b9d24d4,1,-0.0,0.0,social_media,1.0,2,ar,1,exorde
1ae3433a5cfe84061b830213cfaf592b3477e1b0bd68e7508f7039c1bb7a32d9,1,-0.0,0.0,social_media,1.0,2,fr,1,exorde
1ae636faa3a8e8225f36a6d32961ed0fbf662c966fd1e650d8ce754f745981c6,1,-0.0,0.0,news,1.0,2,es,1,babel_briefings
1ae6be60f1950e30c6b0f2a94911936468f42fa41bd06b3d91a1451046299961,1,-0.0,0.0,news,1.0,2,ja,1,babel_briefings
1aecf4ea6163db6ed634db34336b3a9d4fa499a317936f261b0bb80ed060b339,1,-0.0,0.0,social_media,1.0,2,ko,1,exorde
1af6592680f44b228c2f27fa3e59b467bb66104abee3f944e8c3f67fcc7561b9,1,-0.0,0.0,news,1.0,2,ru,1,babel_briefings
1b0309b37b6dda50a7587bf3fa508bc61af785db37a55f4d52e5bccc1a8a18d8,1,-0.0,0.0,social_media,1.0,2,ar,1,exorde
1b039bd4e1ff2816e993995139487efe9b06d8a3ef4aa7d88f1618acfa844e9d,1,-0.0,0.0,media_reviews,1.0,2,zh,1,douban
1b0407ec5e81b1a3fed32eb1a29effd5eef8340f4baac134125a92b32e2ff89c,1,-0.0,0.0,news,1.0,2,ko,1,babel_briefings
1b0519102b7bc1ac08b7de605d450cd4827bc21dc13ef791ed5fa88b6ad232b7,1,-0.0,0.0,news,1.0,2,ko,1,babel_briefings
1b108042fb0e8dd3f16e0984c37ec74c6e44b72dbcdd910e538a66de08a838cb,1,-0.0,0.0,social_media,1.0,2,ru,1,exorde
1b11c3c47e52618460b2af1e2c5a349784275c2833a6d6d1e89d5f68c0117dba,1,-0.0,0.0,literature,1.0,2,es,1,spanish_pd_books
1b14ae15904c010699555650757b41c63afc2fd06f40ab54ce1098a5cc5491ac,1,-0.0,0.0,media_reviews,1.0,2,zh,1,douban
1b169b51d175f82bc89bce092b3ed697cd1b8d8bd359488f0c983008bd820cf8,1,-0.0,0.0,social_media,1.0,2,ar,1,exorde
1b1945fbf2cad8bce13b5f8fb9e072472d14a5a1ed0628ea320ba1dd40e87ce8,1,-0.0,0.0,news,1.0,2,es,1,babel_briefings
1b2bc7bd31aae23e7f5b3c3649db6eca7abc918e183f8419d691e02078ee8535,1,-0.0,0.0,media_reviews,1.0,2,zh,1,douban
1b38a8dfd4d24343874ea5e1875129a3aa721026331e125469d9d236f68e151d,1,-0.0,0.0,literature,1.0,2,es,1,spanish_pd_books
1b38b5601947c1b473643c95014b7677215998b2ef84879cc58e9e319e106116,1,-0.0,0.0,news,1.0,2,en,1,babel_briefings
1b391c21eea63a68ecd952ab21c9ecf6c96750c5d95fe5aa668f8c08fb1503a6,1,-0.0,0.0,social_media,1.0,2,hi,1,exorde
1b4877b8f6dea385e9e25690c5bacfde669e6114d77eb3853ee2262f1c38117d,1,-0.0,0.0,news,1.0,2,zh,1,babel_briefings
1b5d31bc69acc1ecf8fdc81964b801ad7cf70c3a7294eb97190c63c489f58fd0,1,-0.0,0.0,media_reviews,1.0,2,zh,1,douban
1b62f806e6d290513905a875115db3a88c3d8379ceb051ec338a65443315f67c,1,-0.0,0.0,social_media,1.0,2,ar,1,exorde
1b6638804aca26d18a6e0db2b781fca7ae572da25364ad7fc9b0bf71718b1c4b,1,-0.0,0.0,literature,1.0,2,es,1,spanish_pd_books
1b75c24a4f5b444bc255b5dd9815b9f5f4e8714b7246ca5f379c55166dd42318,1,-0.0,0.0,social_media,1.0,2,de,1,exorde
1b84ad87fd898ab3233a29606a4482bff355ad57e948983ff921aa7876c3ea72,1,-0.0,0.0,literature,1.0,2,ru,1,russian_pd
1b8d15aa874e5d87112c6ec41f72f8bde80aa1802bf1541961a27e3d00df7379,1,-0.0,0.0,news,1.0,2,ko,1,babel_briefings
1b9a53be3c9b29756f711bb70fd75aaa8bb5e4f2e9b9917205c3b8a58dcb4f92,1,-0.0,0.0,social_media,1.0,2,ar,1,exorde
1b9b0059c0f61ff5bc6e1d3e5ce68cb96183902b99ab781275849683eb3423bb,1,-0.0,0.0,media_reviews,1.0,2,zh,1,douban
1ba1d24ba1242f69eaba496594edc96b216f53637a9dfb66fc8a9655d935bff9,1,-0.0,0.0,poetry,1.0,2,ar,1,arabic_poetry
1ba935988e701d1be1e7d265ce1a9091adf837b63ff58c373086e60dd0f3ecfa,1,-0.0,0.0,social_media,1.0,2,ar,1,exorde
1bc04b85e3b23f111519469ae2de9e39a233ae27367ea991fb2320f2af2cd0f0,1,-0.0,0.0,social_media,1.0,2,ar,1,exorde
1bd8eebdc13e81f7d4a69e44efea165de5fd94fb8e9ea42c8b7d2f2ad4adc695,1,-0.0,0.0,news,1.0,2,zh,1,babel_briefings
1bdd971c4163e45f9577309e9e344e210e4a12be25e5d6c79c650ab22ae601b7,1,-0.0,0.0,news,1.0,2,es,1,babel_briefings
1c05feca8a92cd211b53dbb1dd1ab7a711bf40be44ebc6637c71d57e8a120215,1,-0.0,0.0,news,1.0,2,ru,1,babel_briefings
1c129fe7debd1273ddb9871c371be69d90be79b2aab82d47035a2f15671cbcec,1,-0.0,0.0,news,1.0,2,ko,1,babel_briefings
1c1f434d7baf4760b471a195a3253a991dbb5fe54f18797f92d2815f9fba3b75,1,-0.0,0.0,literature,1.0,2,es,1,spanish_pd_books
1c2412ccedf06d65809fa0e9a7538dd3f4cfe357961a379afa8da4fa5d35e1d9,1,-0.0,0.0,news,1.0,2,ar,1,babel_briefings
1c27db357b6b16fc8a05b1074373f89ec8fef4bbb73322c0f1964468a2e45af0,1,-0.0,0.0,social_media,1.0,2,ko,1,exorde
1c33eef218268f1c2e8bcb556345df1d67dfea32e824fad2390ef77977e6157f,1,-0.0,0.0,social_media,1.0,2,ru,1,exorde
1c4924e1a68a6e0d4eb05a4dbf4587c283a8e69e4245f5f8abf94120bc362724,1,-0.0,0.0,media_reviews,1.0,2,zh,1,douban
1c4bd8921d38dea5439dbfa20e69261ced6f6b154c8033604652861009656ef6,1,-0.0,0.0,literature,1.0,2,es,1,spanish_pd_books
1c523682e06f6b0952edf05f1fe80aac44111d7e4d423ce9cb53c72f18afc57d,1,-0.0,0.0,social_media,1.0,2,ru,1,exorde
1c66215612edc02420740ad98d9be7e0c8358e629fb8b330604de3a3b5161e00,1,-0.0,0.0,news,1.0,2,ko,1,babel_briefings
1c719ae898b6d67854817b82d712756b549e2ca2bb660a3b9bfc3a075c5643f9,1,-0.0,0.0,social_media,1.0,2,ko,1,exorde
1c958360e55421bfe6d32e7342c7fb3a1cb6bdf608ff0031b0b3f685112c2218,1,-0.0,0.0,literature,1.0,2,es,1,spanish_pd_books
1c9eb39522b404d1ca304d35a455b6481db873899bdd21a3873e4b90e1e50ea3,1,-0.0,0.0,news,1.0,2,ar,1,babel_briefings
1caab7640171459d1309030c85caf49457148503b667580002fbf5a995808f5b,1,-0.0,0.0,news,1.0,2,ko,1,babel_briefings
1cb475781d37a1d2e31306075fffb92aa31a124d3e2cd3d48d4755a409af195a,1,-0.0,0.0,media_reviews,1.0,2,zh,1,douban
1cba07338f3d2d35950bfdc8a84cd0c8f4250fcb158d0d8c0d186ef8112b10a7,1,-0.0,0.0,news,1.0,2,zh,1,babel_briefings
1cded872100e8520f7526d1a35fedeb0f4df8c185a42ff2f94a383f3681a88be,1,-0.0,0.0,social_media,1.0,2,fr,1,exorde
1ce32bad39f9bf2ce17a479e0b24578d672122f3aff07cdd683fcb755550b630,1,-0.0,0.0,social_media,1.0,2,ar,1,exorde
1cecf10149e93bd6d0464eee6872a20cb0e45ed6a83ab42a260a6a62230d11fd,1,-0.0,0.0,literature,1.0,2,es,1,spanish_pd_books
1cf1e6e5bef7de165e7e16bcad8328f1ec6fdba3c0a706ef65de468e11ff1cc5,1,-0.0,0.0,media_reviews,1.0,2,zh,1,douban
1d00540536317273d492fc9bb7f827c2e355b25668efd8d8aba90da60dcbdd0c,1,-0.0,0.0,literature,1.0,2,ru,1,russian_pd
1d05938dc483f8bba534c08e168e83988d99df263cf84a69b1130ef2fcb6297a,1,-0.0,0.0,blog,1.0,2,en,1,blog_authorship
1d06cca21e65159a6461c66959ad064e0304a01fd912f667ddacd6ec0a94253e,1,-0.0,0.0,news,1.0,2,ko,1,babel_briefings
1d087de09f1b1b9e20828a45bd4ad9a448e48e9e0f8a0fa56706855bd94506fa,1,-0.0,0.0,literature,1.0,2,de,1,german_pd
1d20512477db323e75fd0c056bfb25c01daaca65c7561e2a959ebc7592563f25,1,-0.0,0.0,literature,1.0,2,es,1,spanish_pd_books
1d262d3af4a33d1e609243d779e6d4487e3a62714d894bdc2739c1056f099612,1,-0.0,0.0,media_reviews,1.0,2,zh,1,douban
1d34c37728f3a486a48ec971d1181ffa905fc5d3e2c94b46f0f2a81d04809051,1,-0.0,0.0,news,1.0,2,ru,1,babel_briefings
1d3b5b36d644c7dc15ab83e291d66ab773e474ec4001dec0e73455280be0f02d,1,-0.0,0.0,media_reviews,1.0,2,zh,1,douban
1d402519ac325577ad4aece44aa0c71c9aeeacc73f137a3b5ce673c0f3dfc7d4,1,-0.0,0.0,literature,1.0,2,es,1,spanish_pd_books
1d4535a8e267c4899924bbc715d867ac621039f80d744bd58d9e67a4dafba28d,1,-0.0,0.0,social_media,1.0,2,ar,1,exorde
1d4ecd8c247129a81b3f5f494c2d53054e527929386a38d77d83811d2d5d6d22,1,-0.0,0.0,news,1.0,2,en,1,babel_briefings
1d539a05d6b322451b91caad87639c15ef8ebe1c62d63507e52457562b98fec9,1,-0.0,0.0,news,1.0,2,ja,1,babel_briefings
1d5b725f757fcfc7cec1213446589bdc11d4b3f21db8fe3d594dfbd1d5b475f9,1,-0.0,0.0,literature,1.0,2,ru,1,russian_pd
1d6298088b704de1b2004dd6476d300a05a45ca77dd08b952b467d7222a0c726,1,-0.0,0.0,media_reviews,1.0,2,zh,1,douban
1d6b214ee6b6783510d27697f0aa5eef63bf7cae09e251397c59d9a499e5b29c,1,-0.0,0.0,social_media,1.0,2,ko,1,exorde
1d6c13b778257b07bcb0b01d1a7a1dee01fa7c117de36426264f4853573fdb5c,1,-0.0,0.0,poetry,1.0,2,ar,1,arabic_poetry
1d8251d5faaf20852454d289d5318405b351464faa6725bd7a5bb3d733bf11be,1,-0.0,0.0,literature,1.0,2,fr,1,french_pd_books
1d8e7a09d21a75025b57c94a82e09bf8a569eeca6c68b7186a21b0daa8fab738,1,-0.0,0.0,news,1.0,2,ja,1,babel_briefings
1d976e2b124c337b102156e2792297aadf2a2d57d4a33b9a722596da866cdae4,1,-0.0,0.0,social_media,1.0,2,hi,1,exorde
1d99df7a02724635547b00d32eacc666f4e4a7c8ed825a29daea46ae78a3b539,1,-0.0,0.0,news,1.0,2,ru,1,babel_briefings
1dacaa6d96e45c130c8cd94d6042eaafe114a1c45269cc31527670c78e3b4ac0,1,-0.0,0.0,social_media,1.0,2,ko,1,exorde
1dadaa9b397e27fc3edcfe50b220fb91cae16f69626a84a039b6bb40c9ad7625,1,-0.0,0.0,social_media,1.0,2,ar,1,exorde
1dafc5f8252354fef1bdeb2bf4352bc71dc213d8737831acf53e9fcf79d128d8,1,-0.0,0.0,social_media,1.0,2,ru,1,exorde
1db9349941662587ad2c5519560f4115b6853e21b9a0d050b9eb4850430c2754,1,-0.0,0.0,social_media,1.0,2,ar,1,exorde
1dbc3998b6e3cc487de996abefb526ad5ee6a0cf72ee443d82b2c9b67fb477d2,1,-0.0,0.0,news,1.0,2,ko,1,babel_briefings
1dce20181373b6fd87a7e7551cd059edfd76a59dd27e537de7c824cc74982ffd,1,-0.0,0.0,literature,1.0,2,ru,1,russian_pd
1de963d0dfea35a0f720685440c71af695119394415bc07edc15cf1fc0b7be5c,1,-0.0,0.0,news,1.0,2,ko,1,babel_briefings
1dfbf07e0e237b858526bf6b74d440940cd2f45fa82e8e6275f4474dee552682,1,-0.0,0.0,literature,1.0,2,de,1,german_pd
1e0c9c7501893490631fb97327e91ce59b219c968a867f8965dd28b55c0f5282,1,-0.0,0.0,social_media,1.0,2,ko,1,exorde
1e1411becd97eff41e63f55f83b782b7c561ddd9a648aa00ff0df73a1f73ec8e,1,-0.0,0.0,social_media,1.0,2,ko,1,exorde
1e19f190325fc3330ee442020745047a980b7e6bcbf93c1755f3e6f99bd4a39b,1,-0.0,0.0,blog,1.0,2,en,1,blog_authorship
1e2b2606b2729446fe75a9e9231bfee6c14d95534b0d506bc7aa8c954e5be747,1,-0.0,0.0,news,1.0,2,zh,1,babel_briefings
1e2f275e47882d2463a082569f21946f6ec594ed31c115b5492dcc91dc95b3c2,1,-0.0,0.0,news,1.0,2,ru,1,babel_briefings
1e444d72b517e869d6a4621475142a8bf66631ba0f4e8f6ba6015c600ca13680,1,-0.0,0.0,social_media,1.0,2,hi,1,exorde
1e477ad968b9a10f09a037e47f5ec362ed5d107ad9154a525ea774a1b5501db8,1,-0.0,0.0,literature,1.0,2,ru,1,russian_pd
1e540ebc3adce4771564e384d7a0775dfb13a78423fffd3487a425fad8e86ed5,1,-0.0,0.0,news,1.0,2,ru,1,babel_briefings
1e551dccc27684ca8b00f138f014c1d910a1fc1df002bfd750684a687bda039b,1,-0.0,0.0,news,1.0,2,ru,1,babel_briefings
1e768f55db1f416e5377fb9ecf0f29621ab313e5f61946d03ab518ddb589dbc6,1,-0.0,0.0,social_media,1.0,2,hi,1,exorde
1e969992ef0c5d9921baecf3d51ecdbdb49892f940a96c59de46f2bc3efaedb5,1,-0.0,0.0,social_media,1.0,2,ru,1,exorde
1ea2d7f32f67557cf16862ef7bb01c13cefc76c747b388da593d11f24fce2939,1,-0.0,0.0,social_media,1.0,2,hi,1,exorde
1ea4066748aa658e5a0551009f9cc608b9013ee75feb0deee3030b1b7580cb90,1,-0.0,0.0,news,1.0,2,ar,1,babel_briefings
1ea688d2b16ec59bcb21e57db49d9f71e46f84e841ed0a6b212ee2f910355656,1,-0.0,0.0,media_reviews,1.0,2,zh,1,douban
1eb1f61f132a3f5171e7cc6d99fcf60149797889b1ae29d6a0392f4a8ea19e44,1,-0.0,0.0,media_reviews,1.0,2,zh,1,douban
1eb7c81cfcd2ac4ba665e5be2f8c49e2a2b38a2416ac6a053fd65836363cc1bf,1,-0.0,0.0,blog,1.0,2,en,1,blog_authorship
1eba3dda4a7043e40466b15e45f46c66d90c0464af439d6fcf9c1d2a15a0a446,1,-0.0,0.0,social_media,1.0,2,ko,1,exorde
1ebd9457ddecfcd3a4f1d9188df6e358be38519bbef876663a5dc897923898e1,1,-0.0,0.0,social_media,1.0,2,ko,1,exorde
1ec313186f33601c4eabb5ea0802c969f8dd3338fa02894a7d13863ed30b9517,1,-0.0,0.0,social_media,1.0,2,ar,1,exorde
1ecb71e4e9312ec235575d961989c42f10e56c10d0ce92ddc3c6c6d4f34989c2,1,-0.0,0.0,social_media,1.0,2,ko,1,exorde
1ee2085026cd768ee84b0cefaef45c7d7afb50f6d722402e8d6e0d604fcff6f6,1,-0.0,0.0,social_media,1.0,2,ko,1,exorde
1ee7e6f2f3f6036a8fe70fe4dbb3d7e010c4563ef98d0d5a7e35ad148d80ce4e,1,-0.0,0.0,social_media,1.0,2,de,1,exorde
1f0a1aca99d0b58a9ce218a5fd2f38166a68dd79504711ed3c45aa0330467635,1,-0.0,0.0,social_media,1.0,2,ar,1,exorde
1f228d50ee41701e0cd91f3638769ca9b98d09cace3908e4c7d766702b046bfb,1,-0.0,0.0,literature,1.0,2,ru,1,russian_pd
1f29848fdc12316ceb3c4476f5085eeb508106a219926b6d0ae67bae72e8caa3,1,-0.0,0.0,news,1.0,2,ar,1,babel_briefings
1f2bd5bc0a22ddf63db28b8638863d0850185655ecb2904b0a8ec94a2896956a,1,-0.0,0.0,social_media,1.0,2,ko,1,exorde
1f2bdb701e427bb76738c9db37ad09fafcea08b35959551b06c0ab7c2b77a989,1,-0.0,0.0,poetry,1.0,2,ar,1,arabic_poetry
1f36088de719ee94cf1a433acfdc86d3a8022f07d2084a4ddede5a8f37356097,1,-0.0,0.0,social_media,1.0,2,ar,1,exorde
1f39f1e10dfd6e14cccef2394defd1886f17b67b619911753a6a7010d9e353f0,1,-0.0,0.0,literature,1.0,2,ru,1,russian_pd
1f408be6a9f79f0bccc9487da6f46bd202b2a3ba2172f2654292ab187a324a8f,1,-0.0,0.0,news,1.0,2,fr,1,babel_briefings
1f44d247c992d00e7a0a38ed49aeb47f7da5a9208a1e4180397877779b7a759e,1,-0.0,0.0,news,1.0,2,ru,1,babel_briefings
1f4bca2b58348959ae0223a5c1f659f884e64e66ab4c2dad253063c4a096458b,1,-0.0,0.0,social_media,1.0,2,ar,1,exorde
1f640a3cb9a0102b32d96e168ef34cdb30b65dbf9b32b6554807cd552f2c1efb,1,-0.0,0.0,social_media,1.0,2,ko,1,exorde
1f66459f9fa8e27b6577ddd82667e453e6b9d67676a3fd20dc669963edea0f30,1,-0.0,0.0,media_reviews,1.0,2,zh,1,douban
1f6e62144c07cd23b4a3c5aeac69068e51367eb6a350c130daa1de3e2241115a,1,-0.0,0.0,social_media,1.0,2,ko,1,exorde
1f7071340b3a2544a2bedc498fe95d5141f3158b26662fa1a358987d5abab7df,1,-0.0,0.0,news,1.0,2,en,1,babel_briefings
1f8d9dc07d3de0f888798ad8ee8455a9c97ff6ac5a0134003627a9e5d32e9350,1,-0.0,0.0,social_media,1.0,2,hi,1,exorde
1f9cedffd976e0105046e24e29abb7b93617ac221e0cd2c8af379dc9e9fd537c,1,-0.0,0.0,social_media,1.0,2,ar,1,exorde
1fa7c1fded2c911a5c94a1c9c4cff9473edd7173668504a85f8bcfb96743325d,1,-0.0,0.0,social_media,1.0,2,ar,1,exorde
1fad92fe9c23596f1948da35005142472d89fe8b58a9e71548b014b0dbdf9762,1,-0.0,0.0,literature,1.0,2,es,1,spanish_pd_books
1fb2a3dd952b6d692cb74cb413c1d73b751e56be83b2d3687d225ca00bd4d8ff,1,-0.0,0.0,literature,1.0,2,ru,1,russian_pd
1fc85b86cd341bb35f68519b15ed8f58b4d326682e77ba9f646f5d98cc2f2316,1,-0.0,0.0,literature,1.0,2,es,1,spanish_pd_books
1fcd708679788cb04c20abece6da4f9f7e9f76405e7f78cde31870e82deda064,1,-0.0,0.0,news,1.0,2,en,1,babel_briefings
1fcea71579ba1520dce756bdf1d960aaf26ce64ea878dcb790359e6c0fcefc3f,1,-0.0,0.0,literature,1.0,2,es,1,spanish_pd_books
1fd1b5af280caa90534ae8ce3b4029ca1e17dcfd065fa0ba289712700981cef3,1,-0.0,0.0,news,1.0,2,fr,1,babel_briefings
1fd613c86eb35e25892922bf170931940338d14b996b9f2ffeb092ef7178379a,1,-0.0,0.0,literature,1.0,2,de,1,german_pd
1ff172170e18db76963bfa7f523cd67d5c618d2f7d3be614fdab4997222183fe,1,-0.0,0.0,news,1.0,2,ar,1,babel_briefings
1ff3a3f3296498088938c205e3b31be94a388608b1aad498ff164593776733ea,1,-0.0,0.0,social_media,1.0,2,ar,1,exorde
2004b371e1257f2d9772decde1d08cae93e010ad804d087b202c5f5861f1e6dc,1,-0.0,0.0,news,1.0,2,fr,1,babel_briefings
2006a1e579f7276c3cbe80042212dd669f91e02ca39f7c04620872f46e45e04c,1,-0.0,0.0,literature,1.0,2,de,1,german_pd
2009287883b6174162309b26a0ba3831860ba5d2814e3a919b0226501a69722a,1,-0.0,0.0,news,1.0,2,ar,1,babel_briefings
200a52c7e5e732b567e63ca130bcf5f655949ca0b68526e9d8facdf36599df05,1,-0.0,0.0,social_media,1.0,2,ko,1,exorde
2016e207abe28efcd2326522130ae191d9a3fde35fa70202558cf112e1d2c1fb,1,-0.0,0.0,news,1.0,2,en,1,babel_briefings
201fb7c6bc4b14fe52d3bc283f4740245d41bf65e5e117a3d0b3ce014ad8296d,1,-0.0,0.0,social_media,1.0,2,hi,1,exorde
201fffb6da80334f27b90aa0594512426787a3b3bb27935de372060af4c01252,1,-0.0,0.0,social_media,1.0,2,ko,1,exorde
2023fac50536eed9924c737a57c7d8ea2467bf7b92541713237a85b54a00567a,1,-0.0,0.0,social_media,1.0,2,ko,1,exorde
2024f42d157cfa5db74d1760030fff2c624df5fbc4c7694b50ebdd6ca435f788,1,-0.0,0.0,social_media,1.0,2,ko,1,exorde
2026142eb485ab9c464b4e830c698a0f1023f5c152edeecf17edc5d2b9fd3374,1,-0.0,0.0,social_media,1.0,2,ru,1,exorde
2030ef21407d9fe60d13448d2a04c81b05e75723dde47042c60825b8a79d956c,1,-0.0,0.0,media_reviews,1.0,2,zh,1,douban
2040dbd799d0d72615b0072e7271fe7eb0d5b5fc430d048670605aeb06b6213d,1,-0.0,0.0,literature,1.0,2,es,1,spanish_pd_books
20422668af79cbe2f057f087ca85e5f58b2358605a09a57dcf2c1b27420db22b,1,-0.0,0.0,news,1.0,2,ru,1,babel_briefings
20474d3de82f09e997e85bbdd117fa715959ce8cc13e9dd91b5e46f6584e784c,1,-0.0,0.0,news,1.0,2,en,1,babel_briefings
205164e854743168db5107b89671258336e480e25a1a8d8c3ceef0509bb623f3,1,-0.0,0.0,literature,1.0,2,es,1,spanish_pd_books
20598be96e8faeb4c1bd0c0815da6c039a1762e3118bc531d7e4b6ebe26b2a5d,1,-0.0,0.0,news,1.0,2,ja,1,babel_briefings
205f73c689f022638ec8df733f331295fcaacf1190e7b5911908023827db6174,1,-0.0,0.0,social_media,1.0,2,ar,1,exorde
206579ef7acf85bc676c49abaddf22df4d8c83713aec0418071b7164d996e677,1,-0.0,0.0,social_media,1.0,2,de,1,exorde
2065cefab8dce825030c65237d4f569fb10bc3fb20ca5a18d57ddfbe5a6e3044,1,-0.0,0.0,news,1.0,2,ar,1,babel_briefings
206b83e6f16cba603d6c1947ceabe7c46b9d75998d8c8c54aaa22879facdcb47,1,-0.0,0.0,news,1.0,2,ar,1,babel_briefings
206bdacf7c5c5ce1af658a8c82a09a2776e4ad6ad86c427a8a0b8f2b2bcd4bbb,1,-0.0,0.0,poetry,1.0,2,ar,1,arabic_poetry
20707990ddc6aea860496c172f65948821921b74e228a7d5413a90b332ca537c,1,-0.0,0.0,blog,1.0,2,en,1,blog_authorship
208c94d96bc69e195705eec4aa6ac53a2fd9685ff4083f62d58336aefbffe1ab,1,-0.0,0.0,news,1.0,2,ar,1,babel_briefings
208d8b41c4c409e9d8c2baa9c4053047ab336a2df3301ad09b3fb27ca715b24b,1,-0.0,0.0,news,1.0,2,ko,1,babel_briefings
2097a399d090283e858ef1ee2eec6df45c54a13286aa32038b7c9c57def03891,1,-0.0,0.0,news,1.0,2,zh,1,babel_briefings
209a603b6f4781a46802023fe1017416a7d59ff81918bde6477793d657b5dfca,1,-0.0,0.0,literature,1.0,2,es,1,spanish_pd_books
209d4d3a0a7c7bc93ed61c11d3afe6d448a5c84d026e863c6b592116aca14eb5,1,-0.0,0.0,poetry,1.0,2,ar,1,arabic_poetry
20a3d6eb1cfb2f3568864858b24e354e67e4b13fe4ef038b50e824a8acffef4c,1,-0.0,0.0,news,1.0,2,es,1,babel_briefings
20b1666e9adc4058aa05c2e57b6516fd548af88d6e1902184f01ea336284a70f,1,-0.0,0.0,news,1.0,2,ar,1,babel_briefings
20b406ba3e3bd6037728df4b1b053b4de7db1c4aa954d9228153851ff34a2e6c,1,-0.0,0.0,blog,1.0,2,en,1,blog_authorship
20b818ae85cba152dfe35373e51ee55942b38af90087a79bcd0ba847d026e962,1,-0.0,0.0,media_reviews,1.0,2,zh,1,douban
20bc78d29f9ed7029efd0ef9e178d4b11a4b45a9a0ec2f6e21bd89481252b532,1,-0.0,0.0,social_media,1.0,2,ko,1,exorde
20be597673cca7e5179590eec3af929041b82477745db71eb0cd06eb12c72a2b,1,-0.0,0.0,news,1.0,2,es,1,babel_briefings
20bea9fe9a57cd91363067fd9370fe53d275fe059899a6abe0502195120bd488,1,-0.0,0.0,news,1.0,2,ja,1,babel_briefings
20cede48dc05ffe81cf8b6813d2fe82bf350ed83ce94766d85190e5389298635,1,-0.0,0.0,social_media,1.0,2,ar,1,exorde
20e33ba942b71b3852d93100a22edcfe78273ac77db6b9f3c4f27675f4090e0d,1,-0.0,0.0,literature,1.0,2,es,1,spanish_pd_books
20e5118b1cdefc717977d8115e534b768440be210d5ebf98488eca74a14e654a,1,-0.0,0.0,literature,1.0,2,de,1,german_pd
20f15139e5f9d78ab3bd07f9c5136107e8963ad8176c555501954008b4896952,1,-0.0,0.0,social_media,1.0,2,fr,1,exorde
20ffc2624a2dea519e2221246645f315c3c0bebb85d2c8d5917c89123a34ac9b,1,-0.0,0.0,news,1.0,2,ar,1,babel_briefings
2100416976b11575c4557403382b0145dd4b6efb2300f655447b7eee7d3223a3,1,-0.0,0.0,literature,1.0,2,ru,1,russian_pd
2103ce686a3b0d6523592e6cd9d0ecb182ecc4f5e74122c9e9e1b121ac115147,1,-0.0,0.0,media_reviews,1.0,2,zh,1,douban
210903c3dd753dcec5e48d13bc1b28601e6e6261ff858b844827d56f081f6bd4,1,-0.0,0.0,social_media,1.0,2,ko,1,exorde
2119d7698a9758f86286021b5a32c60e90082205175d0623e72a643fc616e018,1,-0.0,0.0,literature,1.0,2,fr,1,french_pd_books
211dea4a458d45e9030862e5958c789d06db9e3fc4ad938898ab29592bdcf360,1,-0.0,0.0,ecommerce_reviews,1.0,2,en,1,amazon_multi
2124cab6d1a080c4a95eb0e1cdc221c8343663360899fae61c44c8077770902d,1,-0.0,0.0,social_media,1.0,2,ko,1,exorde
213ff44072ed001d08c103cee623565c463143c60d15758523f3a4e4f12c1830,1,-0.0,0.0,news,1.0,2,ja,1,babel_briefings
2141ccaa8c58c1494c52343811edca220c1cbb30878fdb41440fe0b2b35d72bb,1,-0.0,0.0,news,1.0,2,ja,1,babel_briefings
2149d47460631962899313b2e4ab25c26e54d43a570c40fe6bddaa0e067e5de7,1,-0.0,0.0,news,1.0,2,en,1,babel_briefings
214ff65143c1a02a3304c96bbd446da43e2b33cfd0255515ddaa0f80b849ffac,1,-0.0,0.0,news,1.0,2,ja,1,babel_briefings
2155d0506517c567548b08af3aabf765d1d366d8c1350f6bd24b3038767a1340,1,-0.0,0.0,literature,1.0,2,fr,1,french_pd_books
215a0e138699fbcd631f4a689257cfb3185d51d6e80d65d0ecaae05d759cc7bc,1,-0.0,0.0,news,1.0,2,ja,1,babel_briefings
216757c530b27238a008b2ee27610bdde2ddfbe97ba67d01f039077a0f76c15b,1,-0.0,0.0,social_media,1.0,2,ko,1,exorde
21728a73884f92f8b2439109c36583d40f5b2cce26c1f49c91892b361306fe50,1,-0.0,0.0,news,1.0,2,en,1,babel_briefings
21791ddec0b3049e87d11da54f998778afd5febe3b9e1c45ba73981dd88aa78e,1,-0.0,0.0,news,1.0,2,ko,1,babel_briefings
21816e922100b6a4f59568fda38d4bc2bb3dd070bd9aff79f0c8c7948be0d229,1,-0.0,0.0,social_media,1.0,2,ar,1,exorde
2182e79e6810c7859e1d429d33772d4669a4b01a432a4762ae97474a2fdde668,1,-0.0,0.0,social_media,1.0,2,hi,1,exorde
2196df6b9f4871f14cdd683e85d6b7d88e0ddfe063331789e28f18fbb38a20c3,1,-0.0,0.0,poetry,1.0,2,ar,1,arabic_poetry
21a3e09c275f5bfef62b1f62e2e2962d004aa3d71dc727d09296c464fbafb1c9,1,-0.0,0.0,news,1.0,2,ar,1,babel_briefings
21b2ceff9ef903d36081829482860a121d9048b774e693b37a6b665427df1372,1,-0.0,0.0,social_media,1.0,2,ko,1,exorde
21b4d6a6b6c51042b2644ec42f66f5d93e8716dbc6178534787b0fc2aa4bc31c,1,-0.0,0.0,news,1.0,2,ko,1,babel_briefings
21b5d95ac7b9f34a7a3a8fe53e66546c4987da17bce4bba1cb0a0cece373c7a9,1,-0.0,0.0,news,1.0,2,ru,1,babel_briefings
21b96e5f36077063bbd0d22df02dbfdc3d7f123795e58b4173092a0350e516b0,1,-0.0,0.0,news,1.0,2,ko,1,babel_briefings
21bd5c7cfb1097a48cd66e3b1d1a3108b357ca5a9f3d52cc97183c04694e3ca5,1,-0.0,0.0,literature,1.0,2,es,1,spanish_pd_books
21c5db0031b6c0a8289141623125f01b3d21fc808784d194d81d6ef617800cea,1,-0.0,0.0,news,1.0,2,ko,1,babel_briefings
21c8fea78c2d81dd0994a443aaabf0ccba2f77051e02bdd6a66d263d02b3bc20,1,-0.0,0.0,news,1.0,2,es,1,babel_briefings
21cdcd64167745c12c06ff1b4de577bea8af9aa1429f1107b493b64c55e8ad58,1,-0.0,0.0,social_media,1.0,2,ar,1,exorde
21ce1280f894719aef4997fb974976b607bb3b032e63e4af804ae06fcc8bf202,1,-0.0,0.0,news,1.0,2,ar,1,babel_briefings
21ce7563e4b0613e888b38dedc31d408dc82f8b80f2e9568094b23162a0fa620,1,-0.0,0.0,social_media,1.0,2,ar,1,exorde
21d1b1ef786cf665629135231183ff4a5332d97310f9cb9f12912470e1c2b57d,1,-0.0,0.0,social_media,1.0,2,ar,1,exorde
21d36b96603b12378a105d15f32fca104eeb7102ffaa0f8322d53bff9efedb6d,1,-0.0,0.0,social_media,1.0,2,ru,1,exorde
21daa1f1ddf80bd60d932a09fcbd56465a0cbff864a714020e7fd5738d8b6fbe,1,-0.0,0.0,news,1.0,2,ru,1,babel_briefings
21ebde15d537aa51611a3112d3c880fbffe833c5f7e145fe2a90a07847380843,1,-0.0,0.0,social_media,1.0,2,ar,1,exorde
21f269c6e33e649ebfbe99d47bed9e6e8695a1b725aacabf81a9011d52951af1,1,-0.0,0.0,social_media,1.0,2,ko,1,exorde
21f5a9c1aa9908dfeb625609b4fd2006b1a40d93bb3ec7b1cdc0e2c76b9d7900,1,-0.0,0.0,social_media,1.0,2,ru,1,exorde
21f73f314f14b42c982d380b53b0ab3c70dad963f48d16ada6ebc49b63e0e1ec,1,-0.0,0.0,literature,1.0,2,de,1,german_pd
21fbe486399a75d1a1ffdb8e7f0d6a64089ff7f8046a1178416365adf2e6450e,1,-0.0,0.0,social_media,1.0,2,hi,1,exorde
2200cd59fb5c0152acdb8ab662014064b1b7a3f45a0352a31d96093bb02e391c,1,-0.0,0.0,social_media,1.0,2,ko,1,exorde
2202c0af80d07826b8c7f6af99467c96ef521df495de3fbf7a73d0e815b32d07,1,-0.0,0.0,social_media,1.0,2,ar,1,exorde
2207a6ec5ff264b96bceb020f2ff6eaf882c5128f66915dedaeb14a7d7dd493c,1,-0.0,0.0,news,1.0,2,de,1,babel_briefings
2222b05ff3f2c00b96058c0dd8ac4ae38f1fef2a2c63a58d1339556e87014df0,1,-0.0,0.0,literature,1.0,2,fr,1,french_pd_books
2224f5f8aa36db779a9ebd6f922782424416ecf4c327cf3bc09f79dbacd2137f,1,-0.0,0.0,social_media,1.0,2,ko,1,exorde
222692d7816b9efdf4fcdd787c4e93d57bafecbc1f5f329f20cc6d0dc033c5fb,1,-0.0,0.0,poetry,1.0,2,ar,1,arabic_poetry
22287a9215a34e663b712f5e87c08e983483800ef04ca6b977061a9799bfff5f,1,-0.0,0.0,news,1.0,2,ar,1,babel_briefings
223280f5a280ad4251c87f196c7d5e627b9ef2c6025de1b8ec67ee80c1fc163c,1,-0.0,0.0,literature,1.0,2,es,1,spanish_pd_books
2238fd45cc452bce85f1419ecda03a6cf64034d0929d121df627d5706705c19a,1,-0.0,0.0,social_media,1.0,2,ar,1,exorde
2240a8594bda8b30d9d1632c9f2adc18fc9b3e9067c79efe6bd71e09973e65b3,1,-0.0,0.0,news,1.0,2,es,1,babel_briefings
2250e2346fc31af034e291a207ee74fc3ae0af565c686ff1dc758f966aaa3937,1,-0.0,0.0,social_media,1.0,2,hi,1,exorde
2256891289730d5cd1e858e1646cf3c75884f3b461aa6082a41ee0b1f807c4cf,1,-0.0,0.0,news,1.0,2,ru,1,babel_briefings
225b0d5af2527f07b7620d9bba646a4939a1251326a3a8e2b837c7c535ed4d6c,1,-0.0,0.0,social_media,1.0,2,ar,1,exorde
226c2ad53507eddfdcc58de5572844a7868cfc52a21d86839e0f27f839ea6a2c,1,-0.0,0.0,news,1.0,2,ko,1,babel_briefings
226c970a3a8ca6792cf856d1c5f5dc1f7a1b28bd7554bbe5bca522e174e58187,1,-0.0,0.0,social_media,1.0,2,es,1,exorde
22759f3d2a88164c7954440febf4020f937b603b40936bfd9a202f9b179027cd,1,-0.0,0.0,news,1.0,2,zh,1,babel_briefings
2277e6c47c4334d5bdf5adffd6ea54994e07d5ef6072d3970c289f54a9009c22,1,-0.0,0.0,news,1.0,2,es,1,babel_briefings
227ad419e66db7012ac55bfaa92145b4d7037e7f3d34fe1aee583eba2b3cc8e6,1,-0.0,0.0,news,1.0,2,ja,1,babel_briefings
227cccf3999083a42df17fe8e17024a25c39110e7bce976122fd381c7b60c840,1,-0.0,0.0,news,1.0,2,ko,1,babel_briefings
228178a19c32ff3d950322eba1eda510af9d36fcf6e96baa0f7212ee8959418d,1,-0.0,0.0,news,1.0,2,zh,1,babel_briefings
228243985ee3773d7e6b3475d3bfc6fe0db815fb9f497410228ff36a94ab533d,1,-0.0,0.0,news,1.0,2,ru,1,babel_briefings
2296ab44667c65a45f23633e431912cb6d5c0da983e5b6b876e24b2f09f24ec5,1,-0.0,0.0,media_reviews,1.0,2,zh,1,douban
22990e0e8b20cde945235de6b7eaa1d59b56eca3c06e71b176ce5d77b40c5573,1,-0.0,0.0,news,1.0,2,zh,1,babel_briefings
22a13e66547661c80652bd3c2824a48ef5b3d1402378aab75c9d9af5837877ff,1,-0.0,0.0,news,1.0,2,ar,1,babel_briefings
22a5880e9d5a35961e9cebd437c64530f39bd45006f587c6195bdbe6d4965f6d,1,-0.0,0.0,social_media,1.0,2,ru,1,exorde
22a6d88c678430baebc6a22ec90bfb0693467373bf697d9e66bbdbbddd96e21f,1,-0.0,0.0,news,1.0,2,zh,1,babel_briefings
22ab618f67b9339395628f7ce28a7cbcb85b36d373fcde1128649372694f875b,1,-0.0,0.0,blog,1.0,2,en,1,blog_authorship
22ac78f4afb8dca8b49a8a26979ffb959b1fd354dc70872eb5d6d5284874cea3,1,-0.0,0.0,media_reviews,1.0,2,zh,1,douban
22af252bdb1125ea5a760af447a00d85a5b28e9750bb8d9c121dc6f432f378c9,1,-0.0,0.0,news,1.0,2,ru,1,babel_briefings
22bd25dcf06bca5e110434b62fc5d5fdd7a52be09cf01c01eed542601e38710d,1,-0.0,0.0,news,1.0,2,en,1,babel_briefings
22c9042f52633a6334be1718afce4591286e4a9de6b1903ca7524012b0809966,1,-0.0,0.0,news,1.0,2,ru,1,babel_briefings
22d12a27dfe7c4647f7e76ff28a5dae5947041ef0b91ca9b923d9493e1866e6d,1,-0.0,0.0,social_media,1.0,2,ko,1,exorde
22d90b1d1f94d94c17244327bb40ec5be8540f8ce9b51d3322450b022a7d5d23,1,-0.0,0.0,poetry,1.0,2,ar,1,arabic_poetry
22dc02d8ef2f46fd4d6273b07baec88eec5206f2cf49a5aceefbaf15ad14945a,1,-0.0,0.0,news,1.0,2,ru,1,babel_briefings
22eb5588339a8a27a922d7b162a01819eb59e8719f651116b77f9eed9ff2963d,1,-0.0,0.0,literature,1.0,2,es,1,spanish_pd_books
22ef98bd64edd8abd85fb9684eb7b7fc2f661b233a392af286941ef745949a29,1,-0.0,0.0,media_reviews,1.0,2,zh,1,douban
230b02854d73519b0975712bec1221ed01378e6d36d24172c52635759674dad9,1,-0.0,0.0,social_media,1.0,2,hi,1,exorde
230f35ee0b04766aa62437c1fe9a610bb3f90ace85534adc9aa6565fafa8bcc7,1,-0.0,0.0,blog,1.0,2,en,1,blog_authorship
2316cc740bf300d6b1e4aaee43924c1169c971197cbe21d67a721b749cdb3f12,1,-0.0,0.0,social_media,1.0,2,ar,1,exorde
231b1c78b12f3e83c095b6832c9ad567454b63adeff999a61ca604ec6b2e4210,1,-0.0,0.0,social_media,1.0,2,ar,1,exorde
2328d23f869c3981c3c3189f175f6f70955c2286bf55b10c59e6ae00b060a37b,1,-0.0,0.0,literature,1.0,2,es,1,spanish_pd_books
232c040185b974d0d0aec12600a9db5972d3d02facd3154b249bf9bed995d9ff,1,-0.0,0.0,poetry,1.0,2,ar,1,arabic_poetry
232c52d3d1eacaa3144b1f3c54b83c1017773d7547089a17930433787195c07f,1,-0.0,0.0,social_media,1.0,2,ar,1,exorde
232c68c980c0cc9582db3b646347e9158c2602373173528b92d2fc6e033ac3e9,1,-0.0,0.0,social_media,1.0,2,ar,1,exorde
2342b7614073d56ce3cf45af27beb5ab26c5a119a354be959b65aee43010571d,1,-0.0,0.0,poetry,1.0,2,ar,1,arabic_poetry
234f5ebd738edcc7f40a1634428b5462a281a56218ed5f925397c135f2b8ac50,1,-0.0,0.0,literature,1.0,2,fr,1,french_pd_books
235276946314d2a27b41baba2ebda6e68578706f79275da6de3ca747be68b33e,1,-0.0,0.0,literature,1.0,2,ru,1,russian_pd
23615456a65538cd55a2a85810d0a76515ac8ffbb3dcd40e1db090cf3b5636a4,1,-0.0,0.0,poetry,1.0,2,ar,1,arabic_poetry
23768cc75c537e31cac83b30f739daad01e0b724275ad01b9b887250aaf07f5b,1,-0.0,0.0,social_media,1.0,2,zh,1,exorde
23794630491ae51ef0b8369505e4381b8031ace8556ff6c1462af5ab9b455411,1,-0.0,0.0,literature,1.0,2,fr,1,french_pd_books
239b9a64a8f05e18eb60196558a4194b4cf71d48adaa67d742f5149761549756,1,-0.0,0.0,news,1.0,2,en,1,babel_briefings
239c285e8b557425f84ffeef097cb024ed7a5d03f1222fcc57ec5f778a917815,1,-0.0,0.0,literature,1.0,2,fr,1,french_pd_books
23a2ed88bf429d73bc04ac383658ac6e5c5d978a296450e7cf6c4926b3d04897,1,-0.0,0.0,social_media,1.0,2,ko,1,exorde
23c6aac1d3b30a5bea5fa88b7e65db15c69ad5eea6e1152d4e57e78bd2049936,1,-0.0,0.0,news,1.0,2,en,1,babel_briefings
23d60a19c175b0c3eba7fcbf68e1ff356e1397f6e4b346601c686e95359b1551,1,-0.0,0.0,news,1.0,2,ru,1,babel_briefings
23d890176ea451aa47eb182b78dac5b0e8c89d8f666cfa761db9f23623431e94,1,-0.0,0.0,media_reviews,1.0,2,zh,1,douban
23de5c6261537f81535a44bf3e9d475f2e70d0081fee0a2f8d471de30c12e2ce,1,-0.0,0.0,social_media,1.0,2,ar,1,exorde
23e7700f09508884eae2d417b24dfcc70c387740290605938ebfb34781849aa7,1,-0.0,0.0,news,1.0,2,zh,1,babel_briefings
23eb3f802ed0c6fb757de413f6e1be1f3faac8e7ce91b61a0a056259cacf1ba5,1,-0.0,0.0,news,1.0,2,ja,1,babel_briefings
23ebf0873d10fe5ce3a5fab49fe51c4a0293ccaa42460324ca467936ea1c2794,1,-0.0,0.0,literature,1.0,2,es,1,spanish_pd_books
240001e54b209c7dbcc412a5e9b63e9f31f38d29e026f7cf755dfad63a9895fd,1,-0.0,0.0,literature,1.0,2,ru,1,russian_pd
2417354dc6eebe5550d123699f766972137f34ce378ef3927d869bd03dcfacff,1,-0.0,0.0,social_media,1.0,2,ar,1,exorde
24183c215abaa90ad56642a00f9551a2ee08cc92fdb2e54df6273639b1af39b3,1,-0.0,0.0,poetry,1.0,2,ar,1,arabic_poetry
241ccea9421ad1a90709709b3b5ff2852a0c711a0124aec97d0d6dade47a39c4,1,-0.0,0.0,social_media,1.0,2,ko,1,exorde
2422cb072ba78eceb72bfd01d35bb6d1fe517d58f7716673416209562ba9ff5c,1,-0.0,0.0,poetry,1.0,2,ar,1,arabic_poetry
24265aeb670a33c0396ee0e03b1788745146034e911121edfd0d914c0f62a28d,1,-0.0,0.0,news,1.0,2,ru,1,babel_briefings
243563504ab2a7b0d851b0df484768926850d1fb7ab66979db99360e88037378,1,-0.0,0.0,blog,1.0,2,en,1,blog_authorship
243b954a4de01cc7a72459c1f38fa95b75e26616cc5ed3708b94778c60d3fd47,1,-0.0,0.0,social_media,1.0,2,ko,1,exorde
2444158b4bcba3ca4700c73f9362064af699618a56bfc1547901acc53518d038,1,-0.0,0.0,media_reviews,1.0,2,zh,1,douban
2453396968a65d8f18783c991401d33e2c4ea39c416e1d6e5e5ef678cf4aac76,1,-0.0,0.0,social_media,1.0,2,ko,1,exorde
246090c5dd0e849ea102b6d4fee23e7d8d771d4035327fbbe91530001cc58a12,1,-0.0,0.0,media_reviews,1.0,2,zh,1,douban
24657588484f08ed0a3daff0a699d1ae4ebbdebdb06d66c6689d306b37c1b8a3,1,-0.0,0.0,social_media,1.0,2,ar,1,exorde
246864b61d14adda7c0cf0d0be22dcedb9f767b587793673f0e1baddc28a564a,1,-0.0,0.0,ecommerce_reviews,1.0,2,en,1,amazon_multi
2474e076d8d2b2b4b3d4b48666e8754413a48637b7d7f31ba6a0090a8ecf3cca,1,-0.0,0.0,media_reviews,1.0,2,zh,1,douban
24784c5b8542431de5281c4fefd89c9fa50cd1a8c3ecaa1348c2932b6eed4c59,1,-0.0,0.0,literature,1.0,2,de,1,german_pd
248448712eec0abc0cba42d400d7e7e2277b1982adfad60433235a58badf7c49,1,-0.0,0.0,news,1.0,2,fr,1,babel_briefings
24a74c97bfbc5b9e6ceebd52b6ef854ef8fd2c1ba122c392d774b6396a9387ce,1,-0.0,0.0,literature,1.0,2,es,1,spanish_pd_books
24acd9fceaaa4e0dfd080fdeccb18d07bef8747687e2ec151bc4256d8dc33298,1,-0.0,0.0,literature,1.0,2,de,1,german_pd
24b59cc2f7972af3d40530334c64688bb0c2276bcce52337b23106cd63d2cb80,1,-0.0,0.0,literature,1.0,2,es,1,spanish_pd_books
24bb2d00a6a7db52baeff04223659b218d9eb0131d596c387e0932c6ca58c430,1,-0.0,0.0,news,1.0,2,ru,1,babel_briefings
24c7fce090373566f73a20333ab3b942c63d8542e865a9c978464df9bc9812ab,1,-0.0,0.0,literature,1.0,2,es,1,spanish_pd_books
24d01222f2efe43f4326cc0d5efab924543d6d39d8c482dd27bdec2299a4a862,1,-0.0,0.0,news,1.0,2,en,1,babel_briefings
24d01bfab6da5fdfedf34ff9bff6ca622de0eff30b9ef9db9f0e3a6338a7819f,1,-0.0,0.0,literature,1.0,2,ru,1,russian_pd
24d06a158b0d05f59d8e82c510b21acfcbb2bb7a6ea1fc75b9c60c841118d8de,1,-0.0,0.0,news,1.0,2,ar,1,babel_briefings
24d1c1d61788fac7ee5fb6e0e1e2a0046888f0e6c9e0f27c3db5c1a6062fa86b,1,-0.0,0.0,media_reviews,1.0,2,zh,1,douban
24d8ca674f60db7273fdebb509bdbf66e28b5d49bfb26bd28c6c59abbe09a5ec,1,-0.0,0.0,news,1.0,2,ko,1,babel_briefings
24df655e2d42e5b0cd271c4c1082b1b4e310cdd01e7e4b6d0bf856943949eb50,1,-0.0,0.0,media_reviews,1.0,2,zh,1,douban
24dfc3774fab3f33679ec632128ca1cd57e7c125e14d0a6394b83924b8b9d1af,1,-0.0,0.0,literature,1.0,2,de,1,german_pd
24e2887fb3d1bc7a12a36d999b5098935f28c536c8135c9d0aac3f440fe116ba,1,-0.0,0.0,news,1.0,2,ar,1,babel_briefings
24e61643a0c8f95a5dc57c834d92cae2d629e8401c4171612f0fd807bf060e75,1,-0.0,0.0,social_media,1.0,2,ar,1,exorde
24efee026e31ba1b8af143054db5d00d4f0d11ac3401bc68fecb8d827e6cce8f,1,-0.0,0.0,social_media,1.0,2,hi,1,exorde
24f0ad77cecd08590a5d889f0eff32d648b915c83e5487236840fef66f2fa883,1,-0.0,0.0,ecommerce_reviews,1.0,2,en,1,amazon_multi
24f676fb147b7da980cb2960f22287242d9709859537e8acd12e020fe3d58d50,1,-0.0,0.0,social_media,1.0,2,ar,1,exorde
24f9f6d21c4ebd3a6cabf73ab08a443fee4a439a5e0442bcfb70b64e9165d2c9,1,-0.0,0.0,news,1.0,2,ar,1,babel_briefings
250179eca2ee0531c2d5d167c4f15d1a9207fd2690e31a15279652614908dc95,1,-0.0,0.0,news,1.0,2,zh,1,babel_briefings
250d01486d4df695967ac29410abdac2ba7174b35ae84c86910add53700b9585,1,-0.0,0.0,media_reviews,1.0,2,zh,1,douban
2511075510ae3a559b959fcfb1f8a35a9bff135312ff017de9e0a3132ffd3937,1,-0.0,0.0,media_reviews,1.0,2,zh,1,douban
2517d9aa7e306273a1bfa98af31d7586715e0d0d42e1cbda417c5590cc48fd95,1,-0.0,0.0,news,1.0,2,en,1,babel_briefings
2521688c2687ff7161ab9013331da05ad9f05bf814d89154186152f4e4629394,1,-0.0,0.0,news,1.0,2,ar,1,babel_briefings
2523936b79507feeb6f1c685174c2a195e283b821541553614e81e9d52b831fa,1,-0.0,0.0,social_media,1.0,2,ko,1,exorde
2536e047a34300311b80af57c8097a78f009dcb4903c27cbd99eed3a88cc5204,1,-0.0,0.0,media_reviews,1.0,2,zh,1,douban
253859275d979458ab8c1ec624dc854a0ce7a732564426673a6f875dfc72b659,1,-0.0,0.0,media_reviews,1.0,2,zh,1,douban
254c0184e10df6baa3c9a9524dceac3a2bc1fc93ad29c6d491a517232a6ceb97,1,-0.0,0.0,social_media,1.0,2,ko,1,exorde
254fb25ef9e1e88dd593eaf27be5b7cf9f7a19b436ddca7f9d3516bdf7d4d52c,1,-0.0,0.0,social_media,1.0,2,ar,1,exorde
254fcd96cc04103dddd80b0499457ae70ea8e6ec97944a23b07cf506c755afe6,1,-0.0,0.0,social_media,1.0,2,ru,1,exorde
2551d7341b61418914180d91ce328a590519c2516cca080391766895f1e04c89,1,-0.0,0.0,blog,1.0,2,en,1,blog_authorship
2553ff3855b08d61c64cf561e4de4fc3129e6112fe6f1d7a6111214b75504a3f,1,-0.0,0.0,news,1.0,2,ko,1,babel_briefings
2556d9dbaa94c3ebe94c2419c2a28c768c40b4e010f1f91a6d261027144be21b,1,-0.0,0.0,news,1.0,2,ar,1,babel_briefings
2558eba65027b11c02716980d94bc2d479f6ccfd805b0918d28ab5d8e2eb27a2,1,-0.0,0.0,blog,1.0,2,en,1,blog_authorship
255f14352e6bbb0e935a29bc45deaf56e7e33af55d36213496f400dc29f1aa23,1,-0.0,0.0,literature,1.0,2,de,1,german_pd
2569a39d53037bf3da6984aa396fe5f421aa54f9a538321be1ac54d09f2c2329,1,-0.0,0.0,news,1.0,2,ar,1,babel_briefings
257dfc0dcdd0686549202a24c8ab9b6e4c0aa480750075ee23f22bbc6de1d97c,1,-0.0,0.0,literature,1.0,2,ru,1,russian_pd
2584ca89973716120780b746896d3bd68c6222ab04c5967621aa0ee885bc4aa3,1,-0.0,0.0,social_media,1.0,2,zh,1,xiaohongshu
2588925276145ee6af66a8045678e831322acd96176d0a1175179083e74d135b,1,-0.0,0.0,media_reviews,1.0,2,zh,1,douban
258a52f609c67bca3af932f399df0aea4497728d92ca8038f278093eaa2cdc78,1,-0.0,0.0,literature,1.0,2,fr,1,french_pd_books
258dacecb92f58f2d6030bf25f23db1fcdcd85575f54af3abd4b23ec6d7a3a0c,1,-0.0,0.0,social_media,1.0,2,hi,1,exorde
25b898179377c17c931f3638429f8be3b4fb466b2b175af2dbd73f289903e455,1,-0.0,0.0,literature,1.0,2,es,1,spanish_pd_books
25c078f2ed2cecc15e31339ce6dac16a0548ffba18dd3a0b48b63ffa83e8e0a5,1,-0.0,0.0,media_reviews,1.0,2,zh,1,douban
25ca1a325f2d0875bf5c89465472850732c20e55183efbccc63de811bde95d0f,1,-0.0,0.0,media_reviews,1.0,2,zh,1,douban
25ccf96345454f47fffdcd1e0fface218c5124276bd576265eedbc0a223e455e,1,-0.0,0.0,news,1.0,2,ko,1,babel_briefings
25ddaf7c8eb17debae023acc965f47626e7a365593ab8b3f65741921356e42cd,1,-0.0,0.0,literature,1.0,2,es,1,spanish_pd_books
25e6045f3571f1441b45cad713e2186b527e27c1a6b4fea7355557e891b0d3fd,1,-0.0,0.0,social_media,1.0,2,ru,1,exorde
25ece4e86e8aba41c5c2c896d9d66c34fa048b633dd9ae87f3e2e17049955af2,1,-0.0,0.0,social_media,1.0,2,ko,1,exorde
25f0f5337f611d49dc92f50b9689dfd24257df604f1ea98929a005cc7b3a1b22,1,-0.0,0.0,media_reviews,1.0,2,zh,1,douban
25fd4dc29fe57001d8175362297591ed22411fd37599fe5e86f0a3d73c0aca3e,1,-0.0,0.0,news,1.0,2,zh,1,babel_briefings
26075efbbbb714eb01121dda8929979c86cadf46da65f84641461f2f9a6e2e78,1,-0.0,0.0,media_reviews,1.0,2,zh,1,douban
260aeb6b6e9091124055fd85bd8e89efa901ad8d78c2175a648a59c8c48398a0,1,-0.0,0.0,social_media,1.0,2,ko,1,exorde
26196f7e6e5debf5e59a774cbbbf1a6c5c3156a6faec025cab7321007e2a7b5f,1,-0.0,0.0,literature,1.0,2,es,1,spanish_pd_books
2620e720c434ce18e56dcbf16f8b6b317b8f268d3e6f5f348b5f6fe2993f921f,1,-0.0,0.0,literature,1.0,2,fr,1,french_pd_books
2622298c8c381ce45d4a700785f2831f3de8d5ae554d7d06166b567d49328960,1,-0.0,0.0,literature,1.0,2,es,1,spanish_pd_books
262e5f07787cb3cbfcaf5222347bdf018da013f321041d6b6b9c05da3f24a2b1,1,-0.0,0.0,news,1.0,2,ar,1,babel_briefings
262f062f7dead4656b55e9f12cc432060a49b53dd7f3b6dfb9f79ce01c854d4a,1,-0.0,0.0,social_media,1.0,2,ar,1,exorde
263e39bc3bed699d68e60193f266976dd08e9ad0d42a28752eb39b391e880b41,1,-0.0,0.0,news,1.0,2,ja,1,babel_briefings
26432e4a3936715fde32f8095b7e45b7e0d7181e4af310690d861ad6c8c6ef4b,1,-0.0,0.0,poetry,1.0,2,ar,1,arabic_poetry
26580d48d9e6c2265703f227afa1ef176c32215f6aff29a769e4d078262a635e,1,-0.0,0.0,social_media,1.0,2,ko,1,exorde
265aa2584f3c5073112cf5ea567c7d9be72d6795bf27dbd7ccabea0cfad994fe,1,-0.0,0.0,news,1.0,2,en,1,babel_briefings
265d83dc874f2088afed6cbe08d13c6cce31e41887a16073b80f3811399c6174,1,-0.0,0.0,social_media,1.0,2,ar,1,exorde
2663f94ee155c0f552bcab68ff5ec51dbde636666f00c849175ea425c1876789,1,-0.0,0.0,social_media,1.0,2,ko,1,exorde
26646354bbc26e27a16a9ba2d4406fec76e27d54f5a1491528a18142f5dfe6aa,1,-0.0,0.0,social_media,1.0,2,ru,1,exorde
26662b33c156cb4b50eb878650de4c3df85c369c7594d9511ee843e27fe0c577,1,-0.0,0.0,media_reviews,1.0,2,zh,1,douban
26834a7b7a758cf750efcef104bac173bda35abe9115ea29198ca0b6b26da3af,1,-0.0,0.0,news,1.0,2,zh,1,babel_briefings
268c64938c532f603719597c7677fb82ec3b321cb239c4753e7ae3b96232daa1,1,-0.0,0.0,social_media,1.0,2,hi,1,exorde
2690d35dff3eab43ee4c79f05376a4a63d67b719666fb226c1a7b8e1f6eadd79,1,-0.0,0.0,social_media,1.0,2,de,1,exorde
26937a45b174e0220d64e4b8c6cce6774dae13499969c21967b710bae065f554,1,-0.0,0.0,news,1.0,2,ko,1,babel_briefings
269a1b1ab7457f94299c9458d1132bc7645b1ed105becd0049d12d040ffe4f61,1,-0.0,0.0,literature,1.0,2,es,1,spanish_pd_books
269f8ce458d1406f7af95bf2cf63ad02b141014204bae6991fc0084fd11d3e9d,1,-0.0,0.0,news,1.0,2,ja,1,babel_briefings
26a231553fbc05b3b1389c4900a7d9209b79b535b1e760cd65eff3dbf2dac228,1,-0.0,0.0,news,1.0,2,ko,1,babel_briefings
26a37ff2f99e21805b1e2f14f3039a0452aea7ccedcfdf0c346f1a670165a144,1,-0.0,0.0,ecommerce_reviews,1.0,2,en,1,amazon_multi
26b1b96e31e773a9393111bb688e028afe1a893f7a642fc09963b4f8624ff168,1,-0.0,0.0,ecommerce_reviews,1.0,2,en,1,amazon_multi
26c4eb045db401f59848396097fa99423cd8ef3cc2a43f6089276c0d38121347,1,-0.0,0.0,social_media,1.0,2,fr,1,exorde
26c62e9ecce61c36a36657f5bf55f0be67dfe3a1047b940798e9bed714faad67,1,-0.0,0.0,social_media,1.0,2,ko,1,exorde
26d96341ea47ab350cc3361c5f5298964f6bab3db4a78d49045fc359132b856f,1,-0.0,0.0,social_media,1.0,2,ko,1,exorde
26ec334afd33e84853d4520eae823e9dcba644f9bb515b017d62b189825ade91,1,-0.0,0.0,media_reviews,1.0,2,zh,1,douban
26fdcede21dab674305737838dc2d537a9f4712ca9f6cde90bbe62e89ffa1305,1,-0.0,0.0,blog,1.0,2,en,1,blog_authorship
27006bbe3a7629eb469e715ec59cfff029fc4720ef7276e96a3e883e049edea4,1,-0.0,0.0,social_media,1.0,2,ar,1,exorde
2704ce675135740d9e68bcf32a2a79b3d66eef6b4c897e087d012d737e0c44cc,1,-0.0,0.0,news,1.0,2,ru,1,babel_briefings
270b9f07282e59962f70a7670dd66d7827bfe4c02fbb36d2cfd61c061dc049be,1,-0.0,0.0,news,1.0,2,ko,1,babel_briefings
270e7d3c57c0e6e254f6b3ffd8a6e9ebedc10a04d0e6d0d8f2b6cf0dccef19f8,1,-0.0,0.0,social_media,1.0,2,de,1,exorde
2716104c959ef62574c55cd122582abe894a3691c107eb6e573d9e3f9b9e0197,1,-0.0,0.0,social_media,1.0,2,ru,1,exorde
2717810797ed09ac127800ded8978b325c62b9f4accd84e8696a162c99bcf351,1,-0.0,0.0,literature,1.0,2,ru,1,russian_pd
2721b5326c40cd61ac603a24fe080d3ba4d6f67ec07d07e4c0417c06db80791e,1,-0.0,0.0,news,1.0,2,ar,1,babel_briefings
2722919060bd1b0c82b1540ea7660ea4731fd3af3b305f26dd7b771cc46eed46,1,-0.0,0.0,social_media,1.0,2,de,1,exorde
27251f47c238d2bff3f93005159421802e1345a5aa5e35fbd6a36ed176aac7a3,1,-0.0,0.0,poetry,1.0,2,ar,1,arabic_poetry
272a36280a4d834b11b78552e0fb3c9b8bbdc17a2b3d8959668876d14dc2aa7d,1,-0.0,0.0,news,1.0,2,ko,1,babel_briefings
272ce8cc5bd30fd18000aa4d65ada162f4d387bd5f451edf5a0116abe849dcc3,1,-0.0,0.0,social_media,1.0,2,ru,1,exorde
272ff11fc50227fb19268a477d9b3b595a45779d0581c812bc8918d5a653173f,1,-0.0,0.0,news,1.0,2,ar,1,babel_briefings
27403662176f14cedb0e1905047fee811580db5092d4812ee5410a2e9d19170b,1,-0.0,0.0,social_media,1.0,2,ko,1,exorde
274a467e1743ebfec9d7ee6673ed11d46e7a0c022f0b59e58d0007106accb07c,1,-0.0,0.0,social_media,1.0,2,es,1,exorde
274a4a294f577a93b57f8c3847b49ea965bae4e6c75c79ec98cc7f53e084f5e6,1,-0.0,0.0,social_media,1.0,2,ar,1,exorde
274d9d0ece5fac341073915fd8b6a5d7f27dd5d4cc8d7d01d0e46b41f98bff06,1,-0.0,0.0,news,1.0,2,en,2,babel_briefings
27514beb28170ddadb9f1885d66e7057ff2f5667969b8b12681da8225446b5d0,1,-0.0,0.0,literature,1.0,2,es,1,spanish_pd_books
275ca7fe153981aeee68c0314dd5f8adf41a3a3b2d4da1e584fe04bfe6bc6842,1,-0.0,0.0,social_media,1.0,2,ar,1,exorde
2760484cdbfb55364bf99024676aa0b3fc1b2adb9433cdfc968cfc7cc0467669,1,-0.0,0.0,literature,1.0,2,es,1,spanish_pd_books
277bbcdae11801e166ff89e469d5255e7678a52155ce8cfc58e393830524671d,1,-0.0,0.0,media_reviews,1.0,2,zh,1,douban
277bec29009cb3b2736480e7a1fdfa13fab544733089d90cc7fbd8d821767fe8,1,-0.0,0.0,literature,1.0,2,ru,1,russian_pd
277c400e48b2bfeebe3628f050ed46f809d4b1dfb4fa62ba7ba7ddb79848bac6,1,-0.0,0.0,social_media,1.0,2,zh,1,exorde
27845976f65dd64e2bae339ecb308ff5deb22fcf6ef4cc97f5cfbe61a9e7ace3,1,-0.0,0.0,social_media,1.0,2,ar,1,exorde
27854f7683b73bf49956d59902915f2038937dde557c2539e07c1a47cbd66e91,1,-0.0,0.0,literature,1.0,2,ru,1,russian_pd
2789667d3ab13e7cfdf1f0c48796b785c9ae7c9e0d76d84043cc90f562a77e1d,1,-0.0,0.0,news,1.0,2,ru,1,babel_briefings
27a71f9399df6eef513a2c7194fd45cc0bed89fe25d3b53627948b1533c405aa,1,-0.0,0.0,news,1.0,2,ko,1,babel_briefings
27b273a4b279edfcd0dc5c1fe0e69b8836b71df2c814941e4d81cf3eae976943,1,-0.0,0.0,news,1.0,2,ko,1,babel_briefings
27bc4165c5b2a1dd05c35ed15970ddd1c4f8018452c0d0342398d790c01e153a,1,-0.0,0.0,news,1.0,2,ja,1,babel_briefings
27c2c868598f44210ad276bf2b47a5753669848462d370373bf133698a8506a8,1,-0.0,0.0,news,1.0,2,ru,1,babel_briefings
27cf973d96533a83bba59c06b60ef9c5d73a96f8225fdf3bc51b12b6d653b4fd,1,-0.0,0.0,poetry,1.0,2,ar,1,arabic_poetry
27d168f36a5c451d5facbf6ea02236ea71cdb9ad18893b6ad65a64df84694e0f,1,-0.0,0.0,social_media,1.0,2,ar,1,exorde
27e0f1a5b0ee727bcd4ed535a2e1e3b45dfe8ebfa980f162a3dac016bc0034ab,1,-0.0,0.0,social_media,1.0,2,ko,1,exorde
27e3a6566fe80bfcfe322ac4e9ab56fd1064857a3877bf947ff156174ddb9be4,1,-0.0,0.0,news,1.0,2,en,1,babel_briefings
27ec33557d3499dff9afd40d1074642a897db49efdc87c092d40ab11d765bc6c,1,-0.0,0.0,social_media,1.0,2,hi,1,exorde
27ec6eb5aa98a1321abf54ab8ef7c62c717c99b893bd5a2d8cd9c431e39e909f,1,-0.0,0.0,literature,1.0,2,ru,1,russian_pd
27f6858121f81a65064d945732b7338ba7fb107234c7b489865266b522996c9f,1,-0.0,0.0,media_reviews,1.0,2,zh,1,douban
27fd505300e545c740e8b01c7020cef52418cb181481722a3571161ce4f1ee70,1,-0.0,0.0,social_media,1.0,2,fr,1,exorde
28050a6d05790b28543777f3627073699b52b54585bd86c5c5a29b685571ad29,1,-0.0,0.0,news,1.0,2,ko,1,babel_briefings
280b2b4d3fe3f794bf62ab59e79d52dd48dddd1b80cbd887ceeb05fad9fff7af,1,-0.0,0.0,literature,1.0,2,es,1,spanish_pd_books
2811bdb18bc7ef7362bc8adc3d1ada320759d6b3a6199bba2fc90fd5d6eb1675,1,-0.0,0.0,literature,1.0,2,es,1,spanish_pd_books
2823d81ef0c138467985c39551494d85ed92e229e91ceabb547b414da072b80c,1,-0.0,0.0,news,1.0,2,ru,1,babel_briefings
282ad3af1d67ccb7467132baea8eb38e6dd4073adc0dbc7e9b5181666b629f63,1,-0.0,0.0,social_media,1.0,2,ar,1,exorde
284b6139491bda56004d59e94a35b815a12fcbea06e4f803eb83046e8196bcb5,1,-0.0,0.0,literature,1.0,2,es,1,spanish_pd_books
284f751f5fd4914f09df38da4734934d707a082fcf329a62389c2d1d11ee8dd0,1,-0.0,0.0,news,1.0,2,zh,1,babel_briefings
2853aa599e3fe66f0750135a9436f4b860bf795106c02af80df4193c975ae7d5,1,-0.0,0.0,news,1.0,2,ru,1,babel_briefings
285e7168a5cac585c191adceb6b20ecc0ddaee96d51af0f0f3f8cba71bedc10e,1,-0.0,0.0,literature,1.0,2,es,1,spanish_pd_books
28630d3d078492e1e9633749b944254b991d9112b90e784b5baf78fc7890555a,1,-0.0,0.0,literature,1.0,2,es,1,spanish_pd_books
28769b9c0e0e60c53a97f631c54a356639962474a2139b35e6ae61cca297507b,1,-0.0,0.0,poetry,1.0,2,ar,1,arabic_poetry
287b77ba1f3d2998bb53d9e28809e85b3290c8fd813c886f5b25793103cf4791,1,-0.0,0.0,literature,1.0,2,de,1,german_pd
287e5574e06646a2c07c80f9b1309404c09c2146e6f10062d183a07c606ce266,1,-0.0,0.0,media_reviews,1.0,2,zh,1,douban
2883cd41c5ae0f78214d356d7303b544d161fc9e094d62d3a6872869c515081b,1,-0.0,0.0,social_media,1.0,2,ko,1,exorde
2889beb430e8239b625b7a53087db2018a415c132b29fc5e59d3aee40a0bc1c3,1,-0.0,0.0,news,1.0,2,fr,1,babel_briefings
288f16ae705fe864bc3268df3ee8d9bdf453fd5710dc3ebb9621feb9fbe8d7f9,1,-0.0,0.0,news,1.0,2,ja,1,babel_briefings
2894a8b69463ba8879c7c6e4c67cfe166f96aeec9da9dfd26f305b13d0e394e0,1,-0.0,0.0,news,1.0,2,ru,1,babel_briefings
28b0448855a374dba9e100fa2e97c5d5ce1531af1b080a895d369904d9e354b2,1,-0.0,0.0,social_media,1.0,2,ar,1,exorde
28beaa56ebaf6f560857f19e4cee2ff62c1779fbdc448708c977d65c9d535ed3,1,-0.0,0.0,literature,1.0,2,de,1,german_pd
28c2535fc6312eedd718cbf74af96ee6bc51c9bf0dec1e0ac0e0e83db1537ce5,1,-0.0,0.0,literature,1.0,2,ru,1,russian_pd
28c8273def9e0783d1dc2fe37ceb95928690576c8166cce766af5c982003c495,1,-0.0,0.0,media_reviews,1.0,2,zh,1,douban
28d4c97aa69a9e664d901bb4c0a1d8c79bc8ad038fb9683bb7833f2c3b646671,1,-0.0,0.0,media_reviews,1.0,2,zh,1,douban
28da28dee8c47a42d04fc725a035c81bd920ba7f7153619dc46cb9fc513fcb44,1,-0.0,0.0,news,1.0,2,ko,1,babel_briefings
28fdbd2dc05d5bddebac21829db234f25fd0274931a4c3b3e8e2e5bc71599b86,1,-0.0,0.0,literature,1.0,2,es,1,spanish_pd_books
2904b6b842e73a6ce01c77f8c83d898ed42a0c921399c1c46ba7bbc8ba7a70fc,1,-0.0,0.0,news,1.0,2,ar,1,babel_briefings
2906e2294036cea010ffd449371285dcce7885ff4c9f482d53cc90ef228406b3,1,-0.0,0.0,social_media,1.0,2,ar,1,exorde
29195e27796264f270afdcb8c6b38d24686d2da3676fc54ba53b6e06c97f85de,1,-0.0,0.0,news,1.0,2,ar,1,babel_briefings
291af614cfecd9e36cd5836a29e1dcec1e8c738ef63b21e9f3a2249a1c1d8a1c,1,-0.0,0.0,social_media,1.0,2,ko,1,exorde
292177d892e74d8107db8209caab98e2acf69f5aeea3f6cc38c16a2ef606e506,1,-0.0,0.0,social_media,1.0,2,es,1,exorde
292463493e6038eb750fcaae405459efd73960a7463ac302275ff2f3bf46032b,1,-0.0,0.0,news,1.0,2,ru,1,babel_briefings
29306c20177c593143c68f1c8d0975b08ea7da4cb26f543962b622c3bf3ee8fc,1,-0.0,0.0,news,1.0,2,ru,1,babel_briefings
2932419bded027e3dadc7dbfcd46f3664137a0505e9dd5d8524635ae795d5b3e,1,-0.0,0.0,news,1.0,2,ar,1,babel_briefings
294951d3b4300101ae2833397fd1f181a26fa9bf5c99f2cc72e2a9e7a2feb31b,1,-0.0,0.0,news,1.0,2,ko,1,babel_briefings
294c7d4f2ea76a5f12aa723344a577aa54723c29f59b2dbec214eebbcfb539bd,1,-0.0,0.0,blog,1.0,2,en,1,blog_authorship
294d7eb8d650b03ebc3a245b7aef039486471145037e71f6f1d81d7c8e8d000c,1,-0.0,0.0,social_media,1.0,2,ar,1,exorde
296b81be9099329c48882730eee40aae40f8a3628c671d94762d72bf832399c1,1,-0.0,0.0,poetry,1.0,2,ar,1,arabic_poetry
2977da1b872132bddc4ca232f93efcdef60ac5e582f8c6bbb31f6ccc2a1764ab,1,-0.0,0.0,social_media,1.0,2,ko,1,exorde
29789a0ab4102bd12e39a5485f048640bb800473cd769f7a216b9d1dea60d23c,1,-0.0,0.0,news,1.0,2,ru,1,babel_briefings
297ec26b94d39d9893572d2bef33b9f3f0147d13165852aed2fa1d6fde379914,1,-0.0,0.0,literature,1.0,2,es,1,spanish_pd_books
29836addf96ebc2963b5e3725069e2d8965fba7ce8a68b70d62253278508332b,1,-0.0,0.0,social_media,1.0,2,ar,1,exorde
2986cb2d950641e593978823175c21c93f95bed5725ea6c235e2b225752c27db,1,-0.0,0.0,social_media,1.0,2,zh,1,exorde
298d42b46f31269b1a9ab23253c361eff7d5c5ea047567cca73c28ff950a62c0,1,-0.0,0.0,social_media,1.0,2,ar,1,exorde
2997b563734d69e52beaf8986214ef701b3e7baef8ffaf0e83321511f2591ce9,1,-0.0,0.0,media_reviews,1.0,2,zh,1,douban
29a5e5edc7946977063a82b1c97149b0a4aa22bce4aec101e1dfa521f04c157e,1,-0.0,0.0,literature,1.0,2,es,1,spanish_pd_books
29aa2d6465094b9fcd04575b72189ef8ae28a8f00e9dfe7c0bc250bac05db52a,1,-0.0,0.0,media_reviews,1.0,2,zh,1,douban
29b0236c640e5dfadc3c84096114750c369958659ebcfcfefe73c03ef69b2649,1,-0.0,0.0,social_media,1.0,2,de,1,exorde
29b5756c0e1b87ee4214118425d75ab70709c95f8b01918669aea9d70ce84177,1,-0.0,0.0,news,1.0,2,de,1,babel_briefings
29b60429444a730d2a3b665368cb8e4afd36c974a76a0c0a1109b749a0e99457,1,-0.0,0.0,social_media,1.0,2,ar,1,exorde
29bc1148cf14e15806b7b3d92fba23f4e5ea4745c6754eb8e2debd96e7ebbbef,1,-0.0,0.0,literature,1.0,2,de,1,german_pd
29c890564b7a16937e0815482aff3a85aca4d5b0a3902d384a8928577efefc6b,1,-0.0,0.0,literature,1.0,2,hi,1,hindi_discourse
29cd0609e209007fae1e697d051cfe354faa4b8b96c34f214db5407891bcb0ca,1,-0.0,0.0,news,1.0,2,zh,1,babel_briefings
29d1605c2351148aaec911c0c6625061ed7aa4e4e55bbb5c5603f43a2d780168,1,-0.0,0.0,social_media,1.0,2,de,1,exorde
29d200595353fdac2dbb723d171cc412af7332fd9117bcb7b44c7f9831fad910,1,-0.0,0.0,news,1.0,2,ar,1,babel_briefings
29d280f15167640e7609132a9ca367d812ce8a0ccd34ffd8606438791c407fe3,1,-0.0,0.0,news,1.0,2,ar,1,babel_briefings
29d38126524f6287c987c607cc2e68124dc48a39678720e79d4d952d6ee66d7c,1,-0.0,0.0,social_media,1.0,2,ko,1,exorde
29dd454a0fdc23f04a406543a59a953c10365eb44550a5925f4840b9b575326a,1,-0.0,0.0,literature,1.0,2,es,1,spanish_pd_books
29e816082ce92fed47063858020c2cb8733c50669f86f0803276f7a4efb6e6b5,1,-0.0,0.0,social_media,1.0,2,de,1,exorde
29e9eac2d0138e16b6368f5dcaec4a94e7839270b089ec9f6962f23b0328fe84,1,-0.0,0.0,poetry,1.0,2,ar,1,arabic_poetry
29ecfd7dcd9fcb8629fbe59d4d5b6e32ac4c7298a7ea84a02839f91bd322e9a0,1,-0.0,0.0,news,1.0,2,ru,1,babel_briefings
29ee11b9bed0f3d309a491141925d5c39761ddc6e02c3b1a4f74fc884e2bfdd8,1,-0.0,0.0,social_media,1.0,2,ar,1,exorde
29ef139055fca86b272d5e1ba49c719dc445d40c16ee265d4e7f6ad2122d0a45,1,-0.0,0.0,social_media,1.0,2,ar,1,exorde
2a0108afa5eeb65d42b09ec499701bacdba9dfb100bd5c0241ae637ea9d7b517,1,-0.0,0.0,social_media,1.0,2,zh,1,xiaohongshu
2a0d797db79b11ce894c815e5d0fe75e64df7735afea317a444f4c62f14ab743,1,-0.0,0.0,blog,1.0,2,en,1,blog_authorship
2a1127fa5519977b170504575546e4f00c6d7baca68e253a83ae181903ad2d6d,1,-0.0,0.0,poetry,1.0,2,ar,1,arabic_poetry
2a31bc0c22e5f05db4c4bfa3428629eb3858b77ecea9b37ddfd622a2040a3e40,1,-0.0,0.0,literature,1.0,2,ru,1,russian_pd
2a394bed4aa74768e10b1d534fadbb99e407b9e5295e698695e77888bb80a0fc,1,-0.0,0.0,social_media,1.0,2,ar,1,exorde
2a3dd43b1efe8b9addd1e9a9caf4cf140962c0e020cd18aa9e62a92b59063e22,1,-0.0,0.0,news,1.0,2,zh,1,babel_briefings
2a43275f6389785f672a206ac762b3fa1fa6485b47863d716df09b7a04cd8985,1,-0.0,0.0,news,1.0,2,ru,1,babel_briefings
2a47c8222d1b5fef085a5e27b36fcee7b8e3a21207c9ac42fd5e0f6ff9e64a60,1,-0.0,0.0,news,1.0,2,ar,1,babel_briefings
2a5728837de07eab83157308a70f6bc196bbd7a6ad68fb1813f1b7fa77f87868,1,-0.0,0.0,news,1.0,2,ru,1,babel_briefings
2a6591c7cced5ae9d78125e8b2ca43a524e6285e17b08ae99d18000cb6785412,1,-0.0,0.0,social_media,1.0,2,ru,1,exorde
2a690eac813437a73fd068b335d5148c81e61f0308bf6f2242a7042cd55b2ed7,1,-0.0,0.0,news,1.0,2,ko,1,babel_briefings
2a6d0db6eb0164fef989a5e5b9c98a25a2374c43549ba7d7f9d6d25a241e7872,1,-0.0,0.0,news,1.0,2,zh,1,babel_briefings
2a7033fb54788b34b74c17254e9fcc15eb96230c9c6c40087968841f350f9eb3,1,-0.0,0.0,social_media,1.0,2,ko,1,exorde
2a7131b64427061cccb9d0826967b3636daa9a333444a1c9213368adcdf1be52,1,-0.0,0.0,ecommerce_reviews,1.0,2,en,1,amazon_multi
2a960277f3e4355cef40ea8b43286f1b3e11157cf3a93525f1291d22dbfc333c,1,-0.0,0.0,social_media,1.0,2,ko,1,exorde
2a9c954e99995ce7d90885d56f78d708e45d3ac1330adbda6a04fb8bf7e9312e,1,-0.0,0.0,media_reviews,1.0,2,zh,1,douban
2aabc31bc45d50877b3cc7555485af78b7c907da86159253c5068082c5adebfd,1,-0.0,0.0,news,1.0,2,ja,1,babel_briefings
2ac07f4b27b1fbb3f857cf06f2a3e37cf0f25c23027f6d92f0ab833e2f002e27,1,-0.0,0.0,literature,1.0,2,fr,1,french_pd_books
2ac8fe9fe4a02eb790729e4d1a002b473c4cca15cc281e48250a5b738c0d23f3,1,-0.0,0.0,social_media,1.0,2,ar,1,exorde
2aca48c5ac6181975dc6d11d24052796736864d859aca7ac894d88f2c92f597c,1,-0.0,0.0,social_media,1.0,2,ar,1,exorde
2ada0f0461cddf4e2268cb129eaee489b4aba69c76740c467dba4f6d005b61d0,1,-0.0,0.0,news,1.0,2,ko,1,babel_briefings
2ae487b7c07565a74ac33535171c2eef6ae66555c8e20466553f265d5c91796f,1,-0.0,0.0,social_media,1.0,2,ar,1,exorde
2aeef3e2a838e2c1b631e292b6653ba51adb707655da7e9d647c8809002ada4f,1,-0.0,0.0,literature,1.0,2,es,1,spanish_pd_books
2af0c00aca76a8d6ed60cdbfa661283cd804d2405b7a3fb586447089b8bda9d8,1,-0.0,0.0,social_media,1.0,2,ru,1,exorde
2afcc34ced66a48ef72005007c7c017dd709fab09eea562e4e3aef47242bc9dc,1,-0.0,0.0,social_media,1.0,2,ko,1,exorde
2b06e9bb9fa07ff698c173a9411c19e5870d0a101c31e291056654dd510604dc,1,-0.0,0.0,blog,1.0,2,en,1,blog_authorship
2b0a1b13de6cf3beec1c8953c7b6dde80454d454799eac4dc27dd964316619a8,1,-0.0,0.0,social_media,1.0,2,ar,1,exorde
2b0c828f500868b7fecaa73011fa7f755a0a207f74714f903287c1ef46f4ca92,1,-0.0,0.0,social_media,1.0,2,hi,1,exorde
2b2d271228f31d1ca4b5a6f5633e40aa0887f57835da2ed377718a3baa4146e2,1,-0.0,0.0,social_media,1.0,2,zh,1,exorde
2b2fbb3000f59595cbf8958a2f0e5c48fdeb8a2a5ba6189464cd467fc0271089,1,-0.0,0.0,news,1.0,2,ar,1,babel_briefings
2b35772dfed332bf1847a4ca7cba5f4ee23cfb80e73fb55985630ab02953120a,1,-0.0,0.0,news,1.0,2,ru,1,babel_briefings
2b38c6968f90a38b029a23a23c4a6654bbe7694e0f36c669b341e01698f8b528,1,-0.0,0.0,literature,1.0,2,de,1,german_pd
2b49fd6833f647364804561f4cbaf283a8ee09147cfadd7df3a8ca7c95db96ec,1,-0.0,0.0,social_media,1.0,2,ar,1,exorde
2b4e4a9a9bc72d0612779f3adc3b2cb9a37f086e03415b1798e3920411b7a87c,1,-0.0,0.0,literature,1.0,2,es,1,spanish_pd_books
2b50d4bbf6b0fd46984c0811430265745ab310ebea2fa3cda2d06e502d1dbfd0,1,-0.0,0.0,media_reviews,1.0,2,zh,1,douban
2b5f8e9b17be8de9b7cad95c68d9c08dc6b0177e8c7d192c676aa6c418c5ec4b,1,-0.0,0.0,poetry,1.0,2,ar,1,arabic_poetry
2b60687464441a8fbf45a3317ac6714aa40a3710b58f57e752e2b0e4657589ec,1,-0.0,0.0,poetry,1.0,2,ar,1,arabic_poetry
2b76e2b48a278529d9ee4ad3206cc55db583dc9c0e43df8b11867fdcd47c755c,1,-0.0,0.0,literature,1.0,2,fr,1,french_pd_books
2b8dac9132c501f349834f0e57ec5e341093cb92a8fb1ec84764f841ace8aca6,1,-0.0,0.0,news,1.0,2,ru,1,babel_briefings
2b9039823b1fc60808401ea2036269f2913c85e5cbb8bb3b8d62f4a307463aea,1,-0.0,0.0,social_media,1.0,2,ru,1,exorde
2ba501db441a995452093fdeb78944c9b7517fde0693253abdfbe9798133bfd2,1,-0.0,0.0,media_reviews,1.0,2,zh,1,douban
2ba9197218aa6edc4f2ea2ccc23379e191ab550d90d57ff9405697e57f2cc437,1,-0.0,0.0,news,1.0,2,en,1,babel_briefings
2bab4d101e78c7cab5c6aec0680195a816313140903ce5449106c017a0b07144,1,-0.0,0.0,social_media,1.0,2,ar,1,exorde
2bab559930bf76b02fbf51c564982282d217816023fa7c0f8541236a4283aa7b,1,-0.0,0.0,news,1.0,2,ar,1,babel_briefings
2bad31d61e7a368dae72e46a00c99f90b6d5e52e434bec1d453a26cfcd1d9740,1,-0.0,0.0,media_reviews,1.0,2,zh,1,douban
2bad47b4b3da15bebc46b1adb5de98b3a8e2b3f32a0b1a374c569422f3d96a3d,1,-0.0,0.0,social_media,1.0,2,ko,1,exorde
2bad7fc72c32a239389b64e1beb6c8a503a03f76bd0daf424665db91951768c3,1,-0.0,0.0,news,1.0,2,ko,1,babel_briefings
2bbf38ba6f5eefdab264790368bfc07207ebee93c72e6c6c77df732e569a34a2,1,-0.0,0.0,literature,1.0,2,es,1,spanish_pd_books
2be6496423e937a6286370393bb3d7d798c3688a898e14e9b7b533d511a52add,1,-0.0,0.0,news,1.0,2,en,1,babel_briefings
2bef5c5cae000346383eb309dd13d57dd12505554948c49bd628a7ec51b451c3,1,-0.0,0.0,news,1.0,2,ru,1,babel_briefings
2c012a77d79555da72312902016b0dc796538c6ffe7ed497a10e8d66d04b58cb,1,-0.0,0.0,literature,1.0,2,fr,1,french_pd_books
2c08a6ff6335b2864744ef04dfda150e42418859e4455ae064e903bcefee2c23,1,-0.0,0.0,social_media,1.0,2,ko,1,exorde
2c2bc6fbd0b8623511530b9d5b798c71b93e740c7c31312d65c9ebd1af747147,1,-0.0,0.0,news,1.0,2,de,2,babel_briefings
2c2e82ad188e15c422e5dd695f1bea48520b09a8c84d8428ad6a9fb94f05fc61,1,-0.0,0.0,news,1.0,2,zh,1,babel_briefings
2c2f0d5eb5706b862f943f5956f18df9b2ff841e0ae5d112da32b5953908243f,1,-0.0,0.0,literature,1.0,2,es,1,spanish_pd_books
2c2fb068a030f8f69bd388effa1354c41df8ad88bd2c2f5b8ac5d7f2cd2a87a0,1,-0.0,0.0,news,1.0,2,ko,1,babel_briefings
2c322f352d0dc9b95a00ab831f4451a306c3292c01c07479895b0663246143ee,1,-0.0,0.0,social_media,1.0,2,hi,1,exorde
2c377f33a818246c84b400b23529713720406ecb4243be0eec096bccd180fcd4,1,-0.0,0.0,news,1.0,2,en,1,babel_briefings
2c3cc2410e44799bb325b814b056ac187994fd99464f1dcd6f57e6d6a6751fc2,1,-0.0,0.0,media_reviews,1.0,2,zh,1,douban
2c418fddc41c84c14794061f8b7d4c79a5dd761ceeefcf314a86ff9ba80a3fd8,1,-0.0,0.0,news,1.0,2,de,1,babel_briefings
2c4c5c9e983c636d420499fd33f679a528e9892d600b0c12ad003ac7ccc5c295,1,-0.0,0.0,blog,1.0,2,en,1,blog_authorship
2c4f2ed5a9cbb9c22b44b84506cab81e8dd3cc5a68d06c84e12934d3e482351e,1,-0.0,0.0,blog,1.0,2,en,1,blog_authorship
2c5ba095d2690ada7650505170ee773e376f997e34ced7608b49683ef1d6053e,1,-0.0,0.0,news,1.0,2,ru,1,babel_briefings
2c62d36a518f3ebb7fb4b654404c6c96ebd84154873bc6eb54f764a3d81887a2,1,-0.0,0.0,news,1.0,2,ar,1,babel_briefings
2c6502188171e885385baa058eafe256790ea1a098c105955d71b08acb0dc96e,1,-0.0,0.0,literature,1.0,2,es,1,spanish_pd_books
2c7f3d4e3f93d2226b9c044b8cff3772b5e70ffdb1fbd42a8fd5f2073a43f5fb,1,-0.0,0.0,news,1.0,2,en,1,babel_briefings
2c83c9567e54ba4c3cf3a24f512383f66571c008e82b5979848a81381c9e7798,1,-0.0,0.0,literature,1.0,2,fr,1,french_pd_books
2cad5bb92b6738c41d2f38317eea93f59d3d3420acee00465c7dde22e9513a47,1,-0.0,0.0,news,1.0,2,ru,1,babel_briefings
2cb3df4475c388bd742b5bbd92262bf8139251dcc7dbfe1992042cff7343b923,1,-0.0,0.0,news,1.0,2,en,1,babel_briefings
2cb427dcc6254629bc092a128190083a72354d24465c527cb553f2b00eec3d5d,1,-0.0,0.0,social_media,1.0,2,ko,1,exorde
2cb92f60bb519eff9b0a59cdd0f9ec95fc15aa99773a071bbfcbe24c55323400,1,-0.0,0.0,social_media,1.0,2,ar,1,exorde
2cbf99a2bdd8c4edb06bbb16ed664da814f8d087492c63661a50b5ae151a9091,1,-0.0,0.0,blog,1.0,2,en,1,blog_authorship
2ccf162468a335f5f54607abd380223b6698ba4c06ee07398ecdc6439e9149b2,1,-0.0,0.0,social_media,1.0,2,ar,1,exorde
2cd35b11c8b911e697cb21b5ebe8f703b8e47d81e0db29a2b852fcd311ce9a90,1,-0.0,0.0,social_media,1.0,2,de,1,exorde
2cd52afaf07ade5ecb88779c29038f8ff1cf7a71caf6888855f347785730fe1a,1,-0.0,0.0,social_media,1.0,2,ar,1,exorde
2ce7ac45bb6fcc7021374988027fecc22702655e2f977b5e3c18bbbbb94f2e13,1,-0.0,0.0,social_media,1.0,2,hi,1,exorde
2cf9b62a1c486f8893b9cfaca2cb68fc9f8fcad35d788175bb9dd73c7da4ec45,1,-0.0,0.0,social_media,1.0,2,ar,1,exorde
2d0c2843e46a0dcf9f4ed2826493609fdeab1e11343c68384feb94055eb9d666,1,-0.0,0.0,literature,1.0,2,ru,1,russian_pd
2d0f361d46711429a21c19b552279ef948a5d21f8dfb366a5e508704dd4ee800,1,-0.0,0.0,social_media,1.0,2,hi,1,exorde
2d1f59e5b3be38924c9130794338df1deb88a7d35dd6d641dee0ae34170a4017,1,-0.0,0.0,poetry,1.0,2,ar,1,arabic_poetry
2d2180f1bc3aeef0c265b90491188caaba15e40c7bba8c17270a08b10d509d38,1,-0.0,0.0,news,1.0,2,de,1,babel_briefings
2d25571677874c2d33d9c480f818e419981dd3560cb5a7bed9a01971a335d8f3,1,-0.0,0.0,literature,1.0,2,es,1,spanish_pd_books
2d271b6f2b5804b857801f4fe989c6c217225ceb9f4f450fd27fefd92c5ac873,1,-0.0,0.0,literature,1.0,2,ru,1,russian_pd
2d4906794fa084ed3b772836204f80ec47656b68f71c5e51a8f9a094ed476223,1,-0.0,0.0,social_media,1.0,2,zh,1,xiaohongshu
2d52b9a38d0983d9f46d2a512cda44763daab39f36e6839a78dd221c4581c854,1,-0.0,0.0,news,1.0,2,ja,1,babel_briefings
2d677469505fe06032932ec383d719eb7be2626978a43b8f75dc42d49526eb07,1,-0.0,0.0,literature,1.0,2,ru,1,russian_pd
2d6ddf22651c8900b8e9fd330340b563dce838c3d3ea8e937263532d900a9daa,1,-0.0,0.0,news,1.0,2,zh,1,babel_briefings
2d70954c94db52356dd4cad7a0b14070f0bab12ffaf5846782ece8f75dfc7eea,1,-0.0,0.0,social_media,1.0,2,zh,1,xiaohongshu
2d79be25dfb48654612ff0d08a57281e2b9e5db6442bb1ca9b55a999081aade3,1,-0.0,0.0,media_reviews,1.0,2,zh,1,douban
2d89434f5937935646f5d0abe4e8dca77cf1f6a3a22562774705c5d0242f6469,1,-0.0,0.0,news,1.0,2,ru,1,babel_briefings
2d8de12dc96fea5a514868ed92413eb203f35e7fc4f2a8354f9dfacb3ef8dfcb,1,-0.0,0.0,literature,1.0,2,es,1,spanish_pd_books
2d921aaa253073b0efaa74b214df2716460f4984a45896e56318c0972722d12f,1,-0.0,0.0,literature,1.0,2,es,1,spanish_pd_books
2d93f27491944e28abcebd7ccf11e9e13d08aa1e29b1e80179ff17305d1b7d4c,1,-0.0,0.0,literature,1.0,2,fr,1,french_pd_books
2daaab0dad17da06b602c192f9a1063da7412a668d653d633053db9ea69bb661,1,-0.0,0.0,news,1.0,2,ar,1,babel_briefings
2db58c44ce5031f316f224ac3ca7bec5b33136c9d677eed037cf9cfd46b032b4,1,-0.0,0.0,literature,1.0,2,ru,1,russian_pd
2db8bd84a7989f7809e50b6c94e2f2d5b1c0035ac2f368c077256347fc03b47f,1,-0.0,0.0,social_media,1.0,2,ko,1,exorde
2dbb1884241d844c9814aaf9cb538d9b514903eaa2f9dbe179331e6195bdaebe,1,-0.0,0.0,literature,1.0,2,de,1,german_pd
2dcce1246a3c7672616f0f3164bea18692e4a292fa91fc093d70e4ef17941327,1,-0.0,0.0,news,1.0,2,ko,1,babel_briefings
2de9778b89edaabc16f08173e3a500809ce43f2992f5b7b5c6a8e6de2ea06d85,1,-0.0,0.0,literature,1.0,2,es,1,spanish_pd_books
2decaec330c39d38878c4ded044d7d33c00dea76fdad718b198155680e43bdec,1,-0.0,0.0,news,1.0,2,ru,1,babel_briefings
2deff941b2edde0d22bd4f63306d64316d21b442ab05e619f547c43a35f73a96,1,-0.0,0.0,news,1.0,2,zh,1,babel_briefings
2df10c700d7d182e71900925f332765b102127c370f618bda8408c7d7533114c,1,-0.0,0.0,news,1.0,2,ru,1,babel_briefings
2dfbf6ce6b85c7e0d2e142c80d82ae794d5eeacc6cd8d093b6f84b9cfe08b2b8,1,-0.0,0.0,social_media,1.0,2,ru,1,exorde
2e0434e6e5083241836a340d8e2be8d22cdb58f4be0944a551ead0f13f56e815,1,-0.0,0.0,news,1.0,2,ar,1,babel_briefings
2e0cfa53b645fd55002171d38c08ba7d68e2ae4654dbdaa930ed1234426c82d9,1,-0.0,0.0,news,1.0,2,ko,1,babel_briefings
2e1822b961d1d7aaac96d2c1d37de7571f5fe2a4ecbf5a340a0cb80d64f0b573,1,-0.0,0.0,media_reviews,1.0,2,zh,1,douban
2e2226355ec2e2e2d8d674cc67abb10aacd06f48305ffa0046de50ce76d710f1,1,-0.0,0.0,literature,1.0,2,ru,1,russian_pd
2e32d3aab3047d43aa9577249b276867a6c77cb73360918479a603e263e23565,1,-0.0,0.0,news,1.0,2,ko,1,babel_briefings
2e348f7d06b6d079dd516603950782cfb9155e9e4ea42369dd327fc4cd5a9705,1,-0.0,0.0,news,1.0,2,es,1,babel_briefings
2e3dcff57900aaf1fc553098608327251781916f9a24ea752e289da8bd662e97,1,-0.0,0.0,social_media,1.0,2,ru,1,exorde
2e501bd24b44953e03277b6044c82be3107670ad829f3bf026860d3ef0527e34,1,-0.0,0.0,news,1.0,2,ko,1,babel_briefings
2e646cc97818e93e24b05b686025bb5d84020f259da92fa386d90aed56b1169c,1,-0.0,0.0,social_media,1.0,2,fr,1,exorde
2e67a2b1af6acfe24399d7866a8854f8f4c0787b198cb1cdb59a27770da755a1,1,-0.0,0.0,news,1.0,2,ja,1,babel_briefings
2e75a8dad9946a4a00b32a27c9d480465c28571bcff91b4c61e2dfb48f39b154,1,-0.0,0.0,literature,1.0,2,es,1,spanish_pd_books
2e787fad7f89a618af9550a3d80d7a2b0b9520d2b1d58a7257106a29a8d742e0,1,-0.0,0.0,media_reviews,1.0,2,zh,1,douban
2e89759c110622b96006b584c61175b440e091922c6ea68ab07e30f3fd7d0b2f,1,-0.0,0.0,social_media,1.0,2,hi,1,exorde
2e93ce74a1bae2beb1e000fad77647cd067d32898829b69bb7ea17dd90b72075,1,-0.0,0.0,social_media,1.0,2,ar,1,exorde
2eab56107391f8db5d6a5bd0e51b1d5746da22a45fc09d6f650b029ea54186b7,1,-0.0,0.0,news,1.0,2,en,1,babel_briefings
2eac4fe795ed765ee233d786fbaec758470c30c11f5cf22b83f945d709ca0bcd,1,-0.0,0.0,literature,1.0,2,es,1,spanish_pd_books
2eba11cecaeab79f964f9e8622fb09922041d408b19d4b6c0081de9d45b26afa,1,-0.0,0.0,news,1.0,2,zh,1,babel_briefings
2ec3e3619142917f4db02b90f1890713957b8eedb398defc339731780a010419,1,-0.0,0.0,social_media,1.0,2,ko,1,exorde
2ec61c8e23c7325835ecb9c2ba1833fc2e09f45cc4edeb7f8d01e36be67e5d6d,1,-0.0,0.0,news,1.0,2,en,1,babel_briefings
2ecc63023ffc245b3b61850f8136449a7f80b855f448db5acf577030273de91c,1,-0.0,0.0,literature,1.0,2,es,1,spanish_pd_books
2ee572a307469ae588ce536f784502c1839348ffe9435e69bb088187ca4d78d8,1,-0.0,0.0,poetry,1.0,2,ar,1,arabic_poetry
2ee6082e3d0980323a626c3791edec9f89296556ddc982411dbca1478f4e7579,1,-0.0,0.0,news,1.0,2,fr,1,babel_briefings
2ef2ff089c72631605253ec982a0c9ecf2ec4187e32a67d5a57b406efd5e2d1d,1,-0.0,0.0,literature,1.0,2,ru,1,russian_pd
2efad85b4517115005b457afa1e18ff0aca961c2913bcdf123dc59e047a59fdd,1,-0.0,0.0,social_media,1.0,2,zh,1,xiaohongshu
2f01a5441c4a179cbc03a7b4d1456d2c1a4c766b4c2ea18160e7edf5d89e4b44,1,-0.0,0.0,news,1.0,2,ru,1,babel_briefings
2f0516a1c2ca007c892feffd6bf30c96bfb42dcfce1b044545672c746fa03f3f,1,-0.0,0.0,social_media,1.0,2,ru,1,exorde
2f2ccad91f57da50d1cca8bcd142c7842eff09cf3c38452cf57b7183d0dd8e26,1,-0.0,0.0,social_media,1.0,2,de,1,exorde
2f4d476e309b9eaf8c5f56d67e526a2b1f2b0ddb14fd4e695c6e67c57a6effda,1,-0.0,0.0,news,1.0,2,ja,1,babel_briefings
2f4d654eb87ddcac4f3c2cb5e9eb32a056e3e6157dff072adf0c7e19b6e2f783,1,-0.0,0.0,social_media,1.0,2,ar,1,exorde
2f5c9962b738c9effbb6d2804faeebf8521f7e70e0612e319a1f042eaeab5fcf,1,-0.0,0.0,media_reviews,1.0,2,zh,1,douban
2f6bd82e8ef3f10b6e051c75a63f4f722761b22a63be506a26fdaa6c27d17d98,1,-0.0,0.0,literature,1.0,2,fr,1,french_pd_books
2f70f229ea6df306f1b05d327dc1007d7b00dd493dea4332402ecd5b1da0d25c,1,-0.0,0.0,social_media,1.0,2,hi,1,exorde
2f80de6218f74f52cfa916fff6291e53e4d86461cda494c9819d3e2ece7f2bdd,1,-0.0,0.0,literature,1.0,2,de,1,german_pd
2f85eacc3235d9baa09dc8183404c68cfffac3487b87b600d308d96205c143a7,1,-0.0,0.0,social_media,1.0,2,ar,1,exorde
2f8e0f4ed34d10243f7ee628a543d0ec67cdc257aa34c89319a1178eb85ae9ef,1,-0.0,0.0,social_media,1.0,2,ko,1,exorde
2f956350867198bcf3b5132ca49f0395f6d3c83567be36315927628d30a90f9e,1,-0.0,0.0,poetry,1.0,2,ar,1,arabic_poetry
2f9a9ac563cf7363e258b8d35a5ffd34a0e5e1a5e7c84cc50ccab8f2706130a7,1,-0.0,0.0,news,1.0,2,ru,1,babel_briefings
2fa1f0fe382cfd18fff04b92c644c30ab3b63fedf8fc4f2f0c9e4af9d275ed2f,1,-0.0,0.0,social_media,1.0,2,ko,1,exorde
2fa9e1f268be59bd032754c116f8a7123f2ec4c8f1d9892f44017cb2fe1f5715,1,-0.0,0.0,news,1.0,2,zh,1,babel_briefings
2fb72da1f24001074d0aa59a43b72fb93e6afadab945bbcfc3eea219af948534,1,-0.0,0.0,news,1.0,2,ar,1,babel_briefings
2fb9b095e9ff12d3b12a7b8f2392da0c8c33fb6be3378b5da7d8df5ec44dd657,1,-0.0,0.0,literature,1.0,2,es,1,spanish_pd_books
2fbcc68187cf4537710c707e42719b1bfa9a29fb32c87664e0386050f6d8175c,1,-0.0,0.0,news,1.0,2,ru,1,babel_briefings
2fe2812954f95ab2f8495a7302994d8708beb03505b88b8aad0bc7f1f7eb81f1,1,-0.0,0.0,news,1.0,2,ar,1,babel_briefings
2fe38cf80405e057ad34a9be297c50ac55169345e437f306327605960480dbef,1,-0.0,0.0,news,1.0,2,ar,1,babel_briefings
2ff6d2e95df02b13a2d18e700b1871f2baa49aeb47d12145035ffdefc2ba09b2,1,-0.0,0.0,news,1.0,2,ar,1,babel_briefings
2ff88977258d6566989ea69993d88d537466f5d0ab174b8fdf7d38cb68c982ac,1,-0.0,0.0,literature,1.0,2,fr,1,french_pd_books
30097f55280f123c328b50ad42c493bebdc13cbbf8b0329ffc078aacbf216a00,1,-0.0,0.0,poetry,1.0,2,ar,1,arabic_poetry
300eaaaf0e84a68a42db9abee4c22cab0af7501051744184e9d6634ad3e48261,1,-0.0,0.0,news,1.0,2,ru,1,babel_briefings
3012a23a2c96a9f2b01be815b93ecb8014110823fac43459bd464735a23c5453,1,-0.0,0.0,social_media,1.0,2,ar,1,exorde
301f8c352056f74986bef59a224de72d8a7a2b60b8d40f587cdc422c88339030,1,-0.0,0.0,social_media,1.0,2,ar,1,exorde
3020577ee644cc970255cbc302912ddb52727dbd15fd0f5f38cc31990b3df85d,1,-0.0,0.0,literature,1.0,2,ru,1,russian_pd
30273fcda8be38821923ee46ea6b4f005672d3b663ef4b99819705a3eddaab8a,1,-0.0,0.0,news,1.0,2,en,1,babel_briefings
303bf13e363618264f7c6ff2beb62b71051589db25ebdf31c30c3fe800d8f0fa,1,-0.0,0.0,media_reviews,1.0,2,zh,1,douban
3066a2e82672f4d2dd941be07c9de19199671df633755334e4e370251b27d003,1,-0.0,0.0,social_media,1.0,2,ar,1,exorde
3068017dce5bdab2be92e3e6ce0124c7896731e97eb7d01a1b31b1a027548fc7,1,-0.0,0.0,poetry,1.0,2,ar,1,arabic_poetry
306e222ec2f4dcc10c62a30e9c1f2b976695804a7e8cbd3486297423676dc8fe,1,-0.0,0.0,media_reviews,1.0,2,zh,1,douban
306f8afef6c5bd239555202bbe90e0e87bed499eaae1e5a9ac4ddafb8195c2b3,1,-0.0,0.0,news,1.0,2,ko,1,babel_briefings
308ad92d075e6703d8797daeceefc3273c925253c8037996a566b2511ff67021,1,-0.0,0.0,social_media,1.0,2,ar,1,exorde
3091c13419df494c8279191419e2146f2dc30577cb66089c069c293356ac272f,1,-0.0,0.0,media_reviews,1.0,2,zh,1,douban
309cdde93fb950a90ceb3649afd4277fee56a0560bbb1a07e517ab7e8cf03154,1,-0.0,0.0,news,1.0,2,ar,1,babel_briefings
309d8495150d933986d84045ae87ca93b5d7278fd9679b1bb5fdeda93c2247e1,1,-0.0,0.0,literature,1.0,2,es,1,spanish_pd_books
30aa6f9c3b75e1edb53d8b7584d2edf73057f1c980b6c16c4b4a1e27c615392c,1,-0.0,0.0,social_media,1.0,2,ar,1,exorde
30c235b0f68be5241bb5bc7883e7c2b27c3cce75c60b83fb22581bef25216fa4,1,-0.0,0.0,social_media,1.0,2,ar,1,exorde
30c90c377ed778d8399df4fb592829aabcb18518cf054f344e1cd64a9da9dd85,1,-0.0,0.0,news,1.0,2,ar,1,babel_briefings
30cb0b188f788162577058c70d4268fd9d02b288252ad8e9bd6c3d4fff428a32,1,-0.0,0.0,news,1.0,2,es,1,babel_briefings
30cc17ea543adcf9247f6c427efcd9497f2475d397982964c2d2eb659e2ed875,1,-0.0,0.0,news,1.0,2,ko,1,babel_briefings
30d058442afdb8aa62aa8317f3a85e185ca26908c6112b5103565e729071f5ae,1,-0.0,0.0,social_media,1.0,2,ar,1,exorde
30d2922fdfd1a8bacf709cb88c9bcde03af6115e2c031df6fec2d13592230007,1,-0.0,0.0,social_media,1.0,2,ar,1,exorde
30da06dd14aaa555f759fc645b3da42c7b92b64e20d45a4b0f8a74f645b85916,1,-0.0,0.0,social_media,1.0,2,ar,1,exorde
30e5cfab3f30cee397a2a588dd0e8caf5b56494f400eeaefd455aa9e0294d9be,1,-0.0,0.0,social_media,1.0,2,ko,1,exorde
30e7eb38cea042b5c2084f22da003dc43dd6e2a8a3fa3afc32a1a99ba8d0ef37,1,-0.0,0.0,literature,1.0,2,ru,1,russian_pd
30f4221e0e29b43f651ecd5db2a75d1cbf1e95eacfd3f8eb73d47b704813be4d,1,-0.0,0.0,news,1.0,2,ja,1,babel_briefings
31029e039a7f19fa32ff3af6dcd352d4f95eead6b3a437cc2654663ae9ccc66b,1,-0.0,0.0,literature,1.0,2,es,1,spanish_pd_books
3102ff1282e3ea9223a39514e6a99b87923970cd65b0bcd73c2a2d634e27f27e,1,-0.0,0.0,news,1.0,2,ko,1,babel_briefings
31041d4c3f7b83c1fdf53d621870733ff98bdac9e88cbd13be76b6aef1640314,1,-0.0,0.0,news,1.0,2,en,1,babel_briefings
3109eba2737af9498616a38296b039faaacabce1f3c71dc4b8c30ee1dea9b9de,1,-0.0,0.0,social_media,1.0,2,zh,1,exorde
311351bda41631582bf0bf304f3d1eb6f9ecf4301e639bda688653547c1519a9,1,-0.0,0.0,social_media,1.0,2,hi,1,exorde
31156c15f6be6a726b23e6385e403ad818256210e95a8e07a153eebe3f8f2391,1,-0.0,0.0,news,1.0,2,ar,1,babel_briefings
3116f558b5ef56a104fd849802d1a8ff333ce41054d9323af71cc55a2c52e009,1,-0.0,0.0,social_media,1.0,2,ru,1,exorde
312544ef97b4930f6221217d5c037507ef3c6beadd04ef41c02e5aff884b7270,1,-0.0,0.0,literature,1.0,2,es,1,spanish_pd_books
312ebf08d713e258f0360a1256c70cbc447d16d5674e45f154e4d16af944031e,1,-0.0,0.0,media_reviews,1.0,2,zh,1,douban
3133638108757f7154ecc630fc23a108d41afcab8260b26cbc6cf1f8d971c183,1,-0.0,0.0,social_media,1.0,2,zh,1,xiaohongshu
31403b228ce54addc4a7c413bf021aa21a8ce584e9e2ead7adc6fcf13c283a14,1,-0.0,0.0,literature,1.0,2,es,1,spanish_pd_books
315c21c6856cae7a4c426d88469a08f8577e2d15f452aa8930273e8bacfe5d53,1,-0.0,0.0,literature,1.0,2,de,1,german_pd
315dd434e242c202a970d4f35860337a51e69b13e802b08576d34c2e15dc270e,1,-0.0,0.0,social_media,1.0,2,ar,1,exorde
316cb907354544202e401a631fe945085df0ddce5a0fdafbeef99e0a358f0a3f,1,-0.0,0.0,literature,1.0,2,es,1,spanish_pd_books
316d501bc73513242e8d0db2d9a2c303b8b45a238fbc1eeddedb5d79ad64b0e8,1,-0.0,0.0,poetry,1.0,2,ar,1,arabic_poetry
317124989eff4f31d249ab49cb5727a4dd86c5a7d5f604bf26a8283d6fe2247e,1,-0.0,0.0,literature,1.0,2,ru,1,russian_pd
31726aed8d7b9e51d4453f9858360d2f4cd5e7fdcceebc7e4851f1f85f70fbf0,1,-0.0,0.0,poetry,1.0,2,ar,1,arabic_poetry
31780474ba3968c06e803bdbd3c88cbbe4fc06f5dc2f114cfbc16b7bee87c5d5,1,-0.0,0.0,news,1.0,2,ru,1,babel_briefings
319297af47471ee1e642f50e4612061388fe0c136a0ab0f0da4efa377f5a15d1,1,-0.0,0.0,literature,1.0,2,ru,1,russian_pd
3194fc0d5d1b6d95a2016ef2774049541b504581778c55934cbda84c80b1fdd5,1,-0.0,0.0,literature,1.0,2,es,1,spanish_pd_books
31ad507ed5b1966fbfca62e0b6130a200af300be7aae1bbf3e4c906e6dafee89,1,-0.0,0.0,news,1.0,2,ru,1,babel_briefings
31bd2e7ccaefb104dcd695593aaffe7e9e9e6f484b82528149805986270bc778,1,-0.0,0.0,literature,1.0,2,es,1,spanish_pd_books
31d7d51c87f3a5cf0b4d1d4a8c4781f825ccbdbd6bdfa5705a32acc5dc39e047,1,-0.0,0.0,literature,1.0,2,es,1,spanish_pd_books
31e7c7cacb9003165f1679beaa84b84df5aa24c057c30bd46c0811f76074b671,1,-0.0,0.0,social_media,1.0,2,ru,1,exorde
31f20925131f0f60cffb24fe9d305994121b2be5a75a8b6bd43ff3603dce9f77,1,-0.0,0.0,social_media,1.0,2,ru,1,exorde
31f52d3110ee8e9aa548bb905074d2d8678bf861c490d826bb0580b2a310ff68,1,-0.0,0.0,social_media,1.0,2,zh,1,xiaohongshu
31f88db3cdbbe5cd08953361ffe78492112d055fa8aebb2f90e26d699b7829eb,1,-0.0,0.0,social_media,1.0,2,ar,1,exorde
3201d7bd07a003943cacac7f1eba00c09eb9c0008a9d49d6420b3b061a95e6ae,1,-0.0,0.0,social_media,1.0,2,hi,1,exorde
32042ee4df6280d035e19f4f562782e20fb03737e454c9976338bcc4eff3368f,1,-0.0,0.0,literature,1.0,2,es,1,spanish_pd_books
32059f55a0fb9cbdd650951303d298d970f7b794a0bc3804a673bbb2dc9c2751,1,-0.0,0.0,blog,1.0,2,en,1,blog_authorship
320729b5a24439d50dcf8e15981b3c7b67c9a0cd9595bf2fb06945019872e786,1,-0.0,0.0,literature,1.0,2,es,1,spanish_pd_books
32076bf06a548b9bdef413519862ad4c197d3caf0005cb43e772a3e4bc8bea23,1,-0.0,0.0,social_media,1.0,2,ar,1,exorde
32215ec9b78b583c061bb4d1f8a42175ec38199f51a0381c5b7ba9c14b22464b,1,-0.0,0.0,poetry,1.0,2,ar,1,arabic_poetry
3222cb5154c815fbd3c5d98a44eab7b500ced685574108c9ca76c2a38ae84ee0,1,-0.0,0.0,news,1.0,2,ar,1,babel_briefings
32250fc99f9ca23fdcb25509d053aa9ebd493e395eea8fd4e764c02f95c6dbdb,1,-0.0,0.0,news,1.0,2,ar,1,babel_briefings
322c6bc336f89af8417c5cf1d7f908ebe3878860ee11c7e00421d34efc43c0a5,1,-0.0,0.0,media_reviews,1.0,2,zh,1,douban
32310f093e94e371ad4cd0219e3ed24302d7006f71219b7ec368862c817324a1,1,-0.0,0.0,media_reviews,1.0,2,zh,1,douban
32333767cc48c72dd8809754c2a11be4850b4901e14fed90de7cbb4c36cb928c,1,-0.0,0.0,literature,1.0,2,es,1,spanish_pd_books
323b2bb122dfa31d694a03b0e2e304743271fdc8526f59f03f3e8709e243ea75,1,-0.0,0.0,blog,1.0,2,en,1,blog_authorship
323c87d47653a3d7cc9c7edff3c5d69b03ad215205a6fbc1e5be0747f4f9636e,1,-0.0,0.0,poetry,1.0,2,ar,1,arabic_poetry
325258992675b890992b4693d3c1f1730623702bd52760ede9625f0a093eb2f2,1,-0.0,0.0,social_media,1.0,2,ru,1,exorde
3255ee313ba1e0df974581d146d0496e1a371c9ae37e63bb9e8aae6be5432229,1,-0.0,0.0,literature,1.0,2,es,1,spanish_pd_books
325b7887374f093b692efebcf815779cf19d94d2ae781bbbf5661fb87df175c7,1,-0.0,0.0,news,1.0,2,ar,1,babel_briefings
3262b543f22823971041d089fddb46ec77ec43fbe98e4ec1fab2a7225ba4c4ea,1,-0.0,0.0,blog,1.0,2,en,1,blog_authorship
32678faa6c95fbd39f6ea9782c26d4e905e0a6b7f44e2ee532c44c3ac42236ae,1,-0.0,0.0,social_media,1.0,2,ko,1,exorde
3270b369a12839316c9e5b366148afb098ae7a106bd4dbf7ca95afbe495c11ab,1,-0.0,0.0,ecommerce_reviews,1.0,2,en,1,amazon_multi
327bba17036184e5eb311e02098acc457206d8372ba1c321833b1bfd78de8b1e,1,-0.0,0.0,social_media,1.0,2,ar,1,exorde
32841f05e33b33a438ba24599b0d16675516c39967e73666e7ee60cd562f4e21,1,-0.0,0.0,social_media,1.0,2,zh,1,exorde
328c46d344441df646ac81453049a7cc9e34855b773e57d191f05d29543376c3,1,-0.0,0.0,social_media,1.0,2,de,1,exorde
328c8f530ef1df1d4bea2dc77efbc324502ae1a589aad218338feabb8d6e0ad9,1,-0.0,0.0,news,1.0,2,ko,1,babel_briefings
32ac0ace20e38108c5629f006160c25ffd8b399083ecfa28d459c1bfdc07d6c8,1,-0.0,0.0,media_reviews,1.0,2,zh,1,douban
32c88497ecb1b4d8d7e5daf93bb41a68433c810509f43efd3d5b6f11fa30a077,1,-0.0,0.0,social_media,1.0,2,fr,1,exorde
32ce0d838ff3e170b2ffda5a79d2ba4ff6bc9f6cd9ec6a0ae4c6ff20a0297969,1,-0.0,0.0,poetry,1.0,2,ar,1,arabic_poetry
32cf9fa2ac5dbadf54c32df3f562ea9dc1ca0033804b07530be79e923660283a,1,-0.0,0.0,social_media,1.0,2,ko,1,exorde
32e0cc4d45e912170cd4081936592574f55196f855016df618ed32fd470bacdb,1,-0.0,0.0,poetry,1.0,2,ar,1,arabic_poetry
32e0d5ee7919b7bb38bee5d4898be5b4996366429332da7593a2f8b3c3d70f41,1,-0.0,0.0,news,1.0,2,ja,1,babel_briefings
32e53132ace4d801748e69254319df232debf037f977aae9998c4d19edf4a140,1,-0.0,0.0,news,1.0,2,ru,1,babel_briefings
32ea65cc1ade8819f85ffdaeee82955c3c8a08d4aebcf22efbb6ee8f4a174127,1,-0.0,0.0,social_media,1.0,2,ru,1,exorde
32ee4fe93c9298ca793e2f190692d40b95c2e3b447b85cc114c9d1cd9280d698,1,-0.0,0.0,blog,1.0,2,en,1,blog_authorship
32f3e0ca40d1d52e45243479824eb7da55adb5a0c77449506a84cf4552c31958,1,-0.0,0.0,social_media,1.0,2,de,2,exorde
32f5d4cb6b95c95d603ba8750aa66eb562d433b3a8491484276ffcf58a3dc4db,1,-0.0,0.0,news,1.0,2,zh,1,babel_briefings
32fb784e990270db0019a5367094aafa59efd6275b99c094f62c47936ef6255d,1,-0.0,0.0,literature,1.0,2,ru,1,russian_pd
3303a9d28bf568e8e4ef420dcb128632d1c6f6280e02e58810bba672634b39bf,1,-0.0,0.0,social_media,1.0,2,ar,1,exorde
3304bb16f9c6e84a498429592d5e1c8d1dab9a78f80b7ad6fcfe97d1e90eb844,1,-0.0,0.0,media_reviews,1.0,2,zh,1,douban
331d6a429a93f8994a79d116df88657e89096799eb7717b3a42a2795c0836b5a,1,-0.0,0.0,social_media,1.0,2,hi,1,exorde
332034cc7f656dde60ac6be719c52663093576bcd1b4c345c7dffc2b369b556a,1,-0.0,0.0,news,1.0,2,ru,1,babel_briefings
3320fe5fba62e4174f61a2b7cdb3b321e7d82854723edd1215c11cc7b0682786,1,-0.0,0.0,news,1.0,2,ar,1,babel_briefings
332cac5d0c311126ac9532b562c3c495bd307cb230b11b024996110495eb8825,1,-0.0,0.0,blog,1.0,2,en,1,blog_authorship
3346689e770b46212e2b9ed96ce3c4928f2cfbcc12f57e3dfa4b65494c001e2d,1,-0.0,0.0,news,1.0,2,ru,1,babel_briefings
3347f0865ccdcb7aca76c9e6f824a699e73dd62e84811162b43a9f10114e8059,1,-0.0,0.0,news,1.0,2,ar,1,babel_briefings
3348465a451aa18daa35f292dc4b8f2277f626e9daf1a528ca81c29c660b29d1,1,-0.0,0.0,social_media,1.0,2,ar,1,exorde
334b0c16dc82657a0ffa09a59f65eee41395b8c9b49783321051edd74adf60fd,1,-0.0,0.0,blog,1.0,2,en,1,blog_authorship
3354345764c4b964eb278d2528554f88a9c962105a3c065a9bcb8631ee974df0,1,-0.0,0.0,news,1.0,2,ru,1,babel_briefings
33552526d1aa3d8db939c283cdadd7e3d1bf414e525bb4e46279fce6e8de0237,1,-0.0,0.0,social_media,1.0,2,ru,1,exorde
3356bb3b737746661a44768c261642a9e3847ea5d3ec2fc08397028632baabed,1,-0.0,0.0,literature,1.0,2,es,1,spanish_pd_books
336add4291565940e74d0bbc866b8b9ab5c3e2f619009231185adda91c2fd0d8,1,-0.0,0.0,literature,1.0,2,de,1,german_pd
337f32e7f4854bef39e7c44735c7345d26498930a5eddfa77701007ff563ea57,1,-0.0,0.0,news,1.0,2,en,1,babel_briefings
3385a7aa3b372580632fbb555684ca5b566631b3c7ab7eaeef212444043362c2,1,-0.0,0.0,blog,1.0,2,en,1,blog_authorship
338fcf62c29cdaa57805727b3a066a97cb7cf5bc87c5b7d8e61efd38d7274d8e,1,-0.0,0.0,news,1.0,2,ar,1,babel_briefings
339c8b7ac8bfdff3cc29ea47b7f41183ceb3fbf17517ee62b26972bf462776f4,1,-0.0,0.0,blog,1.0,2,en,1,blog_authorship
339e61ad06e2594184afb86dfa28efecf24adfea50b7f211ca49d131a9017ee0,1,-0.0,0.0,social_media,1.0,2,ru,1,exorde
33a8af323f78e1a072d9c9680ac7db08f0ed20b5dc830d83b48fd70d4d4f935f,1,-0.0,0.0,news,1.0,2,ko,1,babel_briefings
33b274c439b3091d6b47dfdc67c7d2193cf298b4106601c1ccc64a25e25b2ddf,1,-0.0,0.0,blog,1.0,2,en,1,blog_authorship
33b5d3250043bca021e457bd56f7fc15aa4a2cbbb4388d6dd1a4f44b05bd75b5,1,-0.0,0.0,media_reviews,1.0,2,zh,1,douban
33c15d3f8d8a181656f38b5325f1b2ec64345b0181f76b728dbed92de1ecd298,1,-0.0,0.0,news,1.0,2,ko,1,babel_briefings
33c37d99c97834b82771c5de8e102dae419c3886356affa011407d2d80a99f18,1,-0.0,0.0,blog,1.0,2,en,1,blog_authorship
33c4e2b8b45085b23edfc13fb518ebc4b354dc3ef4d3cd0291e3a52293ab0d20,1,-0.0,0.0,social_media,1.0,2,ko,1,exorde
33cdf417fea1c6dd8d10a19903eb5826140be259aaac9cf4df29f69a0adb4394,1,-0.0,0.0,social_media,1.0,2,ar,1,exorde
33e61a3f16ddffa68f17d51a644e800fae51e95c191815ff2015091d9ca785d7,1,-0.0,0.0,social_media,1.0,2,ru,1,exorde
33e7206dfc891a57e1ca69c835a837db5621978819a2686c3a59eeb72deb0f3a,1,-0.0,0.0,poetry,1.0,2,ar,1,arabic_poetry
33f9a4fa26255f624154dc51c83134bee6e6100d016e3bf37fd836e688aa5d4e,1,-0.0,0.0,media_reviews,1.0,2,zh,1,douban
33fd6ef57cbcc51de20dbfcb0e2514f88e905f047f436dffd5af613da8ec12f5,1,-0.0,0.0,poetry,1.0,2,ar,1,arabic_poetry
3400baf515470094b456a19e0fd75d4ba914af3845236492abb81faeb0518caf,1,-0.0,0.0,media_reviews,1.0,2,zh,1,douban
34021cb233aaab97afcfb5d2be3c932394ded68881bc163c4259cc4f9f06bf5e,1,-0.0,0.0,literature,1.0,2,es,1,spanish_pd_books
340385f741424520915a692a184c810105bac66b2a35099a81be04d36c62cb9c,1,-0.0,0.0,news,1.0,2,en,1,babel_briefings
3409ef078f15a0007586a78964a878e51b2065ae90c95d27ae7bc596ed517696,1,-0.0,0.0,social_media,1.0,2,ar,1,exorde
34127efed50e83ff03a1e10652526743d0330fdb6e63a24a3750fea971d8cd8b,1,-0.0,0.0,social_media,1.0,2,hi,1,exorde
3418a3c073aaff517645bbd1ed60971d9dc5e357858b4b1a2b0a67e0b84d64a0,1,-0.0,0.0,social_media,1.0,2,ar,1,exorde
341d55c254729cf591554b0bda32e8b014abd9a1a6c5fda1caeca39f5af9f68a,1,-0.0,0.0,media_reviews,1.0,2,zh,1,douban
3433908a944bda170487ac6227d29dfffb207338641057e3154272228ad4bc74,1,-0.0,0.0,news,1.0,2,es,1,babel_briefings
34402881115d043078a7b5c9d92898a856c8b40c78c76c4a228db4d0d044e159,1,-0.0,0.0,social_media,1.0,2,zh,1,xiaohongshu
344490650284b6fdc377e30e6319b4fe005cec29751cfc23ede7a21ccc0d16b6,1,-0.0,0.0,poetry,1.0,2,ar,1,arabic_poetry
3455e0eb89dd9426457891826f24b65564d0eeefb126df702ae3ae60534fcec3,1,-0.0,0.0,media_reviews,1.0,2,zh,1,douban
34737b172caab79e68efea6b66908a52dae80d959a35a2fdbb04f7aa7b2c28b6,1,-0.0,0.0,social_media,1.0,2,ar,1,exorde
3481d1f29c2759a53c3a3c803cd241c9a1d20c9889bef593b6b732fd30f388f3,1,-0.0,0.0,social_media,1.0,2,ar,1,exorde
3482c9d236dd1bdccb0e081fbb780ba97850f23e8be4ffbcd61e65a498f671cf,1,-0.0,0.0,news,1.0,2,en,1,babel_briefings
348b83de4716bf11b967b699f98425ce8e8cba45eb227c1100626ea5875a9771,1,-0.0,0.0,news,1.0,2,ja,1,babel_briefings
348db691da76f01c0c41cd7a832ed82cc28a789def0464b270da8f5413dd736f,1,-0.0,0.0,social_media,1.0,2,ar,1,exorde
349f130f9087f24f68f332c7ba2a3b3ff8f15fa590ae3870f2bbdf1bb5f4a356,1,-0.0,0.0,media_reviews,1.0,2,zh,1,douban
349fbb8ca04f377b4b1926a4dc3ea6fd7f72dcdda2e44aa5da3cb665f8a2ad1d,1,-0.0,0.0,blog,1.0,2,en,1,blog_authorship
34a49f9f6ed9a0de01b5ec1a65cb40b2a7cee468b395dd2730f3d2b316c56cfe,1,-0.0,0.0,poetry,1.0,2,ar,1,arabic_poetry
34a8b348074f652da6e9a4c4b25b33a2839ba93c04beb9d368a60065a4061f16,1,-0.0,0.0,social_media,1.0,2,ko,1,exorde
34ad5ca1560b03a8af333dc771cc1b42d30f4916176ba4dae7164b9c0f757771,1,-0.0,0.0,literature,1.0,2,ru,1,russian_pd
34ba97f020df478e89adf753fe560f4720761fbabacad15f720e89965d92f5f8,1,-0.0,0.0,news,1.0,2,es,1,babel_briefings
34ca7da240504ad23caf1f437ee72576109eeef6fb2dbee7da8dbaf0805a2fcf,1,-0.0,0.0,media_reviews,1.0,2,zh,1,douban
34d1eb4a3c131343f3cc8d042cf223003b10d3aa4aefb9561184d8b868037d58,1,-0.0,0.0,social_media,1.0,2,de,1,exorde
34de8a4902316835fbf55cf98af1aaae6ea787c5047eee107e838519f271caa7,1,-0.0,0.0,poetry,1.0,2,ar,1,arabic_poetry
34e2456507d9c6f3c520ca8e82cd8354199f310fde5124bc4b57f0e19a84f4a9,1,-0.0,0.0,literature,1.0,2,ru,1,russian_pd
34e61b4c5e10c304a6860b781a65c0e4febd66afb373b1aa926a50fe5cfff597,1,-0.0,0.0,social_media,1.0,2,hi,1,exorde
34ebf1b63a79ecebcfb5ffeef337b850971580e3304160518e3a7c5edc8d8ccf,1,-0.0,0.0,ecommerce_reviews,1.0,2,en,1,amazon_multi
3501423581d6a3cf27470b4c5a3af1f343f8085d7402a9907fd89f22fbbdb4f6,1,-0.0,0.0,social_media,1.0,2,ru,1,exorde
35064b9ca1fd48d7da3ad2e624ba7850c8beca4dff03aa00d6a106fbc043d5c4,1,-0.0,0.0,literature,1.0,2,fr,1,french_pd_books
35082727266dcb2ecd922162104ce3a5b9872bb358fc053ca9ff3e33f3836b5c,1,-0.0,0.0,literature,1.0,2,fr,1,french_pd_books
3521b7fde318825d31f8490b8bf15ffc14da03f77014dbbbd77ba7279a07075a,1,-0.0,0.0,news,1.0,2,ru,1,babel_briefings
352b99e36521fabca88cc694400efdd4d7c9a7166123f85393b6e887b2937fc1,1,-0.0,0.0,literature,1.0,2,ru,1,russian_pd
35381a5d27c59bfd61c7788cf2d49045cde6a51ce4024a86714dd74a6f93307d,1,-0.0,0.0,social_media,1.0,2,de,1,exorde
353987114d9412c028757bdd96ef8122f284b330c2e80cfc22bf939df02a1cb5,1,-0.0,0.0,news,1.0,2,en,1,babel_briefings
354e8930c67c491bf57a0b6c63cb8ed7805d53959935bf9d742089000dad4631,1,-0.0,0.0,social_media,1.0,2,ko,1,exorde
35512b21be40b288722e258e7ca252eded586da69ccc725c82f31a72eed45a35,1,-0.0,0.0,social_media,1.0,2,ar,1,exorde
35538a19c4e81da446510359fbcd9e1c8aeaec8312acc9a522723a9c8ace0124,1,-0.0,0.0,news,1.0,2,fr,1,babel_briefings
3561d002db1ee39598abe6d8de4338c9cad853cd5520bba4219d481f6f1571d3,1,-0.0,0.0,news,1.0,2,fr,1,babel_briefings
35641b3ba505a9cec330be65a334f2ef52c972047da5510480b3aa2596bd2b00,1,-0.0,0.0,social_media,1.0,2,ko,1,exorde
3573abddb117c09b48616b3753711f77ed952f16f542d3904f2a20cef3a8f757,1,-0.0,0.0,literature,1.0,2,es,1,spanish_pd_books
3577d5b1e563c04e2391bd40325902260204e7e9c8debc41dca87472eb4315e3,1,-0.0,0.0,news,1.0,2,ko,1,babel_briefings
357a384e4fa409493a6b9737e39dbf95f357359cbd39b94a03dee3687edfeb56,1,-0.0,0.0,literature,1.0,2,fr,1,french_pd_books
3594e5f99f071cfb1a7876d360527372dd338bf085538e0f79e45ef393295b90,1,-0.0,0.0,news,1.0,2,ja,1,babel_briefings
3596ff5880cf7b7103e6e3471000ae7e221171412acf8920d4900489ae9040f7,1,-0.0,0.0,social_media,1.0,2,ko,1,exorde
35987fe8badae9a801f4dcee3a28235f863b392a9a59f1d99a0b20dbb9501e58,1,-0.0,0.0,social_media,1.0,2,ar,1,exorde
359aa061c0072d67777b52635a37e4a047786ffd7214c8220a50ecec437cbd84,1,-0.0,0.0,news,1.0,2,fr,1,babel_briefings
35b57c6f64fde0c9bc935d464e8285e3d7fe96cff78434e95ab88b33720c7767,1,-0.0,0.0,poetry,1.0,2,ar,1,arabic_poetry
35c7ee1abe388dfdc5e613f5402ff455ce89e1d4e7c36530c0e2e3502cedd9c8,1,-0.0,0.0,blog,1.0,2,en,1,blog_authorship
35ce52c89843ac969463ab81d857d4cc985f71aabadadaa550a369ac87210213,1,-0.0,0.0,media_reviews,1.0,2,zh,1,douban
35cf759bd60e614d74d04b77c6f9ca56a7f04fc1836d798416985b41b840d73c,1,-0.0,0.0,social_media,1.0,2,ko,1,exorde
35d91ec0807e06b6ca587e19011c6f8bfd1e180e4e82feb0c224b3bf5cffcaa7,1,-0.0,0.0,literature,1.0,2,ru,1,russian_pd
35de73a48dad94241eb9f995ec536048190a0eb2b3c853d01d376997e270954c,1,-0.0,0.0,news,1.0,2,en,2,babel_briefings
35df0a998d8944b28f96268109720912863fea75542f17865d98ebc0868cce85,1,-0.0,0.0,social_media,1.0,2,ar,1,exorde
35e09028a287e1691f7427cc2790edb8d85715c8d548965b6542f6a3ffe68413,1,-0.0,0.0,literature,1.0,2,ru,1,russian_pd
35eb3e72755994ef92cc5c693295367e95505fe3a5edbebafbca8eeb18d84d6f,1,-0.0,0.0,literature,1.0,2,es,1,spanish_pd_books
35ed051c65775c2e71b66df50c2962c25997ba8378ce1905f9bbab8b862e1d4e,1,-0.0,0.0,news,1.0,2,ar,1,babel_briefings
35ef3dfddfa255cc7986c490d6444fe8aa49625834620d46747b2607f488d9e1,1,-0.0,0.0,news,1.0,2,de,1,babel_briefings
35f02c01b91c390af8ed511f2aa0094a29522f475d13cc3e1f1767a9ef51ff1d,1,-0.0,0.0,social_media,1.0,2,ar,1,exorde
35f3222504d7efe0e2094df304a874895d3c39ed963d05e0f041566dd0906469,1,-0.0,0.0,literature,1.0,2,de,1,german_pd
3606f94d70633bca2f62765505f7f01185afdd4a1f08b98fdc16372a0cfcfe10,1,-0.0,0.0,literature,1.0,2,es,1,spanish_pd_books
360c279fae2d718b4be1a7c59313f169c49261c77547ca96180c5b48ba343d83,1,-0.0,0.0,social_media,1.0,2,zh,1,xiaohongshu
360d7cbb536799adefbe4848a4a33dfa004919de31178eb9023c098ea65a0530,1,-0.0,0.0,social_media,1.0,2,ru,1,exorde
361a1458eb6d1475ba1518a471c1b4cf5cba5692ced9af124657b199dcf6602c,1,-0.0,0.0,news,1.0,2,en,1,babel_briefings
361e7a27130b795f90585469d75ae93249513c438188be7d006fb05ee6506bf2,1,-0.0,0.0,social_media,1.0,2,fr,1,exorde
361f2868be23efc46616b6f60d942ad422de5e026af7b986f09ef803762389e2,1,-0.0,0.0,news,1.0,2,en,1,babel_briefings
36310f0e74c6a43e0187933e60960706121f9b4664506b1174981a94edbfbc6e,1,-0.0,0.0,literature,1.0,2,es,1,spanish_pd_books
3635344d60739013dd1610ab1c942f7dd95145f748e80d9d42163a7209348ea8,1,-0.0,0.0,poetry,1.0,2,ar,1,arabic_poetry
36380bb1ca07ef3faae5947f8df9ba62d79abafac5abaa1b8087918b13512cc8,1,-0.0,0.0,media_reviews,1.0,2,zh,1,douban
36429cd3e62ffc9fef2e4ec9f015f0e2f27c2e068bb195946fe288046500d814,1,-0.0,0.0,social_media,1.0,2,ar,1,exorde
364b2836f63a7e2be7e33b0106e6ac02a20088eda32cb988e460c33539a0db23,1,-0.0,0.0,poetry,1.0,2,ar,1,arabic_poetry
364ece1cf115bbd4d76cd9058038963b0b9c7ac786f6083ff07a894f49b468c3,1,-0.0,0.0,social_media,1.0,2,zh,1,exorde
3650fc528c0246af9f106a24699f3821310a041847f5b59e932e7a85b969b6ee,1,-0.0,0.0,news,1.0,2,ja,1,babel_briefings
365171238b6ea463b35e78e10e08fc98f09006da79ab4d278d20fd98524481bf,1,-0.0,0.0,social_media,1.0,2,ar,1,exorde
36565acc9202e7c9096ae69f3553b984be895a6f8c933427c2b1f37f1395f025,1,-0.0,0.0,social_media,1.0,2,es,1,exorde
36593b1e6f0a33d2a6d13e31131721e444d595e8863cda8301c8170fb5848d43,1,-0.0,0.0,news,1.0,2,ja,1,babel_briefings
3663838e456c332e331aecb330b902633f06c9714d14291b8c279e4e7a8643a7,1,-0.0,0.0,social_media,1.0,2,hi,1,exorde
366829bd8efae0af7ce23bbf228104555e073f84f0bd57dead9acea48271f1ea,1,-0.0,0.0,social_media,1.0,2,ru,1,exorde
367b363d020b1f159be78e1b2345c4ebbe941335b971b662267432f378740e32,1,-0.0,0.0,social_media,1.0,2,ar,1,exorde
368ee1f23f5dfe5c3c84ce6c72903d8be4d5a21973b09aeff27408ebd07c0586,1,-0.0,0.0,social_media,1.0,2,de,1,exorde
36a4041438610394a8e421d78a905ecacc597a6fadd02907660b9618f5c49d5e,1,-0.0,0.0,news,1.0,2,ru,1,babel_briefings
36b7f9923eda7395269eaee5a58755d59e7085be45bd6ea1771d02c365b7062f,1,-0.0,0.0,news,1.0,2,zh,1,babel_briefings
36bbe94ef68c1e110f329462ef052ca729e8b7d8d9fdb9e9e94bc6dc3f37c903,1,-0.0,0.0,social_media,1.0,2,ko,1,exorde
36c2a76430f99600e6e8b658a69e423d0c9e686486c9d3121cf0e19b0f7a347d,1,-0.0,0.0,news,1.0,2,en,1,babel_briefings
36e5baaf42ecb6710c6ea9757a1cee4dde00315a5a6f4a780ca06b6a4885c6c0,1,-0.0,0.0,literature,1.0,2,es,1,spanish_pd_books
36ea3b280dafd20233bb84f9d5fbf71dc167a53f95594e8b3be0c243dae6a0ed,1,-0.0,0.0,media_reviews,1.0,2,zh,1,douban
36f39af6744b8297dac0333939ce70db97de747a3336c2171fb1b78a707421f1,1,-0.0,0.0,literature,1.0,2,fr,1,french_pd_books
36fa532585fccf300524f2e9869d3bf8ed09d6b655a0a90c5f4bbf3208f2acf2,1,-0.0,0.0,social_media,1.0,2,ko,1,exorde
36fc1879a27e6ee7e3677df15140d78be5bde37dd9fb8c88e0dfb0c9f9a7eefe,1,-0.0,0.0,social_media,1.0,2,ko,1,exorde
3701d6d73e848f5887bd03984d2346ab1f9366abb557da5e27c009a4d6f2efc9,1,-0.0,0.0,social_media,1.0,2,ko,1,exorde
37026f6bc843600c9fcf9cf095ec45b29540f3715088953c652eb78f0e01e0b7,1,-0.0,0.0,literature,1.0,2,de,1,german_pd
3711342153df940d1b2820b86aa3d70c1155802edbfac40249952459f5f622f1,1,-0.0,0.0,social_media,1.0,2,fr,1,exorde
371dfa2b90f8b177aef843b80deac1a4afde3631e4b6b4b6d9053b1702719913,1,-0.0,0.0,social_media,1.0,2,ar,1,exorde
37249f6cc95321eaf2b54bb3531aed32e5396063a07a23760e492e8149ca28f0,1,-0.0,0.0,social_media,1.0,2,ko,1,exorde
3726ef1494e2614a60475948ef0f13ba6712cc209549b85f181a77fda2e32471,1,-0.0,0.0,social_media,1.0,2,ko,1,exorde
372c82395d9178ec41ba4de0fb17b6947d6a18d3e984ad33608f9c9d912473fe,1,-0.0,0.0,social_media,1.0,2,fr,1,exorde
3739dd682b3dd7f174fdeebb307a44bf379febc11ea0faf05035e676b179014e,1,-0.0,0.0,social_media,1.0,2,ar,1,exorde
373e6febe1e96d331a1fe91d0b698267bda5fcc343e7cf9005ddf8e5d1203537,1,-0.0,0.0,media_reviews,1.0,2,zh,1,douban
373f338153a3367d2fd5b3a111554a2c97f2c73338a57dee50f493a091346aa8,1,-0.0,0.0,news,1.0,2,ko,1,babel_briefings
375048d02e8dc096aa1cf2e7651a6fcdc34e50ae21af09b34264ae02e835ea01,1,-0.0,0.0,literature,1.0,2,es,1,wikisource
37523f723fd6b2899b3509f14ca78dd73788e94d17c95492c303650235e79863,1,-0.0,0.0,news,1.0,2,zh,1,babel_briefings
375720a4bea4e018b29633453af54e3d5e370c709e0b0835f5b6b9e29bb685d0,1,-0.0,0.0,literature,1.0,2,fr,1,french_pd_books
375983a8d9c9f8785aac6c05a71a059d54a0f4ddc937391b4073abbed7505fd0,1,-0.0,0.0,social_media,1.0,2,ar,1,exorde
3762ef588a1df3a835192c2cdc8348983ebc6f4e2e0979e0c14c17ed7da371fe,1,-0.0,0.0,news,1.0,2,ru,1,babel_briefings
3766422b357e9caf09d5d68b58b0d10f81a5758bc054757e5a4c48bf08880df8,1,-0.0,0.0,news,1.0,2,en,1,babel_briefings
3768eeaf28b7faf047349125e1d8d221427f9cdf7ec39dc978cc84ab611769f6,1,-0.0,0.0,news,1.0,2,ru,1,babel_briefings
376e3924d3971b4064c543110f26dd3979f5d0cbf4adae9becd71687d2714a2a,1,-0.0,0.0,news,1.0,2,zh,1,babel_briefings
377672d7e2a9e5433545b38d9b398c05ea6a8399ae8d58d929fff04e778e58fb,1,-0.0,0.0,media_reviews,1.0,2,zh,1,douban
37a73e3fc0149ccdec705073b434c9b02fbddd691b2bc2838225939fae9d0507,1,-0.0,0.0,news,1.0,2,ar,1,babel_briefings
37b700ab929cab6d3a45d99736fc5f0d882aa7fcd451969674e7a75405b039a9,1,-0.0,0.0,news,1.0,2,ar,1,babel_briefings
37b9ea2897655f2be1f24df7ed224e0eb80f293c91e88743ee3376a38c3327b9,1,-0.0,0.0,news,1.0,2,ru,1,babel_briefings
37be1cb452bb1db8a159ebd1791bd69385b75b2a254f8911a7663c061748f95c,1,-0.0,0.0,news,1.0,2,ru,1,babel_briefings
37c6030d4572d8a8601879898d70724b00fe71602216cc3ea094cc6f861c5922,1,-0.0,0.0,news,1.0,2,ru,1,babel_briefings
37c83ddc6c0b050221d1ec935614b1d267152ec96aa8ea666b66972cc2913fd8,1,-0.0,0.0,news,1.0,2,ko,1,babel_briefings
37cd8851a5e059db721dd9e6a0ca0ad40334afd2a51411c50204b8614bc17065,1,-0.0,0.0,literature,1.0,2,ru,1,russian_pd
37d47b728d2fcfd6857c576ca587762d82dfdf7fefea301bf0d862a752ccd960,1,-0.0,0.0,media_reviews,1.0,2,zh,1,douban
380ae4bc5247122d9efb1aadcb6bf0aa69bdf0137d0e81dc1ab0fc44ed5656d6,1,-0.0,0.0,news,1.0,2,ar,1,babel_briefings
380f287c243800a69926d140eeb73d48428f9c92fd1f093eeb01654dce8619d5,1,-0.0,0.0,social_media,1.0,2,ar,1,exorde
38216c94cb74e8d960ee25210fd33da76673cbb7925803ef09809d8b2d5ad5d1,1,-0.0,0.0,news,1.0,2,en,1,babel_briefings
38354fbcee5c0bacf3edfa9ae99313dd14eb5c1fae49bf43f8be8a3153444925,1,-0.0,0.0,news,1.0,2,fr,1,babel_briefings
3862d53d99ad0e3f656e8c9b9cd67bde39adf4ec8da47572dc36361a41cf4cf5,1,-0.0,0.0,social_media,1.0,2,ru,1,exorde
3864779dc17de86bacbea4c4a1dab14bdf6ed34ff4c9a80d0cc159a2da9b86f7,1,-0.0,0.0,news,1.0,2,ko,1,babel_briefings
3868090a24f3d782969e8a0fc6b24166e1399739ac70f9790be46f02a34ab8fc,1,-0.0,0.0,social_media,1.0,2,hi,1,exorde
386c50dfe16d2da9a258039caa153d8d60a1b3e20288ec3d93ad7462fbcec473,1,-0.0,0.0,blog,1.0,2,en,1,blog_authorship
3873cf992ba92451ae049854406847c4b179de91e42955c85628369ea3ade9ba,1,-0.0,0.0,literature,1.0,2,es,1,spanish_pd_books
38840deb70b043c6e02d2d6f31509a14aecf3657b3376e66017c83b2e59f283a,1,-0.0,0.0,news,1.0,2,ja,1,babel_briefings
38872fe077cb98c0b2312b220cd110f462f55f5daf41193482a03d887cbf08d3,1,-0.0,0.0,social_media,1.0,2,hi,1,exorde
389258accddca2effdd2440f26350c2aa1cbc8e8a8624903ad45fcd2b479a90e,1,-0.0,0.0,news,1.0,2,ru,1,babel_briefings
3894c5c6e241a1240db9bc4e813ff85e364142056065176fb2c9dae5feec30fc,1,-0.0,0.0,social_media,1.0,2,ko,1,exorde
389999d70558069caaa09dab9924881c6e2c89102c648510f974ee11e426336a,1,-0.0,0.0,news,1.0,2,ru,1,babel_briefings
389fe0190c384d14131c8ce90278e6183e3409eabc4ecf65db1932d95ea66b9e,1,-0.0,0.0,news,1.0,2,ru,1,babel_briefings
38a1d77938df8d5b656e7f26b8fa53c23f17c190625336fd2a428d59a2ae6ba4,1,-0.0,0.0,literature,1.0,2,es,1,spanish_pd_books
38a65a04edfcb8338066b3262b907b9e8a4d6617a8c5fd2852f616e19b6a348f,1,-0.0,0.0,news,1.0,2,ru,1,babel_briefings
38a69bc8d955afd6dea8c7701380ce491bebfab148dc1bb8fe55df14e90b8cc8,1,-0.0,0.0,news,1.0,2,fr,1,babel_briefings
38b26ade79ec2493c08559763f56c7b9292988d134081a8df4e4c42c2feb9aa0,1,-0.0,0.0,news,1.0,2,ko,1,babel_briefings
38bf0c1deccfa92d037241860a152e8cee50c17dbaac43fa60e3504cab3dd2cb,1,-0.0,0.0,literature,1.0,2,fr,1,french_pd_books
38c4c4c896047d7c0b4f569e1a0a2c3a0bc53c4225c11beb87685eea3f7dd600,1,-0.0,0.0,literature,1.0,2,es,1,spanish_pd_books
38c5f58a91478f49b25fb60bec41f9d6f3d456386b6a2eb2755668452deb0a59,1,-0.0,0.0,literature,1.0,2,es,1,spanish_pd_books
38d99f95b3ba8e13244349daa5f282166027b0bc9c82b6192afae0efbff17e12,1,-0.0,0.0,literature,1.0,2,es,1,spanish_pd_books
38da231dbecbcf3305207d90612320fb6cae59f51860ceabf0cfd5cee0b1649c,1,-0.0,0.0,news,1.0,2,ru,1,babel_briefings
38e2a49ffb01e95f318ca7c66c8beb033617682c8628738a7f197fd09c69a9f3,1,-0.0,0.0,literature,1.0,2,ru,1,russian_pd
38e5c6785c90991b8e9f0febf5b30dd12454082dc0bb368b9f3f56cf7ee1727c,1,-0.0,0.0,media_reviews,1.0,2,zh,1,douban
38ed76392a57ec113656734ef27f33a3b95c7d808f63b8353abb8b4269955aa1,1,-0.0,0.0,literature,1.0,2,ru,1,russian_pd
38ef235b0cfc78285fd84f183a6c660f9de4df62b869b9797b27247395b2a66e,1,-0.0,0.0,news,1.0,2,ko,1,babel_briefings
38f5755a70c29e61152d7d23ab6b392a9547883cf25d59b5d512a1127a314de7,1,-0.0,0.0,social_media,1.0,2,ru,1,exorde
390847f76a0e9b81983f7aee39800136aa22c4feab62f1eefc120717ca06c905,1,-0.0,0.0,social_media,1.0,2,ar,1,exorde
390b87b6696b0cb69dc4b4504eb9d68d4f9164297bba01a62083df0203ab586d,1,-0.0,0.0,news,1.0,2,ko,1,babel_briefings
391953c06917f443ae9cff53167aaa30bd3ad486547c9cd6727b3b0b515e5be1,1,-0.0,0.0,social_media,1.0,2,ar,1,exorde
39290545d35820da4edcbf355d14a3509290966bd1004f6705856c0542eab773,1,-0.0,0.0,literature,1.0,2,es,1,spanish_pd_books
3934c6c11fa8ce4b48c75d4c769b5d6fe7eda3da65ba0c2c233bc3fa1cd7532f,1,-0.0,0.0,social_media,1.0,2,ar,1,exorde
393840f6691a1946d63699d5578d656fa0384476bf72d9f5914319352338ffc4,1,-0.0,0.0,social_media,1.0,2,ko,1,exorde
393b5868ceba989e8c869e5667aca1e19c96f39fa3f92434d50fad6d906ee9ae,1,-0.0,0.0,news,1.0,2,fr,1,babel_briefings
393ccbe5c30f26bb8672e3a90fa5b4d7a2bf663b001e787a70d10c7103a002d7,1,-0.0,0.0,literature,1.0,2,hi,1,hindi_discourse
3954d1ab9f9aef27711c1baa5d7754d080cc6c73a81dfde79059595685d60bf7,1,-0.0,0.0,media_reviews,1.0,2,zh,1,douban
396a4a42314bb0ef327db4aa30563b86e8827df81a88bd570339268f82880b65,1,-0.0,0.0,social_media,1.0,2,hi,1,exorde
397c5991cbe16aa277c86905166420254e20ab4f33bd9cb7814416ff589b6d3f,1,-0.0,0.0,media_reviews,1.0,2,zh,1,douban
398c71e79e18c970ea7b5385e94624729664794547949ae82127f284225d5fd2,1,-0.0,0.0,literature,1.0,2,ru,1,russian_pd
39a529fe72d0afa905c988a5d8f85e956a8acc888df71630b1541ca4e9b43930,1,-0.0,0.0,news,1.0,2,zh,1,babel_briefings
39a76ab42a07f1f357385b30b4cac80f8807fa4db7eb5ca68ae5cd5208023e3b,1,-0.0,0.0,social_media,1.0,2,ko,1,exorde
39acbb2da351cbbdb7767dc59df80f9ebea78a873bbdb1bc58c09bc2e60e505b,1,-0.0,0.0,social_media,1.0,2,ko,1,exorde
39b2c2e83c46130886fe7ffda15172a8f24f7ccb09e2e01cd00bbbc64624575d,1,-0.0,0.0,media_reviews,1.0,2,zh,1,douban
39b3082e68a97b09fb0648124c7b2d6841cb99bead1b52c4a5577922501af13e,1,-0.0,0.0,social_media,1.0,2,ar,1,exorde
39b335ae829fae63044195192946d6afb9e8da272f46a95c2b2d803a29366f66,1,-0.0,0.0,news,1.0,2,ko,1,babel_briefings
39b507f3a020ed56781649f09c702cae658a5ca974f3a04663a44bbec22939b9,1,-0.0,0.0,ecommerce_reviews,1.0,2,en,1,amazon_multi
39b52192a2375658c8102a968bff8d02187b2d7ae6fb30aac3dea4d96a51c3ea,1,-0.0,0.0,literature,1.0,2,es,1,spanish_pd_books
39c03c457bdaf7cfab3c430bde52193b3bfe34c8d536e110f255c82716d54043,1,-0.0,0.0,social_media,1.0,2,ko,1,exorde
39c2cbca6eb6f06bc8de3b3d159f560d1e79fe70e7281b10fdbdd6d8ed5da2f8,1,-0.0,0.0,literature,1.0,2,es,1,spanish_pd_books
39c828a4dc99a9e7257a2e92ffac141411bba6da29092fa640b6991d51ded1b7,1,-0.0,0.0,media_reviews,1.0,2,zh,1,douban
39dd70017512224461e798fe9d338113c352d61ed34233d2a55c584ca8670290,1,-0.0,0.0,news,1.0,2,ar,1,babel_briefings
39ed2dd7af3808ca08ea51580e1d0e91d79e66293189b5d525bdf8ee39b2a097,1,-0.0,0.0,literature,1.0,2,es,1,spanish_pd_books
39f04c410b89eaa7b8a3dcd32da5193a4c86e2c45c6d2cf3f931c0c115739af3,1,-0.0,0.0,literature,1.0,2,es,1,spanish_pd_books
3a0afa22e9255576571a149b965fe70fb1213657cc9c745661db862ccdd143b5,1,-0.0,0.0,news,1.0,2,zh,1,babel_briefings
3a24225b764bee8e13bf1c45fd140eaee4b120a4169d4091394460ea41004a89,1,-0.0,0.0,news,1.0,2,ko,1,babel_briefings
3a2a292ec0f31d29c625bcd9656946da4a4d9087e0e1723fbafc9120cff93628,1,-0.0,0.0,poetry,1.0,2,ar,1,arabic_poetry
3a3065c6b03788554351ca5c48581fbcc842a4cd586b841fe417b45789bc8733,1,-0.0,0.0,news,1.0,2,ar,1,babel_briefings
3a31237ab54f58a7dda025c769f5784ef332feaf43cc1f046d32c1ab328d58b0,1,-0.0,0.0,media_reviews,1.0,2,zh,1,douban
3a440bdc04981d9e688086454ad5560d337a7eeb458b68b7ca0cff25f8b87cc9,1,-0.0,0.0,poetry,1.0,2,ar,1,arabic_poetry
3a48edfb457ef5b6a59640975a42c3b75fc7de501d7026e553ef11f061c7d30a,1,-0.0,0.0,social_media,1.0,2,ko,1,exorde
3a4d023e1431043c69865b9f4f664312d8fb7788ae8057ff7c7686d85d1fd6c3,1,-0.0,0.0,news,1.0,2,ja,1,babel_briefings
3a5a4fd83dabf5353cfed5e6007121186c6c08895a97eb8c95dd03d1e07773dd,1,-0.0,0.0,social_media,1.0,2,hi,1,exorde
3a69d958541cff2c69f01116cd06cc99f60e60185e0121095f00c120059a0978,1,-0.0,0.0,news,1.0,2,zh,1,babel_briefings
3a712724f58868818c18370f4d2c28af8841a00411a60fae25a1798d20ef491b,1,-0.0,0.0,blog,1.0,2,en,1,blog_authorship
3a7324458a8a82111084fb90ac03a8b1f29d013d8912cca8d08f71f690d9821b,1,-0.0,0.0,poetry,1.0,2,ar,1,arabic_poetry
3a80a49f67e29f342a13cdb37aca30898ed77ae80ce99a174d91b2bbd6578d4b,1,-0.0,0.0,media_reviews,1.0,2,zh,1,douban
3a80b8723677e60056bf7327a14e4e9003243d7b6056f681634b59309219f04e,1,-0.0,0.0,literature,1.0,2,es,1,spanish_pd_books
3a830c0b830b0236c89246e76b1b4eeb8e1c784644f34c7cbb25dbeb5bb17c6b,1,-0.0,0.0,news,1.0,2,ru,1,babel_briefings
3a9ad201ae1f70558c52f6b1f1d201cabf69350858d9554e65c24dd440884d33,1,-0.0,0.0,news,1.0,2,ru,1,babel_briefings
3aa14239b067a6962734085f3de108b9128b885f62069a9fd9d812a7160816b5,1,-0.0,0.0,news,1.0,2,ru,1,babel_briefings
3ab17ea2aa9bae87c512bae21436a17e85741bc3d2ba7a3032b85b002cdfe1c0,1,-0.0,0.0,social_media,1.0,2,ko,1,exorde
3acf717936ca946009731cd239dab415e1202d69718c1e531629b137c85d8bc2,1,-0.0,0.0,media_reviews,1.0,2,zh,1,douban
3ad8a0110c6f2b694ed09509889a6a6a9995ab893a1b311c90e71d36bb6f58ad,1,-0.0,0.0,social_media,1.0,2,ko,1,exorde
3adc6d92a9fde437b7dd49ac112c8fb640780c93698d8959a530fd13c4234323,1,-0.0,0.0,literature,1.0,2,de,1,german_pd
3aed426475c40afa61b53ab2b1f51b4bebb33044e54fd924262b4a9af7f9bc68,1,-0.0,0.0,media_reviews,1.0,2,zh,1,douban
3aed7f93e16e202081bc5e1b9b2fae5a564833b05095333f14687414705335f9,1,-0.0,0.0,ecommerce_reviews,1.0,2,en,1,amazon_multi
3af025663bbd6e9e041304d6b02061d5dde97b230bba5d31284be252b6ed0d5e,1,-0.0,0.0,social_media,1.0,2,ar,1,exorde
3af510f5e3057a860454c97784c6f06a9185a6da283b2aa82f2b0b143a56def1,1,-0.0,0.0,social_media,1.0,2,hi,1,exorde
3aff803ebd475d0ad0ab73b460e42729d4c425d9135a0c50b8993352e4a174bf,1,-0.0,0.0,literature,1.0,2,ru,1,russian_pd
3b05506eedebf6cbaca538c251c64874857208a7bff327887c0d3cd5f51ba4a4,1,-0.0,0.0,news,1.0,2,ar,1,babel_briefings
3b168d8e7b4491db74a0f8575d15a3a87afd187ae82237a6baa5a6cef317867a,1,-0.0,0.0,news,1.0,2,ar,1,babel_briefings
3b1ef5e91b3dd873e9306164c733814b91f5d69cc84d772c3553f6ff3c159d9f,1,-0.0,0.0,social_media,1.0,2,de,1,exorde
3b245f817e769b2011fbfd55975899b538c5b0f39a65394115a4473e8c1ee95c,1,-0.0,0.0,news,1.0,2,zh,1,babel_briefings
3b299a40c77cbed7b08a074cbe72549085f9ba157522cbad202febacbe3f62bf,1,-0.0,0.0,poetry,1.0,2,ar,1,arabic_poetry
3b3df44b6eaff678b32fe3a0b0748beeddf0add6416581f848ac061780d07fee,1,-0.0,0.0,social_media,1.0,2,hi,1,exorde
3b3f9039cc3bb98b9c8951fd52717774dde1b08a7628a08d1e456614dec7d3a5,1,-0.0,0.0,media_reviews,1.0,2,zh,1,douban
3b431bdc82869ec5a8240dac78c51051d262b16579e683923cc4773b4bb10d78,1,-0.0,0.0,literature,1.0,2,es,1,spanish_pd_books
3b51ab24432a09535af6c6adb6d61d76036f6631405c866b2827ba0413048a6d,1,-0.0,0.0,news,1.0,2,ko,1,babel_briefings
3b5986e626ffe47e2f9eea359d5252086da312c5b5a1d4adcb7a3f417e3a8525,1,-0.0,0.0,news,1.0,2,zh,1,babel_briefings
3b598b4e21eba8aad8c228328f669a4633193687cbfc17333bf5309de89f6853,1,-0.0,0.0,news,1.0,2,zh,1,babel_briefings
3b6961f84957dad549d871496204ce7804cb9a8ac06e5b5ec07631fb7c995f34,1,-0.0,0.0,media_reviews,1.0,2,zh,1,douban
3b85567dcb8ec0b9ad2648a89d2808044eecb28c12fb2556a935464b08a5269e,1,-0.0,0.0,literature,1.0,2,fr,1,french_pd_books
3b85fb1fb61ddd45c753e959ce0925ab0b12f1713079de3de35521aeac14d141,1,-0.0,0.0,literature,1.0,2,es,1,spanish_pd_books
3b8f1c9b082e5b3be323711d8e1885041551739f360d416c44c612e250fb22bb,1,-0.0,0.0,social_media,1.0,2,ko,1,exorde
3b964427c8b4e20ed0c2e1a4281bfac030e2b98c7d5558698247d3920f6fb26d,1,-0.0,0.0,literature,1.0,2,es,1,spanish_pd_books
3ba707dc68ed58016025f8a90cfc649708d9910441643d2e2907a152d4fbc7c7,1,-0.0,0.0,poetry,1.0,2,ar,1,arabic_poetry
3bc0dcaf7588bde0e9b5a354a214b74f30aff74694d738e1cc8449632413562d,1,-0.0,0.0,literature,1.0,2,es,1,spanish_pd_books
3bc3d14f02c94ab409eeb30e9085c1035ffe5cd7c7da11c9454167f08362d395,1,-0.0,0.0,news,1.0,2,ru,1,babel_briefings
3bc409e1900f91c721c38a1746d0bea51a8e5f21b82291cc373407f07519d3e8,1,-0.0,0.0,news,1.0,2,ru,1,babel_briefings
3bceb4ec9b02e5aa3931ed21ac60cb1030c25173fd947303dd88ca6810ac0995,1,-0.0,0.0,literature,1.0,2,es,1,spanish_pd_books
3bd324329f578597090ce65cabc45cde07ee16517e02d7b4560a1e40da85a6f5,1,-0.0,0.0,news,1.0,2,de,1,babel_briefings
3bd81aea0e44e23b58256251720c3a698269091eb56a055942b8e4360985952e,1,-0.0,0.0,news,1.0,2,ar,1,babel_briefings
3bd81d2fa1aecc1d7e6bd3902ab5f4dd0d34da94f0daa6e660d25e294b6b16d8,1,-0.0,0.0,social_media,1.0,2,ar,1,exorde
3be8e92eed811cb9f45deabf64a77fdd4a6e5afae819b7b6e2dc51c4656c083c,1,-0.0,0.0,news,1.0,2,en,1,babel_briefings
3beb9ccb173c55b735b4cb608c9d1456958c3bf08d0c9c23000f9ce669832ad5,1,-0.0,0.0,poetry,1.0,2,ar,1,arabic_poetry
3c08a312cc72245379e7e0d5cc876792bff3bda293457bf99bdff73d93556cf3,1,-0.0,0.0,literature,1.0,2,es,1,wikisource
3c08b6b20141c59df96fcf1a29c1295519245fa7c55cc296b09f38b1f98bd594,1,-0.0,0.0,news,1.0,2,ar,1,babel_briefings
3c11bd5408504b91a955484cb0349b82d7a222521bdf6ab36c99e64ff46e917a,1,-0.0,0.0,literature,1.0,2,ru,1,russian_pd
3c26797f5406d4fef6328c37513d76154fe7640d427aaf7c7c4edc1e2c9cb008,1,-0.0,0.0,blog,1.0,2,en,1,blog_authorship
3c3152b42aadbd552c98a5ebb64b9238b2ca27d498c742f0c6b38021930c5556,1,-0.0,0.0,poetry,1.0,2,ar,1,arabic_poetry
3c37a6d2471ece298acbd3d59096735f591009807cb31cb599490d2cc788cc8e,1,-0.0,0.0,social_media,1.0,2,ru,1,exorde
3c389d71ac9dc8ef4895df0a334b055348bf4851d56af04f9fcf9365a950ce79,1,-0.0,0.0,literature,1.0,2,ru,1,russian_pd
3c3916a066873d6b3a709fa08f7896056598b37831302cc5caf030209ae3b24c,1,-0.0,0.0,media_reviews,1.0,2,zh,1,douban
3c579ac46cd24164ce63e36b28f63c108a1e7be93fbca3a2fe8e9ca7842ea7b9,1,-0.0,0.0,social_media,1.0,2,ru,1,exorde
3c57d9608c0deff2eb4480d386a5245f15746e42e05c13fece440a52eb760149,1,-0.0,0.0,literature,1.0,2,ru,1,russian_pd
3c64a208476e89361bea3f27f739da930d1a03fd1eeb47af28c2729d112e5b65,1,-0.0,0.0,news,1.0,2,zh,1,babel_briefings
3c6a2b14b7cfaae5918d786705a34bd420e65bd26627d24826677d864df45719,1,-0.0,0.0,poetry,1.0,2,ar,1,arabic_poetry
3c6c806b603796fad9de563698369889701ebf28ea8ae90d449207dbff909a3a,1,-0.0,0.0,social_media,1.0,2,ko,1,exorde
3c6f46728cb7277afc10375ac6ddeb69053a8014530345bc211ffd3fd97a88e7,1,-0.0,0.0,media_reviews,1.0,2,zh,1,douban
3c8d5d543ad07326019182dc09ce14aa0c6c30fddb8a3c1eb07721b06e6942f1,1,-0.0,0.0,social_media,1.0,2,ko,1,exorde
3ca9380a3493d8e21f07ed34ae788d734fcebb5cb045af53cfcf7c4fc5dd90b5,1,-0.0,0.0,social_media,1.0,2,ar,1,exorde
3cb8a4e9a6f1948f76f230d543627d8a868c968ab0ff29141317d2739f430d55,1,-0.0,0.0,literature,1.0,2,es,1,spanish_pd_books
3cc569e2f30b87266b0533d9ae627b38cd7147c6d307a088f05814b36a49afc6,1,-0.0,0.0,media_reviews,1.0,2,zh,1,douban
3cc994716eaa2006b3289a9c9fcf1f1c4b1996ef82fa58e77e2ffd03e713e2e7,1,-0.0,0.0,social_media,1.0,2,ar,1,exorde
3cce8a11f714d9bff0b0d5e36381e9b54942f8111a79bccb0880312b6f5214fc,1,-0.0,0.0,social_media,1.0,2,ru,1,exorde
3cd7f248eb1f7ce5ca94173bce6eb069c03c01d4904347d4878149d64a9f2fbb,1,-0.0,0.0,social_media,1.0,2,ru,1,exorde
3ce883789bfc3a89b3ddd40d686d78c8edb9c6dd61696203e10273c1c56b138b,1,-0.0,0.0,media_reviews,1.0,2,zh,1,douban
3cefab99c640403e28889095de39c51cf37950d2e4684f3d8ad75a97eb1a945d,1,-0.0,0.0,social_media,1.0,2,ar,1,exorde
3cf04cd867759a079626710bd6050ef035eab433eeb81a3195399386f5252af7,1,-0.0,0.0,poetry,1.0,2,ar,1,arabic_poetry
3cf10a005619a5cecf00fd406365a5002284675bd360c10cea5e004ae3551ebe,1,-0.0,0.0,social_media,1.0,2,ko,1,exorde
3cf70415178093dfa7f2df9d41b9f2aae98ab44126b581e5abc3b78da99b6db6,1,-0.0,0.0,media_reviews,1.0,2,zh,1,douban
3cfc8bd6be6784e839b2e121e205a3d151c61d090388da7ee53c1cf7abfd18bc,1,-0.0,0.0,news,1.0,2,en,1,babel_briefings
3d041776b002a85d6605df1df09c44e20f78ccc2e84a7a4da57bf724b11712e5,1,-0.0,0.0,news,1.0,2,ko,1,babel_briefings
3d05cdc9e047b828e2fff0d92ec800aebd0420b3fe25a9476f4e0c2f5ead43ec,1,-0.0,0.0,literature,1.0,2,ru,1,russian_pd
3d0957f136048708e76824e2fca5e9557affeedbaa2d6c3ee8e971046f12cafc,1,-0.0,0.0,social_media,1.0,2,ru,1,exorde
3d0cd5589974d466d484554b8b0e93719f128f4d72414e51cfbb5995bbdadbf4,1,-0.0,0.0,social_media,1.0,2,fr,1,exorde
3d0ceee0b3ec4daf17a8d2c74b71dc59c9a28a135df8617c13c0f95fa78dad49,1,-0.0,0.0,news,1.0,2,ru,1,babel_briefings
3d180f370a42a00589600ab71d4702b29d58851187fd543d036b31fd01dd62fd,1,-0.0,0.0,poetry,1.0,2,ar,1,arabic_poetry
3d2aa0e74abac50bacb61e5377f414851826b2b7010d618afe38b7e9adcba232,1,-0.0,0.0,news,1.0,2,ja,1,babel_briefings
3d2b61dcac19742a8d21ef6cfcd3378e777a9578e9da3fae3ce3b1887a502eee,1,-0.0,0.0,social_media,1.0,2,ar,1,exorde
3d2bb5bc99b0bc27a9579aa83f13ae9946eb533eedf6b19ccbcda00ee59f5cbe,1,-0.0,0.0,news,1.0,2,ko,1,babel_briefings
3d31d513b9c6a0d1c7681ab00a8dc711c88d8012d54a46f48c96e0ed36bfa45c,1,-0.0,0.0,blog,1.0,2,en,1,blog_authorship
3d336b24509fffce79eb4aa30397c1ff336e3c24599b92e7f2a66cc1d0a14ce2,1,-0.0,0.0,media_reviews,1.0,2,zh,1,douban
3d3585a114b325360333e2125becd7751078f88141660473b9f97cd98d0681fe,1,-0.0,0.0,media_reviews,1.0,2,zh,1,douban
3d44a4936aecff56f26e12e5608722b1cf3a2a10dcc07d6ff37d15383674e835,1,-0.0,0.0,literature,1.0,2,es,1,spanish_pd_books
3d4a261027eacd479d0a4b8fa7a9481fa36550dac990c802307fad8692360bf5,1,-0.0,0.0,news,1.0,2,ru,1,babel_briefings
3d4edaa88800a3a69ad8c30463682991592e5a74bafb1e16014de3f7349e1df2,1,-0.0,0.0,social_media,1.0,2,hi,1,exorde
3d55abc5616fbf17748cff05c3c1558eda9f0e2ab96139e185f0959ec507007c,1,-0.0,0.0,poetry,1.0,2,ar,1,arabic_poetry
3d61c3deefc01a85dbbc05878d41c095d10f0578e73cf340dfececb699f6f371,1,-0.0,0.0,social_media,1.0,2,ru,1,exorde
3d73de67bda32383d443c2c83b8f63ce790a34ec7b6c6a19196eb8650bf22151,1,-0.0,0.0,social_media,1.0,2,ar,1,exorde
3d788c24a9d2334e5f80e4fb8cac70441baacd0a6a2a91632c9c82d2bfdd5f96,1,-0.0,0.0,literature,1.0,2,ru,1,russian_pd
3d842248835e4ffddeb26a64ee3fd23aabedbf679b900afd4ab33cf5b45d4b9f,1,-0.0,0.0,news,1.0,2,ru,1,babel_briefings
3da0b91ca54cba86ba3b2d8e2e2bc950a4556039fd715a21181f2081c61ed5a5,1,-0.0,0.0,poetry,1.0,2,ar,1,arabic_poetry
3da11831bff6105db60834af381498f7ee7cfb8836d6bb607ad03dde0ec02b4a,1,-0.0,0.0,news,1.0,2,ko,1,babel_briefings
3da3a1750ebc7ce6abc70864c50d1932ad6d00a7ec49395a0d448c3b6fc92729,1,-0.0,0.0,news,1.0,2,ar,1,babel_briefings
3dacb498a2a6abae75bbd6b3660d6d8a4c1a6dfe68da8734d0f04cbe794704ca,1,-0.0,0.0,news,1.0,2,ar,1,babel_briefings
3db19fca64dd1836280419e205453597febf89a5406a4ee16f2534ea74dc5771,1,-0.0,0.0,social_media,1.0,2,fr,1,exorde
3db745dddd545b08372ce5704f213a21121e81069d01dd9f49b7650902f764bc,1,-0.0,0.0,media_reviews,1.0,2,zh,1,douban
3dc7af827409d5988bb859115318bab98e4c8483e1c12587824617a05f6ec54f,1,-0.0,0.0,literature,1.0,2,es,1,spanish_pd_books
3dcb1b5f3109058f28b9e0bc7c5e90351fbbf05b331341b42bbea5ea1fda680c,1,-0.0,0.0,poetry,1.0,2,ar,1,arabic_poetry
3def9821d1d97721d281ec04e98eee8602d76f0233b536054e0e3f93fde71078,1,-0.0,0.0,social_media,1.0,2,ar,1,exorde
3df33dfaf064c4d09beb8947724948100492ec302bce4af2963aa507c44df6a3,1,-0.0,0.0,poetry,1.0,2,ar,1,arabic_poetry
3e007722c80cb3466926e0d28b91eb2c2f1b6cf7055079b583fb0840168c9d2c,1,-0.0,0.0,social_media,1.0,2,ru,1,exorde
3e009bc4b15b58033d7c1f2f2328d35d933632932394009777f41f6c01c69c22,1,-0.0,0.0,news,1.0,2,ru,1,babel_briefings
3e0292abe2e072b96cafc77d1a245f1106841a2a2bd59c135a3ea26ed014e8a4,1,-0.0,0.0,social_media,1.0,2,ar,1,exorde
3e0a8c20ecb19ba2e945480ba90e5127f5bd2d5f333069c083a9de3f977c5a36,1,-0.0,0.0,literature,1.0,2,fr,1,french_pd_books
3e27438e04a89aa0d0443d40b89dd9f2311d6befe250969ef7c4874fbd0441ac,1,-0.0,0.0,literature,1.0,2,es,1,spanish_pd_books
3e3291d2c1642b79846c2d6d142a8e79441d72097bed240fbd75b9d046687aa0,1,-0.0,0.0,social_media,1.0,2,hi,1,exorde
3e3b8c40e0560581a47aa04ccd094a0bc2d5d0a93e4828af57edfcd3b9d2d1eb,1,-0.0,0.0,social_media,1.0,2,ar,1,exorde
3e4be7f4a84368049ed5ede5223a4c0ee947db371516c0bd55d79c8ec44e3584,1,-0.0,0.0,news,1.0,2,ar,1,babel_briefings
3e5cf3abfda0f6e1062e9a659d3f8f4b681aa582c10d0f592fda5a9b3ba0ef41,1,-0.0,0.0,literature,1.0,2,es,1,spanish_pd_books
3e6411b18965cc0cff004797b98ce284a39e159d73d73da3f19570ca4cbfb7be,1,-0.0,0.0,blog,1.0,2,en,1,blog_authorship
3e6f3714ec795351ad9e41bb78916c18ebc913249f1679858f74cc7efd2dba16,1,-0.0,0.0,social_media,1.0,2,ru,1,exorde
3e7b742877ff46ff7dd485d0969d2610216cc4aa271536c76083a6f3d1862eaa,1,-0.0,0.0,social_media,1.0,2,de,1,exorde
3e826cffe4dcb9100aa6c88d992970ce30cad03e3b543b0045b54c1444753628,1,-0.0,0.0,social_media,1.0,2,ar,1,exorde
3e8279d0992c5b8854cdb8c4d4d7bbd22ee95020577687a81b81aa964104abdb,1,-0.0,0.0,poetry,1.0,2,ar,1,arabic_poetry
3e8a7dfca42fbdf7976cfd454dd9f3150ad29e5e31c22cf77b05bcae7f256679,1,-0.0,0.0,news,1.0,2,ko,1,babel_briefings
3e9da1ea8019a90997bc314ccfe56c30cf75efbff5b8aa9164eaa65ca16f1fb5,1,-0.0,0.0,news,1.0,2,ko,1,babel_briefings
3ea15bc2f68824efdc8f0553c448339187be080009631a44304e58e1fa7be482,1,-0.0,0.0,media_reviews,1.0,2,zh,1,douban
3eb0dd78d1d8eeab3e468adc524d78152b08c6a95e7ca2c2e27a2d9baefa1400,1,-0.0,0.0,news,1.0,2,ru,1,babel_briefings
3eb760e8bd7de780a5940f918daa327ba5e57fe5ee6bd7cc0e9e7f3f2c0f02ac,1,-0.0,0.0,news,1.0,2,de,1,babel_briefings
3ed8532dc1475b203d70467b2fb003e21e1c84f237bbcf61906f328d510cb4f4,1,-0.0,0.0,news,1.0,2,zh,1,babel_briefings
3eec51d9f0ea3a4ce769f408789260205e5630561a1f987ff6bbb862a04dc665,1,-0.0,0.0,social_media,1.0,2,zh,1,exorde
3f1729cf094324ec5004f9baf95d6e341f321d62f5ac9a8197ddec860c8ccce6,1,-0.0,0.0,social_media,1.0,2,fr,1,exorde
3f1acf886297f1a342f9636faa909712c0e68d7bef7032b8e32faf5e5ecf484b,1,-0.0,0.0,literature,1.0,2,es,1,spanish_pd_books
3f287ba02f7f8a3396d5a197dcc8c0c8e9f889ffa902c269fcd7129bbd8463aa,1,-0.0,0.0,literature,1.0,2,es,1,spanish_pd_books
3f330babedff3267b9d3ff1d246f81adfcdb78997050a5cacab9fe423498506a,1,-0.0,0.0,news,1.0,2,fr,1,babel_briefings
3f35f1bef7247423cf949fb2c744d16b04cfef28e772378f6f816b7856d5ec42,1,-0.0,0.0,literature,1.0,2,es,1,spanish_pd_books
3f3a159b97bd6151ae4a2a31da2c5e6f0a2094c62c897717f80d60e692535995,1,-0.0,0.0,media_reviews,1.0,2,zh,1,douban
3f415865c3f8572945cc982316594955928d24e8da263aab774c9e896fb22822,1,-0.0,0.0,news,1.0,2,es,1,babel_briefings
3f56bd92d0ddc780754b61a0cf506092a1beb758a6006c4463df3ee76845a877,1,-0.0,0.0,news,1.0,2,zh,1,babel_briefings
3f60544dbd4a2ca506082e1349220d6f3058c13f36871a5a780f9933a1745302,1,-0.0,0.0,literature,1.0,2,es,1,spanish_pd_books
3f62e621e22eb58d332c1b58b2985ebe51252cf8c2d845d7df711b1329887492,1,-0.0,0.0,literature,1.0,2,es,1,spanish_pd_books
3f643c240f2d11671fa7cbbb2a42416273b787480bdcab01eb6c5be678b0128c,1,-0.0,0.0,news,1.0,2,es,1,babel_briefings
3f7ab43021bd065138d67d696fd920adb3fb3cc29bb3e385187ac8f0c0b5a837,1,-0.0,0.0,literature,1.0,2,es,1,spanish_pd_books
3f82576691896d6b44f74df712837b42bd803454dafc69dba0ca19f53508b757,1,-0.0,0.0,social_media,1.0,2,ar,1,exorde
3f8dfe7ccbcaf3bb68d2b50b1421654cac4034f5602e36afa4b615e733d3f8cd,1,-0.0,0.0,news,1.0,2,ko,1,babel_briefings
3f9c2978b44fd3b782e91f66c3e2306a7b65dbcc8f75fca21585e9c2fa973ace,1,-0.0,0.0,blog,1.0,2,en,1,blog_authorship
3fad972f493a18c142cf162f8bad6da5c985dabb6b15ca2d54625362834c9f66,1,-0.0,0.0,media_reviews,1.0,2,zh,1,douban
3fb18bc04e40f3e9047f4134b31dfefd9f9d16c781eff82dd55a3c181366017d,1,-0.0,0.0,news,1.0,2,ko,1,babel_briefings
3fb771eb4ec3e673043ead0d20d37f66d9a01ec3425e866612c3cdc7c6037880,1,-0.0,0.0,media_reviews,1.0,2,zh,1,douban
3fbcb498cbaeac9e41fe4866f2fb4e751b2f237d4006b01ed0a3f307199180cb,1,-0.0,0.0,news,1.0,2,ru,1,babel_briefings
3fbe9fbd1bbd5e21cac444d87ee394bc62657e80d69e6ac1e3107ab4c2f26a40,1,-0.0,0.0,news,1.0,2,ko,1,babel_briefings
3fc551ca8a3e02829cd1e55d48c2e062c7e808f63e411de1ed698df41e9fe475,1,-0.0,0.0,social_media,1.0,2,ko,1,exorde
3fc5c581ff444811c2f799f5faf903ec9bf04943f8f46268590cc63697a0d1d7,1,-0.0,0.0,social_media,1.0,2,ru,1,exorde
3fc65b2722159f9cbfa3b4959836a329e88d0acb198390143bee222e2c00edbf,1,-0.0,0.0,social_media,1.0,2,ru,1,exorde
3fd424055e46aa64cb1374242caf9bf2e75ebcc2cc96e308460d8e95c6a53199,1,-0.0,0.0,social_media,1.0,2,ko,1,exorde
3fd80d2b48545f3d7d9e941fb0e0661ae8f863695e3461808a24cc5fbdf7414c,1,-0.0,0.0,social_media,1.0,2,ru,1,exorde
3fe146a7e7d85420b2bf59d179a3618b177109d7028c8fec89c541ceca789334,1,-0.0,0.0,literature,1.0,2,ru,1,russian_pd
3fe49f875e6fed3a2346919aa8c39a33c31c9b7ed7fb52ffbbe10a55c9f996ee,1,-0.0,0.0,news,1.0,2,fr,1,babel_briefings
3fe97ce4b0e503ae7638008ff8d875a61a7d12fe30b44c11bfee8cdcb9572f3a,1,-0.0,0.0,social_media,1.0,2,hi,1,exorde
3fe981c9eb2ee3c57e654b3d3c91bd6f3620e40ddc07eb457b1a0ca69f797ac2,1,-0.0,0.0,literature,1.0,2,es,1,spanish_pd_books
3fea807b4c6a52fd3bdd7e24a01f6fed0977d784a124bcb3330dba14ab8f76f3,1,-0.0,0.0,literature,1.0,2,ru,1,russian_pd
3ffcbc6125889b5cb1a7d8ea40739751f98243ce6a1b8bc3018a3f06702620ec,1,-0.0,0.0,news,1.0,2,ko,1,babel_briefings
400e75261c0cd485bff22f412766c02cd7bee72ca52a11dbbd727c35b49d1768,1,-0.0,0.0,literature,1.0,2,es,1,spanish_pd_books
401b319c1e8b5ee9cf04a43a13273477762c5f8194dc766385a4325a6c25cd96,1,-0.0,0.0,blog,1.0,2,en,1,blog_authorship
4022784d7181baea8478a1d7c9fd3fb8b89485dd3fb8b44a3c73cf8616807c79,1,-0.0,0.0,poetry,1.0,2,ar,1,arabic_poetry
40286b6a6d04b79f035003d96c7b6bd762466aff6cf28cb3316741c69f9b5b18,1,-0.0,0.0,social_media,1.0,2,ar,1,exorde
402d3e65119014c32390bb9985a06e58484d02591235ef06519c49a737de6668,1,-0.0,0.0,poetry,1.0,2,ar,1,arabic_poetry
403413abd93acc5a4a623ca14b81499664369d6de2f5c25109f7fdb9349f73b5,1,-0.0,0.0,news,1.0,2,ar,1,babel_briefings
40385ff6b647616fc2de314bf170fd10d08b13b0556e44f17336b7eb159896c7,1,-0.0,0.0,social_media,1.0,2,ar,1,exorde
403cefad4784c60346d86a8fa8532b6d239719cc53b939e1f8d3c98b439dd7c4,1,-0.0,0.0,news,1.0,2,zh,1,babel_briefings
403f97e9988a61a7b7a47a3e84a93dbd221c14c76d9b2d06444be28790b5148a,1,-0.0,0.0,news,1.0,2,ar,1,babel_briefings
406c3eef3cf98d349d9590c046804bd4d44e3a11e0a524d912179f691c3108bc,1,-0.0,0.0,news,1.0,2,es,1,babel_briefings
4078d2825fa1423f64a7a466b917126e260b3ec8a7fe29908b6724382e15fdff,1,-0.0,0.0,news,1.0,2,es,1,babel_briefings
407b4c38190660183a084bfecaff03133f84fb8865a194885659adc0a747ba4b,1,-0.0,0.0,literature,1.0,2,es,1,spanish_pd_books
407f7ce296bdb58aebc8129c69ca418b65d4748810102ee5108176ab157d8fb4,1,-0.0,0.0,social_media,1.0,2,ar,1,exorde
408169ef802d279e2b3408e27400b9f3912a1727ef42a2ea10b0a17a5390714c,1,-0.0,0.0,social_media,1.0,2,ko,1,exorde
408693ad7ce0abe279c073cf5deeddc7986babb0997ae563876db29735c64406,1,-0.0,0.0,poetry,1.0,2,ar,1,arabic_poetry
40950cbd7dd6d1657db204909ac212a9ad059ce505927c49be89ca79799f6a8b,1,-0.0,0.0,news,1.0,2,ko,1,babel_briefings
409fcc09f6b9c9f43918c6a824f725f989e59552cb29934ace3f09a75f0e29e0,1,-0.0,0.0,literature,1.0,2,ru,1,russian_pd
40a10560fee3b5e8a6c6b0f79a7e57e5d3eef1bbac9c672171993910d647e152,1,-0.0,0.0,social_media,1.0,2,ko,1,exorde
40a37c37c1b54f9e8894bbd244bfece4e5d51dfc2660251274adc6cfc6959896,1,-0.0,0.0,literature,1.0,2,es,1,spanish_pd_books
40a8e65482d661049be57f5355ec244580416c26fed608df0fb95d620d513a34,1,-0.0,0.0,media_reviews,1.0,2,zh,1,douban
40abd485679d1e4a988adb08b94404c7523efdb855b2afd3fb0146ee50711906,1,-0.0,0.0,social_media,1.0,2,ko,1,exorde
40bf5fb93e58f26bba98b4cf064148c97a926b9d87b19be9cfbc918902f1fcd8,1,-0.0,0.0,news,1.0,2,ja,1,babel_briefings
40c277b1542a3ca70d8cfe99ee1cfea304da089b78044e96d44689ba0d3a824e,1,-0.0,0.0,news,1.0,2,ja,1,babel_briefings
40c6ce43ce7601fe398973185e0364d7cf0ff896b17fb250d5259b2a41f0dd42,1,-0.0,0.0,social_media,1.0,2,ar,1,exorde
40d382c2c69918bc87b1ccea41049b425bba46e7b19ceecf6441b4ea262757f5,1,-0.0,0.0,social_media,1.0,2,ko,1,exorde
40d58a0c35691484fff6963c6acb902075824b75774aea029d3f903201d52535,1,-0.0,0.0,literature,1.0,2,es,1,spanish_pd_books
40e3c56d735317262021218b364cc0b2e6e4e8d596d7b771633d8ca33d366bd7,1,-0.0,0.0,blog,1.0,2,en,1,blog_authorship
40e87bac477de0662245211988ea4d14898c130d0ed7c2068548df029342ff2b,1,-0.0,0.0,literature,1.0,2,ru,1,russian_pd
40edbbba786af6c24750635c95bb526a950061061d2816d2acd7dcc55c6496bc,1,-0.0,0.0,news,1.0,2,ko,1,babel_briefings
40ef72d29a1b6bd6300541ea156f9887c810de90e5f2ae0e4798eccf128a537c,1,-0.0,0.0,news,1.0,2,ar,1,babel_briefings
40fd4d6794eaac512fcb0198c7d799e7f24659da0c6298d2e472abbabaa1b9bc,1,-0.0,0.0,social_media,1.0,2,ar,1,exorde
41074184a905ab2747f6916ab7092ecda6e8685240413c1cacf3ffc3361f820b,1,-0.0,0.0,news,1.0,2,ar,1,babel_briefings
4114ab3d322caf3b3bacf121ce6052f5e351e70a046dd493690482cd5bf98432,1,-0.0,0.0,literature,1.0,2,ru,1,russian_pd
4115759d5a71ad7d7b5e955bfdc30dff07a5bbd14f27d4c5f0bfd97f7ffbb4f3,1,-0.0,0.0,literature,1.0,2,ru,1,russian_pd
4116f89eaeb5558ff87bc093ffe1f64a3eb8711b9dba295ed127457128539f64,1,-0.0,0.0,news,1.0,2,ru,1,babel_briefings
41201efc20402b436004050993e8a3f81d7684e8e18b3a6f41ba6efe25695f08,1,-0.0,0.0,news,1.0,2,ru,1,babel_briefings
4121bac69b9fa0f26185b6f35e6913657063a383fa352d16773f18d61b71844b,1,-0.0,0.0,social_media,1.0,2,ko,1,exorde
4135ce42e8c0ea3b0dfff1c31e396059fc826e97f8fb8fb47dfe6a9c4ae80860,1,-0.0,0.0,poetry,1.0,2,ar,1,arabic_poetry
4135ed6dcefc97d7f81bf4c3b467f274cc0eae33f97ecc26203313218546438a,1,-0.0,0.0,literature,1.0,2,ar,1,wikisource
413efee74fbc0783520097244328b6c1b591c47f0d5b07fda36b61c04e1df4ea,1,-0.0,0.0,news,1.0,2,ar,1,babel_briefings
414a0f40ad2a621f06db6a6a6ccf1e1a30aeb518ae1bcd8f761efffd739ac4a2,1,-0.0,0.0,media_reviews,1.0,2,zh,1,douban
414ce351980b9ddf36a4cf798e8317b77864e670269d4fedcad68c8b6b84f216,1,-0.0,0.0,literature,1.0,2,es,1,spanish_pd_books
41571a57bd00b55d78376822f085170b4e095806234fa9809abdea473e759b66,1,-0.0,0.0,social_media,1.0,2,ar,1,exorde
415d43cf9d89018dfd805975e13b7bbf2a3ab06f6e919ccfdb612643ecb9532d,1,-0.0,0.0,social_media,1.0,2,ru,1,exorde
4164e5bd1d023482564dafcd5dd5471b01835354211660c58a01f2838aca12cc,1,-0.0,0.0,news,1.0,2,ru,1,babel_briefings
4166c81f51cd76fe25632b0a37e6f7a65da6a40765c767393c4926f91379feeb,1,-0.0,0.0,social_media,1.0,2,ru,1,exorde
419007df2c97a0db4b42acb612948ee74ebd2c0f9b62ab84cb3f9378fe4fbd8c,1,-0.0,0.0,social_media,1.0,2,de,1,exorde
41946d160edd565142cd4c5b5bf7fe793554be2b5a923024bf3e4bc27c85a8fa,1,-0.0,0.0,media_reviews,1.0,2,zh,1,douban
41a24e4fe6121306e3ec298eff5281b950957fdc47cc817ec3a023a7780ac628,1,-0.0,0.0,social_media,1.0,2,ja,2,exorde
41a314a3a9e24486a31656f65bbbb644bf3f9195dac142eba481d4be1a19fadc,1,-0.0,0.0,social_media,1.0,2,ar,1,exorde
41a876dd6949a1152857225e618489397e89b290ee40e40f4614d3104a77c338,1,-0.0,0.0,social_media,1.0,2,ar,1,exorde
41bcd5087e58fa4fc715c352de3ee6e2c54a773ba8e21cd701a10e1111385e33,1,-0.0,0.0,media_reviews,1.0,2,zh,1,douban
41c068a670f63993c5a45e2b9baebe23690edf36c68227c9a32108edcb21da41,1,-0.0,0.0,news,1.0,2,ar,1,babel_briefings
41c878d309ca0a5b3c2c624fa984c6a8e62704da5f7d6c9562940a4e3cbba7b6,1,-0.0,0.0,social_media,1.0,2,hi,1,exorde
41ed23d43d23dd8019400a6c4594cb897a226906dea13255f3ab3a8f0b4334d1,1,-0.0,0.0,poetry,1.0,2,ar,1,arabic_poetry
41ee5762f27a8c201074cd6243da68fb6efb6f2af791ec20272e1bbc6d4e8c2d,1,-0.0,0.0,media_reviews,1.0,2,zh,1,douban
41f9686021b5e46c5eae2d87141ae4253d0f157d00fd96eb285b3657fdfc4fdb,1,-0.0,0.0,social_media,1.0,2,ko,1,exorde
42048565cd6480b7fcc7f8195884669317d422bcbaee865a4175ff497a26d5ad,1,-0.0,0.0,news,1.0,2,ko,1,babel_briefings
42071d2127444319a27e7d68d6507d9233ad85084b5d645041e08dbc3ea5938e,1,-0.0,0.0,news,1.0,2,ar,1,babel_briefings
421c59d3278e396aa10f957e638c9a33841cd983729d81bdcd8234f1df7cd64f,1,-0.0,0.0,media_reviews,1.0,2,zh,1,douban
421d290684777392edc9fa2182c62e06d72ff37e35ccf5daf3eefbdd802cb841,1,-0.0,0.0,social_media,1.0,2,ko,1,exorde
421e272206cbd4a7619206b64b832ad7f427871df33e514de0e5da96cd8f795b,1,-0.0,0.0,social_media,1.0,2,ko,1,exorde
4222b8d844211adcc0bad3c415cb6e5ff2e66cf9631eed260e0e525fc56faed9,1,-0.0,0.0,ecommerce_reviews,1.0,2,en,1,amazon_multi
422620f4750e929aa50455f47105dabc47a287d5faaa97aeb16927fde9cb1688,1,-0.0,0.0,literature,1.0,2,ru,1,russian_pd
422b29a1efdb82a784ce509747efcd75a6763cff01fb5c310f4ce00ec7b6527e,1,-0.0,0.0,news,1.0,2,zh,1,babel_briefings
422c69df1a19086bd06ba6502342a296f6dde8f3b7a33e16b622bd7a59c38893,1,-0.0,0.0,social_media,1.0,2,ar,1,exorde
422dde51224022b42dbdc3eeb8b4e0d7e865c666f41965e31247b2a2ce56eaa7,1,-0.0,0.0,news,1.0,2,ja,1,babel_briefings
4245998f7584eb65740ae0ae450b8e5860343a383198a660f3255d18611ba508,1,-0.0,0.0,literature,1.0,2,es,1,spanish_pd_books
4250bbdd67100afcdc1c5a752e0800bdaf1ae1c809a505fb7587316f2ca0e44f,1,-0.0,0.0,literature,1.0,2,ar,1,wikisource
4261de568559e1233e0cb3ebb0f6cf9124a42f17e01ff2f9cf2147fb991f1d53,1,-0.0,0.0,social_media,1.0,2,ru,1,exorde
426d9a943741c639cc3f6be3456968bce638ef3fe850e48b6423e6acac890455,1,-0.0,0.0,news,1.0,2,ar,1,babel_briefings
428880abdc4600c87d68892c33892bd34749f2ad5cceaa290a201429e70f85fc,1,-0.0,0.0,news,1.0,2,es,1,babel_briefings
4292e9993e33c2a161c1a7911c1eaf9d9eab1c78614de470c359e51e4475624f,1,-0.0,0.0,literature,1.0,2,es,1,spanish_pd_books
429d1495b32651a2a8e310ae20b93499c357bda9c496735cd2acc68a33ae3b82,1,-0.0,0.0,news,1.0,2,en,1,babel_briefings
42a8837e639787219d1450a21b74b91ef267246ed1ca739592352d174de1c93d,1,-0.0,0.0,social_media,1.0,2,ko,1,exorde
42acdcf0fa2d2a2cafc2f53aa783dd1eb98891de936a26030c7048fe0d0c37af,1,-0.0,0.0,news,1.0,2,de,1,babel_briefings
42bee237523fb04afc484ca93435668f0aef87cb5a6e87bacd4d6318bf045b17,1,-0.0,0.0,news,1.0,2,es,1,babel_briefings
42ca84d1e59c12fae4c3d72eb18dd6b9914b8da06f8a8734ef511be20d34306a,1,-0.0,0.0,social_media,1.0,2,ar,1,exorde
42cdf2a0129591cf096597c989d10ae1017b9b2890524fde9b4b41e4341a7219,1,-0.0,0.0,news,1.0,2,es,1,babel_briefings
42cf43223ff594f854630db6695b486d38b9c35837dd526cfc44a73b4d66b8ec,1,-0.0,0.0,blog,1.0,2,en,1,blog_authorship
42d532d46991140b69745317fb86c986c0b7a2580facb175daca4a0d9fda6f4e,1,-0.0,0.0,social_media,1.0,2,de,1,exorde
42dc6477fb603683a2315b208a58df2c41b1b10b4fcf1973ffa0cb658996c01c,1,-0.0,0.0,news,1.0,2,zh,1,babel_briefings
42dd94c87843a4aa629e12781ab80ef1d8b75013f40d172a68998e33e3c97425,1,-0.0,0.0,news,1.0,2,ar,1,babel_briefings
42f1350fafd64d1df56948816ef912abba1c19b66955a160b92cf8ca11799176,1,-0.0,0.0,social_media,1.0,2,ar,1,exorde
42fe6711921d7d4b20d9f3aaec2d0e9a63df01dccb066aaae88a6c3ece691825,1,-0.0,0.0,blog,1.0,2,en,1,blog_authorship
4308dfc4de4c46bca7fd33b5e7819ed3089c3380efc65475f83cceca0dd9e65f,1,-0.0,0.0,social_media,1.0,2,ar,1,exorde
431220d4a460ac795bf79319c073b2c597e5d08a054a45a22fbbadecd3696ed1,1,-0.0,0.0,literature,1.0,2,ru,1,russian_pd
4312f6c3605a143e8f3af5aca3fd07db0b985731b4f7cafd26983aeacb9f1bb2,1,-0.0,0.0,social_media,1.0,2,ar,1,exorde
431f48ba5309a43fb3e6db09970eb829921c364c861c3e7798bd353eba0d82c0,1,-0.0,0.0,news,1.0,2,ru,1,babel_briefings
4320f00c9a622460d16287161766dcf240e3dff32aef97ac2218d936849b8f72,1,-0.0,0.0,social_media,1.0,2,ar,1,exorde
4320f2aeea2262a9b910f4b176e2cc578cf458e6b73669332a6d84c167b621bd,1,-0.0,0.0,literature,1.0,2,fr,1,french_pd_books
432b388be041c8d6c3803928817512f86c785856f7f7367855f0b5ef66cf2e3a,1,-0.0,0.0,news,1.0,2,ru,1,babel_briefings
433a0fbc6501e023edfee7d20c2af9e91a89cad60e8b26c13f9769405c41229b,1,-0.0,0.0,social_media,1.0,2,fr,1,exorde
434b99967c3876215f2969cda506ce4822f1062751c41816cd39b1eb4737ea0d,1,-0.0,0.0,blog,1.0,2,en,1,blog_authorship
434e93d41e80a2dcffee21c05830d2648fd2963503e3a507e30e318d44641cea,1,-0.0,0.0,news,1.0,2,ja,1,babel_briefings
434fa492fa213a0b674123a98cf5fcda7494e87f825af2bbebcc924fd6beaafa,1,-0.0,0.0,news,1.0,2,fr,1,babel_briefings
435095a0e67eaaaa2bdffd1c76f4935bffe833c87330f0591f90f7dbd3017f24,1,-0.0,0.0,literature,1.0,2,de,1,german_pd
4368cb24a5fcd3c042784fc5e4034611f68ab7adae8a3197280b2091e0b813a0,1,-0.0,0.0,literature,1.0,2,es,1,spanish_pd_books
436dd19ae3a997a9b8256a3e1bcbb64b70e40c61162274d55e8d048224442f07,1,-0.0,0.0,news,1.0,2,ko,1,babel_briefings
436fa25a569c8f0294565621f0d10216ee47e9cc11b1c2795583733d85bd87b4,1,-0.0,0.0,social_media,1.0,2,en,1,exorde
4370ca635246edd39a71290e967b6d099ad3c7af67be7314775c765dcb6dce39,1,-0.0,0.0,news,1.0,2,ar,1,babel_briefings
4372ec152141b63708a11f8a55fc5ba52968c39ac6c7b21cd1e1b84a9f806db1,1,-0.0,0.0,literature,1.0,2,ru,1,russian_pd
437852c1f3293c702fbdfcedc698ac3b04ef56e56f1ae93a63b6ebcc9ef54187,1,-0.0,0.0,social_media,1.0,2,ar,1,exorde
437d97e53103c494e44c396ed881a1b7904965c5f9422d774256a3e4046ef2db,1,-0.0,0.0,news,1.0,2,ko,1,babel_briefings
43811678ec7d8e26ea39d137cdd0d60d02357b248898aa0013d4bc50f54039d6,1,-0.0,0.0,news,1.0,2,ru,1,babel_briefings
43ac6188570d8aa101fbade8b2dd9383305904b29e47c48b235b19580e63dbad,1,-0.0,0.0,social_media,1.0,2,ar,1,exorde
43b98d1b6fcfabe9428768500646eed1548cdf3860f415a182002d600b49f4ea,1,-0.0,0.0,blog,1.0,2,en,1,blog_authorship
43bd92d1036d096e021ac8449197902528aed9460c886ce0b0513efb4c77d6a5,1,-0.0,0.0,social_media,1.0,2,ar,1,exorde
43c5cfb77bff2faa13e352612047b430a4f02e19f4bb242338d6f01a42681434,1,-0.0,0.0,media_reviews,1.0,2,zh,1,douban
43c6003252be714af55eab847e468b8c5e7cfa9a4b00eaaa052292270e66ee10,1,-0.0,0.0,literature,1.0,2,es,1,spanish_pd_books
43d10caee56c2437473461650868e1a461260373145283ad2e964160bbc2a8a9,1,-0.0,0.0,news,1.0,2,ar,1,babel_briefings
43d900b60ec349c8fa0e05b8a406244a2e0b8db596e6fa198c6df203ce2b04e0,1,-0.0,0.0,news,1.0,2,zh,1,babel_briefings
43db67f2492ba7e59524017036ed0ffc853c2d05fe4a6ab81292d53595a86b7a,1,-0.0,0.0,social_media,1.0,2,ar,1,exorde
43e23f6b30a960002c0cd724cf9ad99f458bb452d8fc308500f5731c47553bc3,1,-0.0,0.0,media_reviews,1.0,2,zh,1,douban
43e2b9b30ef524c85440221cead05d0fb15faa13629c2d46bc4611c749d2f737,1,-0.0,0.0,social_media,1.0,2,ru,1,exorde
43f5af2cbe1e17d0e552e531a63b47b14672f50598a5251c79987a1aa4a9403b,1,-0.0,0.0,news,1.0,2,ru,1,babel_briefings
43fa398680b6284cb53e2f6a058162a7a55dd8b027bf5e7aeda1b4812bab9a60,1,-0.0,0.0,news,1.0,2,ko,1,babel_briefings
43fc0a2b32f03a76a53c3547a2ec78b1de0ccef047ba561b88cced32aee0b287,1,-0.0,0.0,news,1.0,2,zh,1,babel_briefings
44065fba70ce899a4ff2953711eb3d15109cb2d1235aec1deca63a4b3294589e,1,-0.0,0.0,social_media,1.0,2,ar,1,exorde
4407e2c873bfea4143243bb8b63fb019f9938f679f1df5366d7f853282bc21ae,1,-0.0,0.0,literature,1.0,2,es,1,spanish_pd_books
440ca9fc8796d1faea35dcb1df282f0c606767dfe4c338b525415f85fb2bfbcb,1,-0.0,0.0,news,1.0,2,ru,1,babel_briefings
440dd29c258631e20c8fe633a1e71214f5789f2679ea45f8fffb42b65bedf641,1,-0.0,0.0,news,1.0,2,ko,1,babel_briefings
4410a0d6156c778fff1e3954c686ec4545028d40933aa0b89729d7ab6c313b9c,1,-0.0,0.0,social_media,1.0,2,ru,1,exorde
44145e8e8878095f2ce0389b085e6dde970610579e5bab5546c1ae78c6909d81,1,-0.0,0.0,media_reviews,1.0,2,zh,1,douban
4414c622e55a02e8fc700ac276d39be929eeaeaec73ef1613807788f6dacb2c5,1,-0.0,0.0,blog,1.0,2,en,1,blog_authorship
44188188a1d4e50edbdee41033abbad447f7c65ab58706d2f59f7193a8c49f8f,1,-0.0,0.0,news,1.0,2,en,1,babel_briefings
4422207eed9df6bac521e2166e5b47af63dd7b8065ccd99ecb4579e12641b573,1,-0.0,0.0,media_reviews,1.0,2,zh,1,douban
442623bea67f9925430cbc3370a8ec18b11ace11f6abc39af27f2371df5ffdcd,1,-0.0,0.0,news,1.0,2,ko,1,babel_briefings
442e3aae5934c6ef638fc1df2f9b7093bc882b71a0fb08c2934b5cad2413a216,1,-0.0,0.0,social_media,1.0,2,ko,1,exorde
4432d883bd3b5d923c311ebeb459ab0ce8a456e1a8d3a7b3abfaa998d6e4f80e,1,-0.0,0.0,social_media,1.0,2,hi,1,exorde
443452bbfea6382d992264484146b40fb8c5c915d853c469017ece1d55bbde0c,1,-0.0,0.0,news,1.0,2,ru,1,babel_briefings
44420403c266fd600bf3675d027e2984bb367fa008532f1b31b4602672e22dad,1,-0.0,0.0,news,1.0,2,ko,1,babel_briefings
44450c886cc1e6c5b0d225b503021d934537a999c21c6fe987c11f2451540939,1,-0.0,0.0,social_media,1.0,2,ar,1,exorde
4447532cd4148f509617aba905735ab7fc6ff3fd2ff4541f2f59a7ff0f66516f,1,-0.0,0.0,social_media,1.0,2,ko,1,exorde
444b54ab10fa4bbcd81e90725a08aa0ded37446bef1021224ec183e7bd9ec712,1,-0.0,0.0,literature,1.0,2,es,1,spanish_pd_books
444d22f7f8c22913fbcf88ab9ccbe61e845159e88f5c94c164c950aac1b7d200,1,-0.0,0.0,news,1.0,2,ko,1,babel_briefings
4452a3b3791eab51e7be6d5c5244139d7e37e48e33af411d20e125a4aa3faa31,1,-0.0,0.0,literature,1.0,2,es,1,spanish_pd_books
4454b451a33671fe1c1999cca4e346bfd289469ed086791368e3ed811edacf54,1,-0.0,0.0,literature,1.0,2,ru,1,russian_pd
445c8757145f158ff9eb57f867781e7758852cfadaefc04576a4bc20f77ba87a,1,-0.0,0.0,social_media,1.0,2,ru,1,exorde
44654bdb8600cafe63b0094b294259abfcbb5c9af5f355388225bb22f5359f08,1,-0.0,0.0,social_media,1.0,2,ru,1,exorde
4466b0e083186a7ca2b2967eddad4b98e96bce95d55a56df6f13ad435acb3c73,1,-0.0,0.0,social_media,1.0,2,fr,1,exorde
447f33c07bdd4df909d5aa1509f84bd86d6bcf4db26d580613b6260ec9757d35,1,-0.0,0.0,blog,1.0,2,en,1,blog_authorship
44836212698018ae12db97bf46031de5f01eb772d2e670001938a32f9fd6824b,1,-0.0,0.0,news,1.0,2,ru,1,babel_briefings
44848fd2c0b719486345514411e072527096e90e0142a0ba1e78edc5d4b90355,1,-0.0,0.0,literature,1.0,2,fr,1,french_pd_books
448b8c1fdf7066d938fab105cb13f0d846d9e5a4e6818eb95b9bebe8376548b7,1,-0.0,0.0,literature,1.0,2,es,1,spanish_pd_books
449d682f437dae0acbe09f8f78ee1724269eaf7166977c96b688e385843c4b01,1,-0.0,0.0,news,1.0,2,es,1,babel_briefings
44a00e59992bd5295700cf5d3d6d0059feadac75ecf6ce9e882d891115c62a99,1,-0.0,0.0,social_media,1.0,2,ko,1,exorde
44a62ee59f235480ea6b6c00072d6a838f0cdafe478d4219eaa793c873cf1224,1,-0.0,0.0,social_media,1.0,2,ar,1,exorde
44ac0435cfc7d62aec3008971a71bb75e97355fc5cf3b395e437023ba7fae148,1,-0.0,0.0,media_reviews,1.0,2,zh,1,douban
44afd2f014da42c4da9a79e39384fba728817635152fec6e1e72653a75bc3c5d,1,-0.0,0.0,literature,1.0,2,es,1,spanish_pd_books
44b3f369a5c642dfaec6b61b511137c7495e380589697dc8ec2f44e0f9d85313,1,-0.0,0.0,literature,1.0,2,es,1,spanish_pd_books
44bedaa6c75dae35b94be5b838611ce88d2bd9719b590238705f6a39fbcc546b,1,-0.0,0.0,literature,1.0,2,fr,1,french_pd_books
44c8e0752831d061e10f630ce183dc1489ef1c2cff413b1b23c78f4db34a2b79,1,-0.0,0.0,social_media,1.0,2,hi,1,exorde
44c9b7a2e5c512e7829fbb584d5a90413ae72829bf9b8642f7ba43b3d5c030c0,1,-0.0,0.0,blog,1.0,2,en,1,blog_authorship
44cad309e43ce097ade3317cb183ce1ccef93c7ee06d2daf3ed03e252594c433,1,-0.0,0.0,news,1.0,2,ru,1,babel_briefings
44cdcac06ccaf8e4999e4dbe52e7d51d070f138245aae85c6a2d8ea6c25ed91a,1,-0.0,0.0,literature,1.0,2,fr,1,french_pd_books
44d41e122d596438717e3eb7b1282d91d9cad6fc23593787cd25479ad0753891,1,-0.0,0.0,social_media,1.0,2,ko,1,exorde
44de226bd91c3a513ae8042273987986cc9f06f4f13b0385a7f24cda74cd8d3c,1,-0.0,0.0,news,1.0,2,ar,1,babel_briefings
44e1e52abb2bb90a7eee7e74178197887a3cbb44dd96adae83b1f6fb70516530,1,-0.0,0.0,news,1.0,2,ko,1,babel_briefings
44f13e6776051d5e61a935c6f3bc1ea0b6b89ecd70acf79289cc41c05f762d7c,1,-0.0,0.0,blog,1.0,2,en,1,blog_authorship
4502fa0a50dac8f8d72d46d8b432dc6b5ff942358f1ee230e3193a8d1252e970,1,-0.0,0.0,news,1.0,2,ru,1,babel_briefings
4509c8b42b0b40b1a1335dab43b416a9b928569d20969e2dabb1aa36a6ba938b,1,-0.0,0.0,media_reviews,1.0,2,zh,1,douban
4517c088be4e50f5bb717dc53405b30348ebbcf71e0c3fb524261168dcc60b50,1,-0.0,0.0,blog,1.0,2,en,1,blog_authorship
451aa84fb1509ace4c558af697ddb799fbf00369c64144295306629fa1e2960c,1,-0.0,0.0,social_media,1.0,2,ko,1,exorde
45277070a91aef5ac0299b2eeed786c5bf00531b9aa3082cd07d0c1c653b9291,1,-0.0,0.0,news,1.0,2,ru,1,babel_briefings
45371dfe388b5d798e41066ffd881131461e5254b99189be08810bfdc6e428d1,1,-0.0,0.0,literature,1.0,2,es,1,spanish_pd_books
453a48e1cfc1ade0dbd43bef0623d1cc1eea5118443ca4d987de4bb1739227cc,1,-0.0,0.0,news,1.0,2,zh,1,babel_briefings
453a5ba5f273b30248daa5d2bc36e0698e397fd1aae67089a2b12bf3e179d29a,1,-0.0,0.0,literature,1.0,2,es,1,spanish_pd_books
455b4e22340b9be82cbe7cddce5b23d68723fb4efb63cdad3fff256b06f20bdf,1,-0.0,0.0,social_media,1.0,2,ru,1,exorde
455d5bcb878e2814bbab12b0bb3e0810d4cbfb4d739b385e9d8e3d5eeae53243,1,-0.0,0.0,news,1.0,2,zh,1,babel_briefings
456a3f6a459bbe823e43cddee6c3f113889072cd679e745c3af262d1d74ab832,1,-0.0,0.0,social_media,1.0,2,ar,1,exorde
457498f73ae8226bcb396759a501a1cbfa27820d5a271a6776752143ba1a9b2f,1,-0.0,0.0,literature,1.0,2,es,1,spanish_pd_books
4574f9093a2a3c33a420313419608f92b515a33b58c9e4b6ebf9a468a700382c,1,-0.0,0.0,news,1.0,2,ar,1,babel_briefings
4575e69e73c8e037dfa6dd231495c9395d30de993c1a1b13ef18628c18342afd,1,-0.0,0.0,social_media,1.0,2,ar,1,exorde
457dbb33d242935aeb496e999c4630900e281e3da1f6c2c6eac0ae484ccfe0e6,1,-0.0,0.0,news,1.0,2,ko,1,babel_briefings
459a1641f52e49af6dd4583219702741d7aeb393cf740fd27596ae040c9d789f,1,-0.0,0.0,literature,1.0,2,es,1,spanish_pd_books
45a27ee717f98dcbc8aefb3aed83c7b6217a80d07328917f5d0cfe95e1d7712a,1,-0.0,0.0,social_media,1.0,2,ar,1,exorde
45a447bf0984c7f39b719b4d3a6bd5acbd5e4dc611d3413019c580b2e41733be,1,-0.0,0.0,news,1.0,2,en,1,babel_briefings
45b860ebc02e48cea19b41b4cdc9d027a3417224600ec718a90c4cb32f310d49,1,-0.0,0.0,social_media,1.0,2,ko,1,exorde
45cc3cacd92f7186f9e939856bc380e2ed2c7502caf3875cdbfd54a7860ad706,1,-0.0,0.0,social_media,1.0,2,hi,1,exorde
45d99d4c71c31c90be193ee297f7043e7b201e9367cc5f6c40503b27359d60c9,1,-0.0,0.0,media_reviews,1.0,2,zh,1,douban
45dfa341fececa554c66cd1c2c3d0080787f8e3c5c5670da4e200e1007ed518b,1,-0.0,0.0,news,1.0,2,ru,1,babel_briefings
45ecab73b38ffc83e339815a5a973c373284118d470abc6826c82934842a8fae,1,-0.0,0.0,social_media,1.0,2,hi,1,exorde
45f89f52c5c9d13485f7348eb827a15a2bb7c9486f6e69d5d67b8c8995f2bce1,1,-0.0,0.0,literature,1.0,2,ru,1,russian_pd
46077c06042e26f64398731c6507b85352c031e391be65465eb62e66e7b952a0,1,-0.0,0.0,social_media,1.0,2,ru,1,exorde
46079c3849636d8c8ec0f2c489062b78ba2aae9a6a52d5e3c41eb10e4857216f,1,-0.0,0.0,news,1.0,2,es,1,babel_briefings
4614bf6c6b831af0c7ac621774da6a982e274663123e95335d7cb17d1fefad8e,1,-0.0,0.0,literature,1.0,2,es,1,spanish_pd_books
46287821a9f41855eb23a2885d17075557530cd48df6e2715ea813c844e2d6ef,1,-0.0,0.0,social_media,1.0,2,ko,1,exorde
462b2048157a38e79db3c8f9bde8ad53895ca99b8e01e0b875463de76714ae5c,1,-0.0,0.0,social_media,1.0,2,ko,1,exorde
462e067a0ed54ca60cf06ee798239f209e36e115725f25d0084f450876f2140e,1,-0.0,0.0,news,1.0,2,en,1,babel_briefings
463736ed52a2c1fb64194efde767598c789d8e36b4a80ab1e3123ab574b33dd0,1,-0.0,0.0,news,1.0,2,ru,1,babel_briefings
4640e7df073669dc644d7f12ce11dbe6be7e88b434872bf7c1f6b372be26e983,1,-0.0,0.0,news,1.0,2,ar,1,babel_briefings
4653c7b8c2e0062340a3f673c10baecd8f0dc44841a38799a63429b7a6acd3e6,1,-0.0,0.0,news,1.0,2,ko,1,babel_briefings
46731b83ce289197e18e6820e6afae1630b393947b7d083e91edd7b72a0d31f1,1,-0.0,0.0,social_media,1.0,2,ar,1,exorde
4699e71afd72a96aaee7d338ab11fdd30b418e92471bca1f8780f33ee9a073d6,1,-0.0,0.0,news,1.0,2,ru,1,babel_briefings
469e4e86ee0f31a743d70886005a7e9205738b61b518e156ac5ea01fb5a85339,1,-0.0,0.0,literature,1.0,2,de,1,german_pd
46aff33df16da310662b4ed3cf07b6e075b047d33e8adaea7d0fe6bc9af01305,1,-0.0,0.0,blog,1.0,2,en,1,blog_authorship
46bc93e8eb95a8daecda4da6bbdf7f058c0cce9a08a8630f09fc0a0b3a2e2391,1,-0.0,0.0,news,1.0,2,ar,1,babel_briefings
46c49f8072547a102cd7e4497b2db640abc444a51fb2017a6df4d685424fa917,1,-0.0,0.0,media_reviews,1.0,2,zh,1,douban
46cbfe634f211f1c021cdc95f89d358631cfe3662cda03ffc103699d37593bba,1,-0.0,0.0,news,1.0,2,es,1,babel_briefings
46e6275907649cf975f6bec9e88e0147f11e0bb784889793c8b65a5669ad9aa9,1,-0.0,0.0,literature,1.0,2,es,1,spanish_pd_books
46eb08c721a769826b2b5df83d8ef934a9102ccdf07b1241440cf3c7a79996fd,1,-0.0,0.0,poetry,1.0,2,ar,1,arabic_poetry
46ed9e2492dc223eb08a97ef81bfc1075f1e0ee820bb00f5adfd28f4ac94515c,1,-0.0,0.0,ecommerce_reviews,1.0,2,en,1,amazon_multi
46edca0550c9b156f53bd4a308928137a21d95d6585ebcd839e22d4ae6eb44b3,1,-0.0,0.0,news,1.0,2,ko,1,babel_briefings
4701551a0a38819c1affa4b2a02ef122a61df370728a318c7884bc516154493f,1,-0.0,0.0,literature,1.0,2,de,1,german_pd
47019b49575466c2f0f05d4863bf6068891ebfbe3e1069107cc031c63ac684b9,1,-0.0,0.0,social_media,1.0,2,ar,1,exorde
4721dfbdc18b46925630a10d5cd6a9f5a0134e610475dec1288261384a26af49,1,-0.0,0.0,news,1.0,2,ko,1,babel_briefings
4723b1cd11356bd220fdad055f911834c14c983c1da6fc2076992e81b78bdafb,1,-0.0,0.0,news,1.0,2,ko,1,babel_briefings
4725aa0c073b4722431e355b4a5c0037fefb1b5b31d4acac232fb9474c3cc2fe,1,-0.0,0.0,social_media,1.0,2,ko,1,exorde
472958f8e86a51815f875a4bbf2f319ece355488d4b9ab2cd6798b6c0219ee1a,1,-0.0,0.0,blog,1.0,2,en,1,blog_authorship
472afc5e9639fee04c117314427eacda2d78b617c720284a937aae2cb4d42699,1,-0.0,0.0,literature,1.0,2,ru,1,russian_pd
47499befcdcaf692b4773b3ef808509965b82f19b62d0f5e7ba100d1120b95ed,1,-0.0,0.0,literature,1.0,2,es,1,spanish_pd_books
475bd982d9fcadbf50c5ade6c1794e3e5e1f021d32274a85ad4421621be9d330,1,-0.0,0.0,news,1.0,2,zh,1,babel_briefings
475c77b682f0caa6be61dbab09ca8f4a2bf6713b4da0031711b238ef913417d4,1,-0.0,0.0,poetry,1.0,2,ar,1,arabic_poetry
47722e14193c201a683e6970099f1a37c9ffb054cac147e7ce7c9cf3a1fbf3b1,1,-0.0,0.0,literature,1.0,2,de,1,german_pd
4776c521e2a279f5b0ff59765f7c42341768bd5e555134701a7dbb5bc3482560,1,-0.0,0.0,social_media,1.0,2,ar,1,exorde
4779061c903ea01a11eb833a0655d60ac3d7cff35d8b2f0d959edb7efba77f04,1,-0.0,0.0,news,1.0,2,en,1,babel_briefings
477e33b1b7bc1d6be8ac1208a2b3bc612302512ef20e4f671a46f424a7c0dcb2,1,-0.0,0.0,literature,1.0,2,es,1,spanish_pd_books
4781818cdbbb69b56600f67f908c8eef32da39d219aa0990a60c598d58959c93,1,-0.0,0.0,social_media,1.0,2,ko,1,exorde
4783c5b00a78ba2b92e41ebcb434328866511335a4ccb82e4b782c1f393710a0,1,-0.0,0.0,literature,1.0,2,es,1,spanish_pd_books
47886c552d23bb7fbd0a3456378f4f44bf8bd72e2b206ce4b00dd80c90520cf6,1,-0.0,0.0,social_media,1.0,2,ar,1,exorde
478c365a5cdfdf236098a6593d5cdbcdca5fa54e2a2413c80d58f2a03cb598bf,1,-0.0,0.0,news,1.0,2,fr,1,babel_briefings
47a307e4cd3db760af577665577610abc22f00ca0fd167d1b61f7e24f7717286,1,-0.0,0.0,news,1.0,2,ru,1,babel_briefings
47a4c8b2bc8f73c71e53fb6e380fbcd312288a5c580339cbfc15cdb4a7d2a8c6,1,-0.0,0.0,news,1.0,2,ru,1,babel_briefings
47af7c64fecafae17056b2947ddd049bdde8a51edf68670b0dd6427aab0ba539,1,-0.0,0.0,literature,1.0,2,ru,1,russian_pd
47b8062301393ef677ff8912a40e4c1c0676c683f3178b874462602f6ebd50ff,1,-0.0,0.0,social_media,1.0,2,zh,1,xiaohongshu
47ba00b9880afd13231393db0192aef10e47e3a13625d7a598745bbf7354d784,1,-0.0,0.0,social_media,1.0,2,ko,1,exorde
47bec88a2b701b27f488490dd95871000f9481a34bf97345ec3f46293bccc593,1,-0.0,0.0,news,1.0,2,zh,1,babel_briefings
47c1aa2d867700a3e064d13ee957e085475067506f9cd50f5d7e26c2a543f3bb,1,-0.0,0.0,news,1.0,2,en,1,babel_briefings
47c70a2bc50eb805300e832a3586d26572ffc5ad6e525a9e0918ef85b1bf70e4,1,-0.0,0.0,news,1.0,2,ko,1,babel_briefings
47dca4002b8f683d0f7c3b3029c6cd8bf877ae6718bc20cfb8d1f4dacc0b51b8,1,-0.0,0.0,literature,1.0,2,fr,1,french_pd_books
47eacf39af01592b3362ab223d6211050935e7bbfbed737b93fab86cc1475bf1,1,-0.0,0.0,social_media,1.0,2,ar,1,exorde
47ebe60cd6e48be351e2bf934425e1b0c14c0d6688902d9e03196abd34fd76af,1,-0.0,0.0,poetry,1.0,2,ar,1,arabic_poetry
47fbce1aefbedaf7b9d2d18be96d28998365a25aa55ecff3938f5d18ca7b90fd,1,-0.0,0.0,literature,1.0,2,es,1,spanish_pd_books
47fe7b718e85a79c6542466c5da0f21c6c2da92d15b64337e3ef666ae85f991f,1,-0.0,0.0,news,1.0,2,ko,1,babel_briefings
48031d5ae88a73baa867be367e1a8fa280caedaa0e0bdb737cdb88c1998fa336,1,-0.0,0.0,news,1.0,2,en,1,babel_briefings
48056478a2d458e9197c4643accbd6ace56ec3b44dfe650be2bd60eda8439cdd,1,-0.0,0.0,research_paper,1.0,2,en,1,arxiv
480a8cbc8a019be214a1bc23c65b074b1d94b6de141c94ad9fda3746ec2abeb1,1,-0.0,0.0,literature,1.0,2,es,1,spanish_pd_books
48118192e6b4cca142fa3d634c3949e56e6ea00bcc43a5b6f19df100a3d76783,1,-0.0,0.0,social_media,1.0,2,hi,1,exorde
481cc2a25c8c04fe2484a41fa8635725bb5e3168e6abd878202cf0bff1377e3a,1,-0.0,0.0,social_media,1.0,2,ko,1,exorde
481e1251730c4f36077b90b318c2ac4de10887a6718e189f9ca00bb32c336c88,1,-0.0,0.0,news,1.0,2,zh,1,babel_briefings
48274709e588b6fa2170bab7fe3aa1b160ef6c3c0dbd19fcb644ca32fa5b7d12,1,-0.0,0.0,news,1.0,2,ko,1,babel_briefings
482e89c741b02f92d1a354347f67ddf5aa2f456fe471453c50a5b885e05ad38a,1,-0.0,0.0,blog,1.0,2,en,1,blog_authorship
483a9ed09c2375f858bed559004788d53bb1cce23af1a78dd2f8f065ffb3a995,1,-0.0,0.0,news,1.0,2,en,1,babel_briefings
4847d0e44385ac20dde4bc54c1417d2bd0ea32d12389d0e03f299fd7bff7da25,1,-0.0,0.0,news,1.0,2,ko,1,babel_briefings
4851fa032e1cf9e3278c4d1af35056259fd8a7e373202e537d5a4039ec3ca5b0,1,-0.0,0.0,news,1.0,2,ar,1,babel_briefings
48522658a84f3a8df3dd325c5b3819c54a4997061ce01f195fe5b76951e81b06,1,-0.0,0.0,social_media,1.0,2,ar,1,exorde
48525678eb1c1c7e67db315eae7390fbe4fdcfdd6cfa4af64d280452f186b094,1,-0.0,0.0,social_media,1.0,2,ko,1,exorde
486ef7a22009f8a4de7517940efebbd9720310e00ee8fc6f1bf2e7cb94a47514,1,-0.0,0.0,news,1.0,2,zh,1,babel_briefings
48711f98c6a4ee2594c4faa39634119c70d16fa22bc89a4297f7a9aae2dfdec6,1,-0.0,0.0,social_media,1.0,2,ru,1,exorde
4871824f629daae35db4e31a9a571c335dbab4edca99f4b696b42f99459a8728,1,-0.0,0.0,literature,1.0,2,es,1,spanish_pd_books
4876b88e50b2a427351ce5cc6c3b0c7ccc8b1b075868a7ed821c9426c2b61df8,1,-0.0,0.0,social_media,1.0,2,ar,1,exorde
48775506f95f6a784d9177652719e352fb35204cbd633c962189667d61e9c632,1,-0.0,0.0,social_media,1.0,2,ru,1,exorde
487e0e86f7a8aeab99ad2f15e0a0f17b57620b789d3a5d4a3ec0e87d15fab559,1,-0.0,0.0,social_media,1.0,2,ar,1,exorde
488ab9cbc4d4e2ad319b22c09eec83671bd1bf49e7731ee311f1e04336eae0a6,1,-0.0,0.0,news,1.0,2,ru,1,babel_briefings
488eba82404c301f069ff2be4dbd752a4e84d6429b59bf065f360cace537c276,1,-0.0,0.0,media_reviews,1.0,2,zh,1,douban
48a5b00e9308a126caf2fb316f16bc77cde43c4f2488c401982eecc79db58168,1,-0.0,0.0,news,1.0,2,ko,1,babel_briefings
48aa796f03f3e0fe52bcabcbd52c8020d9d4df5417c497fe8af0e56e48bc4019,1,-0.0,0.0,poetry,1.0,2,ar,1,arabic_poetry
48b06315778c644f7eb5bae9a5b475c062231bcc11b03d57be55740d3395b520,1,-0.0,0.0,poetry,1.0,2,ar,1,arabic_poetry
48b454967da380186007e36cedf966f088a795e63f8de38762a59c1c39d00119,1,-0.0,0.0,social_media,1.0,2,ko,1,exorde
48bcd4e49d9bb40b45e82e5373da4d44592bd46f6eeab5ab36ffc22edb012462,1,-0.0,0.0,news,1.0,2,ru,1,babel_briefings
48c0a044923e33eae25150782ba9a0a107e530a0705884d312c1572118829286,1,-0.0,0.0,news,1.0,2,ru,1,babel_briefings
48c994c1608253f66ee5e605fe71be62a49304680d8e52621fcff15a2fbfb97b,1,-0.0,0.0,news,1.0,2,ko,1,babel_briefings
48cea9a1cbf80c27359a5395e61e2341518929f68a67822a0249f30a2ae204b7,1,-0.0,0.0,social_media,1.0,2,fr,1,exorde
48d4d116f87db07503e415d568b8c87260a2a60cb4c3ceea0fd4937cbc1397ad,1,-0.0,0.0,social_media,1.0,2,ru,1,exorde
48d57a47225c6210f80d931f83dd25d3c76ba7565ad07905dc96b3a00600c25b,1,-0.0,0.0,blog,1.0,2,en,1,blog_authorship
48d9388187c49eddbd830fdb8368fe75b75b6a15f3c56e8c5988c11d8ffcc6b3,1,-0.0,0.0,social_media,1.0,2,ko,1,exorde
48dabe2c4b5c0c7a4659377a68ffa408848a2d41a23bfa29865390e7f1f9425f,1,-0.0,0.0,social_media,1.0,2,ja,1,ytcomments
48e260b0613a511a87b9112f7eca959d78bec91af83d43da5eb84afb359718ba,1,-0.0,0.0,social_media,1.0,2,ko,1,exorde
48e779a266a4b913f0221e21ca5b65bd95bc44e7dafab3ac03c3571fcc7e897f,1,-0.0,0.0,literature,1.0,2,fr,1,french_pd_books
48ecd979f7665223c33a57a2bfd5b1ac514a90c0538973091df1056c5040503d,1,-0.0,0.0,blog,1.0,2,en,1,blog_authorship
48f148c8fcaa2c85352969b077cf7cfffa2866aa367a97b2b7de3448275dab2b,1,-0.0,0.0,ecommerce_reviews,1.0,2,en,1,amazon_multi
48f1c4eeb069dfeb2ae1aded72dd66151be9d8567505b1271a274df71e3eebd1,1,-0.0,0.0,social_media,1.0,2,ar,1,exorde
48f4d32ae7a933f329855e82bf5f74e129e2ad5cc823565af0864049ba170a2e,1,-0.0,0.0,news,1.0,2,ko,1,babel_briefings
48faba348a6be61188665fc288298c03a8a3db143dac4258172796eee2419954,1,-0.0,0.0,news,1.0,2,ja,1,babel_briefings
49004881f40f8001eb4cffe735040ab3a12e00c25f57770880d96b70163a9695,1,-0.0,0.0,literature,1.0,2,es,1,spanish_pd_books
4901cb55f57a8f6c750453dfdc6cbd53d1f69c686df784db88e7236068037b35,1,-0.0,0.0,news,1.0,2,es,1,babel_briefings
4909d493159b008c0f18b88be515f69acd58c4534a54288105b8eddf1cf85b5e,1,-0.0,0.0,social_media,1.0,2,zh,1,xiaohongshu
490cfbec6081c21cde4fada44f885a0c58539f2afaa16a2902a7b692c11d8ec7,1,-0.0,0.0,media_reviews,1.0,2,zh,1,douban
490e836267d18c102e2f551cb3d2fcd9aeba17cf79defd62b46a705e016f8305,1,-0.0,0.0,media_reviews,1.0,2,zh,1,douban
4910616f680805f0ad57e69a556e649a25331e5c537db9e9624407f925270400,1,-0.0,0.0,social_media,1.0,2,zh,1,xiaohongshu
4912383a80437f674f50e4ff8d2a0c66f879424b38defaf8de17ccf024ac74c7,1,-0.0,0.0,literature,1.0,2,es,1,spanish_pd_books
4913cded7c5b0d8b54490015f1ffc3db824547b8ca467b8e73a1342874c00bad,1,-0.0,0.0,news,1.0,2,ar,1,babel_briefings
4920407354e4f0069fd88d11f8349e29a5aec21513a7ebdb5e76a479be424a61,1,-0.0,0.0,media_reviews,1.0,2,zh,1,douban
49325afa0369b3f5f377bf2d36e0221b32ea80b2d901e86f11d6a7ad1168c71a,1,-0.0,0.0,news,1.0,2,ru,1,babel_briefings
4937c62003fdb45f196334f62a02eed0e594dd7616162d38911ed7c883e387ba,1,-0.0,0.0,media_reviews,1.0,2,zh,1,douban
4943d0e4fd7428575278a4b58543082f4858328ad237385b809deea9d1599750,1,-0.0,0.0,social_media,1.0,2,ko,1,exorde
4954aabce438345615ec3fb28d6219fea34deb8ac32b19b9ab5d6f0fbae3659e,1,-0.0,0.0,literature,1.0,2,ru,1,russian_pd
4969b8bbd2c17116cc7264cb3b475ccba4634ddcfeee7b66f84bbb82b0bee3cd,1,-0.0,0.0,social_media,1.0,2,ar,1,exorde
496cea9421f40b99302a28ff9bd20277dbf1603f354214e7ca2601a6e502acf1,1,-0.0,0.0,literature,1.0,2,es,1,spanish_pd_books
497080100b45d67877878f0725111224c79b296f0fac146956123f562d2129c5,1,-0.0,0.0,news,1.0,2,ar,1,babel_briefings
497181fd1afa07abe2b25fcfa4b5fb62b8e2ae8b5d14aabae3b291635fc38da2,1,-0.0,0.0,news,1.0,2,ar,1,babel_briefings
4976834e3da0216a7dd14ee6d29e9b38398ebd15ce1f85cdcc38fcb8fab6fd6c,1,-0.0,0.0,social_media,1.0,2,ko,1,exorde
497a54186a0dce0639b8e69de92f2de32dc7248b1e6869065bd785a75dc13fa5,1,-0.0,0.0,literature,1.0,2,de,1,german_pd
498408b3c71a9078a5e9564b2c5b21c0c5f0f2737076029a43bfd76f8293ee4a,1,-0.0,0.0,media_reviews,1.0,2,zh,1,douban
498d98fad6827314a99c352be04cae2a1c947cc418a2af53d3a0b9c3946d66ff,1,-0.0,0.0,news,1.0,2,ar,1,babel_briefings
4998dd8d125f453f0dab9517becccc8bc32494b71dd970d17f6020a81ee341af,1,-0.0,0.0,blog,1.0,2,en,1,blog_authorship
49a2e9ced48bb6dea53e2fc6588432ee337469fdfad2ed57c721baf920c16b10,1,-0.0,0.0,media_reviews,1.0,2,zh,1,douban
49a9600a5787bcf08759fcbc5aed7c3e553e80de702da01fbdc719e941fa2c10,1,-0.0,0.0,social_media,1.0,2,hi,1,exorde
49b671c39a026ba28fe942c18ba03cea88fb4acc6d5479255fce7cafa339bb3b,1,-0.0,0.0,news,1.0,2,en,1,babel_briefings
49bffcb352aca982decdd63b5bff000dbaf62c3e33cf6a0fd35ce7e952072bed,1,-0.0,0.0,literature,1.0,2,es,1,spanish_pd_books
49cd15dd365e8dd08a13c0548ca07815ab2fc2842ffe60d16ef45ca845e1f9f6,1,-0.0,0.0,news,1.0,2,de,1,babel_briefings
49dc16a7e42045adc08eafa820a979149459ca0604c58989ae89bfdba0f54070,1,-0.0,0.0,social_media,1.0,2,ko,1,exorde
49f864845c82dc9c2b27f03ef5c468e48519a3dfb62ec9cfaade94c5efe25f27,1,-0.0,0.0,blog,1.0,2,en,1,blog_authorship
49fb959648411b72231f431a90cd0880a7dbadb35d461563dcee6478885436f6,1,-0.0,0.0,news,1.0,2,en,1,babel_briefings
49fca194d2dcf0f9b86ef227d3a0a79784d00f7e4e397024d82cd5f52ee013d9,1,-0.0,0.0,literature,1.0,2,es,1,spanish_pd_books
49fcc35a1f7ebd27190bf723b9721a7d1ad36ee4832959dfa7d33f171b85e4c9,1,-0.0,0.0,news,1.0,2,zh,1,babel_briefings
4a040da06cdf8b1c6906a9ba44562312a693eff5c846aed0ad031a4ce7bc0f5a,1,-0.0,0.0,news,1.0,2,ar,1,babel_briefings
4a074584d927bf3263e9af67a09b8317dead4508051a4e55954d981cb8814103,1,-0.0,0.0,social_media,1.0,2,ru,1,exorde
4a0d3f0cb3e638a5d11872de5fbe513248455c31b2ea84d6ff500f83be6fea36,1,-0.0,0.0,social_media,1.0,2,ru,1,exorde
4a17197e2a898ced955ba88d0a96728e3619c855b1341e0ba39b997a5993e59e,1,-0.0,0.0,social_media,1.0,2,hi,1,exorde
4a192a9b42deb445f60bdb793c899afe1aac64d077ab5077a4d2c25d91e467da,1,-0.0,0.0,literature,1.0,2,de,1,german_pd
4a1b6c0786b3afd91979533bed479d041cf8d978c21c8e3445c7201a2a363054,1,-0.0,0.0,social_media,1.0,2,hi,1,exorde
4a1f4202f31591303944dda9d303da4bdc5d9f21a3bdc4b362e0abb3c5f78780,1,-0.0,0.0,social_media,1.0,2,ar,1,exorde
4a23bfad27c916a0e701eb4f923189fac1f2f74a91afc5649500b8b72c9d4709,1,-0.0,0.0,poetry,1.0,2,ar,1,arabic_poetry
4a29fcaa0ed95461ec24337ad9ac4143274ef0d2363513fa4760ba9bdc171333,1,-0.0,0.0,social_media,1.0,2,ko,1,exorde
4a2c0af2c5008d62479936dd7f3a6684736f97f00c37a69e2211a8d286ddc110,1,-0.0,0.0,literature,1.0,2,es,1,spanish_pd_books
4a36de3dc35aa91e243ccc759db89cc80f1cacafd058f89bc7379bc5d3b2478f,1,-0.0,0.0,news,1.0,2,zh,1,babel_briefings
4a36de9a8f9b803db741c1923b8775b9ccbf8aeb6c03f197f4df23eb423d604a,1,-0.0,0.0,news,1.0,2,ja,1,babel_briefings
4a39f64ac059b0994cec1562f855782af3578796434c1a63a2e976d0c9255ae8,1,-0.0,0.0,blog,1.0,2,en,1,blog_authorship
4a3e09fce9a340fa979d33591536f9d649e82c45642d194773a6a439a4762555,1,-0.0,0.0,blog,1.0,2,en,1,blog_authorship
4a5bc98a954c31481a693144a60b1b5bef7a0fdb6cccecd225048825b2448703,1,-0.0,0.0,news,1.0,2,ko,1,babel_briefings
4a5cde4e449277b2ea07bd5b437d55b2c004e594bd4b9e040531cb4af9ede7a7,1,-0.0,0.0,poetry,1.0,2,ar,1,arabic_poetry
4a6108e470f814037b02ffd83bbea84059e51e10076d2cfc8b9e10c78df9b580,1,-0.0,0.0,news,1.0,2,ar,1,babel_briefings
4a6406bf51eaaaa6c31e714f803b17cf9a3c061be1c514c4e4da1417e0b3c302,1,-0.0,0.0,news,1.0,2,ru,1,babel_briefings
4a6ed8adfae8b172b13422cbc6cb8eb463f1f2b86bbdda1b17ede76c5546288f,1,-0.0,0.0,literature,1.0,2,es,1,spanish_pd_books
4a7698bc4182caacecc74dddfde4706c512309e8586d82dfb9e5eba80ac30cdd,1,-0.0,0.0,news,1.0,2,zh,1,babel_briefings
4a830b196fa7aff1e1ef0e105b8bcf07e3edbdfbfe40b02dc0d9f4c225eae579,1,-0.0,0.0,literature,1.0,2,es,1,spanish_pd_books
4a8747d6784d2c405b7eb208714837b82e8d35d78efdb55cc41bfb4fe10ff88b,1,-0.0,0.0,news,1.0,2,fr,1,babel_briefings
4a883509e2331801f0e77b9edf43bc11f2946fe19b7d2053221a49a8ec065084,1,-0.0,0.0,literature,1.0,2,fr,1,french_pd_books
4a885ecc758b7f40b8e73b27967f78252486129133dc41eb2616c0fad468062b,1,-0.0,0.0,news,1.0,2,ko,1,babel_briefings
4a936044d14b99690d157c5b0b19f8661f4bf6fa01eee27f2434a5d204f1cbcf,1,-0.0,0.0,social_media,1.0,2,ko,1,exorde
4a970d2e13760d4f043327bcc84f8504c22e5d6c60c1e508493ab525318fec6d,1,-0.0,0.0,social_media,1.0,2,ar,1,exorde
4a9c03ea6809169522dbed3b81c1af14f8f0731a9244b2ccaffd2980a6aa73d2,1,-0.0,0.0,news,1.0,2,ar,1,babel_briefings
4aad061d2c8465d34e521c6e4b2954db333e8dc9bae569369af0bb93b5554fd3,1,-0.0,0.0,literature,1.0,2,fr,1,french_pd_books
4abbff4c1aa7b14b49106e5398fd2f8346251ebae602b54f72a641c8497a8189,1,-0.0,0.0,social_media,1.0,2,ar,1,exorde
4abd50a2da0dd92e9f66dbe740d5108332ff057c89d51880d3da6a1de08ae231,1,-0.0,0.0,blog,1.0,2,en,1,blog_authorship
4acf8d9642b0e711811404bc2c5b8e02540a450698f03b761a1357f4f67652bc,1,-0.0,0.0,blog,1.0,2,en,1,blog_authorship
4ad885980583e1970d1576e818e5867a177366a846c598630e4c3f3e65e0c904,1,-0.0,0.0,social_media,1.0,2,ru,1,exorde
4ae48a03a446fc27ea6bcc1562ec3ed15e548485839ca5ef3e9d24e27dfff8a1,1,-0.0,0.0,news,1.0,2,ko,1,babel_briefings
4ae4f11dc84a4ce04cfe21fc0f3feb6ca648f2145e8a0be1651f0e65158f62a6,1,-0.0,0.0,social_media,1.0,2,ru,1,exorde
4aea0bd2ca09a3a5b2610a41c2e2ba0d66e2b66517fc9301048720fd93bba79c,1,-0.0,0.0,news,1.0,2,ar,1,babel_briefings
4af0bedee12d1c851d29b7d4f329f3f9d0311c5e1a22a0713184e08b56511854,1,-0.0,0.0,news,1.0,2,fr,1,babel_briefings
4af983ec2b8f51aee689b9407b56b33ecb37f0fba39ea09eae67ba6c464f45a9,1,-0.0,0.0,news,1.0,2,ko,1,babel_briefings
4b05e7a199d341a8b431601c30d1eb739e003500b53b7c655075d7a9777016d2,1,-0.0,0.0,news,1.0,2,ar,1,babel_briefings
4b08b1acd1f9ef20ad52616fbbc293beb9140ca6d4ac49c6977fb790cdb2e28e,1,-0.0,0.0,news,1.0,2,es,1,babel_briefings
4b2216ac016ef60ef04b2560a38396a12c2d70f14f25b29298d728b855662ba9,1,-0.0,0.0,news,1.0,2,zh,1,babel_briefings
4b38ca8cc2f268a8ab38a9555d0e2eeeb3d9cf9da3f2dbd46aa7c6f0bf47e817,1,-0.0,0.0,news,1.0,2,ar,1,babel_briefings
4b3a429d82f7d1d9e14e133bc650b165c4e5e3cc06c554dec74dd13ff32f882d,1,-0.0,0.0,news,1.0,2,ar,1,babel_briefings
4b490a300ca624e960b9d19a3357ea3c76a5b59046e190273e8511def6889537,1,-0.0,0.0,news,1.0,2,zh,1,babel_briefings
4b5830de4e29b1c006b918c3c6f0a37b7fee5c5e77ad8b832c55496a419033a1,1,-0.0,0.0,social_media,1.0,2,ko,1,exorde
4b6b76a40290e948c9106db6e5e7661d99884188d4d0fd8ffddb29ddccdabc42,1,-0.0,0.0,news,1.0,2,zh,1,babel_briefings
4b6cf5868dab7bc1dace01f288831c496a1ddbc2d37bf586dde114a291480147,1,-0.0,0.0,social_media,1.0,2,zh,1,xiaohongshu
4b866c5829f01bbce8029a5ef631f016d4cee2bca659609b185365ef6977e408,1,-0.0,0.0,literature,1.0,2,es,1,spanish_pd_books
4b8b62194bc8f4467f82331274a4206070b0eaf06fc22cb4be73cd7910510f74,1,-0.0,0.0,social_media,1.0,2,ru,1,exorde
4bad4c2c86dfa36203a011e6c61927357183e977f599e6ccfe909aae995cfb9b,1,-0.0,0.0,news,1.0,2,ru,1,babel_briefings
4bbdceb9ad6fc6c94d4f33967de5e5a86ff05c39e6655af9ea94fb34dca8ca2a,1,-0.0,0.0,news,1.0,2,ko,1,babel_briefings
4bc01ccc5ef80439eaf1d30a465ddf94ff35db848fd3f4ee9b05f7bc2927a374,1,-0.0,0.0,social_media,1.0,2,fr,1,exorde
4bd991a836e08b5ecf032810aa7a55f04e8695c844b6586d1c04351018764182,1,-0.0,0.0,social_media,1.0,2,ar,1,exorde
4be8b54cf62cfc689c3326f7a78cce468d0f732167b73bc4c1da128cc659b71d,1,-0.0,0.0,news,1.0,2,ko,1,babel_briefings
4bfedbb0045e390b72b94e1130a907d9857e8fbe7e580a50615322a9b20710bb,1,-0.0,0.0,literature,1.0,2,ru,1,russian_pd
4c0148856b81b40e8d3fc993c4abde9f612a2874b04dc4c971a8770035a0fe41,1,-0.0,0.0,poetry,1.0,2,ar,1,arabic_poetry
4c0cdfc2c9ff167174ade5a58efb35b2bfcd59cc24a48ac8bf866c39ce3eb032,1,-0.0,0.0,news,1.0,2,ja,1,babel_briefings
4c12e04cf4938a7b34c129eef58f908766316cfe81c0031b694cb4f0b9c4c070,1,-0.0,0.0,literature,1.0,2,es,1,spanish_pd_books
4c1e5ee4d506ee2d1ca62e51ca3afe121e7a948c656a2f1858e691a08c52fee6,1,-0.0,0.0,media_reviews,1.0,2,zh,1,douban
4c1f66b4e3227289f65669895e3767c859d60e0b13fd1cf764e7787c3f7e1c90,1,-0.0,0.0,poetry,1.0,2,ar,1,arabic_poetry
4c22d8265d6b364ee07125d14112d079a88d24436b6194aa005c618a0af854b5,1,-0.0,0.0,literature,1.0,2,es,1,spanish_pd_books
4c3cac83da7e6b09870d5c46f9b300b7e78cb302f0c249933eff7939d5c1bd1c,1,-0.0,0.0,literature,1.0,2,fr,1,french_pd_books
4c3e8c197956097fa1dccb1fb1518c34c0de475c19860bec00f7a7757c2a58c7,1,-0.0,0.0,literature,1.0,2,es,1,spanish_pd_books
4c43a48363e2c0ed3fe4c7ee8a22ef1057efccbedb6401e63b70bde277045ef3,1,-0.0,0.0,news,1.0,2,ar,1,babel_briefings
4c4fcd031ad9e0ce5f6f1751e823e83be586c9cfdced31bbf5add253b4b47e2c,1,-0.0,0.0,media_reviews,1.0,2,zh,1,douban
4c5aa8d0f538a251351ebb63538b1c4b772d2621df0846c67555f31c070d38cc,1,-0.0,0.0,social_media,1.0,2,ko,1,exorde
4c635c72f42d90c5d1c3e2178d4c41e0e4350fa2237cc0c58bf880ed6dd3b4b3,1,-0.0,0.0,news,1.0,2,en,1,babel_briefings
4c670923d93a47b4c477daceeaf825e218084b8b51e205d690626afabbb6e472,1,-0.0,0.0,news,1.0,2,en,1,babel_briefings
4c72f9e8139e18ad4e65236f69197cf37de4cdd1e20a301523ea66bb9c0fcc63,1,-0.0,0.0,news,1.0,2,ko,1,babel_briefings
4c7439d4f067b0131742b87e67ad2f58a3ab0edbc49f3599c325cf59ed518d88,1,-0.0,0.0,poetry,1.0,2,ar,1,arabic_poetry
4c78e7fb443e33ccd67d6c3366a7e84b0f919ffaa3022d0f881d924d79bcdf09,1,-0.0,0.0,media_reviews,1.0,2,zh,1,douban
4c839934441d98fa3d09f703fec4885f19ec8d04400bd55351cb458c291fb98c,1,-0.0,0.0,news,1.0,2,ko,1,babel_briefings
4c8ebeb5123077043d6970fad81c291976fe9163c87a76446adc72f5be5444b7,1,-0.0,0.0,poetry,1.0,2,ar,1,arabic_poetry
4c9ae77ec5d47cb2e10bb762841ce363e8519860a1deae964b211edb100420b6,1,-0.0,0.0,news,1.0,2,ko,1,babel_briefings
4ca360eef2df7dfd87005ca5412d0f628e366f03335f997d3b6a92915bc9115a,1,-0.0,0.0,social_media,1.0,2,ko,1,exorde
4cab9c5997c98ce93383b671e7fcde1b2a4e7b0d8750ac3ca324436a4e2886e7,1,-0.0,0.0,social_media,1.0,2,ar,1,exorde
4cbd8298c7dbbc315dff9d1ce37e112ec6d9c4a8c2c896bdfc514f5bf8b0d994,1,-0.0,0.0,media_reviews,1.0,2,zh,1,douban
4cc753740c28aa369c1395eb099ef4bf389a0054eb180639da5fc53a3d6b221e,1,-0.0,0.0,news,1.0,2,ru,1,babel_briefings
4ccfe511b0c2dfb7b6176aaab4848a06279950ebba0f94adf1a78b45b3981dfb,1,-0.0,0.0,social_media,1.0,2,ar,1,exorde
4cd22c3d9fe5ca844eb320d97aad314ac004216057650738c15e5799c7c9dff3,1,-0.0,0.0,social_media,1.0,2,zh,1,exorde
4cd920181efa479dcd8dc6b8558f8f89870266df5d04f302d9f97704df8b081d,1,-0.0,0.0,social_media,1.0,2,ar,1,exorde
4cf83dc9cccc193516728cecbbd869ecbab3a8b90b57091680cfbb0d5dfa624f,1,-0.0,0.0,literature,1.0,2,de,1,german_pd
4cf9365e931346adde3f04814465de56490eb744b7b75420269ca05dae59289d,1,-0.0,0.0,news,1.0,2,ar,1,babel_briefings
4d11856c6ed274223011c7675a9785b050c8d0ca9813e3879a3b220e263a0689,1,-0.0,0.0,news,1.0,2,ru,1,babel_briefings
4d153dfa8169ba674bab6c5d9ff503abfc60f64ebc859778e1c5df0cde344e46,1,-0.0,0.0,news,1.0,2,zh,1,babel_briefings
4d1feafe2ed612b71a37ea77db764882e486dd29bb2e870e54676563c73304ff,1,-0.0,0.0,news,1.0,2,ja,1,babel_briefings
4d210d19e98dcc2d89050a897ae26aa4e97b361331059b4bc09c20b65702a7f4,1,-0.0,0.0,poetry,1.0,2,ar,1,arabic_poetry
4d320ab9afa4fceee23a20245cb6f13230edecf8cce030edad02ec9e2b5aefa1,1,-0.0,0.0,news,1.0,2,ja,2,babel_briefings
4d3249ada42fb8d2a39660d7885a2ab83b6ef4dc7bd320c63ab8bed64c7e70cf,1,-0.0,0.0,social_media,1.0,2,ar,1,exorde
4d43b804b5717192a4ed3f46fc685972b27e2d1b13cd874ae35c0140ce23c289,1,-0.0,0.0,media_reviews,1.0,2,zh,1,douban
4d4ca912c30e7382d6c54daf63d87eec0baa9e2b5143a1460cb377b01f33d563,1,-0.0,0.0,news,1.0,2,ar,1,babel_briefings
4d4e1b3b44316797db9b163ae18e5afad71539f02a5cf38b15f06b202bd66bf2,1,-0.0,0.0,literature,1.0,2,es,1,spanish_pd_books
4d50f08ae24e958970c1362f44794546e82f20fe83ed6ba30db43125e8801314,1,-0.0,0.0,social_media,1.0,2,ko,1,exorde
4d600b06a47713f4ebab966d826d1f517fdaf0744474603652627e3fac6ffcab,1,-0.0,0.0,blog,1.0,2,en,1,blog_authorship
4d6d680bbf6c64459781758cb13e1a382d04fe348aa0cd848d23b1bbb8ba9129,1,-0.0,0.0,literature,1.0,2,es,1,spanish_pd_books
4d6dc834abd478423fb0f02b79818e704aeb5c14629c0cb43cbb93eec5ca8e38,1,-0.0,0.0,social_media,1.0,2,ko,1,exorde
4d87d4cd3a7029b5cd91e99c42b51394289422963ea3ba946d6644e5a213d921,1,-0.0,0.0,social_media,1.0,2,ko,1,exorde
4db95c5bcbf3f2c308af48e1f3a6d134500627ddca048908963af73090938e23,1,-0.0,0.0,social_media,1.0,2,ko,1,exorde
4dc07906f5ee7ccdc2a81203cc9b0ff0d2b68460ac36bc04111fb3b6b976ddae,1,-0.0,0.0,news,1.0,2,de,1,babel_briefings
4dd84a9be16af73f62514e2c6ed0e1e5a7a0ebbdfa2b5a54d7c1d0869b6c3214,1,-0.0,0.0,poetry,1.0,2,ar,1,arabic_poetry
4de3b1f969168b116c2525813a5b9567534403264b84ff467bb759d6f107c5cf,1,-0.0,0.0,news,1.0,2,ko,1,babel_briefings
4dfc19595ce1a677d4b9f977ac5cfe06434fc6777e0971c1bc780b8f7a3972ae,1,-0.0,0.0,news,1.0,2,en,1,babel_briefings
4dfcba425dc8311b3258c8caddd84ca7e64fd035d7bfff8240e3e8c423c05496,1,-0.0,0.0,social_media,1.0,2,ko,1,exorde
4e026b11cc112cbb95bb41acdc27f205e5cef40dae3b0c18c4114de4a2983795,1,-0.0,0.0,news,1.0,2,fr,1,babel_briefings
4e09a4c846313e40d04013159b44132e88bc749fc1c33d79941ff747313c6b03,1,-0.0,0.0,news,1.0,2,ko,1,babel_briefings
4e1624ab375d379a101dd1dc56f56a4ca16806e285e5177f362190f985fcbda1,1,-0.0,0.0,media_reviews,1.0,2,zh,1,douban
4e18729ee3bd3f674658e5d59980834a7cb27bfc7e8d8b9e7fc56d800b7be36d,1,-0.0,0.0,social_media,1.0,2,ar,1,exorde
4e1fba536415a0995c73149f605cb114ad839c98701f7691fbd386ff17540ec0,1,-0.0,0.0,literature,1.0,2,es,1,spanish_pd_books
4e210baa11ca43fc1706c899db2d0f5a4125c08bd6bc75e83158c3a4086d9f76,1,-0.0,0.0,media_reviews,1.0,2,zh,1,douban
4e2b166722f375949c35b78eb6a8504e6462019588793cd6729d1ee0a7df360d,1,-0.0,0.0,social_media,1.0,2,ko,1,exorde
4e2e97364f9fea2fb4adb3d7653271d1923e5623d6560b97df424ebe85b5d01a,1,-0.0,0.0,media_reviews,1.0,2,zh,1,douban
4e3175bb016d8600bb0fe2961e9a66eec5f7a3e55bd250aae3c54530f6a110a7,1,-0.0,0.0,literature,1.0,2,es,1,spanish_pd_books
4e370fa7905a2e6e717ff1aa0e6b3dcb9c7a78ba403239078074a8b1b3bc14c5,1,-0.0,0.0,news,1.0,2,en,1,babel_briefings
4e457c2f19c1019e3fe1c653aef5067af69dba7edb698eef90bf9f9d96758002,1,-0.0,0.0,social_media,1.0,2,ar,1,exorde
4e4b0cd96199aa5867e4fc23a382a176858bd6dfd090449780d72c258faef227,1,-0.0,0.0,news,1.0,2,ko,1,babel_briefings
4e6fc1d6ef4905ffbcd7fb74b6398e46f53c6b0199eb64918c428d4e57b6b755,1,-0.0,0.0,news,1.0,2,zh,1,babel_briefings
4e772f757944a1e3226f3a5eed02f0cdf62acd5f929d079e1be0bc3dda0a2c65,1,-0.0,0.0,blog,1.0,2,en,1,blog_authorship
4e7cab3b68e75f92a136c0bdfe958c1da9e3a4cf52d6013ac32d12207350c88b,1,-0.0,0.0,poetry,1.0,2,ar,1,arabic_poetry
4e80e11c00e05a693db5d3ff436f594e4944c83524f65f9e6961d244612dc575,1,-0.0,0.0,social_media,1.0,2,ko,1,exorde
4e8614ea1ee141b9cae8e89a8b6c085e00153b3ee3bdae41b45d90b09da6d199,1,-0.0,0.0,social_media,1.0,2,ru,1,exorde
4e955fd94126f5d7a0fc9299ebf014c9c1b35a145624a1a72e777a044bc9eb76,1,-0.0,0.0,media_reviews,1.0,2,zh,1,douban
4e9e27e39101c65866c931b23ba0560f1e86e036f96ea6cb5a59450802beab73,1,-0.0,0.0,literature,1.0,2,fr,1,french_pd_books
4ea082476c01987d80d6514843888ffc7b81dcf7cb3bcaa56a9997327b5a796d,1,-0.0,0.0,literature,1.0,2,es,1,spanish_pd_books
4eb8430e155026fe6187f85de8d384c545de92df6e5094672e087529777ed966,1,-0.0,0.0,news,1.0,2,ru,1,babel_briefings
4ec701c0aafc00d61c04e598d231b3c0d6d60998a692e2784b67b6c6707ef495,1,-0.0,0.0,media_reviews,1.0,2,zh,1,douban
4ec87332daf1491081cb06c01fe1dea094a821b7ce1eca5108dad1f617678ac6,1,-0.0,0.0,social_media,1.0,2,ar,1,exorde
4ec965aa44b56c15ca592c01226ec36139733f514442ce114c402e7869f57430,1,-0.0,0.0,social_media,1.0,2,de,1,exorde
4ecb1cadbbb38ac4201724c006beeb60f593c41947d6f3b67eaef463c304d441,1,-0.0,0.0,social_media,1.0,2,ar,1,exorde
4edfbd4a812a95a6d213bd5d05cd40e9805066ed14b14b63d96b93385c64f068,1,-0.0,0.0,media_reviews,1.0,2,zh,1,douban
4ee4723327e2b90f3d975ae832a500d69325aae7eb885d21409f7a5c753ea1c4,1,-0.0,0.0,news,1.0,2,ar,1,babel_briefings
4ee533d014e2c1385982435721a8a7d541fb6c58cf66b8bcca8d7c2da76c05c0,1,-0.0,0.0,news,1.0,2,en,1,babel_briefings
4ee8f99dd86c296293052cec7a41315bb6f9b46ed07651c57eec70354c119f72,1,-0.0,0.0,social_media,1.0,2,en,1,ytcomments
4f02f4a8c4f971819daaafb0023c06e9e5bcd574d3b9bdbd9b3f437b9c634ab0,1,-0.0,0.0,news,1.0,2,ru,1,babel_briefings
4f1fc7c17e6ac107e8d7610ea383ab90168f35e3575ea79d64b9093890c24cf8,1,-0.0,0.0,news,1.0,2,ko,1,babel_briefings
4f20d40b5d4902b4c32e9e2ab0e6041cabb723371b79382d1448a1c11a01af9c,1,-0.0,0.0,literature,1.0,2,ar,1,wikisource
4f21b674e5a5683a428b1f40a49fd4a4b922fc069251a7341fae662197f2de35,1,-0.0,0.0,literature,1.0,2,es,1,spanish_pd_books
4f2d54ba68a0c5aa720757cb0914df6d10adfad370c2857e69c436356c6b8dc1,1,-0.0,0.0,news,1.0,2,ja,1,babel_briefings
4f2efee5b713f39e4e2fa020571e855ea88292512ca36cda020d0375cc2f7b4d,1,-0.0,0.0,literature,1.0,2,es,1,spanish_pd_books
4f3e25bb08cf899c13c49d6af30052edf8f232f0353b4911140fbadf7081d0c4,1,-0.0,0.0,social_media,1.0,2,ko,1,exorde
4f52c56c5967c0b14201312a0259ec9ced038faed8ec84524be879be65c75685,1,-0.0,0.0,social_media,1.0,2,ru,1,exorde
4f558fb2a3c1c1dd6d9b7ebe5c8fcf2e12670cf0a81c868eeed5117433634390,1,-0.0,0.0,literature,1.0,2,fr,1,french_pd_books
4f6130c69ab72fd6ba82b6f7a9e0665c7089c260dae62ec2d2e01f93e4a436e7,1,-0.0,0.0,poetry,1.0,2,ar,1,arabic_poetry
4f6dba949f3817ab8db6f1e6e0e524953c37cf160f6cb3ff8d492ebaf53fee94,1,-0.0,0.0,news,1.0,2,en,1,babel_briefings
4f6fe1c6f2dae8860554f3e6ac4ba164a909f42918a61ceb79a08d51c1a68905,1,-0.0,0.0,social_media,1.0,2,hi,1,exorde
4f89796592304f084cf40eab7865811aef90bc3a4c98f97035b0748ef0602b9a,1,-0.0,0.0,media_reviews,1.0,2,zh,1,douban
4f8f7b313003297fc9edf109812c6ec0c2f799980b4ed406df613dd4b352aa1a,1,-0.0,0.0,literature,1.0,2,ru,1,russian_pd
4f9154c2ee5c838545d9cff82254bd60503806d39e5145ebebc67aad6a1d1f43,1,-0.0,0.0,news,1.0,2,ko,1,babel_briefings
4f9715bfce6602b9aeee0c5463e52e86bca77be75e416606d37b0a62b404a7cc,1,-0.0,0.0,media_reviews,1.0,2,zh,1,douban
4fb413e7797aa2524edd55d87d32bdc9cc7b1ff5ca1c149779d555229859e74c,1,-0.0,0.0,media_reviews,1.0,2,zh,1,douban
4fb905f09d2c0707bffc011235f56f5c3892c42847e92b1383844abbfbaa98e5,1,-0.0,0.0,literature,1.0,2,es,1,spanish_pd_books
4fbc62f61af36ee229cd665a332303df5d4e972ec9603b5f4532bb5bbc18a633,1,-0.0,0.0,news,1.0,2,fr,1,babel_briefings
4fc08ea33ea34ea2b89a3d617c90b25da82c9fd1ba02327037af63627c2ba3b0,1,-0.0,0.0,social_media,1.0,2,ar,1,exorde
4fc8d5125ae5d91222465039f2b9977157d99bb72666fcf4506da26c11f36624,1,-0.0,0.0,social_media,1.0,2,ru,1,exorde
4fce3d1f9e82a755975b1e56b7c782cd5c41fbd3683869589f85e549dd650131,1,-0.0,0.0,media_reviews,1.0,2,zh,1,douban
4fcf7890e3de2b9feb22e32744fa42b98434bb87ab10995bfd3106cd0c3d8d02,1,-0.0,0.0,social_media,1.0,2,fr,1,exorde
4fda696ba81bd4d83f1c4a4df1445aca0d6cd41c6eb47b7286dc0f0e7994d607,1,-0.0,0.0,news,1.0,2,fr,2,babel_briefings
4fe60d7ffafdb084255c5e9eb40dd0e5805f0c9bf1553745ce3aea515c11e50d,1,-0.0,0.0,news,1.0,2,ru,1,babel_briefings
4ffb12a7daf20ac2a25af8176df6c957fb00cd7decdd2449455b91bf652ce2cb,1,-0.0,0.0,social_media,1.0,2,fr,1,exorde
4ffea8788a6bab70c701f063c76e150816a46d68401a7b58f4ff58fc0a85a6b8,1,-0.0,0.0,news,1.0,2,ar,1,babel_briefings
501396abffd593913878a12c0d5f9ad57403376a1b73b6ab4616163168f628cd,1,-0.0,0.0,social_media,1.0,2,ko,1,exorde
5023aa48f3f66384c8110bb97e45a43e538c692376753f70d43ed19ff0ea296d,1,-0.0,0.0,literature,1.0,2,es,1,spanish_pd_books
502902f64898cad0f120414c136df4298e5342f75978688f17237e8048eaa51f,1,-0.0,0.0,news,1.0,2,ko,1,babel_briefings
5030a9bb510c66c9a72459775bbaf67fcc20ba7806b5a19deaad52ffd04209e8,1,-0.0,0.0,news,1.0,2,ar,1,babel_briefings
504128680278db433ab1fcdc10075da94baa672f5f5eba4b57961912fb6ebb7f,1,-0.0,0.0,literature,1.0,2,es,1,spanish_pd_books
504b8e89a9ccdedd3e6581f7c550006b22c77a3bd55c8691bb8eef2f55444178,1,-0.0,0.0,news,1.0,2,ar,1,babel_briefings
504cf0396973e1fbacc582797b42c0a9c0468987660e82a7f7b0ffb027239088,1,-0.0,0.0,social_media,1.0,2,es,1,exorde
5056c4ee3a39df6b8334a2868a8ca2145a7f3b63b946b09481718548a634d24e,1,-0.0,0.0,social_media,1.0,2,ru,1,exorde
505905790d88f8810fec984c33dfbc9e0d2afc05db47cc73f404194f1263d1ba,1,-0.0,0.0,blog,1.0,2,en,1,blog_authorship
506ba38c62256da63a4420ec016c77804195eeaf619fc929956f079567d64d23,1,-0.0,0.0,social_media,1.0,2,ru,1,exorde
506c889ac476fe933a3ba8c7f84433450c58ab8fee2742652b0f98cb0392bcdc,1,-0.0,0.0,news,1.0,2,ar,1,babel_briefings
5072cc48c720cc5c725f294fafde5a6a711e2b16b81f1ea495be046f37d95fe9,1,-0.0,0.0,social_media,1.0,2,ru,1,exorde
507d51cabfc10902f6915c3a24d1475dd1a3fa96f501699de31b3323040b6f40,1,-0.0,0.0,blog,1.0,2,en,1,blog_authorship
5083b2afbe1be8a29e026c5d6e7951f8da2ff8fcf647d0b03731e5f5bf0d429d,1,-0.0,0.0,literature,1.0,2,es,1,spanish_pd_books
5095ccbfa7f2b960a7f6461b0ebe0b02bcb048e2664a74f5ba30c607ec540dc3,1,-0.0,0.0,media_reviews,1.0,2,zh,1,douban
5095eb8e7ed65c775ea0ccb33e609f0ca534bb70b141ec35e5d8a8c89ad9e341,1,-0.0,0.0,news,1.0,2,ko,1,babel_briefings
509fd526c350cf843deb9d3ce186d03a3ed320f95e58ff46773168ad0afceca0,1,-0.0,0.0,social_media,1.0,2,ru,1,exorde
50a5a41150e58f437b889ceed140f0f5230b64df9138f66922dc46010649c3d0,1,-0.0,0.0,literature,1.0,2,es,1,spanish_pd_books
50b2985aa6220ff01b64d4d787c726d1947c4cf225cd1be69efcdf6907e73452,1,-0.0,0.0,social_media,1.0,2,ar,1,exorde
50bd146936da9c4e113af4e8065caf3c373c88f8dbabb6aa1bbfb1b197f0b068,1,-0.0,0.0,social_media,1.0,2,ko,1,exorde
50c73c6643c0dd2dced6fbe3c8c2aaa323c60e51ca610ca00f4557bd432ec955,1,-0.0,0.0,literature,1.0,2,ru,1,russian_pd
50c9a693f172fa7be78961c165ea15d4db0fc0c31385dfc34320e326a8115c52,1,-0.0,0.0,literature,1.0,2,es,1,spanish_pd_books
50d8a4b4d0c9e232f7ec8c3d72f7f3d4eb85326e06c277cd6d6436da9926a9b8,1,-0.0,0.0,social_media,1.0,2,ar,1,exorde
5105762e72f6589fe380810be32cd92f204a6f0b6f5c48b6e5856604c91d6532,1,-0.0,0.0,literature,1.0,2,es,1,spanish_pd_books
5106e1a48cdbb7d08b36dbfc9cf09b2bc667a0c41d375b84e087b7ebd88071d3,1,-0.0,0.0,news,1.0,2,ru,1,babel_briefings
510feaa07d586f744dc8dbbb2ff2269ef88c36fc7e65a608768df9ea4dcbdf9d,1,-0.0,0.0,literature,1.0,2,es,1,spanish_pd_books
5119f39b48ed2c09ac1ccae2732d2c07658ce57145d761bb96163b79209bbe2b,1,-0.0,0.0,social_media,1.0,2,ar,1,exorde
511f7a5a8ff34a4786bf79beec54ff0357cbe1e61ea7600bc4009cbad5b90249,1,-0.0,0.0,literature,1.0,2,fr,1,french_pd_books
51250878e813fa24ba3366e8c53359274631d13c0d12339093f0cbcc3d285f86,1,-0.0,0.0,news,1.0,2,de,1,babel_briefings
5126d886a9bf4c1f09f038354df64dd7bae98c415948d7282ef7d667cf1cabce,1,-0.0,0.0,social_media,1.0,2,ar,1,exorde
512a5486ee3276a6e2b06c68b71eb58c5a1cee9ca0b8a9a8517b2e92428479dd,1,-0.0,0.0,media_reviews,1.0,2,zh,1,douban
5136e82c23e2ac02a47e5451fb57ff8cac1eebefee58a8d72a3210499f6214e3,1,-0.0,0.0,literature,1.0,2,fr,1,french_pd_books
513d7b73861b7e62bf0795829bddf629b02e49054b9c9052b39ec901d4665b20,1,-0.0,0.0,blog,1.0,2,en,1,blog_authorship
514994df4d0d7381567c756bdea706b452da7ab35808efa6b56c1c6dfdcf9d85,1,-0.0,0.0,news,1.0,2,ru,1,babel_briefings
514e0b49238f9223930f51d08889b7c1911c185720f92d23eb1cdc7bce0d9a4c,1,-0.0,0.0,blog,1.0,2,en,1,blog_authorship
5157081d44322068546f0861ef3a9d240d34004c51c36e8e3455df8292116e34,1,-0.0,0.0,media_reviews,1.0,2,zh,1,douban
51623468d2c9a986122c12ac186ca863b3987c90c18b14102a1e35f5601551e6,1,-0.0,0.0,news,1.0,2,zh,1,babel_briefings
51938e968e131b3b90f1557620352738141ebc724b2204e2d23980b78499a7d6,1,-0.0,0.0,poetry,1.0,2,ar,1,arabic_poetry
51975cb7a14cb5caa75fb1717876906f938385472b3730204f303003c38c57cf,1,-0.0,0.0,news,1.0,2,ko,1,babel_briefings
519b97ca701e644fc1656b257a3d1e5eef3503bb1c9d006cae20b6015a6f1d97,1,-0.0,0.0,literature,1.0,2,de,1,german_pd
519dcfe8a5a4b08447acd865dba58512c3da4431e5c1b926632eb483e3d22e3d,1,-0.0,0.0,media_reviews,1.0,2,zh,1,douban
519e979cc16a1964675ebfa7158507c53be91e8e001d66c30285057e52c28a0b,1,-0.0,0.0,news,1.0,2,ja,1,babel_briefings
51b5ecb899313a00feae3aa5fa2405fbcd393c11e852bc6196815b83fb3e0ff1,1,-0.0,0.0,news,1.0,2,ko,1,babel_briefings
51c4bca7e1dade45a8bc7249c77f6ee075b544f12c492f102fd72ec57113ae44,1,-0.0,0.0,news,1.0,2,zh,1,babel_briefings
51c8d54b22426cb1dd7d21fce8e8993130b52048972db7103abfe7eff1b41036,1,-0.0,0.0,literature,1.0,2,de,1,german_pd
51cfff1c71b0b9829e7a545ac5b531e0459f518a1760f4c32577aa1db7f52d71,1,-0.0,0.0,literature,1.0,2,es,1,spanish_pd_books
51d1c7fe3b1b76df43f46e5b23adb67b4ae0d67a11e6980a3a9ccf4928fda627,1,-0.0,0.0,social_media,1.0,2,ko,1,exorde
51d48c7a028917fc44a6dc1d8ed70b714862ec5c2e9fb49e3ad2104a8d47ee56,1,-0.0,0.0,news,1.0,2,ar,1,babel_briefings
51d7ae91238da701d13a7f87d9f6deefa48bc2feb367e9ce3364807550b8bd07,1,-0.0,0.0,literature,1.0,2,ru,1,russian_pd
51e4cf8d8842f2ea45ec0152c4fbfad249a653635c58d70d3b4b59cee1ed2f42,1,-0.0,0.0,social_media,1.0,2,ar,1,exorde
51f23e6b56ae2a629cf5f7dea0931b5cdd328ab95c0c122a8eaf2659fe64aece,1,-0.0,0.0,news,1.0,2,ja,1,babel_briefings
51ff3940c89fd3105bbf7bd1428c5398332f76f04ae9ef1a6186ed26b17693ef,1,-0.0,0.0,news,1.0,2,ja,1,babel_briefings
520274a2634dd8d4766e2942142d19474636770e1610a0a74e8fcbb522f59c0f,1,-0.0,0.0,literature,1.0,2,es,1,spanish_pd_books
5236dbd83d0086d3ad50c280ef898419df781fae63a885d78810aa3d711ebf87,1,-0.0,0.0,news,1.0,2,zh,1,babel_briefings
5251cb8f8f0620aa06fc2e76aabfc09347449a3d363566a4818a55bd00decbf9,1,-0.0,0.0,news,1.0,2,zh,1,babel_briefings
5253e7c7d2dec16b0c4800a3bde99992019c6033e4f1937d883f9edcd9eaa157,1,-0.0,0.0,news,1.0,2,de,1,babel_briefings
525859d1e40600517dc77f2db7655b58041e497121a4aa8f8d835220fdb69f4f,1,-0.0,0.0,literature,1.0,2,fr,1,french_pd_books
5258e0b65740ea82ad9c322d011b207f60285380c6dcf0df3794802a0b512f09,1,-0.0,0.0,social_media,1.0,2,de,1,exorde
52619737c6df673230ccc54b9bef22ddf4a93dbdc509fec19b4281671475e222,1,-0.0,0.0,literature,1.0,2,ru,1,russian_pd
52631d867455fb6c514d3e6986044d875ba131f60c08dcc2fb55def8479b90e6,1,-0.0,0.0,news,1.0,2,ar,1,babel_briefings
52632e14a3d9190deb8f1664ca0d3a1947ebf18ddc0cb3e27d5f7b9827ddd303,1,-0.0,0.0,social_media,1.0,2,ko,1,exorde
526698840decc63ed0b9070ad68ec1e65a875d79ad51989b4e5a1beab74a3d6e,1,-0.0,0.0,media_reviews,1.0,2,zh,1,douban
526eb60b64d802014b9883164cdb1c1aaee7f1be1f55ef8e388dd870da41a465,1,-0.0,0.0,social_media,1.0,2,ar,1,exorde
52725262705207292a9847fad7b4fedd1a234c4537abcbe07c1b799aff2e52e9,1,-0.0,0.0,news,1.0,2,ru,1,babel_briefings
52786a2ab2cdbcb622a486c44f22130e565ccc2e5fff4948b2c197f51daff814,1,-0.0,0.0,news,1.0,2,ko,1,babel_briefings
5279b9bddf36d1b4d17059762b473206cddbfbb4ff1d38d746e30ce62deeb139,1,-0.0,0.0,blog,1.0,2,en,1,blog_authorship
527b301df63e49930faa3a6f5d6749de6a09a971f506147ee8992e80d82e8367,1,-0.0,0.0,news,1.0,2,ar,1,babel_briefings
527fd04f2857c31f7a43945927847a7a32e7cac80164aa28990a0437f0324ad0,1,-0.0,0.0,social_media,1.0,2,zh,1,xiaohongshu
528d17e89f04b9c17911bf5adcd8b81d59f0d0ce5db7ef28bf5ab1d931b5b52a,1,-0.0,0.0,literature,1.0,2,es,1,spanish_pd_books
528d6e2d417818847375c7c34fc0c80b2e7bad3c70dacc7f334d88ad39f70577,1,-0.0,0.0,news,1.0,2,ru,1,babel_briefings
528fb4685a9f4d9cafd630c09a88d3e993f82f14f68595b0e156344c9070903f,1,-0.0,0.0,blog,1.0,2,en,1,blog_authorship
529edd2cba6f6cf6b79e936e7e7ad1908799f9ebb5cf891fe9be4f8d255599e7,1,-0.0,0.0,blog,1.0,2,en,1,blog_authorship
52ac4c93eec8214b5c7a94f6c1bd91ae7ee72421674c2be46dfaffb1d67d4cdc,1,-0.0,0.0,social_media,1.0,2,ko,1,exorde
52b8ac45cb0f2001e65d3f98b655ced9b28c8a3c630acd403ae3f232aea22a35,1,-0.0,0.0,social_media,1.0,2,fr,1,exorde
52be51dcf1d5ace8f6a98a17af2b3913e141c023ba920be880c0669a6d54d974,1,-0.0,0.0,social_media,1.0,2,ko,1,exorde
52c979028cbabf28215ecd20ce3bd1950eab7947ffb9f57560b86985d87100ed,1,-0.0,0.0,poetry,1.0,2,ar,1,arabic_poetry
52caed777a9b0ffc64d6c4e7f270b8c8c5d7114f0e9548ddd07ebdd930d177d4,1,-0.0,0.0,social_media,1.0,2,ru,1,exorde
52d612fa1c4fd1aa8bfaae6c48580e95b17059cd0a6f2dffa22f84c80aea31b9,1,-0.0,0.0,news,1.0,2,ru,1,babel_briefings
52df97f6f1df0806260e9504a6fe4cf9d160435e09e1571c20a25c0f11e46076,1,-0.0,0.0,news,1.0,2,en,1,babel_briefings
52e7ab407560df2aff1ef6b6d115c6b4efbbfaa509781cb6bb31b15afc08e992,1,-0.0,0.0,literature,1.0,2,es,1,spanish_pd_books
52ef6e9a1bab0d3ad49f4f3c72275134246cacb4742937fcd28f9ec64b5d7b2d,1,-0.0,0.0,social_media,1.0,2,ko,1,exorde
52f67583eee99c022820c025c4a4469b20a32a12c95e30eb024b5056b581d706,1,-0.0,0.0,poetry,1.0,2,ar,1,arabic_poetry
52f87aafaddfc003dc3f9545f00d75ec7c04695f0a35a54a7bcfc4f53310675f,1,-0.0,0.0,social_media,1.0,2,ru,1,exorde
52fc6b72d18a8f4c6641cd7a136aaad69d78ef754d9be9b2918ece0f56aeeb37,1,-0.0,0.0,literature,1.0,2,de,1,german_pd
52fd3fc0828c786dcda90e5d192aeefcadf4230fb6b01487ba3b93f6d68ae984,1,-0.0,0.0,social_media,1.0,2,de,1,exorde
5305b3b43fbea924d798f999dd0fc401785f922fb73dca0e066743b2612938d6,1,-0.0,0.0,social_media,1.0,2,de,1,exorde
530ba5439fcc6b5d8d8dd1e433f778e3e56a82cf243135fcc0a7625dda41a7ab,1,-0.0,0.0,news,1.0,2,zh,1,babel_briefings
531a277119edc5dd8901cf8e603cc759b62c487291f4c7b85ece0ffd03ebd0bf,1,-0.0,0.0,news,1.0,2,zh,1,babel_briefings
531ceee2ccaaa200bfa561754624a07e29a3476aeb93899e0cfd410ab6fd591e,1,-0.0,0.0,social_media,1.0,2,ru,1,exorde
532266831768929f5ece1e780327c4689e6dd8e580d7d19855a12783b95efd26,1,-0.0,0.0,social_media,1.0,2,de,1,exorde
533f17ab76085f2c91f547e613cc25d8b6ab9a4acb1ce3c14c82829a3481a626,1,-0.0,0.0,social_media,1.0,2,ar,1,exorde
53466746d7169c8c89f56b97ad58da889c71a9862cf10ab5e3c462c8a682edb8,1,-0.0,0.0,news,1.0,2,en,1,babel_briefings
534af3b257d4dd02e37fe08296fea29257a8f1eb3a1fcb43ea7b93a7c8db2642,1,-0.0,0.0,news,1.0,2,ko,1,babel_briefings
535394e5d4277c66eec62ef0f7b4f1548fe568ccdbe03ad3ad0c20dc1d9da4de,1,-0.0,0.0,social_media,1.0,2,fr,1,exorde
5359e4f05281ad24175b2ac49738fed639c5cde68eaaeabbff5d7007ffdbb7cf,1,-0.0,0.0,social_media,1.0,2,ko,1,exorde
537c7c7e67068153126fb35bc67e9cc9c3e3846dd306e1c07f49195da814bc9b,1,-0.0,0.0,news,1.0,2,ko,1,babel_briefings
53956a5b532c015560f116f1f338c853702c228fb457b4e45e079617590a51c0,1,-0.0,0.0,news,1.0,2,ar,1,babel_briefings
53be7fe700346c004e7834d0dddec438dd99439fa1756ff8a73cc22b8369799f,1,-0.0,0.0,news,1.0,2,ar,1,babel_briefings
53c42869e5ff4828416f69b6948e99a46184be646ec787e0841d79eb7d506658,1,-0.0,0.0,social_media,1.0,2,ko,1,exorde
53c52afa241135ffab8bfe19c0d5de3a5914d008729db5f2bf0681b157740f20,1,-0.0,0.0,news,1.0,2,ar,1,babel_briefings
53cbd77067a9d4b744ca6472b2c6a94b57cdacc477201ca71ef3df52596476d5,1,-0.0,0.0,literature,1.0,2,fr,1,french_pd_books
53cc7eae6303136fe6a7f1b3b24298f33e61c932d1b78047c7ade949b07ed8a0,1,-0.0,0.0,media_reviews,1.0,2,zh,1,douban
53da6c2e9cc279fbf98720e0190b7a652c0c1003a560f4af11f75e5ad3c8ef2b,1,-0.0,0.0,literature,1.0,2,de,1,german_pd
53da8768e79b0966bb524113da22de6bcbe90564d962ffd3691d32a267918c28,1,-0.0,0.0,literature,1.0,2,es,1,spanish_pd_books
53df5838731a69a849b74914ad57e206acdb98aa66007f4ac063696f7de008af,1,-0.0,0.0,news,1.0,2,ru,1,babel_briefings
53e176873a8e2599760474a9bd6f60e985479dabf99e44ec7a1bf3cd920984ac,1,-0.0,0.0,news,1.0,2,ar,1,babel_briefings
53e9fb60aad054ee06c6d1ef69a7b853f830ef1a13546494c4d3f8903a7e5cbb,1,-0.0,0.0,news,1.0,2,ko,1,babel_briefings
53f17d9c1d53457064fefc305c49d0d62b159c8a1a373dc5ab4231289cb74476,1,-0.0,0.0,media_reviews,1.0,2,zh,1,douban
53f48255209140a8f8f0cf73d5573f649a150667a76c92ce32cd1dfe9ede4777,1,-0.0,0.0,news,1.0,2,ja,1,babel_briefings
53f6847d0548cf5da9208510b21aa5994088e64a954bc15a1f4bbed38fd931a5,1,-0.0,0.0,social_media,1.0,2,ko,1,exorde
5411bd3258d865972233cd8d3b8304c4412bb8cb6729536bcb33133c730905d1,1,-0.0,0.0,news,1.0,2,ja,1,babel_briefings
54360c6f498b4784da962d362737827473812007e1951417edbe5232c57ff720,1,-0.0,0.0,social_media,1.0,2,ar,1,exorde
543bf09dbd70dada42954617b1bfbc9db3e4ed9142bb9702efdb7ae20f1125dc,1,-0.0,0.0,news,1.0,2,ru,1,babel_briefings
544093a1da891fe3ee8608e2d534669059572d28bdad77bc2429854854c93310,1,-0.0,0.0,literature,1.0,2,es,1,spanish_pd_books
545cf40eb43b890ef319c72c9f5392e0197a9b7294256450c22b8767266e8998,1,-0.0,0.0,social_media,1.0,2,ru,1,exorde
546192b6a0ad6bec046e50d84f67922eebe65ff60c221f2e271e26e0a7898f09,1,-0.0,0.0,social_media,1.0,2,ar,1,exorde
5467cad96323b7aa21079e65231dac72085c65748accf4225f816d4d48d25960,1,-0.0,0.0,literature,1.0,2,es,1,spanish_pd_books
54699370bf0f76716dc247e28eaad871235eac3d345eadee07e88df9cf2a8fde,1,-0.0,0.0,social_media,1.0,2,en,1,exorde
5479cf5ad36bc9f1d1a82c695961899e34a50213a0ab106554199d1478eb1807,1,-0.0,0.0,literature,1.0,2,ru,1,russian_pd
5482c99cd1869181219e5feb5c7cb40ff84ed44b93fac086028298d5ec0e798e,1,-0.0,0.0,media_reviews,1.0,2,zh,1,douban
549ded93a5a48d4b2584bd49122235166fe1a54e3ca50418b589a86b3b72fb21,1,-0.0,0.0,literature,1.0,2,de,1,german_pd
549fd7276b3c8b22170e5154a6f640607dcc27d5cc4b7642ab5e471d6ffeb145,1,-0.0,0.0,news,1.0,2,ar,1,babel_briefings
54a28ed91844fb7330e974f582185358df38f5d5f3781d7182980268962e3be2,1,-0.0,0.0,social_media,1.0,2,hi,1,exorde
54b30645e94ab25f0cb0bb592d0cfa868a647f7842283521fe66337e848a2d88,1,-0.0,0.0,news,1.0,2,ar,1,babel_briefings
54be1c7e2750d1d68df8f957b39d0f549af4ec6c4a5dae19b60c382046752f89,1,-0.0,0.0,news,1.0,2,ru,1,babel_briefings
54c592c6a766338246f649d8222c2fcd56282bad008de84ef0919c323d87ec97,1,-0.0,0.0,social_media,1.0,2,ko,1,exorde
54e46d32afa437d0763ddfd0a69f5f96bdedaee0d11996d5dd1aa07ca70d877d,1,-0.0,0.0,literature,1.0,2,fr,1,french_pd_books
54e6729009a41e3b4b83d772ac47570a24a252203f3e410eef3092cfc94e0cf3,1,-0.0,0.0,literature,1.0,2,es,1,spanish_pd_books
54e7ccc203f2d569d1b38242d13378b338e3d059b8b68ee611914cbcc5ef42f5,1,-0.0,0.0,media_reviews,1.0,2,zh,1,douban
54e8c4114165b46f18a4feda4b0483132d1906b9e56c4b9045032216fec8e847,1,-0.0,0.0,literature,1.0,2,es,1,spanish_pd_books
54eb524b4be62ac7afb779095825f74b247151969a6c746fd6aa38e50c51b2c1,1,-0.0,0.0,literature,1.0,2,es,1,spanish_pd_books
54ebdf2fa23e41368bc032e34e5c955f31e926ddf7f2f926253e8d7b2b9c19d9,1,-0.0,0.0,social_media,1.0,2,ar,1,exorde
54f5a08e8ee82657e8685aa01f12097a4b6144594ddc8cccdde117ff3556282b,1,-0.0,0.0,social_media,1.0,2,ko,1,exorde
550c4cfbb496493b8cdbbca2fc53a06f915db1e3bd41f2bc2242772412999b11,1,-0.0,0.0,media_reviews,1.0,2,zh,1,douban
55163d631d0b2d2160037a62d5e9fa30136b076d8877ab43b452b999b3ba2f04,1,-0.0,0.0,news,1.0,2,ru,1,babel_briefings
552637485ecf58f18f40a94ec60c3d08cc38976e0815b1a21e34ba76bebbae7e,1,-0.0,0.0,social_media,1.0,2,zh,1,exorde
5530a2740f2c813e423cf176f39d9c43a81640aaa3c4ab892ba59a4d4a755522,1,-0.0,0.0,media_reviews,1.0,2,zh,1,douban
554581a3b05a99cc437c14b62990c21a9e2126d92ee53d0383033980a93a7c98,1,-0.0,0.0,literature,1.0,2,fr,1,french_pd_books
5556882ffafbd76cdbf73dccfc2803247eba0ffc86db99a111d410d3e8e6990b,1,-0.0,0.0,poetry,1.0,2,ar,1,arabic_poetry
555d8e095eca93cc47837bccb78559766d032779030cf0735e21f01c8e2d83c1,1,-0.0,0.0,news,1.0,2,ru,1,babel_briefings
5562b1b32600c0dd22aea85627f5bd9a1f4ded9bbd61607172dbf370af5f58e6,1,-0.0,0.0,social_media,1.0,2,ko,1,exorde
556df08607620711aad3dc66d0cd3d8ca9cc9e8fe5bb126ce13e65137e4d48bc,1,-0.0,0.0,poetry,1.0,2,ar,1,arabic_poetry
557e3800006d9d03bcfb56edfd592aa931e00b332da699033f2b8248c6edacfb,1,-0.0,0.0,social_media,1.0,2,ru,1,exorde
558202d8b400b414eb2217fa5b2021a7821fcb8c237ce0fad9993de75f4eba95,1,-0.0,0.0,news,1.0,2,es,1,babel_briefings
558d070c79db77c1048a49bf76531172c41aa71bb24b0ec551fb66e433251401,1,-0.0,0.0,social_media,1.0,2,hi,1,exorde
5591523486ab90c950ac6f1f9277c4602c90f08f950c3aa8636846685f37ce39,1,-0.0,0.0,media_reviews,1.0,2,zh,1,douban
559c9950b8ddffdaf87ba0a04534a1ae664100c8fb684d988731fec9c9964498,1,-0.0,0.0,media_reviews,1.0,2,zh,1,douban
559fc747a6e5dcaa03613c0b806d2c27d57492a81680872cda1c9ab9d6747682,1,-0.0,0.0,news,1.0,2,ru,1,babel_briefings
55a1821c05b48cc2559d7172b17238ea885eecba93389a9e6194e9d041645b7e,1,-0.0,0.0,social_media,1.0,2,ko,1,exorde
55af4d1f038657e0f653b3d150fa1183ac6d6f397d1d391ed6a32538ee5c90a1,1,-0.0,0.0,social_media,1.0,2,ko,1,exorde
55b87d2b03e9475c0fd9695f527b881adcdb553bcfe4c2c6625e95622e581c67,1,-0.0,0.0,media_reviews,1.0,2,zh,1,douban
55b9d2cb35b6a19e307997b48015a5537d59c6788aec9e605d8af8d85d9d40e3,1,-0.0,0.0,social_media,1.0,2,ko,1,exorde
55c5cc255614591b4e511216accdeafed29e24a22e4226e221e49c342d6af74c,1,-0.0,0.0,social_media,1.0,2,de,1,exorde
55dec494e638c2543d3dca0e998a76dd9b9809f9c36fb1d1cbfbc9d0a3fad76c,1,-0.0,0.0,news,1.0,2,en,1,babel_briefings
55e4d4e0f67dd19ddc9d4a7269967a0e3a3f635421dde03a5e8e0897f7b55fa2,1,-0.0,0.0,poetry,1.0,2,ar,1,arabic_poetry
55f6e9af4e65997ab82c16ad88f1bcdee40954f1e9b3657fb2ccabff4cd5c225,1,-0.0,0.0,social_media,1.0,2,ar,1,exorde
5601aa51810ee56064c3b0372eb7e422a3c74b5dded48effd9991d3202fd66c6,1,-0.0,0.0,news,1.0,2,ar,1,babel_briefings
56038d8492d502ec54cd0b1e4d5e8ed25e8c89ecc06b3da55fc4529a2982b85e,1,-0.0,0.0,social_media,1.0,2,de,1,exorde
560d932ffa4e079dbdba731352e2dc20b735bd6f1b032d8abaf6cbf7785271ee,1,-0.0,0.0,literature,1.0,2,ru,1,russian_pd
561230e1cc75d8ea073b2206da09e42efe00904940174eb1db7b7aad658a751a,1,-0.0,0.0,social_media,1.0,2,fr,1,exorde
561e35cfcf8be56e28e9d92d773f5d38fc33811ca0fa37c4bfbb9d4b00f495df,1,-0.0,0.0,news,1.0,2,en,1,babel_briefings
56208a8ab812b3786d378e7619111932028d6b45ba1cd312050a9033f1ec4473,1,-0.0,0.0,news,1.0,2,zh,1,babel_briefings
56228bf64913b1ed48a580ac1c027f98dbded6957eff370da55db394c12d4615,1,-0.0,0.0,poetry,1.0,2,ar,1,arabic_poetry
5628c9c3b6dcb0b18328d2ca3cf67972f0d63c85b10504d8e6e39beb3f3e7f51,1,-0.0,0.0,social_media,1.0,2,ko,1,exorde
562dbbbba3389f31e59a2877a8d0afc51dd65ae3b42d3ca11701a07a61e9a114,1,-0.0,0.0,social_media,1.0,2,ru,1,exorde
5632e0870f7cbe5f98b35adf08aaa33eea82415f67cbda54376ccc16b4184aa3,1,-0.0,0.0,literature,1.0,2,de,1,german_pd
5635d4299af14e9f241871de5172c7925ba36d9541766a7da8f8f953dbd74ef7,1,-0.0,0.0,literature,1.0,2,de,1,german_pd
56362a2e5f2145d965550c11fab12395eabe8ce81ab55af2898db9b555f70e0c,1,-0.0,0.0,social_media,1.0,2,fr,1,exorde
564abe66fa62522b64a11a67cdabf438a941bc4f8c47b4e9d470bf1401e6060e,1,-0.0,0.0,literature,1.0,2,es,1,spanish_pd_books
564ea65d7cdb497593d474e60795544f2995d9dd2af57d5a3d8482b23acf1851,1,-0.0,0.0,social_media,1.0,2,ru,1,exorde
5655cd0ef56b7867df0e1e90b3bccea7ece14c5cf173fb588d9ee29d9710f617,1,-0.0,0.0,literature,1.0,2,es,1,spanish_pd_books
565af622b1c6cb203629b10a3a4030c16259a073e3d8b064ecf6d5e896b95443,1,-0.0,0.0,social_media,1.0,2,fr,1,exorde
565d3902f28ca4c309d180d62557fdef331d9eb51d0e363c657956fe1e737f2f,1,-0.0,0.0,media_reviews,1.0,2,zh,1,douban
566955cdb74e7c326aea4437cca63ad3b4aab831266ded67346a175f25c1bcdc,1,-0.0,0.0,news,1.0,2,ru,1,babel_briefings
567069b2f47192e884488ccf08e9a8ebfc7be54fae3f3b3fc501fcb136d1f4d6,1,-0.0,0.0,literature,1.0,2,fr,1,french_pd_books
5672a2347b3b9a3801b95f871ed68d38c94f2b05c47ff255b0ecb2e6411db2c1,1,-0.0,0.0,literature,1.0,2,es,1,spanish_pd_books
567408e81aa06605286bf20be9fa3994fdddf5f69e234e2586e28e720f0ca438,1,-0.0,0.0,media_reviews,1.0,2,zh,1,douban
567562cc4206f820ee47189cf6c60f341fa1b491ae6e19dd81b61df63bff5bc2,1,-0.0,0.0,social_media,1.0,2,hi,1,exorde
5675b70f10876c64591be10b701d94a5cdfd90032cd01a4bb613fed19c4a2b39,1,-0.0,0.0,social_media,1.0,2,hi,1,exorde
567dce901722d1df51d24d87199540aaf3604a7ae8240a0c7299af6dd43731e1,1,-0.0,0.0,news,1.0,2,ko,1,babel_briefings
567f35474dba183fd516768a04804c6e0273d503fe205fc39b4097c9b764bc11,1,-0.0,0.0,news,1.0,2,ar,1,babel_briefings
568abdd4a35e8c03dd8c9daf5240cf2744542aee221fb463cbca74c0d8b3f5a9,1,-0.0,0.0,media_reviews,1.0,2,zh,1,douban
56957ad51d9a0f0d4d3127006b9a57fbfd1f01b6d393336811f52406a76620f4,1,-0.0,0.0,social_media,1.0,2,de,1,exorde
569702bf776b21c95d1454230db44120c45ba0a652c0d42712139f401bb28732,1,-0.0,0.0,news,1.0,2,es,1,babel_briefings
56a5271961adb531b1c2b64b5d87f7bf080a9c2cf4be7c44c543fbfefb4a46aa,1,-0.0,0.0,social_media,1.0,2,ko,1,exorde
56a6229177642a1e8c3d23a2d1ccdb73cb80094a65225ec79d2c599a882fb282,1,-0.0,0.0,news,1.0,2,ru,1,babel_briefings
56ac5261a3595cc7131c20836796c2d2708ee6bc7bda822fa91d9abd2872e243,1,-0.0,0.0,social_media,1.0,2,ko,1,exorde
56ac6cd855e986a06a719d875d23fceee97fe02cf790a4ed469dbeaf426dd71b,1,-0.0,0.0,social_media,1.0,2,ko,1,exorde
56bb5f318b01cce65d356c6d8d2ab099ee24cb740da74b7c9cf5361fceec5d3f,1,-0.0,0.0,social_media,1.0,2,ar,1,exorde
56c5aa53ec80d69a808c17746a0d0b9601df3f2e7b1ac92d1f0dedc285fe5751,1,-0.0,0.0,literature,1.0,2,de,1,german_pd
56d0cc58604841d0a07648de9e788770be26a1439247bb74794ba43031295749,1,-0.0,0.0,literature,1.0,2,ru,1,russian_pd
56d59388405933d3386c5b989303a148f71205ba1a8b95c379f4921c665a0441,1,-0.0,0.0,news,1.0,2,ko,1,babel_briefings
56e5256ca42c2b18430b5a42920db771326ed4e09ba64b294d2ed6aec0a4a462,1,-0.0,0.0,media_reviews,1.0,2,zh,1,douban
56e8a71a27f905be4959db20ce0b6ac59b6107776f8ae5ba7ca0c7ddcc47a150,1,-0.0,0.0,social_media,1.0,2,ru,1,exorde
56f1b10c1140e218be3d209d418dd45a13c9a47b1f65ee397a371c9e6a51bb03,1,-0.0,0.0,news,1.0,2,de,1,babel_briefings
56febc731f8ef72ac48d6b2789a0ae6d99428c6a6c9363a0b9de597ec0c1d26c,1,-0.0,0.0,social_media,1.0,2,ar,1,exorde
570332fc747b707f5779f2bacdd862a73f1d8c5526944823a5be2575e849df39,1,-0.0,0.0,literature,1.0,2,de,1,german_pd
5725664d391215cf368134dcd60ca4bef133409d2a5298f3f9378a30b2ecc3ae,1,-0.0,0.0,media_reviews,1.0,2,zh,1,douban
5728ca2004e119c836207d2785c67cd52088ed5e44a6b0e1995c2a64fbf9a417,1,-0.0,0.0,literature,1.0,2,ru,1,russian_pd
5737dc782fc238219fc8237b4ea3b79a9de7549bb408c576f683a9bd6b980864,1,-0.0,0.0,news,1.0,2,ru,1,babel_briefings
573b0b14d1ad3b9ad5ce0edcd7da36f3a127a4befb6109cf3235cdef35f812df,1,-0.0,0.0,social_media,1.0,2,ru,1,exorde
573bcd602d1706bb69dca4ad5a808bca0cf897608fcc3c044c7a1981d127f2d5,1,-0.0,0.0,news,1.0,2,ru,1,babel_briefings
573bce96584213a932ec4ee45d680f4a24ea2187f186f2a937d955ef9f950d36,1,-0.0,0.0,social_media,1.0,2,hi,1,exorde
573eae92f8daf13254b016ff1ee42bdc7e0aef97af8fff7d106a887684c3165b,1,-0.0,0.0,ecommerce_reviews,1.0,2,en,1,amazon_multi
5741e6e2c269dafbab6eb7683c54a0eebbcfbb6134a60994fe5817529a90a74e,1,-0.0,0.0,poetry,1.0,2,ar,1,arabic_poetry
574389891c113c328a793bfb5d045d619c45a97cf73627e00ad47bf31503ad36,1,-0.0,0.0,social_media,1.0,2,ar,1,exorde
574bd68f7dac8013617379253f10944c2aa988354c84747b7328c9e3a4b84c53,1,-0.0,0.0,social_media,1.0,2,ru,1,exorde
574e2858b9dcc1e14090cac370127fc703f3e81932bcd4bca3ac3f2a54f75af5,1,-0.0,0.0,news,1.0,2,ar,1,babel_briefings
575f07ae8f57e33cdfb957ec5fb9134da2dc4ec3dce2d9e34f88d8284cf2b312,1,-0.0,0.0,news,1.0,2,ar,1,babel_briefings
57669bf5acb9e2ca4466e87d99a860fae2fb20add788e4fc1f05a85969b92aff,1,-0.0,0.0,social_media,1.0,2,hi,1,exorde
579035e0c49c7893ae049a26250a85a843dd37b19b0742bdda4d574d861ef781,1,-0.0,0.0,media_reviews,1.0,2,zh,1,douban
5794d0dec9166621104d1572dc03a59030354e2efe4fe11c7c7ea1e4db29deaf,1,-0.0,0.0,news,1.0,2,es,1,babel_briefings
57951db3506dff5417b198281dd0414d70c309b9cb5800a691d56e2a0198e580,1,-0.0,0.0,social_media,1.0,2,ar,1,exorde
579fb85d67b2d890fb46a41d7808541cf58df1b675ca0a8f22e53df5e7516565,1,-0.0,0.0,media_reviews,1.0,2,zh,1,douban
57a5fee44bed532c0854c1f2e195058b04217bf9eadf22c8ae39becd58dd17eb,1,-0.0,0.0,ecommerce_reviews,1.0,2,en,1,amazon_multi
57b06eaf06eb39217dbceb894fc520023b5beabcbab07ee576a131774189fa1f,1,-0.0,0.0,media_reviews,1.0,2,zh,1,douban
57b467d171e1d436d79f42c6dae46a723d52a58ba80d27fff2645af1ff8f9282,1,-0.0,0.0,blog,1.0,2,en,1,blog_authorship
57b52c564f37cefdea1007e2c251bd58872822e836ac97bc2b110c22753bc2b3,1,-0.0,0.0,literature,1.0,2,de,1,german_pd
57b57a26b6eb2d0dbac6eaa95ef8f33e8718c86f9f998281808ee865bbdeaf49,1,-0.0,0.0,literature,1.0,2,es,1,spanish_pd_books
57bc038b5e451e37756d6e85696f1572c75a6bd0fb3a7a20d4dc66182fe7f3d4,1,-0.0,0.0,news,1.0,2,ar,1,babel_briefings
57bcd253bac17f107e0df3f75a17bec1ae6fea97ee6ccf6d3c93c6dbd54673ab,1,-0.0,0.0,literature,1.0,2,fr,1,french_pd_books
57bddddd545beebf5ac32a2c22f1e0b2a3813d0aa9a94e50b10f50a61a26c2ba,1,-0.0,0.0,media_reviews,1.0,2,zh,1,douban
57bfc5a1aa5e58ab226526eadd4bac2c58a97e455df909a161653ceceee37676,1,-0.0,0.0,news,1.0,2,ko,1,babel_briefings
57ccd8e03452925c3f9d46be7600f802c6e197c68ee819735c8b409b543e24ba,1,-0.0,0.0,social_media,1.0,2,ar,1,exorde
57df3fe072f9f5c8fa7d8f09e264e46271fdd0fb7bb0c332ef53a94c0de11838,1,-0.0,0.0,social_media,1.0,2,ar,1,exorde
57e0606e217b19d0dd031b16e376e93c5410e2c4a81c93262fbf2860a8b5fbdd,1,-0.0,0.0,news,1.0,2,ru,1,babel_briefings
57ee73ba4be71b6997fbeeb1749d0a06d68fa1c20e59bebe24777b52963ee3b4,1,-0.0,0.0,news,1.0,2,en,1,babel_briefings
57fcd78f9537b47f2dd2f5d6f8a0553c45b56a55cd035e92733e61f597b601b2,1,-0.0,0.0,news,1.0,2,ko,1,babel_briefings
580b6958d7c7f1caad5e9d625aeaf08050f337c21d2816262e46935167d628fa,1,-0.0,0.0,media_reviews,1.0,2,zh,1,douban
580bbba2a68cf25858cf9edc1812ed36d7bc9b44463da19ed2bf6ac9cf995210,1,-0.0,0.0,social_media,1.0,2,hi,1,exorde
58131beb6219d3a6c5218057e978fb43686a8d026f96762e550d470fde3a7bcd,1,-0.0,0.0,poetry,1.0,2,ar,1,arabic_poetry
58147b8aba7704df569d59e906bb9146a8be4bd3441179470ab147c8bcf7374f,1,-0.0,0.0,literature,1.0,2,es,1,spanish_pd_books
581983d80db038b22613ff8da85fa30b50cbb90f219a43f9ac404562c42ad335,1,-0.0,0.0,social_media,1.0,2,ru,1,exorde
581f4985b990ea4b25a8299194e6a4fdbac6500817645f63cda85a230808db74,1,-0.0,0.0,social_media,1.0,2,hi,1,exorde
5830b58eeca21f5376e7c2b32652b3470e6c18e4f9a88a2ca4a0b3a0c1c02d78,1,-0.0,0.0,poetry,1.0,2,ar,1,arabic_poetry
583870a811d99d59f5611d3664b501c8e86a30528155c347bb2c8ebb580a3d6e,1,-0.0,0.0,news,1.0,2,ru,1,babel_briefings
5838ce95f12e3fc93ca1507b41b701d3638947edf57a2f80f55285ce3e083cca,1,-0.0,0.0,literature,1.0,2,es,1,spanish_pd_books
5839118274d58f308e84bb695455228b6e23e07f079fbe4e287db968ba89fcc4,1,-0.0,0.0,social_media,1.0,2,ko,1,exorde
583a531e5336287b8e4a61f2dcf8edcf1e03ab6ac94b0d642e0fcf0bd83796c6,1,-0.0,0.0,news,1.0,2,ja,1,babel_briefings
584e61d01a1c83f9ad4a91c2a39036832dc8d47eab7c043f56c3c9f1fa98804b,1,-0.0,0.0,social_media,1.0,2,ru,1,exorde
585a4bad220f6b27eaf532848deebf5d5f0db094434fcbabf6d2b827b76f5a58,1,-0.0,0.0,news,1.0,2,ko,1,babel_briefings
5879026b493c59097328b06cfd80b24b3bff573ac40d49115e38bdbb4d3cabf6,1,-0.0,0.0,social_media,1.0,2,hi,1,exorde
588bf21e970ca2991a3cf09d59a389c3080a4fc3d7a811aec6d3dd66414b349f,1,-0.0,0.0,news,1.0,2,ko,1,babel_briefings
58a0c2e744844cf1509fedb46fab7a3c059619eb8aae962b420d0021fecc63b6,1,-0.0,0.0,news,1.0,2,ru,1,babel_briefings
58a24b45b321413aafaace8c3eb07ef95ecc2635cb7dd75f9817f639d850570c,1,-0.0,0.0,literature,1.0,2,de,1,german_pd
58ab041bd4899aaa93321cb11f67ab3e2e34af2bf43be723de3b7bea376c4689,1,-0.0,0.0,news,1.0,2,ar,1,babel_briefings
58aef6243a9243efacccfafc1bf130f7276cbfb73138b075d769a7a71c09dc55,1,-0.0,0.0,news,1.0,2,ja,1,babel_briefings
58c1bec07f0d864c10f09191ec89faacccf0237f04cd5266f2398345afb775a9,1,-0.0,0.0,social_media,1.0,2,ru,1,exorde
58c52623105ead7083b1138da02283c77b641e7d25a66704ea5f564b1c8f1ceb,1,-0.0,0.0,blog,1.0,2,en,1,blog_authorship
58cd76a4d6fc4bc2bc464d6edc2f89dd3c6bd0f29bd6895de6585ce5f186fc5d,1,-0.0,0.0,news,1.0,2,ar,1,babel_briefings
58d4b8f089bba839ecd65ffcf7e3310d65ba21bd322a64909213eb78aec2c0f7,1,-0.0,0.0,news,1.0,2,ja,1,babel_briefings
58ecf0ab9c50712b9b943a94f25f6b2a67cc8683e09cd3443eb3d49ce66aca04,1,-0.0,0.0,news,1.0,2,fr,1,babel_briefings
58ee56f8c902271b912da58f1a66d2e9bcbbc8ea6c2cdd4c86fa2639643f9daf,1,-0.0,0.0,social_media,1.0,2,de,1,exorde
58fc44b9d03f286b1f05203261964777811eb048d47079051fdf9b7e11232587,1,-0.0,0.0,news,1.0,2,zh,1,babel_briefings
58ff055505be22c12ee1275537920fc2439b53f58fb81db649a80a06015ed19b,1,-0.0,0.0,literature,1.0,2,ru,1,russian_pd
590095e4b398da4d7a81a12bdf5580f2dca421614cc5b4ec1392f98430077ca6,1,-0.0,0.0,news,1.0,2,ko,1,babel_briefings
5902f3f342fe98b1da54728ee0bc3f52891d0fc3f523311a2f590b4ec6baf4a7,1,-0.0,0.0,literature,1.0,2,fr,1,french_pd_books
5905441054542bd16227052c55610d476b375e77da79a9a529529f64310c5988,1,-0.0,0.0,media_reviews,1.0,2,zh,1,douban
590a61d8e04e354c4de908aadcea8e89f11f837323f55f2e8b6828169c63a9fc,1,-0.0,0.0,blog,1.0,2,en,1,blog_authorship
590e208c3f5f6c769109c7bc11c19b5aef2fc1b422230926143e4734a3cb43e1,1,-0.0,0.0,social_media,1.0,2,hi,1,exorde
592c273eba8c16420bb55a0cc6b09c0511da6b20b93ba2f55992b426ba192634,1,-0.0,0.0,news,1.0,2,ru,1,babel_briefings
593a24cbe84ad482828bcd6d75bee0408971003673f367851cde4042d1e1a1c0,1,-0.0,0.0,news,1.0,2,ar,1,babel_briefings
596550c06d7a49907aeb7efa5ae1acf4a3560e4a4164bc93ed51219b6a5cbf0f,1,-0.0,0.0,literature,1.0,2,ru,1,russian_pd
596a2a2e5510d8ed715c3d84d4e93956d72078a0c722963371e0eb3234472543,1,-0.0,0.0,news,1.0,2,ja,1,babel_briefings
597fc96139ba14eaed266ec0d4d06713f14cebdeeddb664866ead6b805c6c015,1,-0.0,0.0,literature,1.0,2,es,1,spanish_pd_books
59841dd52af308d92933051cabc168640404dc84b2a2b0cd579ac3525ac08313,1,-0.0,0.0,social_media,1.0,2,ko,1,exorde
598826728a6b4c34ac256d4cdbbf1160de3403e2fd6fea5780b08a562654f95b,1,-0.0,0.0,news,1.0,2,ar,1,babel_briefings
599055a4b5b192616ed5b8004e43a45e8d245301f3951f75a308c01bf36bf4d6,1,-0.0,0.0,media_reviews,1.0,2,zh,1,douban
599a7d60fab1bad7ddb909844414166734bc889f01d265bbdbbbfcf3e0809743,1,-0.0,0.0,news,1.0,2,ru,1,babel_briefings
59a798e3dd5812634ed0b72cfa4d46628e33ccae77fada22b413d1d013e70429,1,-0.0,0.0,social_media,1.0,2,ko,1,exorde
59afcedd2b138ffd16a8a76b64274ec88325cd6fd92a2655789de05e1a4c56df,1,-0.0,0.0,social_media,1.0,2,ar,1,exorde
59b6440d49eb431503a974ada528b57f9bc8e79f9d2ea2be80e96b3d745058ee,1,-0.0,0.0,literature,1.0,2,fr,1,french_pd_books
59c1a2aeec87c5d71bfec95e2f34a4021fda7b4ad87504d2a9ca67c3ca9a11c9,1,-0.0,0.0,social_media,1.0,2,hi,1,exorde
59c82c50ee201634fad564d12f73817acdbf190fb38253b8d93e2e2b2d6a0559,1,-0.0,0.0,news,1.0,2,ko,1,babel_briefings
59c8e9ee38e14183bbe39af2f77792ae31c00b8c3bc5dfa18ff79b39e9568231,1,-0.0,0.0,blog,1.0,2,en,1,blog_authorship
59dc4f57fa6639266fa05a1ba1e20dcda7f985c3589bb452ccd3ba74ebb24b8b,1,-0.0,0.0,news,1.0,2,ar,1,babel_briefings
59df5b134f345bc4c6db73d9e37610c8eca2612944e95432309e6323e6c2fecf,1,-0.0,0.0,social_media,1.0,2,de,1,exorde
59e640e1549131e4d6dee0f473c49e817ea7f200e53ae7002d5b436f9f1913a2,1,-0.0,0.0,news,1.0,2,en,1,babel_briefings
59ec5dabcb2db2f64d5315a04d5659c8b0affaf5a64ffe457f3b954c1907c7e2,1,-0.0,0.0,news,1.0,2,en,1,babel_briefings
59ee4455b9f8de7bce52efa95c575a3f8f25a4f61e865e29833b8cfbf28ecf67,1,-0.0,0.0,social_media,1.0,2,ko,1,exorde
5a01dcb3689bab9ef260429a87959480ba7671a61d93bbbcfaf3445914224e99,1,-0.0,0.0,media_reviews,1.0,2,zh,1,douban
5a214e4e6bbe378951a2133b96af8513d148b880c8958ddb5b11cb822c0e931a,1,-0.0,0.0,social_media,1.0,2,zh,1,xiaohongshu
5a23518cef378db19f01a02de46ac3c0cb7fa60b869471039cc0916ff99413bb,1,-0.0,0.0,news,1.0,2,zh,1,babel_briefings
5a2762c9a0191a77cd35dcaa975d1868ea445d9900e7ec57b9e3132928121960,1,-0.0,0.0,literature,1.0,2,de,1,german_pd
5a39105c435f3dedbce0a38439ed4a6014ef4c0387a8652c3036204b08f734f4,1,-0.0,0.0,social_media,1.0,2,ru,1,exorde
5a3f597f25d078817828559df20bb72d3a37d421d9112ebac1001bcfb4d35f83,1,-0.0,0.0,news,1.0,2,ko,1,babel_briefings
5a486fc0354da0c2d09ea14da15139054c7e167d2945372105bda2c7d2e8e237,1,-0.0,0.0,social_media,1.0,2,ar,1,exorde
5a62229582ddf7c5ab55617c2850093aee481e1e697481a4fb01ac5ee38c12c2,1,-0.0,0.0,literature,1.0,2,es,1,spanish_pd_books
5a64d2aa2c6cd042b7f0596ac95552038ab785b8daa3459ad496d5ed0adbb753,1,-0.0,0.0,social_media,1.0,2,ar,1,exorde
5a702c9905e03d7eea95258b485fe5257ce326036506648943a681237fa41743,1,-0.0,0.0,literature,1.0,2,es,1,spanish_pd_books
5a7525bf1f302c04c03a934186f6e250d1085a3342979e27c55dd72c4708dcbd,1,-0.0,0.0,social_media,1.0,2,zh,1,exorde
5a7e0f2e5bd8316c06cb6090ba00e7b8887d1cff247afd03137f8cadd66f36fb,1,-0.0,0.0,news,1.0,2,en,1,babel_briefings
5a887d3bc68d377e4b71efa68e565f5fa0f2a03eb69d949f680c27463d367593,1,-0.0,0.0,media_reviews,1.0,2,zh,1,douban
5a8bd97d520193a0424f1f6c3d7a3b8074e200a05a33ceadc8b8d03c37c5c86d,1,-0.0,0.0,news,1.0,2,zh,1,babel_briefings
5aa0221c8399f9bd0800ccc1867cf218ee7876eda2f9771f6b5cf87480944706,1,-0.0,0.0,ecommerce_reviews,1.0,2,en,1,amazon_multi
5aa4b411b53847f1179787884fba76dc58b04f89c96f82388dd29c8ffc3b2958,1,-0.0,0.0,media_reviews,1.0,2,zh,1,douban
5aa5279649fb1f8bf57302436c3b48e038ad5e5ae45751815a73000e4e6433fe,1,-0.0,0.0,media_reviews,1.0,2,zh,1,douban
5ab0de73cd42838707d2e1107421c83d1629919f846e368c28166e76bbd827ad,1,-0.0,0.0,news,1.0,2,zh,1,babel_briefings
5aba1d174724fc1a38bf02c4257015880baf4bca47ba3f7f4ad2507577f2b018,1,-0.0,0.0,blog,1.0,2,en,1,blog_authorship
5abff14f3e200c427aba0b61c6b12ade95058b78549b8e8a696e09b68dd68e52,1,-0.0,0.0,news,1.0,2,ru,1,babel_briefings
5ad0c02cb3b7d9ecc90b28c7c973fe1d101a8ff122b19708e33af6bdcc992ee9,1,-0.0,0.0,literature,1.0,2,es,1,spanish_pd_books
5ada4483cd38515559c835b048fcbd2c88c5b2b4f324d85f8baecb820d54b716,1,-0.0,0.0,social_media,1.0,2,ko,1,exorde
5adf342fbab4121877f0b587b171f35ef858a1b8c2b45f67c118eefee09688bc,1,-0.0,0.0,news,1.0,2,ru,1,babel_briefings
5ae01a77bd9c3a70f73ea2ba8a3d94b4a215a8ff32082f128ff4d718e97c52e2,1,-0.0,0.0,social_media,1.0,2,hi,1,exorde
5ae809937847eb5e8b4ad3fd9ef5b9aae3622899c1f516543fb7aaf70a88ea53,1,-0.0,0.0,social_media,1.0,2,zh,1,xiaohongshu
5ae8ad7c9b231e3410c345341275283f0122ddb75d1937c8062332924331550a,1,-0.0,0.0,news,1.0,2,de,1,babel_briefings
5aeb114e6b6dd3eb37cd32d976de706d33ade2a942b8676a78c4ef0e4c69fc82,1,-0.0,0.0,social_media,1.0,2,ru,1,exorde
5af7535d6b73f1d51a253f1809551f07f8ec79407e1d3ba57495612c215f2476,1,-0.0,0.0,news,1.0,2,ru,1,babel_briefings
5afc387c26fe7d42c7e5f874a4431b8171d21f0e62dd263df228ba8415f95ae1,1,-0.0,0.0,literature,1.0,2,ru,1,russian_pd
5b060ad5be7d15db022a6db29e1b071cfc6f228b71ca18ec1202c0089697fdf4,1,-0.0,0.0,social_media,1.0,2,ko,1,exorde
5b06157710d9bcfadd325337541c121c503a4caeec52792c84a23c9a0a67cddc,1,-0.0,0.0,social_media,1.0,2,ar,1,exorde
5b34b378c3f025bd65a683086ad97aa1fc3a148e533a5aefe603e1456f980213,1,-0.0,0.0,literature,1.0,2,es,1,spanish_pd_books
5b35f8a37f16563cadf84d8486ed7445155b98454b83d54b2288e62c4225ab13,1,-0.0,0.0,social_media,1.0,2,hi,1,exorde
5b3792f33825032e2ff24a9a8a5e9cfd8fb08dc4c6988e379b4d0a2fd7702433,1,-0.0,0.0,media_reviews,1.0,2,zh,1,douban
5b450f304acba0ea116e257a75aeff82d0e7e3cf2006c2e4d3d59ee2291195ed,1,-0.0,0.0,literature,1.0,2,es,1,spanish_pd_books
5b463374ba3d988fa7d3fccd9c8d36038fafb0f539d5a159e4f738f9c685fcf2,1,-0.0,0.0,literature,1.0,2,es,1,spanish_pd_books
5b46bf2d7b17c00057fe91eafb64b745559a2479d05c3843e54ba80cfa2bd1f1,1,-0.0,0.0,social_media,1.0,2,hi,1,exorde
5b5288fe46b143976ab32bcccb304ae36b9e9b06ad7a05c003f34c62337280a3,1,-0.0,0.0,news,1.0,2,ko,1,babel_briefings
5b547fe72423700479179640c2a43ebe0a7f0d5d5c62479b57f9f4471af9cdb8,1,-0.0,0.0,news,1.0,2,zh,1,babel_briefings
5b63156e97acc7cf57db729d7185b637de494d3c758b38b225622fa74e4f9c04,1,-0.0,0.0,social_media,1.0,2,ko,1,exorde
5b67d0c7212a0457960fe2e80ba202631f10b47d9b71ae16c479043a433906fc,1,-0.0,0.0,ecommerce_reviews,1.0,2,en,1,amazon_multi
5b6ba2ab365c8c868168aa0baaae2a17652bce154cc49cbc7249a07c3e88da65,1,-0.0,0.0,blog,1.0,2,en,1,blog_authorship
5b6d3800ce0b527d5304c67bf16b13d9673dee3f4e0b6f89edbf773eb6aabfed,1,-0.0,0.0,social_media,1.0,2,hi,1,exorde
5b71752346a65b82d4ff96033e18a2f179b607dfc1b6790bd2381527b25561bd,1,-0.0,0.0,news,1.0,2,ko,1,babel_briefings
5b7ef7ec4deb504fcdcdf60b58eba1477e451708543c094b6df49c5082cd2c93,1,-0.0,0.0,news,1.0,2,en,1,babel_briefings
5b912ca6a9decabb794b246271ce4f46db6bb257d43849e2239480c1904bd212,1,-0.0,0.0,news,1.0,2,ru,1,babel_briefings
5b9afcdb1e3542b2c88142e2c5d4d5f1031d02b46d8b3cfe61622720ec85cd65,1,-0.0,0.0,social_media,1.0,2,hi,1,exorde
5ba5dd367d0cff8a2b1e0c4f2590a10642071dc5506dcd348ccc34581a609f57,1,-0.0,0.0,media_reviews,1.0,2,zh,1,douban
5ba8c586a100cff82a1eea7839ddb85e9a6b7e15f026f54a6ad310095b084059,1,-0.0,0.0,social_media,1.0,2,es,1,exorde
5bac0c28376367753fdee03cd427461e829d5ba460cb1d091fdef6120115b806,1,-0.0,0.0,social_media,1.0,2,ru,1,exorde
5bb0a4aa57c80d81a893712e823ba8fd6b7019c55d9f62ea5a6295204646224a,1,-0.0,0.0,news,1.0,2,ko,1,babel_briefings
5bb1f341901f9fa8d896299d58dac052e7f9c15f8a71a06c5a9876d95b8ac4ca,1,-0.0,0.0,literature,1.0,2,ru,1,russian_pd
5bb7ab72033f09f0f5b6ddd6e5b9618f037d8ce7010c2a72d949dec230a65b5e,1,-0.0,0.0,social_media,1.0,2,ru,1,exorde
5bbcdeb64f3110981f398bd8b2b8be7ac231743453532cf3c5012c86d9f7f235,1,-0.0,0.0,news,1.0,2,ko,1,babel_briefings
5bc1638f7a3aa32a7c2f523e0bf7c2b22bd45c45b000417256d084d874ca9f68,1,-0.0,0.0,news,1.0,2,en,1,babel_briefings
5bc1702d64c3f57b3cd0c77ca2e8d34315c5a621446464843da375c2032136fe,1,-0.0,0.0,poetry,1.0,2,ar,1,arabic_poetry
5bc32eb0f9eb238a0aae3c67f113d20fe3f2339100b3bcbec69567f0ed427491,1,-0.0,0.0,social_media,1.0,2,zh,1,xiaohongshu
5bcb34698a8bae9dac721aa276f44f8ea2520bc806a96e4bd1c8488c532652e2,1,-0.0,0.0,social_media,1.0,2,de,1,exorde
5bd1b78f83e12e79646c4f856211fee02f8da7a8a0fac61ad03b46856896bde9,1,-0.0,0.0,social_media,1.0,2,ko,1,exorde
5bd1f2bd4cbc2fd079ff07269589c3ec76c655efb3548a0bdb50bb7b58f79c6a,1,-0.0,0.0,media_reviews,1.0,2,zh,1,douban
5be7655642b5db83081b778e9b08d64f8b28b39d4ef8e7e6e318592dcfde2f43,1,-0.0,0.0,blog,1.0,2,en,1,blog_authorship
5bebfbc9beb4131a64f25c504eff40e640cfb2f02b33eef28faedc299ce5ae69,1,-0.0,0.0,news,1.0,2,ko,1,babel_briefings
5bedab857288968923e2715d5c2f6867f4ab0c6926fa54fe13010c29766c6028,1,-0.0,0.0,media_reviews,1.0,2,zh,1,douban
5bf6fbf419c46451b2eb3bbdafc6bbd03e13222f444efcabe00ec4cbb5d078c1,1,-0.0,0.0,news,1.0,2,ar,1,babel_briefings
5bfa1099f07e257bb0e595f0359c074b3622de28bf660761069fdb58b0291164,1,-0.0,0.0,literature,1.0,2,de,1,german_pd
5bfb24616ef75872a04a808acb4b1962219fb569c0f5d422a96ff1c0c505f1f0,1,-0.0,0.0,poetry,1.0,2,ar,1,arabic_poetry
5c03633097843719d060cfd2b053b293f600ec48371f620096447edeb53c3a22,1,-0.0,0.0,news,1.0,2,ar,1,babel_briefings
5c05fa55d45681a8da4913e3f757791c7a466d8e1a6de1d662b5c23e20f8ac75,1,-0.0,0.0,news,1.0,2,en,1,babel_briefings
5c146845d95d8451a700d1a2f7be18182674261343c0feaa59ab3db1825b0630,1,-0.0,0.0,social_media,1.0,2,ar,1,exorde
5c1ef1be4d3d671cb5f0656c025353438def206e0423496524c5752016538bc3,1,-0.0,0.0,news,1.0,2,es,1,babel_briefings
5c3c29acf7b38f1c5f6cdad27c4dd9cb8b95fd99bd63122f3ee211f18b47077a,1,-0.0,0.0,social_media,1.0,2,ar,1,exorde
5c3cf37c98bc08ee9f875f1d3838ff8e455faa8f374fb2e84b35c7d6a434a067,1,-0.0,0.0,poetry,1.0,2,ar,1,arabic_poetry
5c3ff462c122298a8d6e2ba0b80d1c8fcd10007d4b32b162e330e0a33eda7247,1,-0.0,0.0,media_reviews,1.0,2,zh,1,douban
5c4db5d682bdb884596391b471989e94ab9add992d57cd8e7fdd2a37e47bdc50,1,-0.0,0.0,literature,1.0,2,hi,1,hindi_discourse
5c5eb4d6a59fcc8edc28c70d7741888255eb2a797dd9857f4b0a8baa8954952c,1,-0.0,0.0,social_media,1.0,2,fr,1,exorde
5c72ce3cffd397852cd1a8e627e40608a26094fd861172bce4f9ae6df6c167f6,1,-0.0,0.0,news,1.0,2,es,1,babel_briefings
5c7ad8bbc16ce06c6a5bdb7d2738df70f57691fb7be81b558a8f68f74ed4e053,1,-0.0,0.0,literature,1.0,2,es,1,spanish_pd_books
5c810c7df3de529c8890336fd96c119ffaf0b71e736fc49fa6aeb6d4a52c8bb0,1,-0.0,0.0,news,1.0,2,ko,1,babel_briefings
5c8ebda957d451989e185a17d22a82081dbd8185add002fb099d3a1384fb32e0,1,-0.0,0.0,social_media,1.0,2,ko,1,exorde
5ca12af128c8a4091f79089c9cfb93af819cba82061b060ef14cabfbaf5d12d4,1,-0.0,0.0,poetry,1.0,2,ar,1,arabic_poetry
5ca2d897ee677682dd38bd2b9187d57ff8b430d2b2424d7a05fbcbe3f53e91b1,1,-0.0,0.0,news,1.0,2,ar,1,babel_briefings
5ca2df88a7efb3ff38d827237e2a0af6f66ef58bf2fd637df45f0a6504431e13,1,-0.0,0.0,news,1.0,2,en,1,babel_briefings
5ca2ecbc20a173423212a3272e6fe44f0908d33a761159a7c17b96be48f307a4,1,-0.0,0.0,blog,1.0,2,en,1,blog_authorship
5ca5585e69e465a71faa07ef6ee79327ffe008f7f7bd43bc4c032da7aa76f4fc,1,-0.0,0.0,media_reviews,1.0,2,zh,1,douban
5ca57825405b08541c98055a24bdf708068320d1e3bacc28ca87de0bce535186,1,-0.0,0.0,social_media,1.0,2,ar,1,exorde
5ca5b6460e72b4ba679820e96f73e0909877a4bded370b5848fe101cb5a8ddae,1,-0.0,0.0,media_reviews,1.0,2,zh,1,douban
5cad23e4c7bb268af64294efe752b97d5e558ca6fadede7d3fc9c31ff762f7ea,1,-0.0,0.0,literature,1.0,2,de,1,german_pd
5cb3ff79f502ac8d439b58c1a75e804d6e01de563518411c7194a19b56cef03f,1,-0.0,0.0,social_media,1.0,2,ar,1,exorde
5ccbf716757c40b60d9d095737723b38cad9f58b2ebd6857644a269a2ccb27eb,1,-0.0,0.0,poetry,1.0,2,ar,1,arabic_poetry
5ccf4c9c337a31a9c1ca06d717a41220ee3f14446fb7b30e5bcf637f939ef1ca,1,-0.0,0.0,blog,1.0,2,en,1,blog_authorship
5cdf3847ddde8a809128943dc03f81d9ee50986c0ff929a5c366e135062a2fcf,1,-0.0,0.0,social_media,1.0,2,ko,1,exorde
5ce5cb37b58e4d9dbffeda61617ef3bcfdcfc43f4e45674568b191edde21f3d6,1,-0.0,0.0,literature,1.0,2,es,1,spanish_pd_books
5ce9254ea14fcccb4feae7df939e866002ce569d1745a94a6b432866b0a75f0e,1,-0.0,0.0,literature,1.0,2,es,1,spanish_pd_books
5cec8fab2b3e8eb94014109348a8774e7dfffa8b3374ba0e4bbe5d49d628c18d,1,-0.0,0.0,social_media,1.0,2,hi,1,exorde
5ced3f5051390fffd39bddb81841b08ed8c6fb5ed169bd62dc5e58aeeba4a9ed,1,-0.0,0.0,literature,1.0,2,es,1,spanish_pd_books
5cf3db434a81c29f393d328325425b516f511c609a41e18af1e2e7c7b3bbd2ff,1,-0.0,0.0,social_media,1.0,2,ko,1,exorde
5cfe0525571d8dbaf50f3bbbb599556c58302c67707ae83fdb604877ca145e69,1,-0.0,0.0,news,1.0,2,ar,1,babel_briefings
5cffc08c48350febcf183da0fdd12cd74c71064fe211f7590374adef0edb7ccd,1,-0.0,0.0,social_media,1.0,2,ko,1,exorde
5d073e8c8c775aa2136ec71535b68b726ea4fd2fbf37e986658d0568a15f0550,1,-0.0,0.0,blog,1.0,2,en,1,blog_authorship
5d09fd27158e9219616c2c8564583686d27da56856c1de96a4f6d4160f309b5f,1,-0.0,0.0,social_media,1.0,2,ar,1,exorde
5d16a706c1b3b3ed1211bd312fe1bdd07952bda940a0fa5979620439ea6e38ef,1,-0.0,0.0,news,1.0,2,zh,1,babel_briefings
5d2366335f155fb0432c5b821b6695a50489a0ee9bb1c3dc7b941c7cf0cd0a9e,1,-0.0,0.0,news,1.0,2,ru,1,babel_briefings
5d355e40a06ab72bd068206e13270a24b1319f6a7d9acc3e1c128db92e910275,1,-0.0,0.0,blog,1.0,2,en,1,blog_authorship
5d3849235f719b77b1a5842a9d870b10cfc52d331cc765aa9461dd6f05a24201,1,-0.0,0.0,poetry,1.0,2,ar,1,arabic_poetry
5d4512e1d3620eb4d9fa9b49f47a29773fa25e6d3eab4762e7755813f7212bb2,1,-0.0,0.0,social_media,1.0,2,ru,1,exorde
5d5c6fe38ab5ebcac49c845d7cc26aec12e4b3dd66e301a1012793bc660bdc46,1,-0.0,0.0,news,1.0,2,ru,1,babel_briefings
5d5d431a153a67c846950a2f4225f7da9522eace6ed7c8806fa9625b568416fb,1,-0.0,0.0,social_media,1.0,2,hi,1,exorde
5d7e812ff57432950ca678aa21ea7e6997103bfb08ea4533af56fda7ddaa2a7d,1,-0.0,0.0,news,1.0,2,zh,1,babel_briefings
5d814f0b0c05c00904513b7c19c27e47b52349740429186b930ec493d95779b3,1,-0.0,0.0,media_reviews,1.0,2,zh,1,douban
5d8d0f8cd35577618481c2b67108034647ad97ea4429e19b75f7f8b1993f59c3,1,-0.0,0.0,poetry,1.0,2,ar,1,arabic_poetry
5d91ec4a2de7ef6b3fd5abe90d5191ef702304758d552f71b5572f17f870d7d2,1,-0.0,0.0,news,1.0,2,ar,1,babel_briefings
5d97e009316670d624f1583a1e13c2e266afe356a04083321264903467e3fb0b,1,-0.0,0.0,social_media,1.0,2,ar,1,exorde
5d9c197db52810e34a63294de7657d87009caa72602e4370d91b0a26a21e655e,1,-0.0,0.0,social_media,1.0,2,ko,1,exorde
5da0f0bf959925259e2c362a705283c2dc44384cb07987342ab06baea91f501b,1,-0.0,0.0,news,1.0,2,en,1,babel_briefings
5da16c3a5d8ef892a3af0fe06fb820f49ddba43d29be780f363d812d8b734c7a,1,-0.0,0.0,news,1.0,2,ru,1,babel_briefings
5dac2092f8df5c3796f00339578d79cbea4c41c1930a27529286fc24ad0b0aa1,1,-0.0,0.0,social_media,1.0,2,ar,1,exorde
5dadc87f5bc0c99f0ae78f8f53047a258bd678488886277bf281a500fa88d2e3,1,-0.0,0.0,social_media,1.0,2,hi,1,exorde
5dbb212362a230a2a1a1eaa18cbe4a165307e483e2d598c6723efa5cba5d23a0,1,-0.0,0.0,social_media,1.0,2,ru,1,exorde
5dbcdc1c681d3e29b2f66fe606a85568f1c41c61c8f63bdde7ee522e55dfebb6,1,-0.0,0.0,social_media,1.0,2,ko,1,exorde
5dc845d591ee6c5483c8a1f539399abde259a8d6c2d3710de9b15993eaf842ef,1,-0.0,0.0,news,1.0,2,en,1,babel_briefings
5dcbc98aa65421251368b79dcd5cdb949a71f9dea96ecc0b571361b0d2001855,1,-0.0,0.0,media_reviews,1.0,2,zh,1,douban
5dd80dcaa4417e64106cbf38143243a5620560146799b295b3f2024bad00925f,1,-0.0,0.0,social_media,1.0,2,ru,1,exorde
5de7ad983d82d5fbe77428ae72f455dbb8944870ba8491eb8b88260feb1fb90f,1,-0.0,0.0,news,1.0,2,ar,1,babel_briefings
5e00d45b14ada87aafb4f0a2e865079c53495f780be403b9c3956ba85ae0d6a8,1,-0.0,0.0,social_media,1.0,2,ko,1,exorde
5e0afcadaae3069b9ec8567f7ceda2ed936cc244a042d350daa8fb7b2efb51b5,1,-0.0,0.0,social_media,1.0,2,ar,1,exorde
5e0e6e48776343e5bce72f732e6b39089a722b0963a6505ce5d3085251f833c6,1,-0.0,0.0,literature,1.0,2,de,1,german_pd
5e0ea1b480fa699d183f7ad95c7095d2a2bb27732971ea0101a8faaca965a6de,1,-0.0,0.0,news,1.0,2,ko,1,babel_briefings
5e0f70e49b41306f2dea670c99b90c95c9949c5aabde74798167dfac4813b68a,1,-0.0,0.0,poetry,1.0,2,ar,1,arabic_poetry
5e0f778ed0236a708d402b2150f670f745da7c383176acfecdb26e20f5908a78,1,-0.0,0.0,news,1.0,2,ru,1,babel_briefings
5e1a5de0cdd1b6080b364d697f5c856b1cbaa97f62b6c5d61f2afdeb17a7c996,1,-0.0,0.0,social_media,1.0,2,ar,1,exorde
5e2f4e3dda0eab0a7fc4155f603307bba8fa2e4a01c1f2700dba74115965e07a,1,-0.0,0.0,news,1.0,2,ru,1,babel_briefings
5e348e81b9e0ef47621c01bd9e65dfd4901e8c7238c5a96d3269ea94c82a04f8,1,-0.0,0.0,news,1.0,2,ru,1,babel_briefings
5e35173b346495f75bb58903a277f9f4793b26dd0b9b477e6c92bd66cb63a989,1,-0.0,0.0,social_media,1.0,2,ar,1,exorde
5e3d7f20840b6e927a7a1f96152babed0da725784e01f409400f648ebab05253,1,-0.0,0.0,literature,1.0,2,es,1,spanish_pd_books
5e46c9c49782778210105c18e2015c287f6d5c262b2169a8111deadf445712e6,1,-0.0,0.0,literature,1.0,2,de,1,german_pd
5e473b9fa478cb79fad1bea04a94afb06f374ab0dc07b30bb1e79fe36995cdbb,1,-0.0,0.0,media_reviews,1.0,2,zh,1,douban
5e4a554a303679e5c30cc3b35ce1cf4ade2671b054f6793ad805c0629745d5b0,1,-0.0,0.0,news,1.0,2,ar,1,babel_briefings
5e5c813619b332308dca6ffb738c7ba40c48b893e42c2e13a6f5a8916adab6b9,1,-0.0,0.0,poetry,1.0,2,ar,1,arabic_poetry
5e6637ff473ba5ed0e79ca594552efe7cc5442b1809194f2c73aa52af417185e,1,-0.0,0.0,media_reviews,1.0,2,zh,1,douban
5e69fed9fa661227ba668f5b513e2cf9485aa17255abeac3b614a569f7edf89e,1,-0.0,0.0,media_reviews,1.0,2,zh,1,douban
5e6b7e14a78d77731c16b84354e82e7c65e7f0bb9e92166f4f937df8b09c0b74,1,-0.0,0.0,news,1.0,2,ar,1,babel_briefings
5e6cf1f6cf453ae050f65c19854d51e876f3cf0150e8554af5f4bfff539ed7f5,1,-0.0,0.0,social_media,1.0,2,ar,1,exorde
5e749ec8baa95c2d66d9dfef60484164dc5a2793dd7de378cb41820797cfaf57,1,-0.0,0.0,news,1.0,2,ko,1,babel_briefings
5e86b66fb9ffff4fe86ff4d2955ca8f22ab5b4e9b7e7ed7ac290c08f44e8fcee,1,-0.0,0.0,media_reviews,1.0,2,zh,1,douban
5e9c9a175bc4ff9418eeddb8854b7d228d4483fcc9baa8d4fced6101ca64babb,1,-0.0,0.0,social_media,1.0,2,ru,1,exorde
5eb33671a73b2955a3e4d7e814f852cb9d362e139a68e157684ed936712b4c9e,1,-0.0,0.0,media_reviews,1.0,2,zh,1,douban
5eb42782782661de0adc75bff66587546a0f7ef91bb101b0138e5df0ef41867c,1,-0.0,0.0,media_reviews,1.0,2,zh,1,douban
5eb6cfa360d606e0b7075b98702ac62bf09d29a5c62e2c89c396b298f752da8a,1,-0.0,0.0,news,1.0,2,ar,1,babel_briefings
5eb83dda9ef044d9a454fb54f71a7b87b936527e78d1c086cf09f1042dba1030,1,-0.0,0.0,news,1.0,2,ar,1,babel_briefings
5eb85db57ac69ce6c72b409c79738eb5d8c97b342723d477cca122ea48277158,1,-0.0,0.0,social_media,1.0,2,hi,1,exorde
5ebe9a0a8294d89ef210787b92c1b43426a01518a35281778c66421278799ef5,1,-0.0,0.0,social_media,1.0,2,hi,1,exorde
5ebff6b53f6fde5c63736044a6148db11ac4efbfbe7342d5e43d20b3f3fe61f1,1,-0.0,0.0,poetry,1.0,2,ar,1,arabic_poetry
5ec656d4adbc9772bdcd849e1a32e298ac96d45770a82ba22105900d8e5ef969,1,-0.0,0.0,social_media,1.0,2,hi,1,exorde
5ecaa38d5ddc60324fc94fca94807534b06372893d0c71fcbdfb7f95116ac2f2,1,-0.0,0.0,media_reviews,1.0,2,zh,1,douban
5ed0e86b8717efa6d7a85bd588a4c8bd4ec9338e0b716cb7860fc0147a7ccac4,1,-0.0,0.0,social_media,1.0,2,ru,1,exorde
5ed8ea08bea0ce8bdefb9a2001eba7f4f4d135419e132c07fb9ed4b69bf5178a,1,-0.0,0.0,media_reviews,1.0,2,zh,1,douban
5ee2530cacec9bdc26c06f9dc00e2fde5912b335911839c489ba5bb8561369c1,1,-0.0,0.0,literature,1.0,2,es,1,spanish_pd_books
5ee6f60c22fe20f4fd04599f57f858870d4404d8c1d9612e65a3852a4c5e0165,1,-0.0,0.0,social_media,1.0,2,ar,1,exorde
5ee96d01f2445c9cbcd2e78bfed8f118941676c206c24050db51fc852f095654,1,-0.0,0.0,social_media,1.0,2,ko,1,exorde
5ef45289178d7fa761f38c1c3761dab1428b418d9fbf73ac8895d8880cb43ad9,1,-0.0,0.0,literature,1.0,2,es,1,spanish_pd_books
5ef998f5a5bc024d0fc27f2749ca2fad541ab641c291500f881de4006aa2e517,1,-0.0,0.0,literature,1.0,2,fr,1,french_pd_books
5f08fa59b2e121aa84d40aecb5c947f7290c07c75deaed524d077ef87a977d96,1,-0.0,0.0,literature,1.0,2,es,1,spanish_pd_books
5f0e1fb4c5b68c346fdc5c29f7d1adca7b18fe5733fee21f99e1a4b3e580978a,1,-0.0,0.0,social_media,1.0,2,ar,1,exorde
5f1306292b70f17daa1333813b660798756d967b9fbb19450280a5e8ae2157ca,1,-0.0,0.0,poetry,1.0,2,ar,1,arabic_poetry
5f1aeaa99c65bac076fcf11b011d08bb65261fb6f57bc3d4a63d03b0f5e1c1a2,1,-0.0,0.0,blog,1.0,2,en,1,blog_authorship
5f1b51750629773db1738ffc8289102f2a730069c9a3279ddd47489538f0a145,1,-0.0,0.0,news,1.0,2,ar,1,babel_briefings
5f37ca2da61671fd734a0241283e924da65ce6955844a743a1801c2869273655,1,-0.0,0.0,social_media,1.0,2,ar,1,exorde
5f3a7e909fa21724b27930e47b5a2d2ef64e60442ce51967c0da3301256bc1df,1,-0.0,0.0,blog,1.0,2,en,1,blog_authorship
5f3acac44f6e6c0ee47654fb97d5e31a5d07321c0f97662062a4c4ed82d3164c,1,-0.0,0.0,social_media,1.0,2,ko,1,exorde
5f43c8d5b78ecde794142515adf4ecb3fb1772460be24c0949162ebd840fd737,1,-0.0,0.0,social_media,1.0,2,ar,1,exorde
5f491a1201ac7ce4d8f55951af4f8e7f3f707c40f0a60c1dc7cff3941040ac55,1,-0.0,0.0,media_reviews,1.0,2,zh,1,douban
5f628644f3c922060b485a63f58bcb5b73b0642fee60c185445c7e5e7ed65fd4,1,-0.0,0.0,poetry,1.0,2,ar,1,arabic_poetry
5f9061c80f571f4a9af9d8a8d10694d223988914d166821ed44fe330e1916aae,1,-0.0,0.0,social_media,1.0,2,ru,1,exorde
5f91feaffad4668502d6694a57921407aadd555bafddf117f2260497df09f313,1,-0.0,0.0,news,1.0,2,ko,1,babel_briefings
5f9f50442fb56768333408be0897c1b0cf0d582d97f2f147b8bc83cb506ed9e0,1,-0.0,0.0,literature,1.0,2,es,1,spanish_pd_books
5fabc522de2feb7d834ff7c71a620d237af1fd34be5216921da2f5e4ff6cfb0a,1,-0.0,0.0,social_media,1.0,2,ko,1,exorde
5fb5eba7036ecb02e26cdfb43d53dda76df1b83e9b3a88a5430da6e58d3622e5,1,-0.0,0.0,literature,1.0,2,fr,1,french_pd_books
5fc1e34d03b638b5178200b68401c9ea44e9580c40cee7a4f9b69cfcbbbf31bf,1,-0.0,0.0,news,1.0,2,ko,1,babel_briefings
5fcab16be05c960d083591655a2b165cd306feb10de75d730fef30968867f8ea,1,-0.0,0.0,news,1.0,2,zh,1,babel_briefings
5fcacc16603672886599df681b172f6564baf1e8001d51828597c60f49332281,1,-0.0,0.0,news,1.0,2,ko,1,babel_briefings
5fcceb6c1bd05edda0aeda02a31c3cd697ed8966b5ca85a6ce5b34d0453edf6c,1,-0.0,0.0,social_media,1.0,2,ar,1,exorde
5fd4044d63510879071fb1fd75ebb340a4f27f0a55a0aa99dfca14cbaef27972,1,-0.0,0.0,news,1.0,2,en,1,babel_briefings
5fda51a521e5a3c77356ba5ac9f13318a15ec94affb2d7353109794b8d66698d,1,-0.0,0.0,news,1.0,2,ar,1,babel_briefings
5fe8f39caee2a91d1500809d1b26a3eeb823b2eb4cdf6bcd29273a8feff71e0c,1,-0.0,0.0,social_media,1.0,2,ar,1,exorde
5ff45a52fc643e9f790d0323bc58b1e3b02544ae30a13306625ee7b9aa79c0c8,1,-0.0,0.0,literature,1.0,2,es,1,spanish_pd_books
5ffb0874fca1354451ae18e6cb9ffa4f2ec4fee5cecdb6c02733ce8e478db3d6,1,-0.0,0.0,social_media,1.0,2,ru,1,exorde
600fb2287817225eddce06c026399ee3288f52d8136619161510803ab9137a8f,1,-0.0,0.0,literature,1.0,2,es,1,spanish_pd_books
6010121a3b9de30736d40fc19dfdb39fc58c8c543dbc925f3735a16d5944795e,1,-0.0,0.0,literature,1.0,2,es,1,spanish_pd_books
6016e1481d5c7da794ddd7f446aeac9d1649068ce5736e382de3b5dc1cf4c3f9,1,-0.0,0.0,literature,1.0,2,ru,1,russian_pd
601ccf76524bb7f0ead140feb4db199ec5d9a90e599ff8db79905573005fd039,1,-0.0,0.0,news,1.0,2,ko,1,babel_briefings
601f8b87da0db89540be73f23c3c9e602e00247b5c04ab884659c0df7f5e1b37,1,-0.0,0.0,literature,1.0,2,es,1,spanish_pd_books
601fc479a7023498178914b64db2082e67c202424baaf02299f42d056ad659c4,1,-0.0,0.0,media_reviews,1.0,2,zh,1,douban
6023253dc16add9c5247732e4c55972c064a06e12360c3f4657b843eed28fc77,1,-0.0,0.0,news,1.0,2,ko,1,babel_briefings
60386b0c00b379598722f8b84d4850251ff8101583c89017fe056a8577e30bff,1,-0.0,0.0,literature,1.0,2,es,1,spanish_pd_books
603ba218d57e2f99b9f107f34c2c8ef3a5f04d1a0c27a44077351d04de971d48,1,-0.0,0.0,literature,1.0,2,ru,1,russian_pd
603dd344447907e7d9290fc966bf69d6896f627886104065f847795221eff5ff,1,-0.0,0.0,social_media,1.0,2,hi,1,exorde
603e40a5b1c53a7619810e1b2c4a9a8a0fd599f6df1bf4190858fd1908f3fe85,1,-0.0,0.0,news,1.0,2,ar,1,babel_briefings
603ff4b20d105dafe9bffd371628eed3edaedccee1e0dca996810679dbc7330e,1,-0.0,0.0,social_media,1.0,2,ar,1,exorde
6041aec4388b4a01b0460877fe6cc413c1e36fd0e2d7a7ba5564ba69584ca41b,1,-0.0,0.0,media_reviews,1.0,2,zh,1,douban
6050414f581b7c0a9f6700c5a3a2cc1bb4d4a80dc7372b94213ac072c0cf0e36,1,-0.0,0.0,news,1.0,2,zh,1,babel_briefings
6058af78a12bceeff4b4ed840e031d14cae2bbc1e6d440a6bed4f0860d8343ab,1,-0.0,0.0,media_reviews,1.0,2,zh,1,douban
605a9ac84565a9ee78044b0a576aa700f396578668236e564053ff256445c377,1,-0.0,0.0,literature,1.0,2,ru,1,russian_pd
6063fa3d224fc276cd04c0df49d738d3566214c9e08b05f9baa82363a7bc3760,1,-0.0,0.0,social_media,1.0,2,ar,1,exorde
6064aa19978c8b7d5863be3ef240f739be14f8bda658516f85a2bbe716ef4c49,1,-0.0,0.0,news,1.0,2,ar,1,babel_briefings
606826f767223371ee7f1af79a662a595bdca1771612227f0bf5b814d94d15fa,1,-0.0,0.0,news,1.0,2,ru,1,babel_briefings
607bd9d10b1ad6bc7b13a91abc00c19225521735365b373cb59cbc32d0c1b622,1,-0.0,0.0,social_media,1.0,2,ru,1,exorde
608d46bdb85476638f46ca547050a14baff8058cf62dbc4ef6f5141d0132b9a9,1,-0.0,0.0,news,1.0,2,ru,1,babel_briefings
609aa09098598e08e93250dade2326b01fe34cc34644c2856959b0697cff85e5,1,-0.0,0.0,ecommerce_reviews,1.0,2,en,1,amazon_multi
60b4663bd04e155058777f61cc385d31f7ca7b763f1824378216211fc6a03e5e,1,-0.0,0.0,literature,1.0,2,es,1,spanish_pd_books
60b69ada708ad1bd05b0b4fe633a9d956dc38d74d0ce8968edede1110986ef4d,1,-0.0,0.0,news,1.0,2,ar,1,babel_briefings
60ba2b9856aa783d67d7e68d00de9634d1ad7206b3374b21134237566eb2c6ec,1,-0.0,0.0,news,1.0,2,ar,1,babel_briefings
60d13130b97f5c893487d11e552d903698489f10af9a062e1f911be40a917ef7,1,-0.0,0.0,social_media,1.0,2,fr,1,exorde
60d2e1038e095124ff47f66345a833e55fe856be29b033af6fc926345a059ef6,1,-0.0,0.0,blog,1.0,2,en,1,blog_authorship
60da39dd17f1a4b41f5d8806706f66042176ffea263539a9b9dba97f11b893c8,1,-0.0,0.0,news,1.0,2,ko,1,babel_briefings
60f003ecee659e3433a1deb6cdc559ddffabf55dd68d61cc0e1a5abcef395fb6,1,-0.0,0.0,social_media,1.0,2,hi,1,exorde
60fb361b3eb3bb1e09a8bfdb2c52985972384c06f3be6a265d530c6f75b64e79,1,-0.0,0.0,literature,1.0,2,es,1,spanish_pd_books
61085d50f2169c8de3e0f6f77ccef70cf5fb04179878f13b0184f818b9c753ca,1,-0.0,0.0,social_media,1.0,2,ko,1,exorde
610c8241dc8ab52378393def2a92fb2c4c8a6fdbbccc49fe35af8404aa5cf97c,1,-0.0,0.0,blog,1.0,2,en,1,blog_authorship
610dc1d38cd178ab4de753e1289c6e1d56b68f20587cb95f8b193d98ae3193f0,1,-0.0,0.0,literature,1.0,2,ru,1,russian_pd
61243b0b915865d0317fce3f19db04da11d71ca48ec490700796c74092252e68,1,-0.0,0.0,news,1.0,2,ru,1,babel_briefings
6135c7b8bb0eb13999b01e46fbda27b668e53a22c2530154e24a3ce2dc8baaf8,1,-0.0,0.0,social_media,1.0,2,de,1,exorde
6141bd1dda93a3b1abb23a098b0c9ebecb717264e720499db7db89ef8cc47b79,1,-0.0,0.0,poetry,1.0,2,ar,1,arabic_poetry
6167b4823750d9346097a43c849b2cfe28bc975b5a50e21c826b6a50cdb91cb9,1,-0.0,0.0,news,1.0,2,ja,1,babel_briefings
61691c0b15eb938217401bd2d3d3e91d67bca6a593b2a27b8449a1e0c0bbb992,1,-0.0,0.0,news,1.0,2,ar,1,babel_briefings
6169afd16b2b59d2456650993c55874d88469fa8205b6c0687bedb4b9d77ae71,1,-0.0,0.0,social_media,1.0,2,es,1,exorde
616ede42cfd83a0f5a43e547975b90ad097312a592ee5b9c395dba86604f7453,1,-0.0,0.0,social_media,1.0,2,ar,1,exorde
61704ad5f5c135451cf0517d19dd1802fa86639fd5e928465c5fe40a447a55d2,1,-0.0,0.0,blog,1.0,2,en,1,blog_authorship
6173f81f692bf97466e874e6cf5f450e99c71a141f3982853e434eb8a9198579,1,-0.0,0.0,literature,1.0,2,es,1,spanish_pd_books
617905419bcfd865e94daaebe985cb70dcc14f50d69d63127383e455f24bcd9e,1,-0.0,0.0,social_media,1.0,2,hi,1,exorde
61a11f854b5875f14026bdef59e21e8a89732525ddf611c63af45d5ae38b347c,1,-0.0,0.0,news,1.0,2,ru,1,babel_briefings
61a1acd5825fcca4a40f622618a77e9416b043105ddcefc6f05100b393b0bf33,1,-0.0,0.0,media_reviews,1.0,2,zh,1,douban
61a9ac58b59a7601bf152883108846fb18a5404dcb134fae57ce9f0205b3aac7,1,-0.0,0.0,literature,1.0,2,es,1,spanish_pd_books
61aeae36a19912f60fd97b38229bdeb2691608c0f482fb8f8740ecb22e9145f5,1,-0.0,0.0,social_media,1.0,2,ko,1,exorde
61bf14466a9733ed7ced03dbdbfb56c950b081f82b1e06da97ba75ab96982da6,1,-0.0,0.0,news,1.0,2,zh,1,babel_briefings
61c280611446fdc5e0820e58941cb0e62ebaac00d69cda99fe504d8f35aaf784,1,-0.0,0.0,literature,1.0,2,ru,1,russian_pd
61c3606d448d8c1b942cd3da7229d5bb095ad47b49e01192daf1bc59bda0347a,1,-0.0,0.0,news,1.0,2,ko,1,babel_briefings
61c4370135795be07ab3d71dbc3110a2ad322e7042cf361fa7e07271748f2d9d,1,-0.0,0.0,news,1.0,2,ru,1,babel_briefings
61c4adb1e09b9d5f0bc88ad6d0c43c0d8a00e9adf6f6e66746c0d81f1b3ae209,1,-0.0,0.0,news,1.0,2,es,1,babel_briefings
61cf6d0be25b4e78d9ef7e5ca6b739a655a851b69fbea316a041235828f26e88,1,-0.0,0.0,social_media,1.0,2,ru,1,exorde
61d86f38801ef0f9cfd5c2dc9c78d5565da43676466663a7331d92d687941198,1,-0.0,0.0,news,1.0,2,en,1,babel_briefings
61eb16149638b06849c8b45b984840d386a3d0068af9a5470a544b15d41c6e7b,1,-0.0,0.0,media_reviews,1.0,2,zh,1,douban
61ec38dd34746a6923f1ba0029f4aea2b05be99ace90c9fd46df5e84d5060bc7,1,-0.0,0.0,media_reviews,1.0,2,zh,1,douban
61f64e46e07b8e4a74f7ac763b29a93688f8497a2250e532fab1ffac186d3623,1,-0.0,0.0,social_media,1.0,2,ar,1,exorde
6208ae5855c02af0ffc4a00d7052cea11b1818393d9d68e33961afde82a2e441,1,-0.0,0.0,literature,1.0,2,de,1,german_pd
6210a5a6a252d448db1f5857aa2792cb93800415239ead5e9445196a0e7abf83,1,-0.0,0.0,news,1.0,2,ja,1,babel_briefings
621f4d91fd2770e2be6fdcfbd7bb972391ee2339ad431b8f3f727f02d93cd6da,1,-0.0,0.0,social_media,1.0,2,ar,1,exorde
622d2409dd76996f8184987b3f78c0c2d9a1e4c6d06f23ea08fefabcf0aa530d,1,-0.0,0.0,news,1.0,2,ar,1,babel_briefings
622e611f0d73c2b3a4ba84828d671e64166479b31b459d72768547f1050cf483,1,-0.0,0.0,social_media,1.0,2,ar,1,exorde
623e8c6f458a7e03302e8f08ff72a269af63b4ed3fc31641efd555c9dc1bfb01,1,-0.0,0.0,social_media,1.0,2,ko,1,exorde
624a12326df31076de1313301354fae224d9dc2e8cc68f93c312401d2ca79a63,1,-0.0,0.0,social_media,1.0,2,ru,1,exorde
62618a59ca80cc9565514f3a7d4c541b796b615aa7c530cb5a60eb339f0cbdbd,1,-0.0,0.0,social_media,1.0,2,fr,1,exorde
626689d628a9a1a6a5f7e2e68a0c76f5ae89a53582a31c8f850fac70bca0086f,1,-0.0,0.0,social_media,1.0,2,de,1,exorde
626753fae64c8e920021bf7cb6cbe247627600be91dbc1efd44264d328cf17eb,1,-0.0,0.0,social_media,1.0,2,de,1,exorde
627b12bce5a9ac6360400f8dd8afad1567698d26855a43b19d894b45c3fbed2a,1,-0.0,0.0,literature,1.0,2,es,1,spanish_pd_books
627d587946e297c8862b813ab5b40fb171dcd2eef588d87ea4e1aa22cb86713f,1,-0.0,0.0,literature,1.0,2,es,1,spanish_pd_books
62817a8e755e38fbd6f559efd4af74ba734a2b9e041d529f635f05ec11c4897e,1,-0.0,0.0,poetry,1.0,2,ar,1,arabic_poetry
628ec6b1696335a9e7d56c8aeabb0c1e40419bd9a2798d09b18e0991e00cc193,1,-0.0,0.0,media_reviews,1.0,2,zh,1,douban
62904c073c8aeaae62c0babf99c58d22f27634fa8283b0a275ca5e294cf5ac89,1,-0.0,0.0,social_media,1.0,2,ar,1,exorde
629136cf4d8b7e18dec8e35a8ac4a5c6da1952bac23197bf52c8c19b6a634516,1,-0.0,0.0,social_media,1.0,2,fr,1,exorde
6296dafc83a1b68989a34fc6b89061b52b9dacff6d163405a6ba504abbe1a1ea,1,-0.0,0.0,literature,1.0,2,es,1,spanish_pd_books
629cbe3705506aeee94ded2259ec7d1b8a3abbf625d27d62ffe55a0c099ce532,1,-0.0,0.0,literature,1.0,2,es,1,spanish_pd_books
62a14f95291ad7d6b0f1adfb037e0404fb4a872a2f8d0b06bb49b3ba10bce2b9,1,-0.0,0.0,poetry,1.0,2,ar,1,arabic_poetry
62a1bad67eaccb135c0af37a444dc0ca80b3dac2ea4b90851d3f851acdf9db99,1,-0.0,0.0,literature,1.0,2,es,1,spanish_pd_books
62b0ca8bba682f20bf7d8556933a25a5d8ccb1926b3cb4d2735c83c1259b90b2,1,-0.0,0.0,social_media,1.0,2,zh,1,xiaohongshu
62b0eae396e7ba3eec4b6962fb68e0a3201600dcfb4e97e91a6521314522cdf4,1,-0.0,0.0,news,1.0,2,ru,1,babel_briefings
62bc73912a7612fd580e552a28c213b60d49a005608e011c5d57cf1bf4216be6,1,-0.0,0.0,poetry,1.0,2,ar,1,arabic_poetry
62c139caf54d01b4c091fe6048a003a93f27145e2b641108815d2d8ca2861cce,1,-0.0,0.0,news,1.0,2,ru,1,babel_briefings
62c20c18e61c3ce6d9b9e3c31741d1f864955482424aca8fc93c3628c24b1583,1,-0.0,0.0,social_media,1.0,2,fr,1,exorde
62ca2721cdc53f4c1cf8ce56fcc6a1aa8d2f73e49811b4d2638e76a9c6d26767,1,-0.0,0.0,social_media,1.0,2,ar,1,exorde
62d13ff4d07c4020c42992eb2620db559b04849910be7dccbdb58772201447be,1,-0.0,0.0,media_reviews,1.0,2,zh,1,douban
62e491d9ef2554b4fa47b5617beb02a39614b758a05e2d431f87d5dd34b88c69,1,-0.0,0.0,literature,1.0,2,ru,1,russian_pd
63008cb53d1eb7d770bd5644b81fbe796189cd04751344cc6ed70ec4f41715b5,1,-0.0,0.0,poetry,1.0,2,ar,1,arabic_poetry
630e4a51033d406bad56c94e7c58682f2cc3695da876913dffad854dece63638,1,-0.0,0.0,news,1.0,2,ko,1,babel_briefings
6322ec445ea35b541b036f2f38ba4fec6e1b6dc4473f660c1f833de90239275b,1,-0.0,0.0,literature,1.0,2,es,1,spanish_pd_books
632b5984b95b3a0ea4c2d5cf5ce42dba21371f9ed8943a55f9d7f8b177f38a3e,1,-0.0,0.0,news,1.0,2,ar,1,babel_briefings
632fdcebbafc5dd2b058567fac3427f84d5ac0d7859801a3d84112af31710336,1,-0.0,0.0,media_reviews,1.0,2,zh,1,douban
63335ffcc86164d2b672dd67c914a3fb8c30bf36aa3083944c4ecfdb40ed1102,1,-0.0,0.0,media_reviews,1.0,2,zh,1,douban
633ff740a4f836db58eed20ea4c9b6d227772bb58920c795d8887397f1e1d0b1,1,-0.0,0.0,news,1.0,2,ar,1,babel_briefings
6347b69da25fd11486394a349c20eb4f9c16cf945acb606c811d370ba43f52a1,1,-0.0,0.0,news,1.0,2,ru,1,babel_briefings
63525ba0097cc339f17aafc08fc373280346a037aaaa7f7aef00b871deffec97,1,-0.0,0.0,news,1.0,2,ar,1,babel_briefings
63555df9b9bbe26bbc96de072cb776bfcd97a82c33372de0b8aec789a52fe8c7,1,-0.0,0.0,literature,1.0,2,es,1,spanish_pd_books
635da69bec1e4921f4ea09f55bfdf3160c7787962d9dbc8534ac053b84396b25,1,-0.0,0.0,social_media,1.0,2,fr,1,exorde
635f3f6332b7b3714c26c4dc5da2ec8c960e7fddd6bb80708f62af916c8509c4,1,-0.0,0.0,news,1.0,2,de,1,babel_briefings
6380ec4c6f168fe69faaf3e0024534406f13b2abe07255f61f5fb23f31ede010,1,-0.0,0.0,news,1.0,2,ru,1,babel_briefings
6385175548c3154fa1917ad45258f1256cd723912ce2b166bee2d753057c15d3,1,-0.0,0.0,blog,1.0,2,en,1,blog_authorship
63861c3362537ff77540370e435510ec631a5eb6dec9f08581926d1b42985e1d,1,-0.0,0.0,news,1.0,2,ru,1,babel_briefings
638ecde4a20f8ba29d9da3358ec02002500a2c8cf09d259c8457f5f6b04de884,1,-0.0,0.0,social_media,1.0,2,ru,1,exorde
6391f3e3be882c11a7df7f2029bf0a5e8a3b2dbd8408b624ac9a38ad7eedb57b,1,-0.0,0.0,social_media,1.0,2,hi,1,exorde
63a552e70b8224a0a32e8a9973943f976f7ba621e64468e729726a0a3c475334,1,-0.0,0.0,social_media,1.0,2,ko,1,exorde
63aa4a71d5d21e336c3acff881329268f2bb75cb2f59f4e903fbf339542bb9db,1,-0.0,0.0,news,1.0,2,ko,1,babel_briefings
63ca167831a1d43324b311c3bff44b5336ebf90ec55cbf0ef1aa8f8239912dcc,1,-0.0,0.0,literature,1.0,2,ru,1,russian_pd
63ee04cc1f7484579333a20ace01cec36154a816994ea383bd82f44a3b082be6,1,-0.0,0.0,social_media,1.0,2,ar,1,exorde
63ef63881afea88377aa5843d60b4b2b471e74df7f6a7dd2d44a83f13c79c795,1,-0.0,0.0,social_media,1.0,2,ru,1,exorde
63f16fc7cccaf7982fb7feba7972f36526482c93633d604896fa0e511f908c3f,1,-0.0,0.0,social_media,1.0,2,ru,1,exorde
63f5f28da4433000c96dac746c8e56c83ba14556fd7e21696beecd3bf7381ac3,1,-0.0,0.0,news,1.0,2,ru,1,babel_briefings
6407060febcb81007e984524ef90d9e17e87901348a845bbf8e5ba0560f4c95f,1,-0.0,0.0,literature,1.0,2,es,1,spanish_pd_books
6408a1a272bc10b267162cc00812c74ff15195127447ec6f5c35a8bd96ebb056,1,-0.0,0.0,literature,1.0,2,es,1,spanish_pd_books
64091bb36dff2ce78bf50dec4864bc6de3a92badd25c1850435e52bdc26dc632,1,-0.0,0.0,social_media,1.0,2,ar,1,exorde
6410f2472c6033826204fb11d040891b361a9604e95572e620066963799877a4,1,-0.0,0.0,social_media,1.0,2,ar,1,exorde
64146879a1a93bde920aa404bee7e6849190fb7a0c023a7244f087e2ac114798,1,-0.0,0.0,social_media,1.0,2,ar,1,exorde
6418de749f25df3d0cec8a0f7a74291b727163509d2bbb8dab6d6f22d5668f7a,1,-0.0,0.0,news,1.0,2,en,1,babel_briefings
641b4639f62c018fa351702259617e5f6f0fafd83d40dfbe755155b5c3e3e64d,1,-0.0,0.0,media_reviews,1.0,2,zh,1,douban
6422dfad9b998736a71acaaf7b70142caccf190e70f059be21006fa09bd328cd,1,-0.0,0.0,blog,1.0,2,en,1,blog_authorship
6427e8d5cbbc4a83758ac1bc20dc7608e0a0df09218601ed36b81235c44d05fa,1,-0.0,0.0,blog,1.0,2,en,1,blog_authorship
642821a9f54cd09ed63bbe95d007248bcf3a59dc6649581ffc9d3a7cd12a05f3,1,-0.0,0.0,social_media,1.0,2,hi,1,exorde
642fb1a92a2320c36e8f43241095b4a84f9aafd8d8a7ed1eb5611872671c4f5d,1,-0.0,0.0,news,1.0,2,de,1,babel_briefings
643f26eebb143f7a5e59ae6245dc3a0d4bc89578925d39519714fc1c4e2e0159,1,-0.0,0.0,news,1.0,2,zh,1,babel_briefings
644ba8ec73daf8e33e0a43c2cc63a22369b5a684b10efcae8fe84c18939b8907,1,-0.0,0.0,news,1.0,2,ko,1,babel_briefings
6451f9e742464eea3ead91b35d489d41e66e1bb395ae8c9293bdd1288d733a19,1,-0.0,0.0,news,1.0,2,ru,1,babel_briefings
645b7b3ce7c8846bc44572c4519560fe9b2449045040e8e7f3b130d99d958617,1,-0.0,0.0,news,1.0,2,de,1,babel_briefings
6468d22174d0ef86bad09e14fb05375ed294a5a188f9b804cfb3e941990dc3c7,1,-0.0,0.0,ecommerce_reviews,1.0,2,en,1,amazon_multi
646ac65804da1f1b5d215e541e6d5bf9439da2923af12e22e67bac685096be55,1,-0.0,0.0,news,1.0,2,ar,1,babel_briefings
646c24b664f68dbac79c73f4ece1c8bd39484e32ae5e0ca1b8d20090faf88377,1,-0.0,0.0,news,1.0,2,ja,1,babel_briefings
6479708fcf2e729cb4e0945c276f6f2fa4c5272938aef5cffbee314f25c2662f,1,-0.0,0.0,media_reviews,1.0,2,zh,1,douban
6483df50715652f41eade5dc190bd0e9c64042d7f2f2a4bbb7e84ea829198895,1,-0.0,0.0,news,1.0,2,ar,1,babel_briefings
64897c4f1a9db00a63d99d60baa01fb2075a14027035101fb8eecec5b76a9e08,1,-0.0,0.0,social_media,1.0,2,ar,1,exorde
648f1f726244a356616190a11a50018af9fe5d2173ae91dd00cade6e1dc62e15,1,-0.0,0.0,social_media,1.0,2,ko,1,exorde
6494821fa2554fe9283dd6d6ffdba7734ad106ab59ae6e94056cc6ddd7bc0afc,1,-0.0,0.0,social_media,1.0,2,hi,1,exorde
649590e878a7ca5a6f0fd0c90bbfd737de47627403abd4672a832c8d64ce2bb4,1,-0.0,0.0,news,1.0,2,ja,1,babel_briefings
649a17aaafc9072736264f464a60eebfcd4d9a7e44381c4eca39ef3621360eee,1,-0.0,0.0,literature,1.0,2,fr,1,french_pd_books
649a44a36af6b176d38a746e42ef400d70be792bff4ca39bc7e76140756c54d2,1,-0.0,0.0,news,1.0,2,en,1,babel_briefings
64a1b1284ff653bdc77178544aa914713a94d6b0a0d27c21b5a6b0cf546c1c65,1,-0.0,0.0,media_reviews,1.0,2,zh,1,douban
64a20b2ebc93a596ce5e1671792aa5772ade8b12f9b500930048fb418a0d4f93,1,-0.0,0.0,social_media,1.0,2,ar,1,exorde
64a543fb317fc24f11c261ef477d732e2d2ae1fad3077d2b682f6d167cfe985a,1,-0.0,0.0,news,1.0,2,ar,1,babel_briefings
64a9eb5c8f383a253d6bd53d738ebb347a07dbccd41770830396aa696a344a4c,1,-0.0,0.0,news,1.0,2,ru,1,babel_briefings
64b89ba67c1948bf2cb4f86e8fef3d2a636ef0b1a568024bbbae59b73b0048cd,1,-0.0,0.0,news,1.0,2,ar,1,babel_briefings
64c41cd61d2a4809fb635a508aa3fc94e15a6e7800e78f1eeb47aac70eee133e,1,-0.0,0.0,news,1.0,2,en,1,babel_briefings
64ce8c4602414543efe865f1ecc8971e2942cf56244dea08e9851d746c03a49a,1,-0.0,0.0,news,1.0,2,de,1,babel_briefings
64d633da9960f8c0d837a65c0a3fdc2edf406b20dc443a0fae406cebdb4db95a,1,-0.0,0.0,social_media,1.0,2,ar,1,exorde
64e35287752c69819d85592909e4734d18fa2cf3770566ced98c81382ff6b52c,1,-0.0,0.0,social_media,1.0,2,ar,1,exorde
64e36e5ce0ab640fa19bc533c85de1c210862ea855eef8b1d12a22b7c4e49328,1,-0.0,0.0,media_reviews,1.0,2,zh,1,douban
64f696ed8bbe14bea895eaeb25710851002ed4f44f4da49fedb43a836ecbe7d8,1,-0.0,0.0,social_media,1.0,2,ar,1,exorde
64f9ee20631e310f0f6bd76173232a79610679b2f7eefacdcfc960e4153a353e,1,-0.0,0.0,literature,1.0,2,ru,1,russian_pd
64fe18b97acb60b6b81489b0571d5f6ba23bba2203c0f08295a43bcb2ee44bfe,1,-0.0,0.0,news,1.0,2,ar,1,babel_briefings
650173859b9c15ffe69d7b5576d75e1c0f23457d7967ff1684b5ada5d4fce4c7,1,-0.0,0.0,media_reviews,1.0,2,zh,1,douban
65034e08e952eda653a4285948fdf3189af2ab54ca656db7fb38aa3766e84fa1,1,-0.0,0.0,news,1.0,2,ar,1,babel_briefings
6503ab14d8e267602cabc2fc871e978f4c94df455e6b719a03c5c67a2d1f8892,1,-0.0,0.0,news,1.0,2,ru,1,babel_briefings
65064b9a0c7bc63b535b1ab3e0bd0b879684e516d841fbd5aad379133994faec,1,-0.0,0.0,poetry,1.0,2,ar,1,arabic_poetry
6508039159471b8cb5e28910be98ed80d842f5c69e52e7acc3aa3dfb6df86784,1,-0.0,0.0,news,1.0,2,ru,1,babel_briefings
650d5f392d4c7efa5972c531bd5f2cda4aeae022f5681a274839cb22a7b1cde5,1,-0.0,0.0,poetry,1.0,2,ar,1,arabic_poetry
6524cb9a2c0b0fa066f8ef3e5ba9394d3f096b13068a6e9550f953b3e9327f00,1,-0.0,0.0,media_reviews,1.0,2,zh,1,douban
653bf642603d67f5e8fcc69d758804df168c0d1d08543a1d12be76892dd630cb,1,-0.0,0.0,news,1.0,2,ru,1,babel_briefings
6547f29a70d6360a4159ab19de8b7d410d8ae896a79a8e4b81032728442da503,1,-0.0,0.0,social_media,1.0,2,ar,1,exorde
6559576cb1db6d898e4fd54cd0b1002607d624fd763779db64a650b310108d6e,1,-0.0,0.0,social_media,1.0,2,ko,1,exorde
657f3600163735265b13a0238a70cd1363dc0d197bc3d839d5cd1454dd7e0ad9,1,-0.0,0.0,news,1.0,2,zh,1,babel_briefings
65815a51590d990d5647c1489970fc6a3aa9a1189676e4b530804ad91ca66b88,1,-0.0,0.0,social_media,1.0,2,en,1,exorde
6585b0bb58f729a7e7c3346ce1a2c7d90e2998440f1ee7036cb47a241c933734,1,-0.0,0.0,news,1.0,2,ru,1,babel_briefings
658cebb8c84c5937133219ea0153cad14e77db2105072826c13dd4de30ad80e4,1,-0.0,0.0,social_media,1.0,2,de,1,exorde
65997df2390f5581156bf7f450e7a8a7a3d0f41e57941c6712e65959615f5736,1,-0.0,0.0,news,1.0,2,zh,1,babel_briefings
659c3c9825c0c44e04b5aacfa130852fa9c3b6d99858cf93b470c4b18fee6ab6,1,-0.0,0.0,literature,1.0,2,es,1,spanish_pd_books
65a59f4fba4db6ffc7ba9586d18545e59dc15b10ca5ffd0bb59abc28a97f021e,1,-0.0,0.0,news,1.0,2,ar,1,babel_briefings
65aa75add2e22d52a155ca8c026f45abbac7a55e4006c58dd2dde263096d5c3f,1,-0.0,0.0,social_media,1.0,2,ar,1,exorde
65abe43ea0735bd803bc53ad4e7a17fa7dc3892d46d28c0a61d3ee45f2a355fa,1,-0.0,0.0,social_media,1.0,2,ru,1,exorde
65b1c0ed37ccab0102cc4628316a8ab7419ba18f0e634b50ec90884ba2a86f5f,1,-0.0,0.0,news,1.0,2,ko,1,babel_briefings
65c3fc491dd2b1a15b0821847dfa2cd04cadcb1b581b356b05174df3edee15bb,1,-0.0,0.0,social_media,1.0,2,de,1,exorde
65e01df2ecde314417c38ceff5dd728c25f9cc99435d865ddc5688eb05d252d8,1,-0.0,0.0,news,1.0,2,ru,1,babel_briefings
65e5fc9e4fe3ce4476dc7c260a68b5f03e0dc5041e73ae783c303711f5e4046e,1,-0.0,0.0,news,1.0,2,en,1,babel_briefings
65f82e2001e691e72acfa43b11c278fc535c171a4d339ef25a9844c0a77519f6,1,-0.0,0.0,social_media,1.0,2,ar,1,exorde
65fac5252f75d42094cdee36bd96c14c79805bbb38213e4179c2f3f419b62d1a,1,-0.0,0.0,poetry,1.0,2,ar,1,arabic_poetry
6607b515051053d9e896a188f56d547415c0131591d78dc5bea61c18e7e50363,1,-0.0,0.0,media_reviews,1.0,2,zh,1,douban
66177ed316495e5e1d8c1243f3f4b8cf6bc04b812ee05893dadb8716c83e5bfb,1,-0.0,0.0,news,1.0,2,ar,1,babel_briefings
661d3558e51d64ec70bc37acc72d277206e5aa11eb6883a634d4fd2f6f4ff9af,1,-0.0,0.0,media_reviews,1.0,2,zh,1,douban
6623dab2f416f688ea219200fddcac25f7d9ae7199cd8b619c9a7059b5e413c9,1,-0.0,0.0,blog,1.0,2,en,1,blog_authorship
6623fd274e3b1d35ecf9adfb5174d125d2b659d4b3f739d58e90ea7dd07cdf4a,1,-0.0,0.0,social_media,1.0,2,hi,1,exorde
66429487ffdfc8e4832a93e56615080130ac55928442ee28a1fb6a11207cc9d4,1,-0.0,0.0,news,1.0,2,ar,1,babel_briefings
6646d0c4a13f360d91985f5c5b39387e41849f27a38d2b8d3e1a7f6053c98c9c,1,-0.0,0.0,social_media,1.0,2,ar,1,exorde
664f90f48ce6a6e44faf23bba9618559546a54e30820e56e997179504cf43d49,1,-0.0,0.0,news,1.0,2,zh,1,babel_briefings
6657c0c50c770a7cc04110fffd2c39e7b2b9a4144d5de18cc1df9396ec08d5ac,1,-0.0,0.0,social_media,1.0,2,ko,1,exorde
665937cbc491356cf2c9ae372c4be6ba6e2d2e172fdabc1562f2f030646b1ae2,1,-0.0,0.0,news,1.0,2,ru,1,babel_briefings
6663c14ddf348b335393bee3cb20a8d592b620c81a783281d570676ef28f17ae,1,-0.0,0.0,news,1.0,2,ko,1,babel_briefings
668224399847a114d20f9273db23947549d2d7d81308c406af71771a7858ddf1,1,-0.0,0.0,social_media,1.0,2,ko,1,exorde
6683dbdfd8c6fe6731e0f82dc30281f1f97e3caeb31c1c0d961286d970cd3ff1,1,-0.0,0.0,news,1.0,2,ar,1,babel_briefings
6684e8de80f2006f40cc851b2df70b19fe4cdb6db1f3e3f8d91df70a9d8fd415,1,-0.0,0.0,news,1.0,2,ja,1,babel_briefings
668985aad86431bb466f785e65d6d767e671fb8290f9d40f7487de48c7e38826,1,-0.0,0.0,news,1.0,2,ko,1,babel_briefings
668c68211401effcd4f2e62a447407c673b981fc5a1fd3419ac4596aa28072f8,1,-0.0,0.0,news,1.0,2,zh,1,babel_briefings
668f9ea4a9b3fb2c6829a050f25eea64716d9405350b0598486e31b2d883fc90,1,-0.0,0.0,social_media,1.0,2,zh,1,xiaohongshu
6691f0265eb604e61299a824853435d9ea35d289cf4f3c1fbcdf202111ab52cc,1,-0.0,0.0,blog,1.0,2,en,1,blog_authorship
669dce76860a28d6e407e16a2c2ccd19786ff4bdfa5ab9e8f9f1c4c14309f3e9,1,-0.0,0.0,social_media,1.0,2,ko,1,exorde
66a899bdf0394ea50ee8189371ff8410ae20072e3c67ae9e327567f2d559eac4,1,-0.0,0.0,social_media,1.0,2,hi,1,exorde
66abeb567fd77ff0b146cc6c4fc2b777c7d5acdbe972225b50f55de2b7672da2,1,-0.0,0.0,media_reviews,1.0,2,zh,1,douban
66af5a4a432e491e90b464724b24e2f8acf720ccecb3b42ca70bb2ce70c29a84,1,-0.0,0.0,literature,1.0,2,es,1,spanish_pd_books
66b96ddc151ba9fd805969502bf606d7cbd7f685a6012b7c34f7916d0c5d2d8f,1,-0.0,0.0,news,1.0,2,es,1,babel_briefings
66b9b62ed925291d4bcccff6018b417ebeec3da75febceaa89854a0ed97dc3a4,1,-0.0,0.0,blog,1.0,2,en,1,blog_authorship
66dd0dc36e9b7b9cd4feb8f302d4e19bfc311ee5756a0e092e77269658949f1b,1,-0.0,0.0,social_media,1.0,2,ko,1,exorde
66ddaf362b9d0f639132b1d01b508db18b193d55402a4cda318d4acd24b1b059,1,-0.0,0.0,news,1.0,2,en,1,babel_briefings
66e0e41a643f7fd918114e4caf07c1474a09dd4c6f62cbbb95f86f3eaacae279,1,-0.0,0.0,social_media,1.0,2,de,1,exorde
66e4c4dc2fee614b54385ffe6c5c4c361857955f2c0732aa274a961db3e55f0d,1,-0.0,0.0,news,1.0,2,ru,1,babel_briefings
66efeda8cc2eb0fd3d2fbf960afd4a68ab43fcb85b31aee455bfce8c2d199042,1,-0.0,0.0,social_media,1.0,2,ru,1,exorde
66fdcc888614bc5632993e339560eac5eb726217ecaf4930aa9a117ffc51cb1a,1,-0.0,0.0,social_media,1.0,2,zh,1,exorde
66ff80da443374fd6acb2069ad2d05c118362835686792b490aed5305b12d6fe,1,-0.0,0.0,media_reviews,1.0,2,zh,1,douban
670936f36a339588ada57c624f474a5c5eb2b5801e8d27998c23ee4cc49b8e56,1,-0.0,0.0,media_reviews,1.0,2,zh,1,douban
670f77f6a1cdadf6c20d79bd03b4da47c1bc1634ff921908e7f5dbdccd5d132f,1,-0.0,0.0,news,1.0,2,en,1,babel_briefings
671babc3a72653ce91b50c3ac3e93deb9ab8adf047d98cf35b9ef0912050735c,1,-0.0,0.0,literature,1.0,2,fr,1,french_pd_books
671c26e2386d6d40fad00285d3ab04e5aaf193ade95dc9d3ef1bf06c831c8363,1,-0.0,0.0,social_media,1.0,2,ar,1,exorde
67222f4740d75cd43b0e828ca46c8b293190d022579b79600488f2342a7ddeb1,1,-0.0,0.0,news,1.0,2,ko,1,babel_briefings
672bdaf051dd9473e77c1b6a04abdb3ce83f1426e6ea0539665069827cd37ab0,1,-0.0,0.0,social_media,1.0,2,ru,1,exorde
6734e35dc661d0baf04600707703d7e6d55123c8afee3fefdf579d0cab191556,1,-0.0,0.0,literature,1.0,2,de,1,german_pd
67351cbd388a09501c1f7edc5062427c5bf2494d906e2301c52d7af867cedacd,1,-0.0,0.0,literature,1.0,2,ru,1,russian_pd
67382c3b940ddba11d5f43011801054d7dfc35576528dba90cd01551c8926ef9,1,-0.0,0.0,news,1.0,2,ko,1,babel_briefings
67385b127729f7e56b0343b1b72f7026c77a68b09e20d4ae0d8fffb1307cf242,1,-0.0,0.0,literature,1.0,2,es,1,spanish_pd_books
6739be166fe0d4dc46efaf183f94e8ffaa0521fb6fcf180aeb1f499068f307b5,1,-0.0,0.0,literature,1.0,2,de,1,german_pd
674534da384098da67502c26d5478769e8a6929b1588900f09165db9fe7dec7a,1,-0.0,0.0,social_media,1.0,2,de,1,exorde
67458511d7dd5626773c168466983ad3d2b912853624aec430c039b7212a3413,1,-0.0,0.0,poetry,1.0,2,ar,1,arabic_poetry
6755e24ab9279d2a16c397c932d924f2ca69273d190f62e03c2124725c6e53c6,1,-0.0,0.0,news,1.0,2,ko,1,babel_briefings
67618c1bed9ae19bbbd9772e2e92bc739d4c5394fc758481908d3b0374c6d3bc,1,-0.0,0.0,poetry,1.0,2,ar,1,arabic_poetry
6773eccfcec26bf1a0ccdb5b7f5752156342b0c685084e7fecb399ed3d1bef1e,1,-0.0,0.0,news,1.0,2,en,1,babel_briefings
6775518f41ac102034ade10d3ab3cfd771f685ccb81993478de90023c72e444c,1,-0.0,0.0,news,1.0,2,zh,1,babel_briefings
6779434407a0574fa8d19dbb694c5bd2ba4e89fe232246cf3e23b297b429e5f7,1,-0.0,0.0,media_reviews,1.0,2,zh,1,douban
677c2f254637b29a2a2f92a95e1f772f1bfcad559c1138990ac55ae7feb6d25a,1,-0.0,0.0,blog,1.0,2,en,1,blog_authorship
677ff93f3417bd2d18508c4de3a0814286de293f98c9946ac01f4dd5f89afb8a,1,-0.0,0.0,news,1.0,2,ar,1,babel_briefings
6789253bee42781d43ff73e59035f9f4ea7dd3a9e03afebde6a84970d991cf90,1,-0.0,0.0,literature,1.0,2,es,1,spanish_pd_books
678f8af0b688de689879b457e9e158905f452e443b16e6e20cb1361b0826db36,1,-0.0,0.0,news,1.0,2,ru,1,babel_briefings
67bf8e38ab4332321a78e6f90c43aa6323a5df505a85a293163990d8d20aeae0,1,-0.0,0.0,social_media,1.0,2,ar,1,exorde
67c4d0e8605aaa4e8afbf8284b4d4c3bcfd8b7eaf2ef997e55a6c769acc2be12,1,-0.0,0.0,news,1.0,2,ru,1,babel_briefings
67c765bb9ac1dbf10b129ed6a56dda2cfcc192bd7ce759c534cbf877c4a1cedd,1,-0.0,0.0,news,1.0,2,ko,1,babel_briefings
67cc0c95caa644fdc0dc45eea3a81f95c0d7bc6a27590cb3fd782583ab98aadf,1,-0.0,0.0,social_media,1.0,2,ru,1,exorde
67e61267442492f8ad5d083cb926b5568f8819d20637a6427448454760fb15fa,1,-0.0,0.0,poetry,1.0,2,ar,1,arabic_poetry
67f5dbcecd07d2ef9f0d0514d6cb69e0c82a62d27ef7e4504df44ead264d54f8,1,-0.0,0.0,literature,1.0,2,es,1,spanish_pd_books
67f992b42e73c2d04654c400cc56b20b010665ceec7a6cbb4732a3afdc80575c,1,-0.0,0.0,literature,1.0,2,de,1,german_pd
67fee52e6d4492eca80b48e46da715b59659b33b60321dd0ae9cfd66e740bd41,1,-0.0,0.0,blog,1.0,2,en,1,blog_authorship
68030d767240c43927e4a6153b6e8271f2d0ea07cfa4e0a7d544a13d494d5c14,1,-0.0,0.0,social_media,1.0,2,ar,1,exorde
6809d0333ab66c05eed9a537bdd3da97dbbe10fc25df18274b50d70d08973ba1,1,-0.0,0.0,social_media,1.0,2,ar,1,exorde
68191e34aed73fcbf13e0886bdf34ff1ca648d458813eb5ef23c1822907e4d92,1,-0.0,0.0,news,1.0,2,ru,1,babel_briefings
681b14f29424f782435f61428b18e237d42b709e389008b821957b4f36ba73fe,1,-0.0,0.0,media_reviews,1.0,2,zh,1,douban
6822e86694882f62c3c1fa07297c3c6f99bc2426ef131adf88ed16de467a7f75,1,-0.0,0.0,literature,1.0,2,ru,1,russian_pd
682d211db76e3c096b110bc73e9998de2a90d7b9b52c85cb098833e87efdecfb,1,-0.0,0.0,literature,1.0,2,es,1,spanish_pd_books
6830a9e2895e54fac696c05cd7e3756afc224b12479d8dbf25d4ab677a73cf3a,1,-0.0,0.0,social_media,1.0,2,hi,1,exorde
683ab9997dd303082197ca572df13558def2794e8c151d918b5aec8431e212a1,1,-0.0,0.0,news,1.0,2,zh,1,babel_briefings
683b55f434d4454a5fd0fdac3f64c678037adbbfee1c085a4ae76a662662bfa6,1,-0.0,0.0,literature,1.0,2,ru,1,russian_pd
68440d95b2a464bce1cdc9f9d800f5732aac0d971084244fb07b1fb8bdb3627a,1,-0.0,0.0,social_media,1.0,2,ko,1,exorde
68459e497270f63d038610053cafdaf70c6428788901e3b5b648678ca2902d77,1,-0.0,0.0,literature,1.0,2,es,1,spanish_pd_books
6847b0b6fa1c0c328aef2f6cf5c20de6b99678755708fd7e6b29df6e28bd2c46,1,-0.0,0.0,social_media,1.0,2,ko,1,exorde
685b5cd93ff9cae314a60a1e4a5019e15d200a5a633a8a6042b11b5d9910e8f0,1,-0.0,0.0,news,1.0,2,ar,1,babel_briefings
685ba512944c741adab03d91bb9d89e7e593a7c74d14e005ffda72e598ab5777,1,-0.0,0.0,social_media,1.0,2,ar,1,exorde
685bad8e3c8bbb16587c62734f99aef9f163191e09294fe07b008e70db0adee1,1,-0.0,0.0,media_reviews,1.0,2,zh,1,douban
6874a58616a669ac72c3134c3454a2a0d6b548b13c589c897a401c37c1da64de,1,-0.0,0.0,news,1.0,2,ar,1,babel_briefings
687855af96c3840354c4f28bb89e97e064e90e86113bbec9b94a84974ffc901f,1,-0.0,0.0,news,1.0,2,ru,1,babel_briefings
687b0cc59150c753b26fa56656e80b7238c620b74eda709d968798a7c844909e,1,-0.0,0.0,poetry,1.0,2,ar,1,arabic_poetry
687e71f5e72b83cf78b6dc292aa6357cf8aa6e533624dbeedd10e7d43128ca1a,1,-0.0,0.0,poetry,1.0,2,ar,1,arabic_poetry
6885a259c3994c9f9fa9420536d0dff3cde0a9181ee44eabb9360a48988d9777,1,-0.0,0.0,news,1.0,2,ko,1,babel_briefings
688d9305817ab0b5f1bc2b5a3f61c9a03a60f75cbf0e3641609207b9e85ea2d0,1,-0.0,0.0,social_media,1.0,2,ko,1,exorde
6894fcdabfd538ab3a0ceda8e2c2bcb8282316d0ca26308a91bf793fc1653434,1,-0.0,0.0,news,1.0,2,ru,1,babel_briefings
689ad09eec4d3ae165bbf01b80570542e3792fd0f72c1154a48401007e293fd1,1,-0.0,0.0,literature,1.0,2,es,1,spanish_pd_books
68aa7d548e9498e0812bd582d6e16b5e2cb14dd3948dbdd890528aef8b8dfe2e,1,-0.0,0.0,social_media,1.0,2,ko,1,exorde
68b0a0393c700a47328bd6859570e12a5dc1abe08f8c20c827fc7dd3199f6dc0,1,-0.0,0.0,social_media,1.0,2,ko,1,exorde
68b1e1849dd9a66e618f65eafbee3d86a7f6ad114c1ddaf18070d4d4ba0d6cad,1,-0.0,0.0,literature,1.0,2,de,1,german_pd
68b7f1fa5d1ace138d739ba4155000558f97c63f0596eb98fcb867c0b94136fc,1,-0.0,0.0,news,1.0,2,en,1,babel_briefings
68d6712ea42481e9482d2f0ed941a0a03752c294653bfddc0eecb9421cd67d2f,1,-0.0,0.0,news,1.0,2,zh,1,babel_briefings
68e3c70ad0be3c1f16173c129b29ff63f39c2a2b78d0aa79f6221daabfc0ca99,1,-0.0,0.0,social_media,1.0,2,ru,1,exorde
68ee320d75a4d4bbd72b25bc10a2f86de2ecce9fd4731ea1eb41f50377404bbe,1,-0.0,0.0,literature,1.0,2,fr,1,project_gutenberg
68f10eac99678dc38b72f7aa7f76e1cf2a17857cf31bd8db53cd55354d2ecc8d,1,-0.0,0.0,social_media,1.0,2,de,1,exorde
68f1753965fb78a70f3c843457a5a0996e9a8599a7357938f0e955da3de0db40,1,-0.0,0.0,news,1.0,2,ar,1,babel_briefings
68fa9d005b0608f1bd919e1819dbce9966cc0bd343a46095664fb68060b68fcf,1,-0.0,0.0,news,1.0,2,en,1,babel_briefings
69012150bc439a3085c68fd1138d7578b50e55f03fa38383a51e00afe41383dc,1,-0.0,0.0,news,1.0,2,es,1,babel_briefings
690642472f3fb07d2a962a174d8b5c37933285ea0a7ae30ef1e99fcd1572b130,1,-0.0,0.0,news,1.0,2,en,1,babel_briefings
6909086184e4566df9b5cbd150505cee582099af2beeed72e6e94f9e3b9a88d4,1,-0.0,0.0,news,1.0,2,ko,1,babel_briefings
691b63a34090c105c85c4ab9cc8aa26ca3b4369ce3469e7de3577112df811e56,1,-0.0,0.0,poetry,1.0,2,ar,1,arabic_poetry
69231a8435530ef31f6fc6a9df103bdf669d4b1ab7117c9c363ef76eced7aef8,1,-0.0,0.0,social_media,1.0,2,zh,1,xiaohongshu
692ab6df55f8e9ccf0f2b9e6c3b16326d2cd2ab347515c22e56b43884a9f76f2,1,-0.0,0.0,news,1.0,2,en,1,babel_briefings
692fbdb7dd7ec55516699aef24553408569e124b4b69a34b385093b571fe249f,1,-0.0,0.0,social_media,1.0,2,ko,1,exorde
6951caf6590499445635229847d3e806a1ae63bd8c63ded9a88568f9f0004eeb,1,-0.0,0.0,news,1.0,2,ru,1,babel_briefings
6953d86d5d995d80f662673bc11a372f29d22610ed77befba636683b38eef6dd,1,-0.0,0.0,literature,1.0,2,de,1,german_pd
6955437ccfa5854cba9cff91f1f5aab4dbb4b0af538273e0e0aff454c4dcd619,1,-0.0,0.0,news,1.0,2,ar,1,babel_briefings
695fd86ad2bf9b7b5877eedbe91e00955bb5b1d5b179fdad243446736ae3b819,1,-0.0,0.0,social_media,1.0,2,ar,1,exorde
69738096dc10c7e8b570bf2be7ccd25617c70990b3fae91f2e608fd449a9f657,1,-0.0,0.0,news,1.0,2,en,1,babel_briefings
697782595ae06c5abf2a9739448e9f607ae95066cebf5ec75d2754575c4b0c04,1,-0.0,0.0,social_media,1.0,2,ar,1,exorde
698561c661d50bac739b87fcd5e206d7c7f101f08252a5bdb0fffe161a8048ca,1,-0.0,0.0,social_media,1.0,2,fr,1,exorde
698b0ca100337cabb843aae9ab05d632b92554abe69155a64a3bd892084b2b6e,1,-0.0,0.0,news,1.0,2,ar,1,babel_briefings
69924b1d2c598d487272e28bbf2ef318bd5f5c065f635594af52ae12cd2ddfef,1,-0.0,0.0,poetry,1.0,2,ar,1,arabic_poetry
69985f386de3e373bbcce54c402ad9f19003a401b47e2de137df7e393550a618,1,-0.0,0.0,media_reviews,1.0,2,zh,1,douban
699b3139decba1408e4c63cb57b62efef9f03bd3a99022bab21a4cb3a42b7ebf,1,-0.0,0.0,news,1.0,2,ko,1,babel_briefings
699da93784eecc40d08565a09d692d1274f17e7cc0dda712f2f33b2a39734ce5,1,-0.0,0.0,literature,1.0,2,hi,1,hindi_discourse
69a40c2f3d3ba1086fea585b5711e05d2549aa78eb015b457ea140088ab809ed,1,-0.0,0.0,news,1.0,2,ar,1,babel_briefings
69a6dc20d739bf957d3cda7a4d01088f9f137a8c145795bc3b541e28f5f9c98f,1,-0.0,0.0,news,1.0,2,ru,1,babel_briefings
69a9d07c11dd3ef54f0293c9327f3d83800f792bcf4f5f752b98e95e96def130,1,-0.0,0.0,social_media,1.0,2,ru,1,exorde
69ae6d2a1030105cd91c63329fb452019ff4cdfe9cc764181bef53af2566dd9a,1,-0.0,0.0,media_reviews,1.0,2,zh,1,douban
69afa454c6d93b1e27833cfddc0834487a65d37f2e16c445059d491808838735,1,-0.0,0.0,social_media,1.0,2,ko,1,exorde
69b3a60967de9d6dc71f642d1c4d784606bf93647c99143c7b53cde6d940c922,1,-0.0,0.0,news,1.0,2,ar,1,babel_briefings
69b845aa757430d5aabfda51e8e9b29d7ba7f47e1294656630eb806aae8e8943,1,-0.0,0.0,social_media,1.0,2,de,1,exorde
69c2770e47410988c6791a8c524eeb8ccd38441c51ae482f3bfa726ccb53d426,1,-0.0,0.0,social_media,1.0,2,ko,1,exorde
69c3090fb5d1801fb95c112c8efae88a0ec026246f3ff63cd6cb571cb3d0e458,1,-0.0,0.0,social_media,1.0,2,hi,1,exorde
69c5fb6cf6ec25dc4067aa422c0f26270ef770c43c7c0032d9583d8326299806,1,-0.0,0.0,poetry,1.0,2,ar,1,arabic_poetry
69c9ab9a0373a6fa66614861d9ada042c3d95e4c24025bb35a58b3c78dfdcb31,1,-0.0,0.0,social_media,1.0,2,ar,1,exorde
69cf54671307f5dedbbdaa88b6ea0806a1032046d76a19794f8b48f7fffc444f,1,-0.0,0.0,social_media,1.0,2,en,1,exorde
69d8f2ad894af52429eb4adb4624f97328d98a22a7d898865bcba9f5b17e1314,1,-0.0,0.0,social_media,1.0,2,ar,1,exorde
69e2418b1e02173cb5eb8ca10f90e0ba4221859d1ae21552b5c5b31478648788,1,-0.0,0.0,news,1.0,2,zh,1,babel_briefings
69e48a7543b7e1dc1157efb7d8e5496ace8629e53dd6a285f9fd87a83f6fca40,1,-0.0,0.0,news,1.0,2,en,1,babel_briefings
69e57c56c61f8cdde3559c6ca2b9d4e7b34dd1b5706b960f4049ef9a42b6ee63,1,-0.0,0.0,news,1.0,2,es,1,babel_briefings
69ee9cfecdf3535f437d4ee07f680c257f611b35d6d37dde5e5ded9ef660170a,1,-0.0,0.0,literature,1.0,2,de,1,german_pd
69ef507677f01e9251156301892a25b8e5e1e65b87f7733e8aaf637e679503a0,1,-0.0,0.0,news,1.0,2,zh,1,babel_briefings
69f96207d33cec91b1f8f1f7843bb207762726a7390070d0c02dbc8ff8c3f428,1,-0.0,0.0,media_reviews,1.0,2,zh,1,douban
69ffe97362efb651678fdcb2e57289ee4d6b320acaa335aaf350414b7ed7ada4,1,-0.0,0.0,literature,1.0,2,es,1,spanish_pd_books
6a073baa8e1cf49f552298225b5983a401650a0370d37236b9857587436952a8,1,-0.0,0.0,literature,1.0,2,es,1,spanish_pd_books
6a096d076443c559d0ec6352881303a1fd146962ae0ba035e7222ef9f5da28cf,1,-0.0,0.0,literature,1.0,2,ru,1,russian_pd
6a14c29f469394b38a7cbe41fbfd977f33d735911ac7c54f30a8de029dc5c195,1,-0.0,0.0,media_reviews,1.0,2,zh,1,douban
6a1bbb92970a3459fd9717fca1aeff784b141e5742858265e8336e68856f6b88,1,-0.0,0.0,social_media,1.0,2,zh,1,xiaohongshu
6a207d4064964b89208a78a62d2edc76df468b0f0a69c45ca78ea798f26bdd55,1,-0.0,0.0,news,1.0,2,ru,1,babel_briefings
6a3ab4bd0ff8b60be9429af29fa7fa85d520512ef176a07bbe58a4fef1ed423f,1,-0.0,0.0,literature,1.0,2,de,1,german_pd
6a689dd5f477a9816401d13657ec57828fd851f5928c9fc0df8c77e4cd100b68,1,-0.0,0.0,news,1.0,2,fr,1,babel_briefings
6a771c347ba06f94a58a29758e8cd34934fa0026d65820cdd8f42f6b929022d8,1,-0.0,0.0,blog,1.0,2,en,1,blog_authorship
6a7be9f5eefe2243b561765a412c6e59ca1946074caf24667c9fb21118bc86f5,1,-0.0,0.0,literature,1.0,2,es,1,spanish_pd_books
6a7d89392f2b437d9131cca0013c880816b0386cabe832b135f2600a49b540a9,1,-0.0,0.0,media_reviews,1.0,2,zh,1,douban
6a811c3bae0e33d91ac22d0ec466cae56e71a4fcbf3539ff20c8449f912f2c05,1,-0.0,0.0,literature,1.0,2,fr,1,french_pd_books
6a88d9f22b371d1a33ad43c49a5c80812366a9c566cffeb45c19054293c105f7,1,-0.0,0.0,social_media,1.0,2,ru,1,exorde
6a93a7f7774f981f1b66f66780255b1222ff02871e6a7bb5b8dae1eb3d3a0253,1,-0.0,0.0,media_reviews,1.0,2,zh,1,douban
6a9485f55d198c4b7f117944dadb8027d429f19d4fe485674737e6870d7fb8f7,1,-0.0,0.0,news,1.0,2,ar,1,babel_briefings
6ab24241ab36631761df5ae92986c83cdc352b997672598f386fdbc47a915b3b,1,-0.0,0.0,media_reviews,1.0,2,zh,1,douban
6ac3a9263620f884789970d57a14a484630c7d703fe301f20e0c4f8031704889,1,-0.0,0.0,literature,1.0,2,ru,1,russian_pd
6ac687eaf95b9f740b4c38ba32b14dcdd8d2d4478f45af8f636246a63dac87ae,1,-0.0,0.0,poetry,1.0,2,ar,1,arabic_poetry
6ad5d24285b0c227fc491b2fb642f999f4c24caad4405d227e064ce1d2039c3d,1,-0.0,0.0,social_media,1.0,2,ru,1,exorde
6ad68d0f7c845515e0622d9768704de23994cc1904990f36132f36c29c9dd1d9,1,-0.0,0.0,literature,1.0,2,es,1,spanish_pd_books
6ad76a2747123766beff7c427b620229068984f1a125a77b789b563f8770ccf6,1,-0.0,0.0,poetry,1.0,2,ar,1,arabic_poetry
6adff72efbdfd1f621e257b1f043f9701bee98621162d104201d5ec1b897cea7,1,-0.0,0.0,literature,1.0,2,es,1,spanish_pd_books
6ae1b732f34e18380023ac99d15459c403749cce33ceb08cb625d65c45714299,1,-0.0,0.0,media_reviews,1.0,2,zh,1,douban
6aeda80d05c45f81526019d9d81126c3fa385a5d96187c220104576dcee04760,1,-0.0,0.0,literature,1.0,2,es,1,spanish_pd_books
6aef143f7896c2734944ead23578c3b553db6dadcbb9eb0a79b12119cedd217c,1,-0.0,0.0,literature,1.0,2,hi,1,hindi_discourse
6b1265e9a5fbf07f62ac2982364a5b2e4217a8bd88e37f74fce01085ff40bdfa,1,-0.0,0.0,news,1.0,2,zh,1,babel_briefings
6b1ec59b1d2df6382c18aded00d8e874c0749a74f7eac3ae92a531745d45c293,1,-0.0,0.0,poetry,1.0,2,ar,1,arabic_poetry
6b20e1ad91a510af5e2775d6718ff9354b9ae95466cf0d09282beca893dcb7c7,1,-0.0,0.0,literature,1.0,2,es,1,spanish_pd_books
6b3e21566cdfc169996ae6cb4c5e985c7b69c7b1b34c613da23d8f8dc9f55103,1,-0.0,0.0,literature,1.0,2,es,1,spanish_pd_books
6b4b45a7f88843bc392406bfdb6d576de42f5d923073343d479581ab4f2151be,1,-0.0,0.0,news,1.0,2,ko,1,babel_briefings
6b6047c277fefe348e1838050992a24e45c83da17397a1cb58b399d2869f729c,1,-0.0,0.0,social_media,1.0,2,fr,1,exorde
6b6e85098398c73e39a05d9eda5b39de1c8395ed7a556177c0a078c8965db333,1,-0.0,0.0,news,1.0,2,ar,1,babel_briefings
6b70baff1bdf61354f24e71af8680c8aef903efbb0146abbb3d6be78fafecebb,1,-0.0,0.0,news,1.0,2,de,1,babel_briefings
6b731e052e5b3f4bac20106eb3b2efbe5f510beb30f533b0d562d23faebe4aa6,1,-0.0,0.0,news,1.0,2,ru,1,babel_briefings
6b7d31ba0abcf54ccba6edf2b696f6cd55e5ac4d4008dd104b0a974f31114624,1,-0.0,0.0,news,1.0,2,ru,1,babel_briefings
6b808cf56044937fefb923b97acbb8d844b7a6d211cc068d9a9dd82692a70ddb,1,-0.0,0.0,news,1.0,2,ko,1,babel_briefings
6b912df844b2130c32a421f17743297e322271f5cfd6312cf05edb1be5eaaf17,1,-0.0,0.0,ecommerce_reviews,1.0,2,en,1,amazon_multi
6b9471b46982b50e21a4b22026494496f7273153e01fe231e639c089265d2262,1,-0.0,0.0,literature,1.0,2,es,1,spanish_pd_books
6b94b41613677af424723f3a209cd694658dadebd6aa1f06eef517459879e366,1,-0.0,0.0,social_media,1.0,2,ar,1,exorde
6b9737fdc7949d38a02e14688d599c5d7b21830b7ae51843fa2bac5f04696941,1,-0.0,0.0,news,1.0,2,ar,1,babel_briefings
6badfedb943228a6be925723b785d8ccc39b567a8c5bfdcf8f6686ffb93e6785,1,-0.0,0.0,literature,1.0,2,es,1,spanish_pd_books
6bae83e1afa4eb7e45156b2ef8b048b11badc80d5fd8178fe45df3b514b9bc35,1,-0.0,0.0,literature,1.0,2,es,1,spanish_pd_books
6bae9937831d077384b8388cad1e5779b0f524548bb9e2b50433ffdbf76734f3,1,-0.0,0.0,news,1.0,2,ru,1,babel_briefings
6bb18a0395abeaf9cc156e3f71c1d054833f4f16b572bd658fba06a13b413910,1,-0.0,0.0,social_media,1.0,2,ru,1,exorde
6bb99128ed791e14efa454e1be8fb4661aa5333837393520ad165df4a7d82540,1,-0.0,0.0,social_media,1.0,2,ko,1,exorde
6bbfe31c6e8b47069bd1f82bf0631cd8b4d713e043cd00219443f20209ad9bc3,1,-0.0,0.0,news,1.0,2,zh,1,babel_briefings
6bcb5c9a32f2748a7761e0794e18c2e680a50b4f3fb4bdb86ffc0275f8296a93,1,-0.0,0.0,news,1.0,2,zh,1,babel_briefings
6bcbdc34344e80cab9c3fb187e9ce0b188a018d4afb41a27e6ecf8f71fc2f462,1,-0.0,0.0,social_media,1.0,2,ru,1,exorde
6bd2a0785b9a26d1fbe562829bde9591dc085cee356968ccd3607d67a6f90e4f,1,-0.0,0.0,news,1.0,2,es,1,babel_briefings
6bdeb5a376cc484cde61ea25f6a4d6ddc964bf2a16e81fef24bad5e04367f32f,1,-0.0,0.0,news,1.0,2,en,1,babel_briefings
6bec4629f388c5d7bff5bcf49c7026168e66515200670d9fd07e55048ded96fc,1,-0.0,0.0,literature,1.0,2,es,1,spanish_pd_books
6c0455ad7f776d9fd165c38e1a22aa1146b5bd2203f9b7c164cd5781f75989fe,1,-0.0,0.0,news,1.0,2,ko,1,babel_briefings
6c0887d39e40f5ffc1feef809158ee43515e0312223edd18b9d163237e239efe,1,-0.0,0.0,social_media,1.0,2,ru,1,exorde
6c10b9478a609574b1d71fa94cb68841ae8cd38565991b38049f6d62adb1cca4,1,-0.0,0.0,media_reviews,1.0,2,zh,1,douban
6c153e28952cf1c65a2f1c903acc74e3de61948cce46802def03fd2bb8ba9aa6,1,-0.0,0.0,literature,1.0,2,es,1,spanish_pd_books
6c1b858241d521e626e649d944483a4a331e3e760656d98415914a372f03ad10,1,-0.0,0.0,social_media,1.0,2,ar,1,exorde
6c1fd0e3385c99baa865afeb1118a60b75bba8087669062207aae50e3d9b8845,1,-0.0,0.0,news,1.0,2,ar,1,babel_briefings
6c3324ba74ec9f575b57b5b25cc4c2f98f2589d5bc9fc999d45304cb2edf513d,1,-0.0,0.0,social_media,1.0,2,zh,1,xiaohongshu
6c36ae900b576e2ddeb615e71666654b4878bbe4d20363d3361aca2bf015645c,1,-0.0,0.0,news,1.0,2,ru,1,babel_briefings
6c3de9b57f83b046e466f3b9c8c4034def58eedbfebd2c41bb14a9e714c8de13,1,-0.0,0.0,literature,1.0,2,de,1,german_pd
6c47d692cabe5d9356246b224623ef5661062d76b61f0e3698c4100f72e530e4,1,-0.0,0.0,social_media,1.0,2,ru,1,exorde
6c4e8289faeae6ecc2288da6d80328ab67958a1fd2e264275cd9c37b5f8a40ae,1,-0.0,0.0,media_reviews,1.0,2,zh,1,douban
6c5e93ee17d891f958b3fd0d2f439fc9938fc0c3bf4ab69f239f7a0b736ea460,1,-0.0,0.0,literature,1.0,2,es,1,spanish_pd_books
6c6c5f14abb928c2587fa8d1e04e9cbd85f66cc545c748f0990c18e6be1a747c,1,-0.0,0.0,social_media,1.0,2,ru,1,exorde
6c6eca8d66023b926cde13a193ca438d16714af2e2cd40a9a692b98371fdacb0,1,-0.0,0.0,social_media,1.0,2,ko,1,exorde
6c711fc29602368dd494ba244de086540163ece21207fdfbd6f323fbe6233320,1,-0.0,0.0,social_media,1.0,2,ko,1,exorde
6c744257a2e16a99facef9ff919618ad2799acbf7d6ff5f3cefa1c72be36ea26,1,-0.0,0.0,news,1.0,2,ja,1,babel_briefings
6c8218f82e6b0836ac0e1900a4f7f7bf7a8dca16ac7ba66ae85a3870f7aed5ca,1,-0.0,0.0,media_reviews,1.0,2,zh,1,douban
6c84e3c1c295a5d9406e571da5c69e5e2808de676a73c282828f84bf81497ce6,1,-0.0,0.0,social_media,1.0,2,de,1,exorde
6c97f7533610a82f0f394947e6823576de70df51e6f70047ae4d333aa570dcec,1,-0.0,0.0,social_media,1.0,2,ar,1,exorde
6cb9eecc374d7d17f20907f2058d20f40b40ac43292abaf62eb23af79c83f3e0,1,-0.0,0.0,social_media,1.0,2,ar,1,exorde
6cbbdc4651f863bd164570a9052418b81822a8c412b54a5d5e34da8cfb2497b0,1,-0.0,0.0,poetry,1.0,2,ar,1,arabic_poetry
6cbd5abef4b8da478a0d0a1bcac56580bbfb2de3843e0b7472553f76fea93f57,1,-0.0,0.0,social_media,1.0,2,ar,1,exorde
6cbe3dc36aa37121c2c633b644158e9bf2b19f07047e1deaea2c5722dfa076a5,1,-0.0,0.0,news,1.0,2,ko,1,babel_briefings
6cc6611d52ef74b017d283aec07e183cbd8f08c825a101128ceb267fe3dd5e55,1,-0.0,0.0,news,1.0,2,ko,1,babel_briefings
6cd3c3f4b982861018806fb781893da9d2e0b7338117029e433327a8429be2ee,1,-0.0,0.0,literature,1.0,2,es,1,spanish_pd_books
6cdb5fdac62c947fdc0e2206f91ef5ad1727a64899a19ec4f217f8faefd78cd8,1,-0.0,0.0,literature,1.0,2,ru,1,russian_pd
6ce6dfa5e115a5ae397ac43a56de59c3e0c96a816db0ffb37b02369574d7f410,1,-0.0,0.0,social_media,1.0,2,ko,1,exorde
6ced0774629bb0f37fdbdc07f0770cc935f3ab52aef2fb50acfaa8321ce992d4,1,-0.0,0.0,social_media,1.0,2,ar,1,exorde
6cee9438f27f6a6e32e232f26f6e8736fe868df526b0fe9e05d41ba9b025577c,1,-0.0,0.0,media_reviews,1.0,2,zh,1,douban
6d010746893090d2340144083a223d836418d37ed25f9d8afe241f76b91ebcfa,1,-0.0,0.0,social_media,1.0,2,ko,1,exorde
6d10bbac1fedbae32954b63243665a2c1c494864116e97c3a6ec015bb52942be,1,-0.0,0.0,social_media,1.0,2,ko,1,exorde
6d14492a576b193099d27b670bcb3cabf4abeb9b8ba96a9060504d0eae040bc1,1,-0.0,0.0,social_media,1.0,2,hi,1,exorde
6d1c83055f664dd1397c643b0a9bf9a99666843a2a639bd641c58aa04b78b09b,1,-0.0,0.0,news,1.0,2,en,1,babel_briefings
6d2640d388135e93248371f45c5021e410c259b6455d2f55fd15d76e4ce8c9d7,1,-0.0,0.0,literature,1.0,2,fr,1,french_pd_books
6d41f328cc98b79611b758df24542dfb886e4c4e1d5ec2558e2e35e404318bba,1,-0.0,0.0,media_reviews,1.0,2,zh,1,douban
6d52a9c4fcfdf81c065aa4fa858a3a9b7533f981818f676af1fd451a5b812393,1,-0.0,0.0,social_media,1.0,2,fr,2,exorde
6d5481e1e53b846081b04ec284e0f86069319c7f20e3ed2a512a2996a7d87f01,1,-0.0,0.0,social_media,1.0,2,ko,1,exorde
6d5b5bedbe92e23cba48de40192049c0c744b44e97d3eda81742a08ac1f3f464,1,-0.0,0.0,news,1.0,2,ru,1,babel_briefings
6d5d0bba71490eee4dadd4700e3fa7a6e12ecb19bbc7b71f988cfeec3def9142,1,-0.0,0.0,literature,1.0,2,ru,1,russian_pd
6d822e1ad3fee010234d544797f588f50dd7b17e50fc644e56af2e3db49cb7d6,1,-0.0,0.0,social_media,1.0,2,es,1,ytcomments
6d86af089d34255da7f7689b2ba4166b54569684a17fb8520d2703014bcdc926,1,-0.0,0.0,social_media,1.0,2,ar,1,exorde
6d93cab1e896e439f2c7a1da4c14483ebee01d44584166618cdfc62198b008a3,1,-0.0,0.0,social_media,1.0,2,ar,1,exorde
6d94da3dd5872abafd8bad465294f60f9acbe8502f447db0dd921f3d7974c77a,1,-0.0,0.0,news,1.0,2,ko,1,babel_briefings
6d9ceb6091267e451bd593c17b847d0d2c7e74ae0be9d36cf36fca6e99043074,1,-0.0,0.0,news,1.0,2,ko,1,babel_briefings
6da99b436ea2fa870747413a68e4ab0418030b8abc1b949e35d6cb98201aea21,1,-0.0,0.0,social_media,1.0,2,ar,1,exorde
6dca01be34f0afa7b87a1635b397eee9ddc69225fd51936ba0074521ca80bba7,1,-0.0,0.0,social_media,1.0,2,ar,1,exorde
6dd950ff10dce14b8ac16226f6783aa93f70909668fbd0f6b256ac4a5480c7d4,1,-0.0,0.0,literature,1.0,2,es,1,spanish_pd_books
6de8a04fbabd811cdccd9d8a1cffb62f8c4fab7df147dac5c886071f9d0c9c28,1,-0.0,0.0,social_media,1.0,2,ar,1,exorde
6dee5dfed5c00799dde862d0468f8eb5b52b1c5909e07e2ee547fdfc5c34ea8f,1,-0.0,0.0,social_media,1.0,2,ar,1,exorde
6df5baf32845100feb0944277722e9f4366a26aa3f9a7288d1f58d49dcaa0703,1,-0.0,0.0,media_reviews,1.0,2,zh,1,douban
6dfe55900f19592a55d55a33160d588314145e654ed2cfe4edd40f61e2f741b6,1,-0.0,0.0,poetry,1.0,2,ar,1,arabic_poetry
6e1ad467523b8379a354820c39c04a7196eb89a0488ef14e1aa18676f568f474,1,-0.0,0.0,news,1.0,2,ja,1,babel_briefings
6e1dd3320cba3107531953d3b0efe229a0b9254ee0700389e42efd6f5bb7634b,1,-0.0,0.0,social_media,1.0,2,ar,1,exorde
6e26df1c53b48c3b29f37eb9f787e2781be88522bd9f1d2e8f5b9c66649dbaf1,1,-0.0,0.0,news,1.0,2,ko,1,babel_briefings
6e2a2e4fe4260a342240cdb426e1288e0887308d8697189c8c6dfbef1a169a74,1,-0.0,0.0,literature,1.0,2,ru,1,russian_pd
6e2ad8506d662dca0ccf709fd6c802befa643ca150e1992843da689137ad916d,1,-0.0,0.0,news,1.0,2,ar,1,babel_briefings
6e36291476e9785e505c4d7b8aa12e17d71c83fa954f7c66b759f858918836fc,1,-0.0,0.0,news,1.0,2,es,1,babel_briefings
6e3eb224bdaa89828dbf0fc4db3546cf2da7d8e446d97174022c853dc7ff9192,1,-0.0,0.0,social_media,1.0,2,ru,1,exorde
6e3f16e8b940dc512fccc4ac5787a0292d2dcbc187055f89c5220d0ed45129bb,1,-0.0,0.0,news,1.0,2,ru,1,babel_briefings
6e40f2f4ab85dd954362fa9386f1b6141245d36a84cef16c2ced33281cfabdfe,1,-0.0,0.0,literature,1.0,2,fr,1,french_pd_books
6e46fc13a5e31d7eeb2433fe0f78bccf7b85c97023b7a99c95ac59a1eda6012d,1,-0.0,0.0,literature,1.0,2,ru,1,russian_pd
6e47817050b291a6d466f2733a6c8dfe0c89c82e10fcba1d77da3910b48d80d9,1,-0.0,0.0,literature,1.0,2,de,1,german_pd
6e5a595e3bcfee120e6117c69f4b06ac812805e802f6b2e58c47999a8ec797a7,1,-0.0,0.0,social_media,1.0,2,hi,1,exorde
6e64082a2b3daddf9d0331a524f7d7d322213f6008de4c99e0ccb7c0aa78b44d,1,-0.0,0.0,literature,1.0,2,fr,1,french_pd_books
6e6c61dec872412de8ad15ac5205c8766aaa4d5c51f0836c7d90e2556e205862,1,-0.0,0.0,news,1.0,2,es,1,babel_briefings
6e6ed5bec03e70346d33e29741d2550ea7ae305ba68e45b518ebe9c7ca6bb90f,1,-0.0,0.0,literature,1.0,2,es,1,spanish_pd_books
6e759c97ddc7320256b78b19d2c986c82e73b2670116f52dfa3f2bd09293cf20,1,-0.0,0.0,social_media,1.0,2,ar,1,exorde
6e8048bc553dc97f87310bd46c8fe161de1dee3cdaf3739c4bced4f32400f99c,1,-0.0,0.0,social_media,1.0,2,ru,1,exorde
6e8d23846eef24a9ad89949d812403a6bb204a8f58d90c7508527c2db3f4aa0a,1,-0.0,0.0,social_media,1.0,2,ko,1,exorde
6ec2a5015ca37d6b36c09e57a7586e97170a2a9e13406689eef31294e764cac0,1,-0.0,0.0,social_media,1.0,2,ru,1,exorde
6ed98a74b266ed799d43fd52fd96ea23e835e12303c9cf92eeabbbebca8e0609,1,-0.0,0.0,literature,1.0,2,ru,1,russian_pd
6edb00d403cb3313b77cd5029f9a88a295e65a66af12fa5e0daebf346c0e39c4,1,-0.0,0.0,literature,1.0,2,es,1,spanish_pd_books
6edfb091dd34868ae81757454a237487ad657b0fb6cc8a33c2c0f9f520df4649,1,-0.0,0.0,social_media,1.0,2,ar,1,exorde
6ee19218a20f3eac694bd05d74275cac0193da99228d273b9b53368f2f749ca1,1,-0.0,0.0,news,1.0,2,de,1,babel_briefings
6eecb7775eb19a2df16591faf23e649600a8307c65c7b60eaeae83f683ed9652,1,-0.0,0.0,news,1.0,2,ko,1,babel_briefings
6eee39174c5f7375dbabc1676e3f4283d8d47ac645c9a95cf6b15fd903282fc9,1,-0.0,0.0,social_media,1.0,2,ko,1,exorde
6eef3f9ca8acea0703cee95a7517d4931a3bca506d35b7d92591c72fcfa91d8e,1,-0.0,0.0,social_media,1.0,2,ar,1,exorde
6ef5c6ac4817198c5221be71563ac4b64d6f975437d7e566c167b0b28d8d2971,1,-0.0,0.0,news,1.0,2,zh,1,babel_briefings
6efd85ddc531158adf6b7c8fe817ef614bda8f5b0ce55f331286af7fd844bbff,1,-0.0,0.0,social_media,1.0,2,fr,1,exorde
6eff14c7dc965d33ef0e205defc160cffc0be714edc3ed0b6dfcace6e41e053e,1,-0.0,0.0,literature,1.0,2,ru,1,russian_pd
6f12485c05c995aa81d946b4d8889ed598f3ed637b88bbe76b921d07a5b6426a,1,-0.0,0.0,news,1.0,2,ar,1,babel_briefings
6f1726c91164f5f0eddc23d71e2c9757b05e01e7ed21111a0879c4580e3cf357,1,-0.0,0.0,poetry,1.0,2,ar,1,arabic_poetry
6f1ae71531092f93bf5ee82c0b845ecba7d162ff898d1adf7402acdc2d1dfb9d,1,-0.0,0.0,social_media,1.0,2,ko,1,exorde
6f1b27ea4027d49d00f924c56d559c0bb934e29677a2334e272e3b1dd16ac6f2,1,-0.0,0.0,news,1.0,2,ar,1,babel_briefings
6f205d013293c2ec59c8ed291d32cba7e699fee0577ac8a86c6d41156a79cfe5,1,-0.0,0.0,social_media,1.0,2,hi,1,exorde
6f249c02d342953305c0da667a59fcdbc91b2f5d599da208fc3b4418b3e3c2f9,1,-0.0,0.0,social_media,1.0,2,ru,1,exorde
6f2eb5dfa08b351b37ad02d8c07108cedd614fb6982779cb72f2a23e90fb5f7c,1,-0.0,0.0,social_media,1.0,2,hi,1,exorde
6f3e044021ce41dd8fb8401f260a388a62be60858284d489de6d282133657d6e,1,-0.0,0.0,social_media,1.0,2,ar,1,exorde
6f4ae9db04573c35fdb5c56a55d45e632d807b4d6a49f2061410a17f99a7a402,1,-0.0,0.0,literature,1.0,2,fr,1,french_pd_books
6f4c83138f5ffa533d08f20434fa4b47d57ddfeef463636145420284a58b7f0a,1,-0.0,0.0,social_media,1.0,2,ar,1,exorde
6f4cd2c1286225063b64161528c761dc74e25bc5326770d8c480cd5455ac849e,1,-0.0,0.0,media_reviews,1.0,2,zh,1,douban
6f65a50991569da9276de8f472cc1df6c7f19340548cd713d50c2c997615ee2d,1,-0.0,0.0,news,1.0,2,ar,1,babel_briefings
6f68892fa2129556d1d9a98f6a2fa0b5ba04bac14e5f46e5034c475f67ac6b13,1,-0.0,0.0,news,1.0,2,zh,1,babel_briefings
6f770d65fee9431c1e0e7c1dcafb59ffd7c673d360ccdf00a5a5501a57a0e75b,1,-0.0,0.0,social_media,1.0,2,hi,1,exorde
6f7ac9f720ca8acdeaff5dff807efb4bd770e953bfafa3f04181d484430b0f75,1,-0.0,0.0,literature,1.0,2,ru,1,russian_pd
6f7f5cf41c91a7a9d45b084583d5b15eed803411ba04b6e30c676a1f368523a9,1,-0.0,0.0,literature,1.0,2,es,1,spanish_pd_books
6f83d555d4679f7fe8280a722c497e7ca6a4f74abbe1b682be8b9ffad1102d8b,1,-0.0,0.0,news,1.0,2,ru,1,babel_briefings
6f83de76189279485aa2ff762af6d8187b14e7fe07cbcceecd2f405215266273,1,-0.0,0.0,social_media,1.0,2,ar,1,exorde
6f8774300dc0251f8af44b671977c12b572590545a8e2225cd1c7a93602ef892,1,-0.0,0.0,media_reviews,1.0,2,zh,1,douban
6f87d0c0695efe4d6ba290e280c9f2e0896081c5c39c2fce7318dff05c371ace,1,-0.0,0.0,social_media,1.0,2,ko,1,exorde
6f9dd4216cda36f1b8ca9bde07a0e56050546613bfb0f91eceaaa6d96dd8f0e2,1,-0.0,0.0,literature,1.0,2,es,1,spanish_pd_books
6fa4dce727407a02601b3d4baa67d3351fa0c1588064b9510d4a429a321ec9a8,1,-0.0,0.0,social_media,1.0,2,hi,1,exorde
6fa5189a12d48c265c30aab191aeb5788f65c9a961d512955be0dd24269b9f5a,1,-0.0,0.0,social_media,1.0,2,ru,1,exorde
6fb33b4e7ce1035551847e74cff8e106c6f93442047fc321d03125a4872deb70,1,-0.0,0.0,media_reviews,1.0,2,zh,1,douban
6fbcd6c1d5c650d9f30a61dde14c6829f99a82824094b28aa0b2b3658ba7a47b,1,-0.0,0.0,news,1.0,2,es,1,babel_briefings
6fcdae00c6fae6df30bb95a67f8ea6bfe493295e9c97ff467f3472dcfe0f4c31,1,-0.0,0.0,blog,1.0,2,en,1,blog_authorship
6fe152ddfd66f7517b838df3570e266d2e2ebc8ea452e0910e4df2f25269c796,1,-0.0,0.0,news,1.0,2,ru,1,babel_briefings
6fea76648b213be7dca78ad3c726ce92fe18f6b3ce54bf1204daaa39a5210b02,1,-0.0,0.0,media_reviews,1.0,2,zh,1,douban
6ff7b2afa532a0b28fcfc658915e353301271bf9827a501e13ef1cfdaca3005b,1,-0.0,0.0,social_media,1.0,2,hi,1,exorde
701438717dbb7ab9f7c481ad678285ac68a7d8a67589a068f01f201c6c09b7cb,1,-0.0,0.0,news,1.0,2,ru,1,babel_briefings
701e252c0a9341c8d13f130633ba326bad9df1ec988be7913720c6ea82c5341d,1,-0.0,0.0,ecommerce_reviews,1.0,2,en,1,amazon_multi
70214623481e2e58f5ae4454a4fc1f063d1f39b5331990db6b577425a6f68e87,1,-0.0,0.0,news,1.0,2,ko,1,babel_briefings
703901d29e1ad80f01f195df3ef03f44d0490d0d7102f36c43a1642c7e111b3b,1,-0.0,0.0,literature,1.0,2,ru,1,russian_pd
703fe4c973bbf63aead50eec17678f93549abbeae635537273063a9feec2fcf0,1,-0.0,0.0,literature,1.0,2,es,1,spanish_pd_books
70410280397dd5b04456825b7e2ba1ff8166726b0aaf7cec27a5216b9178b30d,1,-0.0,0.0,literature,1.0,2,es,1,spanish_pd_books
7046b6f069ca807ed0b725ebddcfbf639d12f77685c2d87921d38e4e9aa985b6,1,-0.0,0.0,literature,1.0,2,es,1,spanish_pd_books
705a89db6f497a204c52652ec730e123946cd88c5630ceecb5355c12087b4815,1,-0.0,0.0,news,1.0,2,ru,1,babel_briefings
705aa75791c307900499736306e7b339c5e9dc4eaf07545101531e9c63b60f78,1,-0.0,0.0,news,1.0,2,ko,1,babel_briefings
705f55ac1c6f421341143066a68c4e3342542cd408e710c82ae5b355d6822b6a,1,-0.0,0.0,social_media,1.0,2,ru,1,exorde
7068799db4bacb76b74f144c2cc64449b691112f2f732e17128db0f1d569a920,1,-0.0,0.0,news,1.0,2,ru,1,babel_briefings
70780ad85dd68da9b1a284a5e4f0c6c1ae27f35d16d62567d7e38ffe2f1b1064,1,-0.0,0.0,social_media,1.0,2,ru,1,exorde
7083ffa60ef63efa2f2133cd519f3d187a3c16a74078a22708dd65fc025e7204,1,-0.0,0.0,news,1.0,2,en,1,babel_briefings
7091037a929f4d876f4186c778e92b9b2d22c77ac4de301753e59a930cf18057,1,-0.0,0.0,social_media,1.0,2,es,1,exorde
70a67ded2bc31973e7106dbeb67ec7586d215a0bb1d0fd688215798c885b1cf7,1,-0.0,0.0,news,1.0,2,zh,1,babel_briefings
70ace4f230de9b2524076cb8a2ae0015f2834054606011845e9d9bc942322fda,1,-0.0,0.0,media_reviews,1.0,2,zh,1,douban
70af5203f4396d768e3ca0963615f3b272bdc057ac43b3bc33685a7cadb58bfb,1,-0.0,0.0,social_media,1.0,2,ko,1,exorde
70bd621ba877d8d166d5e3e7e34788aafe819f4d36c61b3b88e1212c932a6764,1,-0.0,0.0,news,1.0,2,ar,1,babel_briefings
70c344d80640f783382f4692c945302540e4113746aa2c18651fef70af3e25c3,1,-0.0,0.0,literature,1.0,2,fr,1,french_pd_books
70dbe2dba257f02eb05b96c9692315ceb03f56f14f77a5b39ce3741fd4eb5142,1,-0.0,0.0,news,1.0,2,ru,1,babel_briefings
70dd61a0e9babeba46a03d035ee026fb574fed36f6b64fbd23fe9dca8c8b21b6,1,-0.0,0.0,social_media,1.0,2,ru,1,exorde
70df8228eb0d27c2a87ab14a9cd9fc68aba7afefcb99796bd7e4da57d5a87672,1,-0.0,0.0,social_media,1.0,2,de,1,exorde
70e092db5b95beafb74239b13f5fa1e0ccf1dce8d981a2531fe580f9fce33a96,1,-0.0,0.0,news,1.0,2,fr,1,babel_briefings
70e6fd6165d5e5a0a9d76cfae784e9e2e80c5675dfa0c63392c6d509b9ba2384,1,-0.0,0.0,literature,1.0,2,es,1,spanish_pd_books
70eb8d40e50e7eb774e515c5d580f2984b597180d2145dd149756a3fb2d45820,1,-0.0,0.0,literature,1.0,2,de,1,german_pd
71079ed0e005acb4566bb1020760054f1de8e0f7ce5676a5decbf3d520a3d638,1,-0.0,0.0,news,1.0,2,ru,1,babel_briefings
7109a44bb0085e4cc8369a17c7139004052098d00c256171222d9bb53b5f0918,1,-0.0,0.0,news,1.0,2,ru,1,babel_briefings
7111e0ae70ab0fa041f6a28ab51506898bac678c7b68846e9e581f4dffeefd1e,1,-0.0,0.0,social_media,1.0,2,ar,1,exorde
7113630077b1db4c72c130812c1ab8c15bc2b594bad6183af8d673f6fde4182b,1,-0.0,0.0,media_reviews,1.0,2,zh,1,douban
711902ff5a26c7d17ba7b51d68560dfd23e4106dc4ed4df5414b5832effe22d1,1,-0.0,0.0,news,1.0,2,ar,1,babel_briefings
713712690b1bb437ba860ed5afee73072189614fb0726015c72ecae4b1b219ea,1,-0.0,0.0,news,1.0,2,ar,1,babel_briefings
714a0b464f16e381ad0225ff8ad953582aeb24bc1009144ed97a912ce0cdf2e8,1,-0.0,0.0,literature,1.0,2,es,1,spanish_pd_books
71562043f094c9cbf440f6ff82c4a8a6817fa634bd2883250d4b1a8fe9d01d93,1,-0.0,0.0,news,1.0,2,ru,1,babel_briefings
7156478cc35a5bc380087f22efdb55a2970e677ce617cd12bac558acbbcf41a0,1,-0.0,0.0,news,1.0,2,ru,1,babel_briefings
715839cc6b2c6327f03b4cf0f9f7ec89a2f601cfdd5542470c59acd7cbe91f90,1,-0.0,0.0,poetry,1.0,2,ar,1,arabic_poetry
715f97d9e76dc1ce6874fb4d6d0f63b6b50ce7f6d9a18cdd767584e13ca17462,1,-0.0,0.0,news,1.0,2,en,1,babel_briefings
71606ddcf7157e44cfc016a2432a31a83b691191de3a50bc8c628d19ac7e1511,1,-0.0,0.0,social_media,1.0,2,ko,1,exorde
7161b686ead21d66f97d4e5bbd5fd7a1baf5985a6b3864acaf34a6aa6460dec7,1,-0.0,0.0,news,1.0,2,ar,1,babel_briefings
7166a8b334662174bbf85f1e90b8f3907566b229e08744587a158e48bccaffc3,1,-0.0,0.0,social_media,1.0,2,ko,1,exorde
7174eb9cd8eeafef267c41cdd1a120f39459e975c4f8884ace8ad33063eb41ef,1,-0.0,0.0,social_media,1.0,2,ko,1,exorde
718af980cb01a1272b2142e4e913ab4d7ad5ccdf0f73c4aa4da2ae0bcaf3e99f,1,-0.0,0.0,social_media,1.0,2,ar,1,exorde
719729e2e6e5a0dcdbfc6082e170244b6838f7ab66f98aad87a0ad4de1f4e3fb,1,-0.0,0.0,social_media,1.0,2,ar,1,exorde
71a2cebed9fff8b3bd9057e2e9cc752fb1e23be300fb12c2353436da34a96c89,1,-0.0,0.0,news,1.0,2,ko,1,babel_briefings
71b662e91d414484a0ebc687a1aaf23da51ec422c952749da51de07d2dfc80dd,1,-0.0,0.0,blog,1.0,2,en,1,blog_authorship
71bbbf3cafb7a3cf2e90b0cedf8a15fa3f739616c70c95052b47131ffd3d4a3d,1,-0.0,0.0,news,1.0,2,es,1,babel_briefings
71c7055116e1b8271bdef7a3d1259cd829e8aedc2fe6555690e822776949c10c,1,-0.0,0.0,news,1.0,2,ar,1,babel_briefings
71db4ed86b00a25bdd08dcfa1b7a531214024af06c438dc2525cf631eba9c59d,1,-0.0,0.0,news,1.0,2,ar,1,babel_briefings
71dd4c63e65efc1ca8a5ce85562c043181650c335036c4da9e310a7a636a8222,1,-0.0,0.0,literature,1.0,2,ru,1,russian_pd
71e80461f0051db341c0adf24e398fb939b7b01295ee941e04d3e84f395db277,1,-0.0,0.0,social_media,1.0,2,hi,1,exorde
71ef29f8e9025fc85f75d8c34ff6e94afcd48e3b21cd8f8e8b82668b3f3fae18,1,-0.0,0.0,news,1.0,2,ru,1,babel_briefings
720f6b1dd9f4bccaa1652c17ef20477879d852ef6363b6f40265d88d04eb03b7,1,-0.0,0.0,blog,1.0,2,en,1,blog_authorship
721031f7d2461062c6963c75703b7bb19c75518b424f746e40d4814d2d50b227,1,-0.0,0.0,social_media,1.0,2,hi,1,exorde
721347830795cff9f74d012bb28a59779197e6b0c45e0d4144ee3e79b9137935,1,-0.0,0.0,social_media,1.0,2,de,1,exorde
7228b5d836424b7bd867e39ba42283ef84ea0b048c02a36bb054daabeb7c382f,1,-0.0,0.0,social_media,1.0,2,ar,2,exorde
722ea0f358107ed01674e949d6747ff6b4f251bb8b6872332b08040623f8ddbf,1,-0.0,0.0,literature,1.0,2,ru,1,russian_pd
723e653a78cba5a6ea7783af5ae088440652d9a96d49872aeec158a881d1ae42,1,-0.0,0.0,social_media,1.0,2,ar,1,exorde
72469efa8bf62e05c238fef5aed33b40156b8de2a344ce3878fabd62394aa69e,1,-0.0,0.0,media_reviews,1.0,2,zh,1,douban
7249fdb1c372fd956794f5c187fbf729e148aa994caf73b9c95c4ec85113910c,1,-0.0,0.0,literature,1.0,2,es,1,spanish_pd_books
724c3c866f665cca337705635b058881355db90972b386e182b7c0c2b54e4b57,1,-0.0,0.0,literature,1.0,2,ru,1,russian_pd
72575edc60fdb51a33de14288f868e9ba96fd320dd448a643a165a6130d3cc38,1,-0.0,0.0,news,1.0,2,ar,1,babel_briefings
7258313c17ba9ea1015c0ad606ed5a7268eb127aed8fc1abd2fae3ad4cf602e6,1,-0.0,0.0,poetry,1.0,2,ar,1,arabic_poetry
725e3708ebd8f2d57fcf73bf8c1f99565f3f0fe793351f61135c2ac5c652b627,1,-0.0,0.0,social_media,1.0,2,fr,1,exorde
72608857e623be2f725bf4d11ad3c9bd04aa43afdca16f2ede116cc079f06b3d,1,-0.0,0.0,social_media,1.0,2,zh,1,exorde
726459234c38783d6d5a9f2ccd9b8b89be7620f6cceddc5919173f0034aff2f8,1,-0.0,0.0,media_reviews,1.0,2,zh,1,douban
726752b1b146d9a0f3491ddc4d740bdb3ea3b3aec492d98363280a047cda10a8,1,-0.0,0.0,news,1.0,2,ru,1,babel_briefings
727d3b2ffdafc0f1f3aa02f5063c59972734ad4a2c47bf180baa06056977bf4a,1,-0.0,0.0,social_media,1.0,2,ar,1,exorde
72843ca62fc2e50b58b95d6f5ec6c45825f6dbfd4164923b2c6c3de7136189fa,1,-0.0,0.0,literature,1.0,2,es,1,spanish_pd_books
72851e2781e2e63896261f3df9fc5d62724647a1d5c8b33cdd4cbe96c6ce0325,1,-0.0,0.0,literature,1.0,2,ru,1,russian_pd
72ae6bd5e33474690ebffd56e04609a70df746740db41efabd1dfad61b2acb6f,1,-0.0,0.0,poetry,1.0,2,ar,1,arabic_poetry
72af8069a2311e6062379120aa52409711e9af7a9d420454ae9532ad20cf6b6a,1,-0.0,0.0,social_media,1.0,2,ar,1,exorde
72b0f7fd0cbe9150ac8b9993f823102cfc6017b0da015f0f51a3ac6ddeb69646,1,-0.0,0.0,literature,1.0,2,es,1,spanish_pd_books
72b2731f266e014751b2a4730ffc61fb02d2950e0f6ff1b96cf59d6368faa665,1,-0.0,0.0,media_reviews,1.0,2,zh,1,douban
72d6f1a84ec004058fb3f72f61e884aef5665fb86aff25d925aa70578bd47033,1,-0.0,0.0,social_media,1.0,2,ar,1,exorde
72d842666d49e9a1e098ccc0e310fc51765bea59fc02721c2c24541ece177fdd,1,-0.0,0.0,news,1.0,2,ar,1,babel_briefings
72fa859adc513bfe9694f4995e46028d658042078403abd4be1bab35570c3c74,1,-0.0,0.0,news,1.0,2,ko,1,babel_briefings
72fbaffed1cf731da496a9d15d84e81a97e93b7fa436ebd5d64916b884984dc2,1,-0.0,0.0,literature,1.0,2,de,1,german_pd
72fcfb8a8e01e817aa8e8f878f5dec16df8103b9a57b7cbe44da109a89bc7739,1,-0.0,0.0,news,1.0,2,es,1,babel_briefings
7305a3e81e2f7079c09cdf78030ee068440cc24f852f7997a9da33824a9d24c1,1,-0.0,0.0,literature,1.0,2,de,1,german_pd
730923fe715e885a3698ac8794fb90daf205e9fe62d9ac1408725f0b93e69921,1,-0.0,0.0,literature,1.0,2,ru,1,russian_pd
73178fced2feb706e9ce0221db838ba736dde16674792c4d1fac94bd457dd0fc,1,-0.0,0.0,literature,1.0,2,es,1,spanish_pd_books
73212176b38c7a70a9f8026473ae7a9b92c52abcaaecd00d09962d78613101f4,1,-0.0,0.0,social_media,1.0,2,ar,1,exorde
734fcc8d2b3bc20186500c996a83a6872572a982082cbe2a74b63760b6b5daf2,1,-0.0,0.0,social_media,1.0,2,ko,1,exorde
73504af2716b5bbedab7fe80b63d15ac534aded9e706861804aa23ce2993a203,1,-0.0,0.0,social_media,1.0,2,ru,1,exorde
7359f45cca47544c85de5e91f159aa795fde51f4d413f13a426ad806f1c31a36,1,-0.0,0.0,literature,1.0,2,de,1,german_pd
735ad3928e8474466752a0c3aa65401cbde781f4ed2d22cad9bf83f357f0c928,1,-0.0,0.0,literature,1.0,2,ru,1,russian_pd
73793a4ec373775685aaeaf8dd2476cf69fde71df4f5df1e8a45d2e46325219f,1,-0.0,0.0,social_media,1.0,2,fr,1,exorde
737b5c7a4081d5ec991180ddcf85eeb6283576f55eec58ffdc91fa3b0f48aa66,1,-0.0,0.0,news,1.0,2,zh,1,babel_briefings
737cefd207e24680e98cf24b161937f54e0611cc27cdf70221bbe3c4ec0a86b7,1,-0.0,0.0,literature,1.0,2,es,1,spanish_pd_books
737e47b31acfc26b3df773550701fa4f99a15f4229e3848e0aaed7f39e055a5d,1,-0.0,0.0,news,1.0,2,ru,1,babel_briefings
7388d9213a00e34c8a6546d72cfdca9da55e50c30e937842ef0d4abe70b0dce5,1,-0.0,0.0,social_media,1.0,2,ar,1,exorde
739e355792ce256e4755f97cb6c052607f88e720405a534a736505ae640e40c9,1,-0.0,0.0,news,1.0,2,ru,1,babel_briefings
73cf0234abbdbe341fa49be32687fa0613309c22c86cfa46852bccd6368b3a8c,1,-0.0,0.0,news,1.0,2,es,1,babel_briefings
73ea2417191d6467285f941437c3e2003c019770e9b09f23c87b0357acf2f29e,1,-0.0,0.0,literature,1.0,2,es,1,spanish_pd_books
73f3992d3b68c31f59f9965fe7cf50367350f5ceed70fcd3ca1b665b96033bf5,1,-0.0,0.0,social_media,1.0,2,hi,1,exorde
73f45303f760bfcb6f7a781700114650808ef850d252f0576ecb31bea3897291,1,-0.0,0.0,media_reviews,1.0,2,zh,1,douban
740440e33e2f89927be74ef7e9c52d273aeb85a3f203948f4bf774dbfd08eb8f,1,-0.0,0.0,social_media,1.0,2,ar,1,exorde
7404483114fedf9c733e21de706b3e40148e0e3333d57ff2616b695f330d0659,1,-0.0,0.0,media_reviews,1.0,2,zh,1,douban
741426cb5527374a3fbf56c4655ab02be76e1b5a68cf3aafec2f4c6745d9590d,1,-0.0,0.0,news,1.0,2,en,1,babel_briefings
741b42e75b6ae2e97ca38cc13072c4126b145fd4134fa22d48987e69d35a236e,1,-0.0,0.0,literature,1.0,2,ru,1,russian_pd
742a9dad52cb209b89c34aeab54be95be9494e710a38eb308ba74346141c0b29,1,-0.0,0.0,news,1.0,2,ar,1,babel_briefings
7430f26547ad6d086b6c8288ba410f3bfbb3d145222b0a0f4b83d34806c7b030,1,-0.0,0.0,news,1.0,2,ru,1,babel_briefings
743c83c5dde49da2cc4d91e990689ca08e90adecbacef6fe08b3f4c9177f1ce8,1,-0.0,0.0,literature,1.0,2,es,1,spanish_pd_books
744337eb503049239b90fd305dc01db413cb1d839a57c61918d0884ca4b44fd3,1,-0.0,0.0,news,1.0,2,es,1,babel_briefings
74435273f98145d9a11d4cffc0f0d4db25f28fb0201f1865604524f1656fa4f4,1,-0.0,0.0,literature,1.0,2,es,1,spanish_pd_books
744b4468ae9b39a1e0f703042e53ad1b2aa26b37c6ec8487844e246ee96b2d23,1,-0.0,0.0,literature,1.0,2,hi,1,hindi_discourse
7454e5498a68e6d599e79c17f77cb56467a8fbd309eddc0feb2ac15a5af651ef,1,-0.0,0.0,media_reviews,1.0,2,zh,1,douban
746729f36b8eebc399b0848b3ada20e04b9d0691f0a6ffdeb8e0b4cdc37446da,1,-0.0,0.0,literature,1.0,2,es,1,spanish_pd_books
7467fbb64b198adbbfe8eb5705c37c5521727348fe106880c5a6eabd73ec00b8,1,-0.0,0.0,literature,1.0,2,ru,1,russian_pd
746b242eed247add740737931c31d4dd800b8348ee54583ae277036a6907159d,1,-0.0,0.0,literature,1.0,2,es,1,spanish_pd_books
7479152e018c9308b7c2ed786e836a3ebd348afc2b88426265155f488c2a8aca,1,-0.0,0.0,media_reviews,1.0,2,zh,1,douban
7480cc087da270d9f0e146ba9b64515be5d556a231780b69dcfbeaf61151e6e6,1,-0.0,0.0,news,1.0,2,de,1,babel_briefings
74957c87ecb5e57f467ecece9d13afcdf7f05e7b9319a576ea91b236fc6b9f4a,1,-0.0,0.0,news,1.0,2,ar,1,babel_briefings
749990f6eab2d23e8c23ffee090d1a8c0ce6b66d110b50bfdc77a8be4f5e15d8,1,-0.0,0.0,poetry,1.0,2,ar,1,arabic_poetry
74bb227ba633dbe18bf33bf1472cdf044f0a0db6f7979213aff58d503b974fcc,1,-0.0,0.0,news,1.0,2,en,1,babel_briefings
74cd3323991b71d1a4a9bc8a4e860fa906b16d363161857bd985acc256e11ac2,1,-0.0,0.0,news,1.0,2,ko,1,babel_briefings
74ce3edc8145a747ae1921eb2ad372a57eb7009e961e43eec8c939c906569bf1,1,-0.0,0.0,literature,1.0,2,es,1,spanish_pd_books
74d15272c5d405ceeb88b4526e8c8eaaeff690bdc05388d0a79bcaa6e7be839b,1,-0.0,0.0,literature,1.0,2,es,1,spanish_pd_books
74d5e11002e4865c3426a09fba71c49c9575121678121b196a3d49c637b93631,1,-0.0,0.0,literature,1.0,2,fr,1,french_pd_books
74e1ad7626aaa7362de7820df715d584564f3eedb3e706cf072417413f1d389b,1,-0.0,0.0,literature,1.0,2,es,1,spanish_pd_books
750f5a5e064c708078da22e2981872cf8c117133d92a1bc3a69dab974f37193e,1,-0.0,0.0,social_media,1.0,2,hi,1,exorde
751f0470b14d5723e116ad5f35b003856c30f1f0ddc4ddfebe4f5f3519b2f795,1,-0.0,0.0,blog,1.0,2,en,1,blog_authorship
753d97dff24eec884aacec80adce9bae8c073f4a67e91118c91ea6b6429cc518,1,-0.0,0.0,social_media,1.0,2,ar,1,exorde
753e021c5d8a6e61b0dfc240efdcfe17dbd0d7544dbdafb4813a9b9c6106f46c,1,-0.0,0.0,blog,1.0,2,en,1,blog_authorship
754036586d4fe52bcb5534e4c8870e8ec95a1ab7cd3d5fa3f1e8fc639f923b71,1,-0.0,0.0,poetry,1.0,2,ar,1,arabic_poetry
75471e79c80d521a381c808a821b3c6f97799611c9bf7de1d2bbce80ab2b098c,1,-0.0,0.0,media_reviews,1.0,2,zh,1,douban
7551c63cf5f6722864dd511c6f859e253ee097af5554b3e9e705b76cbb954278,1,-0.0,0.0,news,1.0,2,ru,1,babel_briefings
75632468514cd16e8d73cac34542cc2af64f3ce2ea488dce18079dbcf5086863,1,-0.0,0.0,media_reviews,1.0,2,zh,1,douban
7565a87d99314ea6c5da7045a85da529624d99d91d03f478f1649d4785373880,1,-0.0,0.0,literature,1.0,2,es,1,spanish_pd_books
7581c097cba73d3db790126b0ecd3cf77dde0a03ff0613a3b9172890c1ba2d48,1,-0.0,0.0,poetry,1.0,2,ar,1,arabic_poetry
758faa3c9d3b0e5d6322d2272fc2ef0d63700d0f3168e4e5566ff39128219d12,1,-0.0,0.0,social_media,1.0,2,ar,1,exorde
75922e551fa0bbb811c3435ddf2c55a41ba7bf2f347a846f03ba35dc2641bfe2,1,-0.0,0.0,literature,1.0,2,es,1,spanish_pd_books
759d7a9a51972463cc910270cd6baf5f82831c4b825f889f63324410bc7c30da,1,-0.0,0.0,poetry,1.0,2,ar,1,arabic_poetry
75a1151490a6235c81131847e115b2284c302e1056cb9d71a01f2ba05dd2f401,1,-0.0,0.0,news,1.0,2,en,1,babel_briefings
75aba9ce76f608554f42b97a6ef28abd1d3176f9647d4b33c8ff79d985add1be,1,-0.0,0.0,news,1.0,2,ar,1,babel_briefings
75ac142119cc2752d05b1c17b9fd2e2722c91db3ebc5845e768ec816f0d5b443,1,-0.0,0.0,news,1.0,2,ru,1,babel_briefings
75be1ab872d094f23e72514ae5c70eed6e1b2e33af40c7ac9d2b86a2ad4cfec7,1,-0.0,0.0,news,1.0,2,ru,1,babel_briefings
75be80b8009431d3679f0e588459ddd47518a255ce44c77b904b3a739c6e0268,1,-0.0,0.0,literature,1.0,2,es,1,spanish_pd_books
75c83d903f4a288c4aa8c67fbe35f5dd4c54c27e10b303e2234e968b7fd8113f,1,-0.0,0.0,social_media,1.0,2,ar,1,exorde
75d097fdfb61a449dace0c2d48fffb8a8ae47b156fc33fce46ba7c8a316282a5,1,-0.0,0.0,social_media,1.0,2,ko,1,exorde
75d21e4ffdfd55ef3158b8b942503c8462d01cbc6546091d9c1e43bdc6a21d55,1,-0.0,0.0,social_media,1.0,2,ar,1,exorde
75dcd98be2c756324f187de858a7492568c19e4b94e66093fe7bb680d9370731,1,-0.0,0.0,media_reviews,1.0,2,zh,1,douban
75e8e472739891368dd81ec4360ee7f182d7c2d00fb3279c2e222e12c2275ae7,1,-0.0,0.0,social_media,1.0,2,de,1,exorde
75ea937b2522000f8fdeb753f64976093d68a3b8dd4170458535c973db42d4fb,1,-0.0,0.0,poetry,1.0,2,ar,1,arabic_poetry
75f0e24760130636c71dcb8d896c847535fd26f49187b60852efaf53d4099eb3,1,-0.0,0.0,media_reviews,1.0,2,zh,1,douban
75fa2045413424264437df71774f2e10456a3b6938231760851a005414aecd6b,1,-0.0,0.0,news,1.0,2,ru,1,babel_briefings
760b15c26755f1b1e004a478a328b00cf1d01546f8772ce80a079184d3b68b08,1,-0.0,0.0,literature,1.0,2,es,1,spanish_pd_books
760b9737b5fb867a0c69f8a29b6eb934fc5aca4ddcb4200768a55a60f295ffee,1,-0.0,0.0,news,1.0,2,zh,1,babel_briefings
760f42a5f5613bc99ae59cc9c678b34cc9d9b9553681bef72358a4aab4618b75,1,-0.0,0.0,news,1.0,2,ko,1,babel_briefings
760ffcb4c5e07f93795f984c8f0243b57981a3980d0c5a57fee09a394385f837,1,-0.0,0.0,literature,1.0,2,ru,1,russian_pd
762bc06f28243f443e9f7b016b31c70b76e0b93c7405cad9245abc98cb57db24,1,-0.0,0.0,social_media,1.0,2,fr,1,exorde
7637bb615db574a75b65e0d034766e9134dddc9e13c10bd4088f7a8e482c7559,1,-0.0,0.0,news,1.0,2,ar,1,babel_briefings
76581d1e34f8925302eb2720fbe7a3c5dfbb65001c10b4108bc470b98de474de,1,-0.0,0.0,news,1.0,2,ja,1,babel_briefings
7661020488d574b3e888bca36c187ba89f544c2cf974d1e382cb6d7e17ce57a5,1,-0.0,0.0,poetry,1.0,2,ar,1,arabic_poetry
76636b4167bc2f3f1c483cc323caeb3174d58c1b0d1437c559bd3845eb939645,1,-0.0,0.0,social_media,1.0,2,ar,1,exorde
766e240df274ea7fa36aa29371a2dd1ea7d2766194e8f9bd11bc0d0848624b65,1,-0.0,0.0,literature,1.0,2,es,1,spanish_pd_books
766fdd689145806afac15d3125bb5ad0a5aca089d28e1a6159482dccdddf1b68,1,-0.0,0.0,social_media,1.0,2,de,1,exorde
76722dad5951271046134d363e8a67766955e0fbf308c2d9d535cd3ed363e7d0,1,-0.0,0.0,news,1.0,2,ar,1,babel_briefings
769a6c234ff3b8ee988f12ac906d1ffae8f0025076ca0f0e8c613c537f89221e,1,-0.0,0.0,social_media,1.0,2,ar,1,exorde
76a3065ba3d796141ccbc40aecaae5c6c7ff48147f5bb1fc2d3a05174b6765e3,1,-0.0,0.0,social_media,1.0,2,ru,1,exorde
76b18588c8ca18450caa3010cf1608951202dc28d51773bd406a038b23bc5a9b,1,-0.0,0.0,social_media,1.0,2,fr,1,exorde
76b1fc48a909f7fb8f3af94f4c044fc6462165eabe4e4955f4aebbfd3a886c6a,1,-0.0,0.0,news,1.0,2,ko,1,babel_briefings
76b9407c2444796130cc4d960cc81c1c9307a6855e339ec90e5f0d0951994a98,1,-0.0,0.0,blog,1.0,2,en,1,blog_authorship
76d0d09477c4336a63e66d8ab847609ec029e2422fb8b81db9f02ed90c4131c5,1,-0.0,0.0,poetry,1.0,2,ar,1,arabic_poetry
76ddb1c5cec06acb5edf3ee449ca440d0248f6d96d5aebb6b4108da1f12173cf,1,-0.0,0.0,media_reviews,1.0,2,zh,1,douban
76deae97dea7f0a97307663ba60a7dea3642b7116fc04c2328516c484fef21fb,1,-0.0,0.0,social_media,1.0,2,ar,1,exorde
76df88e75be545c1e9fdcf9ff309a2d8585758d59045d6e5dcf2a4bca23b592d,1,-0.0,0.0,blog,1.0,2,en,1,blog_authorship
76e2596ae17028aba17bd6781e46555d09abacaf09bccc81aae11e80b1393dcd,1,-0.0,0.0,literature,1.0,2,es,1,spanish_pd_books
76e632cfd77acb09784fa604f624936803225f85ed3936ea03b768fd5f231f9e,1,-0.0,0.0,social_media,1.0,2,ru,1,exorde
76ef1cdf591dce1ce6b4502a036d9168adea28492fe07ef8c4e55a8c10301ebe,1,-0.0,0.0,news,1.0,2,es,1,babel_briefings
76f0b62cd2d8b6e0e6107a3214fdebde966db67a425f03e40e1d65c91357a34f,1,-0.0,0.0,social_media,1.0,2,ar,1,exorde
76fdc16e3ae3c234d1604253f55e822c78d4005f6eae72f812e72b69bea9af6d,1,-0.0,0.0,blog,1.0,2,en,1,blog_authorship
7708221f921b41c9bc0c18e4ed2b355f345850b6e3f07dc07c909ae41584d0b8,1,-0.0,0.0,media_reviews,1.0,2,zh,1,douban
77145501381b9a04da3ab1397cad9fadb3dd376e7d7c1ced3928ccb02de1559c,1,-0.0,0.0,literature,1.0,2,es,1,spanish_pd_books
77161df2f556e30eebdeb5af4026bfa3e6442ebe6beb41edf526eadcfc99d73c,1,-0.0,0.0,social_media,1.0,2,ko,1,exorde
7716be2dec03aed36b443718774cc49f8a85a2fa06bbc71157ca31516da47661,1,-0.0,0.0,literature,1.0,2,es,1,spanish_pd_books
771a086a7a4faf29937d81ff83fe60e17caf1a492e01abc62de2c936d52be10f,1,-0.0,0.0,news,1.0,2,ru,1,babel_briefings
773be291c54c79ab7cb64057584513ebc4dc678baea84e0b9673f58a32047872,1,-0.0,0.0,literature,1.0,2,es,1,spanish_pd_books
7742a928f3242e438068ec86c28f8d9f8444e51716b08e10a978a2f6a8b6c28e,1,-0.0,0.0,news,1.0,2,ar,1,babel_briefings
774b4b62d7b7164e41bf127fb4753f444511430427f9331627d6e1cc18574b60,1,-0.0,0.0,literature,1.0,2,ru,1,russian_pd
7750d8156b7c3ab39dd83743399522fc6f5188c9f0cb338d2bf812234c1b34c3,1,-0.0,0.0,news,1.0,2,es,1,babel_briefings
7755c0be9d86abaad5ba6b955bcbf170db0f6de035044cf3671847b866ee9493,1,-0.0,0.0,media_reviews,1.0,2,zh,1,douban
77600316804b56a5e9fea1294de5680b39bfb21ae6c1acc0148ff91ae8c79da6,1,-0.0,0.0,blog,1.0,2,en,1,blog_authorship
77612978c1c17339f2636d805732c512899ee4dc0e905122530e63d15795b5b4,1,-0.0,0.0,news,1.0,2,ar,1,babel_briefings
776a70fe2c215a07d326e356bfd0cb1ef07633b2524ac9a8af57cd4884355528,1,-0.0,0.0,social_media,1.0,2,ar,1,exorde
778f109f4f4fff7e9c57f9937758526e28d6d5edcc38ea0279cb3454ef38fcc0,1,-0.0,0.0,news,1.0,2,ar,1,babel_briefings
779e3041a5741dfa7b12d6b067490b63fd48aa39feadee8fdaa2cdd9b6ee50e4,1,-0.0,0.0,poetry,1.0,2,ar,1,arabic_poetry
77a34c59c8a895bc57bb88a5c7656a95b12d5f6b03a0c61c4a6ad4458f1b1c7b,1,-0.0,0.0,social_media,1.0,2,ar,1,exorde
77c45129c7153f2c3259b2b5f2c6249552472ee0d5e1740cf686f99ef4beeb67,1,-0.0,0.0,social_media,1.0,2,ar,1,exorde
77c69b7bc0d665e6c8c8598714d90abaf05917e7c9484b4f33456f0af2fd55a1,1,-0.0,0.0,blog,1.0,2,en,1,blog_authorship
77cc8d63e120e4b540173640c4bd120cf49467112afc00e798e448e33ca5abac,1,-0.0,0.0,news,1.0,2,ja,1,babel_briefings
77d3f92380d4108201cfda7ad64db2252146664ba7ba6ef0c57d76c22679adaf,1,-0.0,0.0,media_reviews,1.0,2,zh,1,douban
77e440a45ae343f3280770c73a479f113e8e43ae1b505ff12888fbe9c0db3d6a,1,-0.0,0.0,blog,1.0,2,en,1,blog_authorship
77f0bdd84aafe1ce157f7e076537581f733cd805341ad7a508aa583dafe5ff38,1,-0.0,0.0,social_media,1.0,2,ar,1,exorde
77f6c9bca5b3d7c90ff2a38e1ebae64c6493fb2b56007f23af825e5ba1936f32,1,-0.0,0.0,news,1.0,2,ko,1,babel_briefings
77faa8d07c55957348127a5625258413607c3d03e256445337ba053c82af4859,1,-0.0,0.0,social_media,1.0,2,ru,1,exorde
7806aea45fef2ecb65a2ccd5cb763aaf1e12af0a55dc167dfa730c3d0f1b2f5e,1,-0.0,0.0,news,1.0,2,ko,1,babel_briefings
7824b972b6c68e28bd1c0437d118e5f4065c67842afb97182b660808cac4b663,1,-0.0,0.0,news,1.0,2,ko,1,babel_briefings
78312e54f744c267f4f7209e3db8f2ae06998c0860a3e5502d14414b9514fe75,1,-0.0,0.0,social_media,1.0,2,hi,1,exorde
7833fcfa356169b6f1306aeed739ae601f890ce724461f6df62200627cc86ea2,1,-0.0,0.0,news,1.0,2,zh,1,babel_briefings
783457ce224238317a01a30d37cad76a6b4d9c52cb9cbaca8f6565bd45b2c200,1,-0.0,0.0,news,1.0,2,zh,1,babel_briefings
784bd4214bd98a4802b315ee8c553bdc744d76d69067a5782dcb9ca7131d9d59,1,-0.0,0.0,social_media,1.0,2,zh,1,xiaohongshu
785ae416e77ccaa339532688f4fb38cc3ed4e78de1ebcf420a0a5894087bd6dc,1,-0.0,0.0,news,1.0,2,ko,1,babel_briefings
786522325edb1ace349b80a112be97d7bffebcb1532e8b78e901ce629af49e09,1,-0.0,0.0,social_media,1.0,2,ru,1,exorde
786ca762f32295af29540b5301c6387219ab808b7119fb0b4a7e7073c174f9e3,1,-0.0,0.0,literature,1.0,2,fr,1,french_pd_books
786e8e9b1ef372754a08b9ef927bae632e84a80bf75b283ceab137cad0b0a427,1,-0.0,0.0,social_media,1.0,2,ko,1,exorde
78700f8c0b16ca3b15fa8478fa6b26e943152493ea7381e431b5519ef996ac8f,1,-0.0,0.0,blog,1.0,2,en,1,blog_authorship
787a614973545054f2a226bfb5019d5d331f6d42f532e956b96cc42d46ad03a9,1,-0.0,0.0,news,1.0,2,ru,1,babel_briefings
787ddea277b69ccbdbe5fd886bfe543a4926ad97df39d15ab75d550112523fde,1,-0.0,0.0,literature,1.0,2,es,1,spanish_pd_books
7892fea4cdbb06816fd8891aedd59af74dcba6ec6c57e436700477bb4adc77a6,1,-0.0,0.0,news,1.0,2,ko,1,babel_briefings
78b1737b193eb701f706fc585a2e853eee359f6c3c2c40e4fb55e9382bc61df7,1,-0.0,0.0,news,1.0,2,ar,1,babel_briefings
78b374323cf75d552f0e601ea207f856a1b02c80ad7f9b648d9f93b350ad746b,1,-0.0,0.0,literature,1.0,2,fr,1,french_pd_books
78b51a3f91d3b4ee1f9a8b54f50a2194e2ec6055c9c1991dc405524dd7794b80,1,-0.0,0.0,literature,1.0,2,es,1,spanish_pd_books
78bd3c4e168b3631919eaa6cf1d316c969fbb6066aa22d24eb4c9a3dd25c4f88,1,-0.0,0.0,poetry,1.0,2,ar,1,arabic_poetry
78becac795c7ebe1b27dd3f242eb39129b0f42b9df0c14fdd9a0e375d305dfb0,1,-0.0,0.0,social_media,1.0,2,zh,1,exorde
78c279ca41d522c2239be845a8adea19ccc41acc1e4b6523c3aa64084856481d,1,-0.0,0.0,blog,1.0,2,en,1,blog_authorship
78ccd3a3337f6dfe962ab8fe4ce02ddd1cdebcb29fcbd274034c833d2ead4837,1,-0.0,0.0,literature,1.0,2,ru,1,russian_pd
78d28e70055e572027837154ec60191386c8109fdbd4ed7783a848283723e10c,1,-0.0,0.0,social_media,1.0,2,ar,1,exorde
78e22907f10585507094d7806a36c226a089bce31092e3ee91415606abbc6031,1,-0.0,0.0,blog,1.0,2,en,1,blog_authorship
78e4fe3207236005a91c6136764b68fe5575ff710f2a5d78f48a7985f8ce39df,1,-0.0,0.0,social_media,1.0,2,ar,1,exorde
78e83c8a4e0c4cc45dc56dfdcc5796733c16db682781038cfe25bd0e79f36573,1,-0.0,0.0,news,1.0,2,es,1,babel_briefings
78ee40282360a5eebf8799264236ec9a174c2a94ff848129d5661e48f99b20ae,1,-0.0,0.0,literature,1.0,2,es,1,spanish_pd_books
78f308c02a0419446ec2f8bd03b50c616cfbd42ae4a446a5adf7a3377ab2ec71,1,-0.0,0.0,news,1.0,2,ru,1,babel_briefings
78f3aa43691759ef898ab2ea8725dfc91977b25dbdceb9dd70c04ad7ab818b77,1,-0.0,0.0,literature,1.0,2,es,1,spanish_pd_books
790018e82064f92aa93fe2ad52b8c9af202a7f156db9c9e6f38bf8a8c601e313,1,-0.0,0.0,literature,1.0,2,fr,1,french_pd_books
791219233f9bd1373f9b481020d8e29046aacd3723d8e3d5fcb0bb55f962ce86,1,-0.0,0.0,social_media,1.0,2,ko,1,exorde
7915837a3f4eb1c36c8640ce453adad9095c14c1e33a738b0fe48bd95576193f,1,-0.0,0.0,literature,1.0,2,de,1,german_pd
791790f08a4304b69ec69b614c319f97aaadfa3b1fc13f0e253574c72066d522,1,-0.0,0.0,social_media,1.0,2,ar,1,exorde
791c5e85e79634ce7fdeb068bb92ea6b3ab784c5006421e90fffc4aa06bfd646,1,-0.0,0.0,news,1.0,2,zh,1,babel_briefings
79203b0fedba36c6c1eca4624ebb99acc1433ef889531a8b55cad1b6d13478ef,1,-0.0,0.0,news,1.0,2,ru,1,babel_briefings
7922115613fb41d6fd5bcc2b1e3a73bc5eb282c8c1f6ebb6aa25d9873e7b4144,1,-0.0,0.0,social_media,1.0,2,ar,1,exorde
79272849929ef13f4498c79d00dbdaae89abcbdc1b6d7fb71cd77392499639e4,1,-0.0,0.0,news,1.0,2,fr,1,babel_briefings
79295e1b4a302ed2bdab6767d400d4b8d46e9f743685561920b41481e397fdb9,1,-0.0,0.0,social_media,1.0,2,hi,1,exorde
792eaf7d6abdcdc5a217680b96abe7bbf8e53a8b47e210a867c5e1a5b6389ee0,1,-0.0,0.0,social_media,1.0,2,ru,1,exorde
79376ecfd7d6dcd0310365c32d3045c6482d947ae0d47e83fee18057a607c5a4,1,-0.0,0.0,literature,1.0,2,de,1,german_pd
79377cc394b592ece82b0643e96aa1559ac8708ea993e80bab3424bb092f5da4,1,-0.0,0.0,news,1.0,2,en,1,babel_briefings
793bc5fe27411ea678c1d256ae3cc8e2891fc7e2d870bbf5aed483540fba1d55,1,-0.0,0.0,social_media,1.0,2,ru,1,exorde
79424822b830bf15af5a20ab40733563f42fcfa3c9a5b5fad29cd5f0681788ae,1,-0.0,0.0,news,1.0,2,ko,1,babel_briefings
7959418b5716d648632e765cd1f2209d36c6979c0d16bc981a6732122b221296,1,-0.0,0.0,media_reviews,1.0,2,zh,1,douban
795bcaa786a3f488f05fc1ee01749335aa6fc8bc705b6991c7d0c410bfa7379a,1,-0.0,0.0,social_media,1.0,2,ru,1,exorde
795c66a39fc94682455512817064ca28dadb8cb6d32f084e5458ef656135dc25,1,-0.0,0.0,social_media,1.0,2,ar,1,exorde
795c7e3eda1673541417a5b6a47f9707e76bb20da648a108ea6455fd08ddd9aa,1,-0.0,0.0,social_media,1.0,2,zh,1,xiaohongshu
7968b5a3f52bfebeb10cf65f3df93564b57453ea9adbb107547957842b10361d,1,-0.0,0.0,literature,1.0,2,ru,1,russian_pd
796de3057299b8f8b59ecc6b7bb80f1f77ae61b2b9a9e37cca219b8e43634bf9,1,-0.0,0.0,news,1.0,2,en,1,babel_briefings
797a7d5dc06401e5be3c0597203fac949e763ff13db8029550c37c2bd0e4e438,1,-0.0,0.0,social_media,1.0,2,fr,1,exorde
797b70eb7b2ebef97a893a85115b0226542f33a2ad1516069f3080be05552535,1,-0.0,0.0,news,1.0,2,ar,1,babel_briefings
7989dc615554c6b24216076513490f0f6811b0ccec2918b38c800a72de7f16f0,1,-0.0,0.0,literature,1.0,2,de,1,german_pd
799b300c3a426e5a5d79bee282d625350b4904a2a4fd558cda2023834ec3e0d9,1,-0.0,0.0,social_media,1.0,2,ar,1,exorde
79b7b83845c016ef86ec54efcfdc04971d804f084a1349412fb90b2704e9190a,1,-0.0,0.0,social_media,1.0,2,ar,1,exorde
79cc03894184693049c3b72ccb0d584fc3e293216b4826235884af6b483cce36,1,-0.0,0.0,poetry,1.0,2,ar,1,arabic_poetry
79d066236cd09ba78e609570fe78a5c2eb01229adc840fc358588847010a52ba,1,-0.0,0.0,news,1.0,2,ja,1,babel_briefings
79e0a733e0d1370a2d9d925b0de2e01080aba3569b3e60ce22b0b7cfa5b6db7f,1,-0.0,0.0,literature,1.0,2,es,1,spanish_pd_books
79f3300f4316b21eb3ee59df5631a348e923a8375ba689566c821e9e84a1288c,1,-0.0,0.0,blog,1.0,2,en,1,blog_authorship
79fa468dd56a1a799db23357f40cd4852f2a37b911b661267d24d8a66749c5ff,1,-0.0,0.0,social_media,1.0,2,ru,1,exorde
79ff36c3f4c53b20e77d5da82a4fb8375d943fab9abf4503c3be212d5b880da2,1,-0.0,0.0,news,1.0,2,ko,1,babel_briefings
79ffe4bd561444d69d2bd1522b0d82584a6c0329de2dd5017d83f5a0d56e87cb,1,-0.0,0.0,social_media,1.0,2,ar,1,exorde
7a041e90931fc9b5f97515a4ca0cbfff3dfb14a423fb9162b713957d983723b9,1,-0.0,0.0,social_media,1.0,2,ko,1,exorde
7a0646186c0673f0d175b4f32e7057c237010e77bc41d5ecfab25c2db0c59ee9,1,-0.0,0.0,news,1.0,2,zh,1,babel_briefings
7a20b259b7b3f2b66d91f17d0aa88594817c9c38e4799881244df5cb35f72396,1,-0.0,0.0,social_media,1.0,2,ko,1,exorde
7a25fcfe1f569157e42bb40274d897e3f3bb3358f4490e0484fa9e688d6c0f54,1,-0.0,0.0,literature,1.0,2,es,1,spanish_pd_books
7a292d21c3232446260ed90b145816ad1ad58a1bbe64d83653fa4fc000873648,1,-0.0,0.0,literature,1.0,2,es,1,spanish_pd_books
7a2a306ba3aa28508d4423c3b5d1aec4bbb40913be1cc82c36447102429b1cd4,1,-0.0,0.0,news,1.0,2,ru,1,babel_briefings
7a2d62ff4022b1d4e937df056b6ffa017235be2eb67604d666e722b0ea3d9935,1,-0.0,0.0,media_reviews,1.0,2,zh,1,douban
7a36b8af1323601813bf54d740605c1a45781026424d98171757d76325b26b97,1,-0.0,0.0,blog,1.0,2,en,1,blog_authorship
7a3709f2efe53599972dcfecbd7f54d17ea71f4ffe0e944df515165b0959cc48,1,-0.0,0.0,literature,1.0,2,ru,1,russian_pd
7a38a7a44dec7d65f71079f678f0453ef8b27073326436f729143450dac68d2c,1,-0.0,0.0,news,1.0,2,ar,1,babel_briefings
7a4012c184e66f221e5bb6421975b29731b151b60175eae75c8f47533015e6fe,1,-0.0,0.0,literature,1.0,2,hi,1,hindi_discourse
7a4cad79d462605d95da8256b0c70d42a097d948c439abec0041a5e12d42cd06,1,-0.0,0.0,social_media,1.0,2,ru,1,exorde
7a4e60428a888d6b30c2dbd1a32aa5e717eeff7d10e277670a880a549d0bf0cd,1,-0.0,0.0,literature,1.0,2,fr,1,french_pd_books
7a5ca096dfcc1748c5136a65d16a1bfee950dd842d82418f413178b440254b5f,1,-0.0,0.0,social_media,1.0,2,de,1,exorde
7a63203fec2b6b1ccb9e26cf4d8d77dd16bef5abf97ac33a28208c674eab5a49,1,-0.0,0.0,news,1.0,2,ar,1,babel_briefings
7a641d02815a58c06a613b18e40360a06eb65d533ce82d36dd42acd0d547b1cf,1,-0.0,0.0,news,1.0,2,ar,1,babel_briefings
7a66b88479b95d0ab6cdff0f61e27ad675fd971ac21a17741238f7e89f996472,1,-0.0,0.0,news,1.0,2,ru,1,babel_briefings
7a676001c137da35d4cd514c0f32fc0011535bc6905cac3d787477755fda8ccc,1,-0.0,0.0,news,1.0,2,ru,1,babel_briefings
7a6863f8a1c7539e057f38a8f333504ff08924dc391ad07a44a7530eb058d66f,1,-0.0,0.0,news,1.0,2,ja,1,babel_briefings
7a84727c269c715ea37794d93cca40806a7f33396b2e016ad02d3a8069b92cc5,1,-0.0,0.0,news,1.0,2,ru,1,babel_briefings
7aac3b9edd2758dd2fb5102938ffd056227db9ef2fef2001db6388220fcee08e,1,-0.0,0.0,literature,1.0,2,fr,1,french_pd_books
7ab639790f3291ba59e92542dd2480fd8972bdcab40e759b11abe391e2edd42c,1,-0.0,0.0,social_media,1.0,2,ar,1,exorde
7abb763c017ac6efdf03c1b8550bc6c6f4c809edc6a9816db88acbc78d7e0010,1,-0.0,0.0,literature,1.0,2,es,1,spanish_pd_books
7abbb7ea5e68935d2d853452dae75a798f9d20d035b6160c43c675c269f8b08e,1,-0.0,0.0,media_reviews,1.0,2,zh,1,douban
7ac596757545e5b2990c1565c430ad8d78340143de2c54d5e476874d79a26386,1,-0.0,0.0,news,1.0,2,en,1,babel_briefings
7acc03516420df3340a76f14669076a287c808e8fe97dfcbc6fcb02ae32ffb93,1,-0.0,0.0,literature,1.0,2,ru,1,russian_pd
7aea45fb39e814457164f96f2a084454be01605654ed58ec563de551b5389fbb,1,-0.0,0.0,news,1.0,2,ar,1,babel_briefings
7af84dd97cb3486336ba4d0bef014cd99a85c47bbdbfe2e79ef9efa873c38ca6,1,-0.0,0.0,social_media,1.0,2,ar,1,exorde
7b0afceb276d40855ef8fc7a8cfba9d4fc43a6deeafc2a770669678621f8c0a8,1,-0.0,0.0,news,1.0,2,ru,1,babel_briefings
7b0d69abd7d2321613244ae07cc2184e6aa3a393dd276ad5514ea913f3f07f83,1,-0.0,0.0,poetry,1.0,2,ar,1,arabic_poetry
7b1c490af47f0f52e8f3f91d8932b89e6a3f27b1fa488e21e5efb28f71c136f8,1,-0.0,0.0,media_reviews,1.0,2,zh,1,douban
7b337885956911bb827f92f6b6cd03d970d104040816fbec45e8f3883835d495,1,-0.0,0.0,news,1.0,2,ru,1,babel_briefings
7b464abf63bedc7a6e7be6932b15103c05838eda1c7d993be1013449f1d04735,1,-0.0,0.0,literature,1.0,2,es,1,spanish_pd_books
7b52b2d701ad8e521a577d6b275f934e83de69b38708cb168c683a2d82e44e0b,1,-0.0,0.0,news,1.0,2,ar,1,babel_briefings
7b56746197c8dc85c9727fb6382df673841b55daba682b3edc2fcd391d28e436,1,-0.0,0.0,social_media,1.0,2,ko,1,exorde
7b57d9b2857f6528d52a5165be0a57a825a67525efd5c844b8f3029f5d75e828,1,-0.0,0.0,literature,1.0,2,de,1,german_pd
7b609acd9427af38dcb2786b711956ce3ad5329209f058a1f7aad53522a2c37a,1,-0.0,0.0,news,1.0,2,ko,1,babel_briefings
7b690b675ec3a9b784306cd9db283a899b52061d1f7acb9bdb595dfbf144b3a3,1,-0.0,0.0,media_reviews,1.0,2,zh,1,douban
7b6a5a35fe992f55e99a352a06db9248668ca95db6b424e52b0143ce8cacc7de,1,-0.0,0.0,blog,1.0,2,en,1,blog_authorship
7b6bfce750dca0c7c51233bd15c7006663a510460a511a220e44bf924aa49218,1,-0.0,0.0,research_paper,1.0,2,en,1,arxiv
7b83f464bed912eb2fe791219dae06adf28bf0b6f59a67589ace643133c8e0ed,1,-0.0,0.0,social_media,1.0,2,ko,1,exorde
7b86911b34a8c2622c08258e85439f3a10adffe14f5759eb3c6249125f42bd46,1,-0.0,0.0,social_media,1.0,2,zh,1,xiaohongshu
7b8befa3ba78a90dc3a6b680c14beca7810944976a2ce5fc3cad21ee527d52d6,1,-0.0,0.0,ecommerce_reviews,1.0,2,en,1,amazon_multi
7ba23d82bf6f9e569d2fb5bd7ffc0fbda0919be413e937f9b80b84ded6b6aa4d,1,-0.0,0.0,literature,1.0,2,es,1,spanish_pd_books
7ba81c51f94f005c282dc1f0c1adb26afb040fa57414013ddf5486c1811a31eb,1,-0.0,0.0,poetry,1.0,2,ar,1,arabic_poetry
7bb55c007627b6c2c778ff0817ed6564fc8ecbf9d6ba02fff6a304fb5e5e4ac7,1,-0.0,0.0,social_media,1.0,2,ar,1,exorde
7bb7033853930621c10b19be59efc622a5d2510c430f1a03913f92014f389a47,1,-0.0,0.0,social_media,1.0,2,ko,1,exorde
7bcc5e5010b5ae9d5e906b94b8b4f6d8b8d14463128ed9d0712a44760e991969,1,-0.0,0.0,media_reviews,1.0,2,zh,1,douban
7bd9f5fe135930366d3df4b85d15d034baec6dfef7e503ed4892f8a9e39bfebb,1,-0.0,0.0,media_reviews,1.0,2,zh,1,douban
7bde316512bf297f501d11d7630aea963d13093960dd5d48f0a11d177b7f2c18,1,-0.0,0.0,ecommerce_reviews,1.0,2,en,1,amazon_multi
7bdea2fa904d5a1d7cd15a0ee222928fe413b78d56163f7337649af3b0d417cd,1,-0.0,0.0,blog,1.0,2,en,1,blog_authorship
7be2ef61681dbca03e38baa382b793215a0f0aa4b4fed39dbf85089f3c8624e6,1,-0.0,0.0,social_media,1.0,2,de,1,exorde
7bf602b312b3d84dae1696b4467f90f202210b00ec16c7499471023b9276e95d,1,-0.0,0.0,social_media,1.0,2,ja,1,exorde
7c3030bbe15854407997f9d33187b2f855d0e22b508961a03bbb7c749ea55283,1,-0.0,0.0,news,1.0,2,ko,1,babel_briefings
7c3b85d174bc3e26782aafbcde5da095014db873e9f8d5978e0a2908f52a9908,1,-0.0,0.0,news,1.0,2,ar,1,babel_briefings
7c3d8f2a17b98bdcf40cb4414711415c7ad6000423c04664625ebdcf2a018c66,1,-0.0,0.0,news,1.0,2,en,1,babel_briefings
7c3f6b3c78ee38bb6d4c5306954a40ca7ecffecfcb943ec3978a3c86ca07dcca,1,-0.0,0.0,news,1.0,2,en,1,babel_briefings
7c497548bfbb7cfe39684fc19df39aaae4e5cb677422b2de84ef5a903bb7e836,1,-0.0,0.0,news,1.0,2,ar,1,babel_briefings
7c4f91aa0785623e49e026dc8f3d7f86a80e156ed4d7316ae5385708870a737a,1,-0.0,0.0,media_reviews,1.0,2,zh,1,douban
7c6399f633b10558edfaee74fe0d65604e90ae92870f509c967944b67ef0fd88,1,-0.0,0.0,news,1.0,2,de,1,babel_briefings
7c63dcb1c408a91671af5628fa7849c37d7c0b80a8800cc322362a483c270282,1,-0.0,0.0,social_media,1.0,2,en,1,exorde
7c6b248ef870b2d670978ac4bcd7ea0c7984699645254c9c5e26af0cdfc48ecc,1,-0.0,0.0,social_media,1.0,2,hi,1,exorde
7c7201f699555395856c6c3fbd657bddf4c6f4b7cb583c0a5980ad4003f825da,1,-0.0,0.0,literature,1.0,2,ru,1,russian_pd
7c98e01a5adf4b933e0c0c30756b6dffc2c25d3d5dbd6b6810ec280057764bd8,1,-0.0,0.0,media_reviews,1.0,2,zh,1,douban
7cb8745283106fc7ac1628e3644c6a489b61f63eab129629679f1ba5dec6855a,1,-0.0,0.0,news,1.0,2,ar,1,babel_briefings
7cc56a377099e4f788f019d30aa68e55e33fce63afa81a961cad676eb958ecbe,1,-0.0,0.0,news,1.0,2,ru,1,babel_briefings
7cca9d3c282498da8c167d4ee4e0aa4bd104e87f4784304b8a049320a93e61fb,1,-0.0,0.0,blog,1.0,2,en,1,blog_authorship
7ccbfbdd9b7e5ad72403ee6f3ec237aca3e7905fa9d8f9477ea574fbe0fbf36b,1,-0.0,0.0,social_media,1.0,2,ko,1,exorde
7ccfe258aae3f2c9c4993476cac44524cdf21455d7fbe5f2fdf64716f9f83ae9,1,-0.0,0.0,media_reviews,1.0,2,zh,1,douban
7cd9d960f04217ae9fdffa4aa3843771907c5b170cef36ca5bb8c88ada8cb12a,1,-0.0,0.0,social_media,1.0,2,de,1,exorde
7cdd13714f3f6f68e73d593afeb587b7f4dfd8cd9520d35de1c5e0b5f91e8424,1,-0.0,0.0,poetry,1.0,2,ar,1,arabic_poetry
7ce3d469358e31b09e73a2658c20bc004c16d97a5154849ee79738c97da70d88,1,-0.0,0.0,media_reviews,1.0,2,zh,1,douban
7cea74ea582a98f68756ff6c15f6384a1691a97580daa3c4dcd3217b190bd399,1,-0.0,0.0,blog,1.0,2,en,1,blog_authorship
7cfcd6448b01ae6349fb80d37a2dbc1dca0c58f398e6bd248d708b11ba16cd0b,1,-0.0,0.0,literature,1.0,2,ru,1,russian_pd
7d0d8ae462ea194e4acd53c46f713797ef28c5c1b2b81893faa11d512f3dea34,1,-0.0,0.0,literature,1.0,2,fr,1,french_pd_books
7d1ff02a6a6b81aae66646a35faa3d3be50ae0e655c0a1f0ba1081c2ec8ea897,1,-0.0,0.0,social_media,1.0,2,hi,1,exorde
7d2adcdbe07e7dd33a86c2f5dce1c565168d32330d4efa6e001f5fdf1c451dca,1,-0.0,0.0,literature,1.0,2,es,1,spanish_pd_books
7d38a72a26c7e1e973a3236f24cbbc7ce52e20a047c52c6f28ebc481c1a4f3af,1,-0.0,0.0,social_media,1.0,2,ru,1,exorde
7d4dd4e41b22806d3c023108016af77d73cd77951953679b1d7608d1684d29cd,1,-0.0,0.0,news,1.0,2,ko,1,babel_briefings
7d511a380d7f7ce6852cf3dc5152f90f37cedace018c8c02882a9add1acc9af9,1,-0.0,0.0,news,1.0,2,ar,1,babel_briefings
7d612304cf3d2eb3da31d53e60a859583e1ddb4de11fc1da4af978d005ac1172,1,-0.0,0.0,literature,1.0,2,es,1,spanish_pd_books
7d640ae47400c46950279f1188de2ea5974eb5ee548e0cf6342bf5dd4e4dc97e,1,-0.0,0.0,literature,1.0,2,hi,1,hindi_discourse
7d6cb4bb176fb95b6117cccc1f1078e71f1045820a5885fa08f2ec70d674777e,1,-0.0,0.0,literature,1.0,2,ru,1,russian_pd
7d728afda642c9a15382929edfff49f94d4e0f45fe448c9b8b3a7d1b26563274,1,-0.0,0.0,news,1.0,2,ja,1,babel_briefings
7d758cfd7f10189796e491241e180b768711438b90e54a1eeca71ddc3ffc8f84,1,-0.0,0.0,social_media,1.0,2,de,1,exorde
7d7de4d17b72cd60d041bf09123ed6ccb3dd41aea86f28970f0389d456e14c11,1,-0.0,0.0,literature,1.0,2,es,1,spanish_pd_books
7d85c73418ffdfe28d39b4409f8dd802318adb0b12e227d648be831b2e3e43da,1,-0.0,0.0,social_media,1.0,2,fr,1,exorde
7d8d003b809eb948de7d3c82101ae98256dd4c6d14eebd84ab50e8c49f244067,1,-0.0,0.0,social_media,1.0,2,ar,1,exorde
7d98480197cd5f57be52a2da6810843b2372f0d4565d3f2acea6725a8cd8c868,1,-0.0,0.0,literature,1.0,2,fr,1,french_pd_books
7d9e7e4942425a61acf6031e867ca07bf97f3b23da90cd4a2fad6c90bab5fe00,1,-0.0,0.0,news,1.0,2,ar,1,babel_briefings
7da03ae4b3d0f5c55f1969e6935e57255f29fa9cd980beb4635a64245756a2c1,1,-0.0,0.0,news,1.0,2,en,1,babel_briefings
7da6c0c153b187f708d9284ee4881594af0594bc63df7ddfe40bd7d191e799fa,1,-0.0,0.0,news,1.0,2,ru,1,babel_briefings
7db6001586c7a3f73ce20e886ea32f0d05778194505ef3d338a573386af92847,1,-0.0,0.0,social_media,1.0,2,hi,1,exorde
7db98cbf42bdf379555c29d954ef9ba97f41d4c2140cf321c80a2c8bec48bc22,1,-0.0,0.0,social_media,1.0,2,ko,1,exorde
7db9a3e65e19804f831a4dece450d5a49fda27ba0b7016223b339c290c12c3e6,1,-0.0,0.0,literature,1.0,2,ru,1,russian_pd
7dcf44da0ef2adff553428376bab922c7b0f5a04a37b3f9ebe7ec2d18bfb65ac,1,-0.0,0.0,social_media,1.0,2,ar,1,exorde
7dd8d536f4268b18c29d02c1ec69bb8cbfc07fd0bc988e192ff3dfee2e2d6d07,1,-0.0,0.0,social_media,1.0,2,ar,1,exorde
7de2790ffcef0b1be03229362449f7000545cf46a238e3af186942e782bd8f2c,1,-0.0,0.0,literature,1.0,2,ru,1,russian_pd
7de3857ecaaba27dbd1af3269d233309be08bde474397959d5c53389ef893b04,1,-0.0,0.0,news,1.0,2,ja,1,babel_briefings
7df3a1348bb57a872555b166bc18826e767060a2a6a342f4799160614ef886af,1,-0.0,0.0,blog,1.0,2,en,1,blog_authorship
7e0a69654116f3a1cf2d64a8254671d6a31ae0f4eecdac6ca6fdb087c51f3fc1,1,-0.0,0.0,news,1.0,2,ru,1,babel_briefings
7e1433e4577440f5f8eeda863418f4f5ee0c9863c86f36c52b56deaf6f329f9b,1,-0.0,0.0,social_media,1.0,2,es,1,exorde
7e2fdf779e0d124b44f467196056e1b1f31c25498fac900199e8f2f45e76c949,1,-0.0,0.0,news,1.0,2,zh,1,babel_briefings
7e35099a5b1e730a9bb8503dde6c42353ba1c94a64729881ad63cac3728efa11,1,-0.0,0.0,social_media,1.0,2,hi,1,exorde
7e39a8483e27f72fabffdbdf3e12fa5f51b7b9b7996270589d9e79c0ed8b290d,1,-0.0,0.0,literature,1.0,2,es,1,spanish_pd_books
7e4054737c2e750265739234a1499072ca5f83a6ecf22e6e9b87bfc227d084d7,1,-0.0,0.0,social_media,1.0,2,ar,1,exorde
7e432df89b3dfd712d8bc5208e602c92634b1d7e077fcb657abf5f3dfa60f2c0,1,-0.0,0.0,news,1.0,2,ru,1,babel_briefings
7e44c2a08f0260a0a60d8ffe37af9acfae49ee178599134fda74f8480585ee2d,1,-0.0,0.0,literature,1.0,2,fr,1,french_pd_books
7e4702fa4b5d0696b2c6e8fb40d008df4b57ac7d933ebbc10a6ea7bcfbfc023e,1,-0.0,0.0,news,1.0,2,de,1,babel_briefings
7e49cb5d3daf8e56168e482af7b5576b328e0c0c59fd67b5ff45c5dd68252619,1,-0.0,0.0,literature,1.0,2,de,1,german_pd
7e4d06bbbfc148b25c6d2c662a6f57f50082c9b05e5cb6cdb7ed61726f0411dc,1,-0.0,0.0,social_media,1.0,2,ar,1,exorde
7e630d1b00890f53cada9f66f826ac0364b93344d31e8fce96fc3639607f3cc2,1,-0.0,0.0,news,1.0,2,ru,1,babel_briefings
7e6e1c6853230799cfb94853d28acb8e9f9c28d661eb20982bb0964827742e6e,1,-0.0,0.0,social_media,1.0,2,ar,1,exorde
7e719b9e89eda11d4a0b8049f48e5a303e346d03a93d3eb4ab875b269fa604da,1,-0.0,0.0,social_media,1.0,2,ru,1,exorde
7e728cb1619c77b927e56184b38482ceb6bcf8a029b5b059f3596eee4f1ae249,1,-0.0,0.0,news,1.0,2,ru,1,babel_briefings
7e7714209d1d896b9182d9baaa02f73dfe6d0955d4eb15c6cb218aa1561e5d5e,1,-0.0,0.0,social_media,1.0,2,ru,1,exorde
7e77556041dd5074743b5cc9a7ee39415ee4926348504445e016f5d7d960cccc,1,-0.0,0.0,social_media,1.0,2,ar,1,exorde
7e8a4ac7bca4d1dc3559d668789ae16304f9efcc4cea7cc29bb195ab1a8a5f07,1,-0.0,0.0,social_media,1.0,2,de,1,exorde
7e8f732db8d8a2318d092c26ae0c2e334b017a3a1854bb7b08ff769b90244c7e,1,-0.0,0.0,news,1.0,2,ko,1,babel_briefings
7e978c21d7354dec0f03a6adb97a78ca5d46fc8bdfc69ae9f33477d7758c9a3d,1,-0.0,0.0,social_media,1.0,2,ko,1,exorde
7e9dd1c14a4f531fa3dc3887748da963ec549cda24776d9dcfdb502a0e9ff916,1,-0.0,0.0,social_media,1.0,2,ko,1,exorde
7ea18e6016794db121fdc280217a7972a1fb2920af71589f1d933fe37c8bc6ab,1,-0.0,0.0,social_media,1.0,2,ar,1,exorde
7ea31a4e242e35bd3ac534d069e168c2620a6274398e970b4dd9266bc11ee0d2,1,-0.0,0.0,news,1.0,2,ru,1,babel_briefings
7ea57fede44d4966574a0705b6cf4efa068f7d0c215b792444d7cab1a8d27506,1,-0.0,0.0,social_media,1.0,2,ar,1,exorde
7eb7d9e6797966725140ea9937b3388a5cc32e7e444505b7f90e8fd1e9b2cbb9,1,-0.0,0.0,media_reviews,1.0,2,zh,1,douban
7eb8a96c615088f13c5dcc9bd7815bac8e91cbd0234c6a68faae6d92c68e3da1,1,-0.0,0.0,literature,1.0,2,de,1,german_pd
7eb92921996f4eaf8d0b75d578e7ae6c3eb24b993b5c1ffaf336f3196c065566,1,-0.0,0.0,social_media,1.0,2,ru,1,exorde
7eb9536cda9343963a8848b4c6d12ed34f36f269ca3179ac4b48370f7a2fb4ae,1,-0.0,0.0,news,1.0,2,ar,1,babel_briefings
7ec00dc94a2081b1969b2fe0f8911980f65250bd4f46afb21ac23f87c4b8bd5c,1,-0.0,0.0,blog,1.0,2,en,1,blog_authorship
7ecf90dbe97a4c194f9aa1b496282f1b6145ed02a182f1468ef8e506e287d1f8,1,-0.0,0.0,news,1.0,2,ar,1,babel_briefings
7edac10dd8e781ffa3a28d42ae3e06e7466741f50a9b05257a4be0beacc40868,1,-0.0,0.0,news,1.0,2,ar,1,babel_briefings
7edee7d7b14c6c526339d4314d9ec8cd2302aa6de0e47ce0195d695e4da9fe15,1,-0.0,0.0,social_media,1.0,2,ru,1,exorde
7ee3578fc815491ade12cbecda29653a8a932f723aa63ed98378ffc8a8deff8d,1,-0.0,0.0,news,1.0,2,ru,1,babel_briefings
7ee748e372ad75351fc37ddc97bfe72ae63834bdedebd7f2acb2711b4cd19085,1,-0.0,0.0,news,1.0,2,ko,1,babel_briefings
7eeb25600393c1c844a2e3603d0fce3e24ce43b1c6bba93416c279eb067841fc,1,-0.0,0.0,literature,1.0,2,ru,1,russian_pd
7eec1e0dc3ff99a37492739b988b9b0e6daa096c1e6fe691013b4893b7593738,1,-0.0,0.0,social_media,1.0,2,ko,1,exorde
7ef974cb577031a511dbefa31203b4699b5314cbcee59d2e1b0390556c22c74d,1,-0.0,0.0,social_media,1.0,2,ru,1,exorde
7efda8a1fb0c40dd511e16bf4dbf382e86ca644becb42e7ba599664f1891689e,1,-0.0,0.0,media_reviews,1.0,2,zh,1,douban
7efe6c034ad8eaf34ba4328ddaf723405ba461874f318c29d5793765ddbb62da,1,-0.0,0.0,news,1.0,2,ru,1,babel_briefings
7f10b0188c87c75fecbd8ae1fe37fb7ae050d3e7650fc0d8f2d9e3868acd5a25,1,-0.0,0.0,media_reviews,1.0,2,zh,1,douban
7f1e4bf5999301764276467d0e8005642d30c2648e758f9a80a5acbde40c659d,1,-0.0,0.0,news,1.0,2,ja,1,babel_briefings
7f273bd28ff8afc517547dde4356c47116e1308dce2764b820ccd2d2ac51fa71,1,-0.0,0.0,literature,1.0,2,es,1,spanish_pd_books
7f276ee020910bd672fc1e229718babec1c39769aa04b53947cabf8d715eef1c,1,-0.0,0.0,media_reviews,1.0,2,zh,1,douban
7f28d550b45be9b9bfe1b7d25b6485bcf48b9bbf80a760191b7006ad44721071,1,-0.0,0.0,literature,1.0,2,ru,1,russian_pd
7f30213eb9dd4be2c1661fc454af298ba4f951ec9ff6ef2e579cc293956ebbb4,1,-0.0,0.0,social_media,1.0,2,zh,1,xiaohongshu
7f3958e77efba6773dfee61bf005a1d4bb31b97bc70971f8b036800d717cc026,1,-0.0,0.0,literature,1.0,2,de,1,german_pd
7f3d71dbe2878f71e8d2323ed8f0bd45d81b5cd7465664c519bc22f77d00a72f,1,-0.0,0.0,literature,1.0,2,ru,1,russian_pd
7f447992787411e4acc2b913482e636090df4d5678a432227cad04613da2bcde,1,-0.0,0.0,social_media,1.0,2,ko,1,exorde
7f45c78998fde07cfb4296fa9f11bf683b6921d03f214e2d5048dc0df5daf40c,1,-0.0,0.0,blog,1.0,2,en,1,blog_authorship
7f4997e93f42cfba98e91b2a87587c99d3755f5c7cbd28e8b5fe14d90851238f,1,-0.0,0.0,media_reviews,1.0,2,zh,1,douban
7f6282ae69262c7363cfe93fca9d170cb00b244dbfb3a48c63b20c3f9a37f0cc,1,-0.0,0.0,news,1.0,2,ar,1,babel_briefings
7f6abeaee9ef256dd1538f8c6ca0300c4ca7c36b606349df5ea73e5937d34937,1,-0.0,0.0,poetry,1.0,2,ar,1,arabic_poetry
7f778cf774aca22bce9aff8ff646566441696082540eff858868ee10903f5317,1,-0.0,0.0,news,1.0,2,ru,1,babel_briefings
7f825ef6c7bfc63dbf6a978206a6ce41781eab560c785e4e33248534ec78f9e8,1,-0.0,0.0,social_media,1.0,2,de,1,exorde
7f850bd2fe965477f4cc8534f3755a1e77aa2bb1d6a569b792ce401e8ebc88a2,1,-0.0,0.0,literature,1.0,2,fr,1,french_pd_books
7f8cdef90b3ed5ff9b61e5e9f8865a3a5840a42f0fadf7cecc035c99687e0073,1,-0.0,0.0,news,1.0,2,ar,1,babel_briefings
7f9f39f24c42a4412b933dd85c40e54cd3def4d186b09ec1b7dc696599f36b42,1,-0.0,0.0,news,1.0,2,ja,1,babel_briefings
7f9f61b1a1b70b6bc4b9cf182b7cfc5f78ab214804a39466994cca014b58d769,1,-0.0,0.0,social_media,1.0,2,zh,1,xiaohongshu
7fa06576bd5f3502dc0fe62d841008d46db991b773f9e0aece24525307b3d4cd,1,-0.0,0.0,news,1.0,2,ar,1,babel_briefings
7fa11fe4dac90a2eb4c7a2143efd0b6550f8ed87ae5b9286b3279e30b5c4bf07,1,-0.0,0.0,literature,1.0,2,fr,1,french_pd_books
7fa17733709ae7bcff6d0e9443539b9d3428e83d25310868d792b157d5f3f152,1,-0.0,0.0,news,1.0,2,ar,1,babel_briefings
7fb2286dc8bd6a581517b6dbba7f3644a70f954ef41eb299afd94fd4ab83ba33,1,-0.0,0.0,literature,1.0,2,ru,1,russian_pd
7fb2ee5bf81d29adfb0986dd8bf48b762746f77c5c4d718b6785eb12185d0a90,1,-0.0,0.0,literature,1.0,2,hi,1,hindi_discourse
7fbad8dfa39d35016de825581ddd5dfd81da8c7432aa0032851b0b742e21fc99,1,-0.0,0.0,social_media,1.0,2,ar,1,exorde
7fc8b78b1016bb102620d7378d8ecf859901dcaa147c5096db93ecd4a49483c6,1,-0.0,0.0,news,1.0,2,ar,1,babel_briefings
7fd1deaffdfbf4d8116b00b73def6518f7a24421f2a980f650eea26a1120fd6d,1,-0.0,0.0,news,1.0,2,ru,1,babel_briefings
7fd2ae3ede498e65c45f5ef81e69b5c99f2cf90fa87072dbe935a81edceb663c,1,-0.0,0.0,literature,1.0,2,es,1,spanish_pd_books
7fd45dcee4c5f130656ebc25e63f61ba5d642d597b6ccc4a53a2cea33406cd7e,1,-0.0,0.0,literature,1.0,2,es,1,spanish_pd_books
7fe9e6483cf1dddaca3dc87d5d73330bffe360b536d4dcea71b2f844cf387264,1,-0.0,0.0,news,1.0,2,ko,1,babel_briefings
7ff338f79927b28c720a6666a80e496278fa3f614a7ec38c2ffcfceced404e52,1,-0.0,0.0,news,1.0,2,ar,1,babel_briefings
7ff6432d3707ee17ba66d0dd0c7f724d8ec90decfe8e4a7e3199f0b44e3ddc14,1,-0.0,0.0,poetry,1.0,2,ar,1,arabic_poetry
7ff8cae96427d33b7a60fc0085e5ec1cf5fc07a5b437c4760fc75947580cb76e,1,-0.0,0.0,news,1.0,2,ja,1,babel_briefings
80014a1454f6c51100fa5f0ba81ea1208185cdf04e3914318fab64a33195e821,1,-0.0,0.0,social_media,1.0,2,zh,1,xiaohongshu
8004e99654e064edad34ad850dc2345c8720df6c1880f4ef1a48dfa4363aea01,1,-0.0,0.0,media_reviews,1.0,2,zh,1,douban
8009e504cc9846ee9026af9c4d50e1c7591b1e9484fa7c232f293225cda64d5f,1,-0.0,0.0,news,1.0,2,ru,1,babel_briefings
801266501b865cacef40448d9e8c9860357eb5090a8384f4f39702c39fb63e87,1,-0.0,0.0,social_media,1.0,2,ar,1,exorde
8012c8eae84493235e64d47bfa753fd152b5dab9bb3710ca3862e4b34ebfde2a,1,-0.0,0.0,blog,1.0,2,en,1,blog_authorship
80221ff8f63461c60f62e2037844a9fde3bfa55355117dbd114d6c5f87b2a86c,1,-0.0,0.0,news,1.0,2,zh,1,babel_briefings
802308e470a9fe7b0ca1d90457c5d996b24711a9374eb353d7f35fc0ff46e20c,1,-0.0,0.0,news,1.0,2,ko,1,babel_briefings
802a91799eda95a2b940e6f5bf499d9372f1be312a71cff7a44d6f5e3bf81b2d,1,-0.0,0.0,literature,1.0,2,ru,1,russian_pd
8042aa5bef27558a92d0ca90d942d8daa606888747c14040605986603d3979ed,1,-0.0,0.0,social_media,1.0,2,ar,1,exorde
80444c132af3cb913cdc6d44f90f68a583df38570165498d2a47e4c657adb68b,1,-0.0,0.0,social_media,1.0,2,hi,1,exorde
8048828500f2b4486988e761a9a6500cf9ce7dc9b875a63306f0b6305342f612,1,-0.0,0.0,media_reviews,1.0,2,zh,1,douban
804ae4f4c8884afe8b8457732e455712a6d532bf159ddf45762313134c361d78,1,-0.0,0.0,social_media,1.0,2,ko,1,exorde
8056030ce4c7ed72b45ab8219fb82517abb6075191f96b56554fe9f26834ab7e,1,-0.0,0.0,literature,1.0,2,ru,1,russian_pd
805c2a5c034e4a12bd17c0c4941d08e903817027f1d201a4d1cf3fb4cc2a51f2,1,-0.0,0.0,news,1.0,2,ru,1,babel_briefings
80671b2c551f276386efb2bbc8da35eb769dc002f861f1f602fc3fb67acf45d6,1,-0.0,0.0,social_media,1.0,2,ar,1,exorde
807a08c99ac479f625110efe3a83b0f9a8ce778707951a75e791c1c7dc42982f,1,-0.0,0.0,literature,1.0,2,es,1,spanish_pd_books
808cd8a89a9e55d5c50026b9952bd787daa6617eedcf043a234797f97a0721c9,1,-0.0,0.0,social_media,1.0,2,ar,1,exorde
808f00e843006387c55280cff6a4d06d289deb96960dc42ab785e0cd2f547f61,1,-0.0,0.0,literature,1.0,2,es,1,spanish_pd_books
8094d4f2d5608e4533c2864118ae0f680403ed6f69c161f7f1343178a1b625df,1,-0.0,0.0,media_reviews,1.0,2,zh,1,douban
80a1908b33e9e276191143d6496915f44b77f32a3d58e55048bb5a1e6ade8d22,1,-0.0,0.0,blog,1.0,2,en,1,blog_authorship
80be5895c64b9450238364a8d804b79a32198fed23653dba37b882361f1c7221,1,-0.0,0.0,news,1.0,2,zh,1,babel_briefings
80cea2e7e446bbb1f43b1cbf4f2dbbf877c3e635c82a49e0652290f84d07a689,1,-0.0,0.0,news,1.0,2,ru,1,babel_briefings
80dcebb9920e8bf967f1643c6f6f4f4b0698bb695ba63f3a403009794cd0d91d,1,-0.0,0.0,media_reviews,1.0,2,zh,1,douban
80ddf3986366e55f61331d721b8ec40f8dd3f29727d7c8b679c99817c98496b8,1,-0.0,0.0,media_reviews,1.0,2,zh,1,douban
80eda307a1edd021a97abec3848da0bed18132f48f903c18123e891b740a32c2,1,-0.0,0.0,social_media,1.0,2,hi,1,exorde
80f314a39c05569dfadc10a4c60e5351780f5ba9516f8aee07eb7a50a37843d3,1,-0.0,0.0,social_media,1.0,2,ru,1,exorde
80f32944561986f047d5e2cd0ca1227f957b02b9fa4dc85136c06ccde44bc04a,1,-0.0,0.0,news,1.0,2,ar,1,babel_briefings
80fc5def2cf0aa1b224ab98b87702a321a5ec3ffe5165f2dfd6f1b9ee5d6ea5f,1,-0.0,0.0,literature,1.0,2,ru,1,russian_pd
80fec2e699ec5c1710ccc413705f9e5b91773a40edd8c42f2b0a60282291c157,1,-0.0,0.0,news,1.0,2,ru,1,babel_briefings
811a5ecb27eadd241a6901a2f7d9307ca5621bb5fd82c648473775f21b3b36cd,1,-0.0,0.0,literature,1.0,2,de,1,german_pd
811daf1c3a36a28006b8c0792adca48539db70f17a509d0832788300db5d0007,1,-0.0,0.0,news,1.0,2,ko,1,babel_briefings
812871339e8a8c1596081877e42537edcbbce862c4e467c1c1d54e57cded0bec,1,-0.0,0.0,news,1.0,2,fr,1,babel_briefings
812891367f8dba6e855cd19fb3e7731f7dba3d0fac12a3291caa4e30c9a3233a,1,-0.0,0.0,news,1.0,2,ar,1,babel_briefings
812bbf76a76a99ca59a85b1cdac63298e154a163d831bfc69b4f9d40800cbaa4,1,-0.0,0.0,social_media,1.0,2,ar,1,exorde
81395776fa42dc385504d6c1f0f2fc03f8406dda7c32961bc4c58f171eac5a72,1,-0.0,0.0,social_media,1.0,2,es,1,exorde
81398a7a2fd0cb005af743c8c1970a87638de5bfd58cc5fcb557de39ebcd2c00,1,-0.0,0.0,news,1.0,2,en,1,babel_briefings
81452a0178d4d2f7575df53d1ca46651ed8bbdeb93fd89db47384536ba91e75e,1,-0.0,0.0,poetry,1.0,2,ar,1,arabic_poetry
814e3b58b97d665253e530932480c9d0b5c7796a95579e93f8a13152d1903692,1,-0.0,0.0,news,1.0,2,zh,1,babel_briefings
815208d79440f3163774a7af8b9cf4ee89c95b59342fbdc66c71409633d0cc94,1,-0.0,0.0,social_media,1.0,2,ko,1,exorde
816baddf04e4717c8da050ae8f4778a1cbe0c3860d7865a04747d1209b2daa55,1,-0.0,0.0,literature,1.0,2,fr,1,french_pd_books
81728f2b82d4bef2e004c56ce457bb0de802258f5a665355ba61b26fbb3aa9f2,1,-0.0,0.0,blog,1.0,2,en,1,blog_authorship
817cdcc5a2add0a3c101d675425d74fb0abd527df6f79daecc7ba82c2a88088c,1,-0.0,0.0,literature,1.0,2,es,1,spanish_pd_books
8188dc09dce0f17223dacc31aac7543d6faca1753786959e0af23e063b0c0349,1,-0.0,0.0,social_media,1.0,2,ko,1,exorde
818a5732cac654a364bb8cbddee69237bda74c1d5dfd1a0a966bb51532b42e84,1,-0.0,0.0,blog,1.0,2,en,1,blog_authorship
81901ba2bcda7e13d2abdcd56d8e59fad228834a42c1fd34bab7db1265b245f9,1,-0.0,0.0,news,1.0,2,ru,1,babel_briefings
8195200bc2f3cf9d109c73ba2758485cc712f61f43e020bd680e4183bb4ce151,1,-0.0,0.0,social_media,1.0,2,zh,1,exorde
819f85cb3846da86875e237b6f097a3e37b67a8d5cd72e73575aebec3b46cb24,1,-0.0,0.0,social_media,1.0,2,ru,1,exorde
81a034e0fc54f34b5b6551785c30b0b8f44c4a5f70ba6d1f7a28e7effa824810,1,-0.0,0.0,media_reviews,1.0,2,zh,1,douban
81b573b446fa74e352a6e6d0c0f67d29cd0f332422e229daf0f5cd402a8c60b4,1,-0.0,0.0,news,1.0,2,ko,1,babel_briefings
81b6f598c47d7ce8997c00cd01c1e18d12c9c1c3c5f78aca70b5368e3563f2e6,1,-0.0,0.0,social_media,1.0,2,ru,1,exorde
81b823c2f26bd9a8311cc2b65c53761458ca4e45b00acadbe0d708b6ad5f72c6,1,-0.0,0.0,poetry,1.0,2,ar,1,arabic_poetry
81c4e05ca8c8c9d49057313159b37a93be40d21212aeea005da6aba72016f509,1,-0.0,0.0,news,1.0,2,ru,1,babel_briefings
81d0a4003b8f42e5f0d2226bbae99475bda684ff46529db8919c4a2b1e9bef63,1,-0.0,0.0,literature,1.0,2,fr,1,french_pd_books
81e55afb319ac4823ccfa74bbe2fec9708e9ddc03e027b6643d3501260a96cce,1,-0.0,0.0,news,1.0,2,ko,1,babel_briefings
81ef85895411f60ee488269f3b4d99d6b7e3344221300ae7da7900bb21566faf,1,-0.0,0.0,literature,1.0,2,fr,1,french_pd_books
81f3cadee203a11d8d28b3175edb9f03fcb73240efd60f49193a70d961ca9845,1,-0.0,0.0,social_media,1.0,2,ko,1,exorde
81f72055f21b025587d6817456b2e2487a13e55a30996e611c9bfa5fe48e7e37,1,-0.0,0.0,literature,1.0,2,fr,1,french_pd_books
81fa3b3c8b81b57be2b4eef00f47b60539df8deb87f7a3d361042704df6f40c0,1,-0.0,0.0,news,1.0,2,ru,1,babel_briefings
81fda39a6588b31ec5de4302b1b9591307ef0c696bf4874953fefbc4fbb3519e,1,-0.0,0.0,blog,1.0,2,en,1,blog_authorship
82012eccb9ed86abc5b01147bad892c9df5d1bed1ad90e9bca27e2205b939e15,1,-0.0,0.0,news,1.0,2,en,1,babel_briefings
82121051baf548166eafa6142c99a09e3edb3fee44af00eb63f5f4c32b82f21f,1,-0.0,0.0,social_media,1.0,2,ru,1,exorde
821c791ab475ea2da0613eab940861369a80f9000218e78dbd33acf775539546,1,-0.0,0.0,literature,1.0,2,es,1,spanish_pd_books
82298621f5c41937755fff72395f548e602b457b3cd159952fadfdaa2faf398f,1,-0.0,0.0,media_reviews,1.0,2,zh,1,douban
822e59fec2a91dde069d1159aaaf62869f49b0bf69d7354cd2c3e2ba7159936d,1,-0.0,0.0,literature,1.0,2,fr,1,french_pd_books
8239f725b4b196111e7f032dc478460faa859753a3ed893783303b0144e16683,1,-0.0,0.0,social_media,1.0,2,hi,1,exorde
8249dbc4208938a1e644a84616dad9f1d8b9bade26872d71a80fcd4cf63f5953,1,-0.0,0.0,literature,1.0,2,es,1,spanish_pd_books
8249f080dbb97bec7bd48629e5eead2c221d8414b4e3e87feb3612253f15d79b,1,-0.0,0.0,literature,1.0,2,fr,1,french_pd_books
824edbb46dd59b7c009d0445ecb333f722daf6ca61d55607ebcc03e9a4ba63e9,1,-0.0,0.0,literature,1.0,2,fr,1,french_pd_books
8258ec8ddd4c810fedfd635c82a16dfb4acd7307e57d49d9e11977c604f36b93,1,-0.0,0.0,literature,1.0,2,es,1,spanish_pd_books
825d98bc1c5e2f1011a585316010cfa3fc3ed6d5c9c9101a351574f9d76e4dd9,1,-0.0,0.0,social_media,1.0,2,ko,1,exorde
8265997dadbe76f00a4ae15fc7fd983d44716ec8a665045109c0b5415dc505d4,1,-0.0,0.0,blog,1.0,2,en,1,blog_authorship
826b0d96b6b72c6c3205f580a9ed684bf091f44e155673903df8c7ed9cc1cbe7,1,-0.0,0.0,social_media,1.0,2,ar,1,exorde
828e363f0665b43a442ddd2e257ef75157cdaae7bfe17f6317f3e0ee0b460df7,1,-0.0,0.0,blog,1.0,2,en,1,blog_authorship
828f2b1b32a309e249213ad808483b4fb5bc063e081e0376992dd79e75b72f4a,1,-0.0,0.0,news,1.0,2,ru,1,babel_briefings
829452d2d3066d8d36d75e7e497dc486af058db5820c4388426c25c427074454,1,-0.0,0.0,social_media,1.0,2,ko,1,exorde
829b5a3cf3fd3e5de3221764edc1e20ebe52b3aa3e884ed48c50b90eff21a46a,1,-0.0,0.0,social_media,1.0,2,en,1,exorde
829e70ba64930a27fbf65f4e431eeab17bae0fc305e6c0c82ca4229bc86fc0d3,1,-0.0,0.0,media_reviews,1.0,2,zh,1,douban
82a04a759d78c4fae2525ff88df257d70df493e51437a09522d636adbea49df3,1,-0.0,0.0,social_media,1.0,2,ru,1,exorde
82ba335ea73e8a183ac869d081f0574e0a4709107a95c57c488390e17d32dfa8,1,-0.0,0.0,literature,1.0,2,ru,1,russian_pd
82cbb6f2476698648023c3e591ac7575165d90027bcdad301b35c56f86b1c708,1,-0.0,0.0,news,1.0,2,zh,1,babel_briefings
82cf4aaf0a9d2e01d2065c4afca86710f732704b2360b4ed97f1fd1b9f40cfe1,1,-0.0,0.0,news,1.0,2,en,1,babel_briefings
82fc9f2d2870e17ab2d40487408ac0cafb79525553f616204f5b3a0209c12b33,1,-0.0,0.0,news,1.0,2,ko,1,babel_briefings
8310bbc6df65cb324cbbf0a046cd6421924a9348fc448764e879130d78b675e6,1,-0.0,0.0,media_reviews,1.0,2,zh,1,douban
831f08bd807d333259c6f96614e302ba3b82ed8deb5d02179ddf73157d125e4e,1,-0.0,0.0,literature,1.0,2,ru,1,russian_pd
832781bd61dc24891cc3fc1dc3c89de526c4573a6c56feaa3fb2bbba8efdf64a,1,-0.0,0.0,social_media,1.0,2,ko,1,exorde
833298542556ffd32dd84b0bd970bbc0960ba2d72151a31a0f99ab72c25a0f76,1,-0.0,0.0,news,1.0,2,ru,1,babel_briefings
833a868ef7698e5ed1edf693014de71fc230a97992780e270fcb40c9552abf30,1,-0.0,0.0,media_reviews,1.0,2,zh,1,douban
8344a47c2cd210a9452651f5d6318e8c1273bf15fdc5bd4228ed06f3fed54e51,1,-0.0,0.0,social_media,1.0,2,ar,1,exorde
8344d4d8568634592c98ce2f9b0252e9bc526f90263a2962b1b6b7aef3656023,1,-0.0,0.0,news,1.0,2,ru,1,babel_briefings
83499f6f0291944a1144be6c11978f6e654f692d5901690487b81e520e1ed3e5,1,-0.0,0.0,social_media,1.0,2,es,1,exorde
83502827a306484a92af0b77df847a7db6a37eef98dd4a3ad5291489d548ed56,1,-0.0,0.0,literature,1.0,2,es,1,spanish_pd_books
835b6334edcf6dea24a36bef5b05008776a492bbcc7bec329fc10d1d29ce482f,1,-0.0,0.0,social_media,1.0,2,ru,1,exorde
835b70b090fa281dcb00a3fdc7c25b4e7b99d560fde058cd4f05205e579c6f57,1,-0.0,0.0,social_media,1.0,2,ko,1,exorde
836f3d32b503c83eb86341387b9ce384bad24c43b6005dc74461c1dc0f8e022c,1,-0.0,0.0,social_media,1.0,2,ru,1,exorde
837021dbafdbf8f3f76c6d9e7b345b6fa7b601e73cc98abbd5d90d000fe47a7f,1,-0.0,0.0,social_media,1.0,2,ar,1,exorde
8376622f9c0c47a085666ff49fe84105bd072d06f34ebd4dfdac6f9bff62c7a2,1,-0.0,0.0,social_media,1.0,2,ar,1,exorde
837e9deddd51b888e044c76a1958609f749c36d0d5881c65842650a446b3d6e5,1,-0.0,0.0,literature,1.0,2,es,1,spanish_pd_books
8383acb542a7042345a1793e45946ee8468058432fcc0f9953448f3a0e730575,1,-0.0,0.0,literature,1.0,2,es,1,spanish_pd_books
838405d88b76d427043f63745bff9e4064c7f915b52000df64f474cd076a4bef,1,-0.0,0.0,literature,1.0,2,es,1,spanish_pd_books
8385cef88fcccce1f27f9931d68415e62b75ef56d8be7ccdd8511bc64aae87f2,1,-0.0,0.0,literature,1.0,2,es,1,spanish_pd_books
8397a9ea523010db0945e704b5ed8af5574f57d3ec0bac38a1bb40f19cab1db9,1,-0.0,0.0,social_media,1.0,2,fr,1,exorde
83b310c54237f1dbe4f8789a867ca81e2088f7ee22670e7536ca5ad69df228df,1,-0.0,0.0,social_media,1.0,2,ko,1,exorde
83b456e1bfbc6a998ee06be40827ce36fe6851ce43865d1b2e5cdff55e5d2b53,1,-0.0,0.0,news,1.0,2,en,1,babel_briefings
83ba6361b7828665829d6830d27e2074e86563ace4c30499b5ed93d3e7a4f737,1,-0.0,0.0,literature,1.0,2,es,1,spanish_pd_books
83baee1f6146ff86ba0b8888910eaca4d21792d073b113d6932014571339e327,1,-0.0,0.0,social_media,1.0,2,ar,1,exorde
83bd38948b2fc6408c965bbef2bafa56b98a38dbfaae0d099e3e56d3be8eaeaf,1,-0.0,0.0,social_media,1.0,2,ru,1,exorde
83bfedaef5f4c6c36b37179cab0afcead29e1e6fcfe228cb95e873d8737c67ad,1,-0.0,0.0,news,1.0,2,ru,1,babel_briefings
83c2633f75d478ba5495adc63b19a9ad6d933b695cfcb93ce2215a23b2e4d202,1,-0.0,0.0,literature,1.0,2,hi,1,hindi_discourse
83c358827d9625799d2b5d8eeafe83a252722fa2ec81f4e9283ba744d06749c5,1,-0.0,0.0,news,1.0,2,ru,1,babel_briefings
83c92179cbea1d0004433a96d90605fff5091124e501a1ef64103eb0f66b13c3,1,-0.0,0.0,social_media,1.0,2,ru,1,exorde
83cad81fcc4953d4334ba50a7b66c4533a5f19e4153710c3a305d7707be3c911,1,-0.0,0.0,social_media,1.0,2,ar,1,exorde
83cf601b3ec5243a140d40070a1aba8ca7c3380a3f4eb10c8f3577443e5aff17,1,-0.0,0.0,literature,1.0,2,es,1,spanish_pd_books
83dbba1e1c17fb117d4f0f06447a48c400b05a44f3ef19caf8838de51cfec36f,1,-0.0,0.0,ecommerce_reviews,1.0,2,en,1,amazon_multi
83eabafd6cd4ecc5a2d11b171ae357070ae6edb7edee3b38eb7305de30f9ae33,1,-0.0,0.0,news,1.0,2,ko,1,babel_briefings
83eb24789e9c96f28922e0c4a04a7f2d7257b35f542cafddbda1b27fee2fc705,1,-0.0,0.0,literature,1.0,2,es,1,spanish_pd_books
83fa06540f355efc475f45de8c8d7ef97354078422db6956d62ddafde64aec08,1,-0.0,0.0,social_media,1.0,2,ko,1,exorde
83fa944bcf6fd44c2366437ac74b8af06d4e3bad5974b4d8ef9d221720edc87b,1,-0.0,0.0,literature,1.0,2,es,1,spanish_pd_books
8417af59d3f28518d0c508feb827f2b9c446b5bf586863f5b1f5627426dc4f42,1,-0.0,0.0,literature,1.0,2,ru,1,russian_pd
841c0b52b88f32ef54f3453dae27b9d51ec6c26abbc6131fdc1035168cf6ec05,1,-0.0,0.0,media_reviews,1.0,2,zh,1,douban
841f96002f704ad0c93fde540c8f578e22e9361069b99590a8b6bad85bb5a484,1,-0.0,0.0,social_media,1.0,2,ar,1,exorde
842d63e9b66072802aa85c34bf6c13c4b4f0dd71e74b890644a9b4ef0c51f5d5,1,-0.0,0.0,literature,1.0,2,es,1,spanish_pd_books
842f0bd8c9ae9811596946154c4d4e8b3ad9485fac8e4ba26519fda048d4224d,1,-0.0,0.0,social_media,1.0,2,hi,1,exorde
843f0dcddf3aee6efc22c3b4577d56966bc2e6140527bf6753a483eb68c089c7,1,-0.0,0.0,social_media,1.0,2,hi,1,exorde
8452fa0a487bafcc1a8a3e5e02f93d2f017c80f7523ad789a393ef04d0685095,1,-0.0,0.0,news,1.0,2,ru,1,babel_briefings
845c0476657eddd30eb441b4a6ea8ddb3aaba5cc9502e898073a31b27cf70dcb,1,-0.0,0.0,poetry,1.0,2,ar,1,arabic_poetry
84675c60b5050bd5760f850ef29b18a8ae1b1a809753e56e5f1ed743e6b7f4af,1,-0.0,0.0,social_media,1.0,2,zh,1,xiaohongshu
84690cbcd9380950e9e0ecf29784e0815a844158be7eb7b609d1360e18c903e6,1,-0.0,0.0,literature,1.0,2,ar,1,wikisource
8469c58a42c4e1a64a79f75d7da1fc8c7d4882d384d58bed8889a2279c5a831e,1,-0.0,0.0,blog,1.0,2,en,1,blog_authorship
846bd6f3d922f4331decf3da3b3c17238eaf9767151c46e3f010e686c23a65ab,1,-0.0,0.0,news,1.0,2,en,1,babel_briefings
846ef254b2ccad10d0b60520e83c9340b3eab2764eedec73a09be82a627edc00,1,-0.0,0.0,social_media,1.0,2,zh,1,exorde
847038534a54cd676d73f0a1cafb31152a15bff3b7be08da186c88602c5fc8cb,1,-0.0,0.0,literature,1.0,2,ru,1,russian_pd
8471698f22f0f079075cb4294898181cd94bc3ecc7f82d9bd8f92cb59823f700,1,-0.0,0.0,poetry,1.0,2,ar,1,arabic_poetry
847206fa68dcae6b9dc2e3817a8870111856d762c5274dc3fca9d0976fd2de27,1,-0.0,0.0,social_media,1.0,2,ar,1,exorde
847461ec261f4a559587d53a72e5983972d70b544df08b5007ab1d5939d1f5d8,1,-0.0,0.0,media_reviews,1.0,2,zh,1,douban
849258544c9989b4f213f385d1cddab466a92eeb0db659dc1f75a178ab72f08e,1,-0.0,0.0,literature,1.0,2,es,1,spanish_pd_books
849333f13eaf0fb5f691d295cc9de416ec79d2350079581b7a18e93d816cb1da,1,-0.0,0.0,literature,1.0,2,ru,1,russian_pd
8493a936673235a393d2abf9821fb58dbbc2e0c2bc3117ab9d03f3eaa75b03f6,1,-0.0,0.0,literature,1.0,2,es,1,spanish_pd_books
849f19870131a3890eed658011642d9ef488d6f6953407b15d3e315e30e0624f,1,-0.0,0.0,poetry,1.0,2,ar,1,arabic_poetry
84a25f256b23bae8da17dcb94df83281be066c2fc13d5341d9bf5614606b7411,1,-0.0,0.0,news,1.0,2,ru,1,babel_briefings
84a8943bb40305274299cfe57aea8e6fdf8198815b368f480d985332bcd6b6b0,1,-0.0,0.0,news,1.0,2,de,1,babel_briefings
84ab54907b4031da1533c3548b13f55a1a153c81597ab47852ebf7cf128d45d8,1,-0.0,0.0,social_media,1.0,2,ar,1,exorde
84b70e7e8fa856594cf2c3f73eb7eb0edcb670f6612983d17e3edeaad9b56183,1,-0.0,0.0,social_media,1.0,2,ko,1,exorde
84c46d3d3e38071902c0c0b217b56bb0d8bc9acbdaf5ce968c28a1fd894188d3,1,-0.0,0.0,social_media,1.0,2,ar,1,exorde
84c980bb31fe1258c9d5e5354058dab666711218390c25f6527039c4104de064,1,-0.0,0.0,literature,1.0,2,fr,1,french_pd_books
84d5a15f67ab4e17ba00dfbab66641f37537b651c58d4fc63f7d0fe398659492,1,-0.0,0.0,social_media,1.0,2,ar,1,exorde
84d5e4e68cea3e8386e3875efbb5e80cd1b154c92a5f9281413e5ca7ba82f824,1,-0.0,0.0,media_reviews,1.0,2,zh,1,douban
84e4685ecbae9bbfaa0375486d3533d97ff17a1680d0c735aaa99de6a547f54b,1,-0.0,0.0,news,1.0,2,ar,1,babel_briefings
84e799f3733eefa6be191dabe996cb5f8df9444b4df95dcaa115b5c99fddf257,1,-0.0,0.0,news,1.0,2,ko,1,babel_briefings
84ea86289ed3b899e7f8cc33464d1e091b8f4d4b4df7125c089503dc096d78dd,1,-0.0,0.0,news,1.0,2,ru,1,babel_briefings
850e1602fd01326ede474f1a8deead58fc454ba9c454aeb752940ec1ac3ebabf,1,-0.0,0.0,news,1.0,2,ko,1,babel_briefings
85169252a175a23a2d6a434495779815c49206a407bfedc84433ad786e1c238d,1,-0.0,0.0,social_media,1.0,2,ar,1,exorde
851f9f2fd496c122021b87ad65f3ea74238cb363392b5e816038b8ba81e9f1eb,1,-0.0,0.0,social_media,1.0,2,ko,1,exorde
8520ac40a1a6885bb6acde05ce4ec6044762bd2a033e6355d88a8187182d8e89,1,-0.0,0.0,literature,1.0,2,es,1,spanish_pd_books
8523dd59f6671ca640cac0e6767e7d992c4dbf48f903438a86815f193987677d,1,-0.0,0.0,media_reviews,1.0,2,zh,1,douban
8527c3b4a510407f604bc80db5f4d6d3c6d2e19872002859d235c831f486cb7b,1,-0.0,0.0,news,1.0,2,ru,1,babel_briefings
852b24a0177f0ed13859fda6cfa9ed088fa1001f100dec8ee71913c3e60a861c,1,-0.0,0.0,news,1.0,2,ar,1,babel_briefings
8530a56400a0da6270fc9e83cb94b750a4312e167bfe3bd64619ad460526a035,1,-0.0,0.0,news,1.0,2,ar,1,babel_briefings
8532d43b25759ac3b263da4e8ba4b159cbd5510935a3fac4ecc8bb924e7f5a0a,1,-0.0,0.0,news,1.0,2,ja,1,babel_briefings
853841b4f71ed33d172de0d264af50115067d6076078a9af9b9eb14e40c46902,1,-0.0,0.0,ecommerce_reviews,1.0,2,en,1,amazon_multi
85587b703086afcf0c1d20b4d77c0f90c45f072e9f4cef584438c2023de2c57a,1,-0.0,0.0,news,1.0,2,zh,1,babel_briefings
85660c842ae98d260644c35fedf5a3a51b4fb6d441b506e727d84f2960599ad4,1,-0.0,0.0,social_media,1.0,2,de,1,exorde
857bceae2b3e038534308362e4e150afe64f015ef1b70651a4b985d57d5784d2,1,-0.0,0.0,blog,1.0,2,en,1,blog_authorship
858830d61bef1b6f9031dc93ee9eeaaefda3548405cd2ae745ec1f9e08d84993,1,-0.0,0.0,news,1.0,2,ja,1,babel_briefings
85963035447189ac2d59fadac468b8082501ea2af37d860179a3da3e43e076b8,1,-0.0,0.0,social_media,1.0,2,ar,1,exorde
85a2ca3d180f63d6e33dad9fcec4acf3b9660579c9173ee7ef56a554ae0a0a61,1,-0.0,0.0,media_reviews,1.0,2,zh,1,douban
85a494f8593aa5ef78063b77a9456f21099dd942733763e2425e219c4d3cfe7b,1,-0.0,0.0,news,1.0,2,ru,1,babel_briefings
85a57a12cee48649f1037e60598ce078c9618c6c661040122ded6ffc3310097f,1,-0.0,0.0,news,1.0,2,ar,1,babel_briefings
85a9429fc02c5b3829c3f823c67e72e8aa4f063c6a60f3ed37bd7df01db052d0,1,-0.0,0.0,social_media,1.0,2,ru,1,exorde
85aa4ca90112fb98e08eb0090191ea71d5e8eb3b4758434e99605bfa0b0b6c87,1,-0.0,0.0,literature,1.0,2,es,1,spanish_pd_books
85b0affd32ab763ad7c56562cea5e91689e109cf6b9a828e2fb6f34807861b03,1,-0.0,0.0,media_reviews,1.0,2,zh,1,douban
85b4d8e567f53ee0e79d79c719809e4b3daeed18b9d1ad1b85ccdb41413c2591,1,-0.0,0.0,social_media,1.0,2,ar,1,exorde
85bbe0891e388bb4bd1a3f47078800d3619809ab76b783610c94c1cc14894a7e,1,-0.0,0.0,news,1.0,2,ru,1,babel_briefings
85d3eab189030c9bea1d76d359ccab56da205b73081ff3840f50bb9d5c0e375d,1,-0.0,0.0,blog,1.0,2,en,1,blog_authorship
85d58db5fb0fbc11bb5676beae247052bffdaa2e254831cd9d989024321f6029,1,-0.0,0.0,social_media,1.0,2,ko,1,exorde
85da0557595b91f3e54e71bb653e544887db5bfb75eb6ebce5207578f999467d,1,-0.0,0.0,news,1.0,2,ko,1,babel_briefings
85e301f0d512e64f1e99823440abf9a3dbc4682669ed7b4a3399b06d7828d7f6,1,-0.0,0.0,blog,1.0,2,en,1,blog_authorship
85e364182ac8b575a7fc54e0e48433db836f105240392fe8a0281147d6b12526,1,-0.0,0.0,social_media,1.0,2,ko,1,exorde
8608f0650ce55cd6fd63f050d44f07d4ae82a1b74782b5d5b6be784dfa09a177,1,-0.0,0.0,media_reviews,1.0,2,zh,1,douban
8609f781042fb98d554f5f2e0fdd16a34cde0829e1f9e5df3344a419cb9b7b50,1,-0.0,0.0,news,1.0,2,en,1,babel_briefings
860b96c6b0be089bf2dacf1c76d459279168c4c36ebc6be5b83c80e05c378f6e,1,-0.0,0.0,media_reviews,1.0,2,zh,1,douban
8612713c2f23598ebe1d45239c59484cd7db04a69ac66fb77a9db984c3d1857e,1,-0.0,0.0,social_media,1.0,2,ko,1,exorde
86168668d5e634d3b12accfad24a0ecb6d776ea0e20e8934a3b60835d537d8cc,1,-0.0,0.0,media_reviews,1.0,2,zh,1,douban
86177e36e9fe161afd0efd7133ec72ea25cc41c1155a9c3ab3670bc283026d6e,1,-0.0,0.0,social_media,1.0,2,ko,1,exorde
8618cb606766a21148b9e1971fe59763989785c36efaee5edf67ab3b0ebfa557,1,-0.0,0.0,literature,1.0,2,es,1,spanish_pd_books
861ac7503471c89dcc74f3d5baf14ecc9b6ce42582046b95788c7a92413d407c,1,-0.0,0.0,literature,1.0,2,ru,1,russian_pd
861d6d2d96c7efdbde946d964b9c5ddedca4d19d5c4f44ec1b042aa42ab37792,1,-0.0,0.0,literature,1.0,2,ru,1,russian_pd
8624081273b8fe43c2fb50df499f0e53715aa5396dee24619234043270041f58,1,-0.0,0.0,blog,1.0,2,en,1,blog_authorship
862e4b795cef9a21c4f65a9afecd71414c9d34571d1b102dbbdabd2ba961b68b,1,-0.0,0.0,news,1.0,2,ru,1,babel_briefings
862fc22407507202799f33521c148c161b49874bcc928586516cc26a5be54ea5,1,-0.0,0.0,news,1.0,2,ar,1,babel_briefings
86315a9b2f62720d5e16b3b87e545d5da00a408155ea0487177ac1def5ed58fb,1,-0.0,0.0,news,1.0,2,ru,1,babel_briefings
863a1e00457493a17567a47884342498bc5337000ae0ba14d241fa7ae8e22259,1,-0.0,0.0,literature,1.0,2,es,1,spanish_pd_books
863a7de91aa98f61785b898875d90bae82df40fa3b67e3357359b5b54b823bd6,1,-0.0,0.0,literature,1.0,2,es,1,spanish_pd_books
863e83b7fac5cfdb0e667979ed774d2f70e395e0006798d9e0e6dd803b81d83e,1,-0.0,0.0,social_media,1.0,2,ar,1,exorde
86410df5b2d961c93db512ee633848a0992d041cdb38362c79c5c69182ad3cbb,1,-0.0,0.0,social_media,1.0,2,ko,1,exorde
86472c9e12e7bed76b483525dfc2ec7d7b1a9b9a33f29b533da254b3840eb277,1,-0.0,0.0,news,1.0,2,fr,1,babel_briefings
865b2b8be113b13b656117ee80759bbd110639991dd970085b5ba838d3a6fb18,1,-0.0,0.0,social_media,1.0,2,en,1,exorde
865b784b2350eb13ea38c1ec244d49cd112063644cc2bccd43df482202ed7dcc,1,-0.0,0.0,blog,1.0,2,en,1,blog_authorship
865be0a5b39cb04b40ad1b937d73ca9d99a26aaf1dc12609ef179ceeaf3a48ed,1,-0.0,0.0,social_media,1.0,2,ko,1,exorde
86641134774821b9614b7b0dd2ba214cc6cda232cb51ff88f2d3e4f7d4edd06f,1,-0.0,0.0,news,1.0,2,ko,1,babel_briefings
8667d054092f8bc8fb5df1821d9152b6cc28dcc19354dd90a83e5f6a8f7d7841,1,-0.0,0.0,news,1.0,2,ar,1,babel_briefings
868e0949839add88058b1530c5575ae36c4b66744dee9158ab55c1af0c0dc1d4,1,-0.0,0.0,blog,1.0,2,en,1,blog_authorship
8692c30317828efb29490359c87aa68666b3f0065a1d6854f8e07ee68938d1de,1,-0.0,0.0,media_reviews,1.0,2,zh,1,douban
86a276da20d1b8f39c39312c83d74065c18d57110046eec78098bb13fcc825b8,1,-0.0,0.0,literature,1.0,2,fr,1,french_pd_books
86a842f164d2c22b860ec14045e44f4a00a571e2b4acb0a03784d6040b242f4e,1,-0.0,0.0,social_media,1.0,2,zh,1,xiaohongshu
86a887738b730083c61774acc89f2c81efb14c23ca31836c53c0eeaa0cd87ebc,1,-0.0,0.0,news,1.0,2,ko,1,babel_briefings
86aec47b455366a8a0c4ab4587436d51648bb43c6809fccdb039156b8575cd88,1,-0.0,0.0,poetry,1.0,2,ar,1,arabic_poetry
86b9b96f486251915c8b722ccfb15b1e77c497f5b483d5b8a40c1364252036af,1,-0.0,0.0,social_media,1.0,2,de,1,exorde
86bc7245a7a34452ed78eb2a81674976798fe2027b5e7781c2d08feffdfec50e,1,-0.0,0.0,literature,1.0,2,de,1,german_pd
86bc89713b18ed38719c59526dde6d47d7b872496ee5ab3d8ffedbf07e45c255,1,-0.0,0.0,literature,1.0,2,ru,1,russian_pd
86bcaf822037811fc51708d9b956d061d225454a45dcc7347bebfdcb40d14ee7,1,-0.0,0.0,literature,1.0,2,ru,1,russian_pd
86bf6e17b2f46861b0bb5019fd65b8464d1425d7ab7611ae1b8fd8feffcb35a7,1,-0.0,0.0,literature,1.0,2,ru,1,russian_pd
86cc0ed23196aa1b2eaa045bcfec15037bb9d800d58b78ae6e02723dc7651dfb,1,-0.0,0.0,news,1.0,2,es,1,babel_briefings
86d636105dea1cb6249afbf6519dfc99895553125a93f00566e0d3b65085cf7c,1,-0.0,0.0,media_reviews,1.0,2,zh,1,douban
86de5fdf0a0dc670772b74665d64c1439a2b8d3a83eaca0b253d42f7e113883e,1,-0.0,0.0,news,1.0,2,ja,1,babel_briefings
870a67e884e6b3d30d5f79352d66df6f7ad9a3680ba52e3e301e124f4424828f,1,-0.0,0.0,news,1.0,2,ar,1,babel_briefings
870bd69c67a55e2e0b8d423d7f497e3ccb508612ba1100244aaac28f0421215c,1,-0.0,0.0,media_reviews,1.0,2,zh,1,douban
870df25c276ca03ff84b84686f2c110f8b35b18553614e43636b62cc70bfbf83,1,-0.0,0.0,news,1.0,2,ar,1,babel_briefings
8723e4cf4a7755ff37b4ffe66beed92f4abe43ee5774a4d3379d2c29e79ca0ed,1,-0.0,0.0,social_media,1.0,2,ru,1,exorde
8724527d9199ed17a0a6be7b822b1aabb9e448242b7aeff523a20690a08e4874,1,-0.0,0.0,poetry,1.0,2,ar,1,arabic_poetry
8726ba94f677e9bc28729a0d1c517609fc4ccddbd18043c05f186f96e0e5f374,1,-0.0,0.0,ecommerce_reviews,1.0,2,en,1,amazon_multi
8736171f1a0c43735b81ab1d5dd9a57750281ed7f7217fee9957b48be8f07ed8,1,-0.0,0.0,literature,1.0,2,es,1,spanish_pd_books
87439f45012261a5556b6676864ef777182d8bd996c10027cd91406c1d66430f,1,-0.0,0.0,literature,1.0,2,ru,1,russian_pd
87441eae5dc39f40e882c1c86faeb27d6763f1a448cd2a220ab24b777f2cf402,1,-0.0,0.0,media_reviews,1.0,2,zh,1,douban
874674f4afd4f778ec1a9c08a22fa22c120fb7505c3e5ec13886b31b88bfd46f,1,-0.0,0.0,media_reviews,1.0,2,zh,1,douban
874e4f4aedc699290ea3c2959c98c3eed4d57ca40c0e9a48fc4db6bf687fcd21,1,-0.0,0.0,social_media,1.0,2,ar,1,exorde
87550e42d9a65b39c98a494cb826935392da9b64e72e560e6077065f9b11d3e9,1,-0.0,0.0,social_media,1.0,2,ar,1,exorde
8758458584755b246dd9096ecd7a2cc8a44ea6c72e59cdda5134cfc3ebe87458,1,-0.0,0.0,ecommerce_reviews,1.0,2,en,1,amazon_multi
8765e20f9f0a91159e2666e89eba4cdc79bcb144c4b15616d20104bb753e8bc0,1,-0.0,0.0,news,1.0,2,ar,1,babel_briefings
876b5434ce4ea43d58506ad15b31de1be452d922312eaf580c6d265f98eef7d4,1,-0.0,0.0,literature,1.0,2,de,1,german_pd
877004734eb379ac2c91a474656345decf2620a48f0ff4fa26b30bf5025c572d,1,-0.0,0.0,social_media,1.0,2,ar,1,exorde
87837fa55cf2c3bfc3f57755d2088576af4fa259ce3995661be9c6b2502ae839,1,-0.0,0.0,social_media,1.0,2,ar,1,exorde
878623601117bbfc446585c53e8bb26ed18a6bab02002badb679067fd799bbb4,1,-0.0,0.0,news,1.0,2,ar,1,babel_briefings
8789c6b8815acf2ead09c96bcede483cfda83e1e9c60bfb5e830ae2fdda4154b,1,-0.0,0.0,social_media,1.0,2,ko,1,exorde
878ff21cd2ec6344e2d3f59028ceda0c8bde5052164fa7e3e49fac4024bde1ed,1,-0.0,0.0,social_media,1.0,2,ru,1,exorde
879c97362b47f1e4d5949be8f62c1e7fac2d2f3b23b38e736fd41e1156c45e9e,1,-0.0,0.0,media_reviews,1.0,2,zh,1,douban
879ee1203fa2ac57013efea01f6d3e19adbd021469a05ec29f70ac98e04971b3,1,-0.0,0.0,news,1.0,2,zh,1,babel_briefings
87ab19a42dc2f6ade2d4b1a4636394c9b0ad43a9d44fd907b5372630815d2931,1,-0.0,0.0,media_reviews,1.0,2,zh,1,douban
87c2d539ee5377d15f7487411d56361f56c919dc70e967368c7a56b825a417f3,1,-0.0,0.0,literature,1.0,2,ru,1,russian_pd
87c900c067ec56f9da4546b244b1f1814d07e9bcad76d18b361f17e15088e17e,1,-0.0,0.0,news,1.0,2,es,1,babel_briefings
87cc41531beb5e787af68a5bf93659d31c6983e007ff3bd4abdba9967caa812a,1,-0.0,0.0,literature,1.0,2,ru,1,russian_pd
87ec80251c0e97971ca3f55ee6b0a085957cc71c5ab7de61bf95541c8e261623,1,-0.0,0.0,social_media,1.0,2,ar,1,exorde
87eee5046a4ba4562eda0fbef679822a86a04f29f9c9d89205f170e09f33e4f0,1,-0.0,0.0,social_media,1.0,2,ko,1,exorde
87ef1dab7f5927df4e12102ebb889df32a87d489b31700cbbfb688a0295916cf,1,-0.0,0.0,news,1.0,2,en,1,babel_briefings
87f32b5dd71118279645781e9479b05aaa87084a64edadb53488ada54c5ec0f0,1,-0.0,0.0,social_media,1.0,2,ar,1,exorde
8802c014ad2a285fe5c59d878d2a31cbc25b5477e165c9b90364d6d7bae6ab70,1,-0.0,0.0,news,1.0,2,en,1,babel_briefings
880ff229241fd789a68445a32e3d8093c70d71bb3520fa318019412698946028,1,-0.0,0.0,news,1.0,2,zh,1,babel_briefings
8811bdfcf8dfde41d0c1bf47f4aa4296f62a625f60cc6b92580e8907497c3abf,1,-0.0,0.0,literature,1.0,2,es,1,spanish_pd_books
881236561929777bba91c65d6347e8e24bf10d1a53eeec8957751218d4f97f6f,1,-0.0,0.0,news,1.0,2,en,1,babel_briefings
88149bab3cbd2d5f57740ab2f7f2f9c593c7d0e576dbf45f9bb4c0da2c913f75,1,-0.0,0.0,poetry,1.0,2,ar,1,arabic_poetry
8818a30cb5d07956b7b3f272cd0ed89a8475a56e70b554e3ee39d3b67c8c2a9b,1,-0.0,0.0,news,1.0,2,ko,1,babel_briefings
881f8765bfd28c543cffd28839cb60cbfd1d776762fd44b7d5b17c5a406a89bf,1,-0.0,0.0,literature,1.0,2,es,1,spanish_pd_books
8827098c2dba1c9c0898fe804f2c03ec06ee1c79c08a2f2c7945928d17902fab,1,-0.0,0.0,news,1.0,2,ar,1,babel_briefings
8838dd6e22252bf524810a9c21713e0520cb186c780708d11bdc03cc1698ca72,1,-0.0,0.0,blog,1.0,2,en,1,blog_authorship
885c9fc51fbad5964ce38a41f164132be5a00a9d19f3991d5f643af3bcac48ee,1,-0.0,0.0,social_media,1.0,2,ru,1,exorde
885f567f516a25fd0aa2499ae9fd6c05a2134916ab796580e4fde0ba5fa0da40,1,-0.0,0.0,social_media,1.0,2,ko,1,exorde
885fc53b873e57cdec1f6e79840e1c7887e6aa3e715ed1436ec2445f4455a1c1,1,-0.0,0.0,social_media,1.0,2,ar,1,exorde
88632c5ef14d2b342939ac1909183363854af46fbe1b1f771ac063e279039357,1,-0.0,0.0,media_reviews,1.0,2,zh,1,douban
886c2908f4405e5e8f4ce7526b0dfb5e0b0cc74fa20f73b65680508b5a47ea62,1,-0.0,0.0,social_media,1.0,2,ar,1,exorde
8898de5f191c021fab2e2efb1cb623d4ab7be444e98a420a6fed0ae4629dd55d,1,-0.0,0.0,media_reviews,1.0,2,zh,1,douban
889907e8e16be41f1769b200292d6ae1a0d5123b809384ff52659eafee2c8e1c,1,-0.0,0.0,literature,1.0,2,ru,1,russian_pd
88abffdc82f33b00e538c10c2b2690c3ef85f54fcf511226103e17d8736244e6,1,-0.0,0.0,literature,1.0,2,ru,1,russian_pd
88ad92657ca951e7b4ae017409640c017d1b0a8dcdda7e25dcd03dd512e1fef4,1,-0.0,0.0,news,1.0,2,ru,1,babel_briefings
88b9f9d1b1e43ca5505ea7c7fbdb12650ab0f424e51d9a40b14c45a2a760fb7a,1,-0.0,0.0,news,1.0,2,ru,1,babel_briefings
88c2e0619025d2747ff6f4e82e2e99ab2bfd16336887c9f91ab8076c27e75e63,1,-0.0,0.0,social_media,1.0,2,hi,1,exorde
88c9fc3aa07e95b1dfc12fa38c81b9e3231b4f9438faaa4643f1e9888b8b6655,1,-0.0,0.0,poetry,1.0,2,ar,1,arabic_poetry
88d8cf62cdf2e102dc0f52d61737366f96632e29607701c51f89876ca6377406,1,-0.0,0.0,literature,1.0,2,es,1,spanish_pd_books
88e4d070203c5580d5a77188387d51b31f0f2c19ef5f99d6c311b46123fa2af7,1,-0.0,0.0,news,1.0,2,ar,1,babel_briefings
88eb0dda1d221828273168ecf9c28d5378f1c9987daf80feb81705f84e184a3e,1,-0.0,0.0,social_media,1.0,2,ko,1,exorde
891f93acd3713efcee048923a01eec48bf33b1bc9a7c22789610fe0b40bcd7cb,1,-0.0,0.0,blog,1.0,2,en,1,blog_authorship
8931e4ecbddacb69504abb6d8644a3c57429e356976a3c5dd3d0d32a044c3bde,1,-0.0,0.0,news,1.0,2,en,1,babel_briefings
8934d44579cc7459e148c3ad34cc42035886699f9734142685dd4ebf020586e0,1,-0.0,0.0,literature,1.0,2,es,1,spanish_pd_books
8947d77c4a1c490bb7953330a0f3566678a6f9fb0e274cdb9ad81f45aaa77ae9,1,-0.0,0.0,poetry,1.0,2,ar,1,arabic_poetry
8948414ef730d3844f3f04d78f15ffa07a56ff5c9df1d8526eea3347789a8f6b,1,-0.0,0.0,news,1.0,2,ar,1,babel_briefings
89555872d6e6a60e9691c14b3652ff7d5aa03bb10694790448f87b640f9c4514,1,-0.0,0.0,news,1.0,2,ko,1,babel_briefings
89565595db9b8c29a4b1f52790556d838f6bfae282d355c96cbf9dfa8b16e142,1,-0.0,0.0,social_media,1.0,2,ar,1,exorde
8968e75a1d07d2b0ac43911738c25eaab634482f40a6a1d3373b4d9f2ca6c031,1,-0.0,0.0,media_reviews,1.0,2,zh,1,douban
896a1a86d496f16669f45a2c5f9412fdfa68ec69469369e010450175ba5f15ac,1,-0.0,0.0,news,1.0,2,en,1,babel_briefings
89890dd0c76301ba965f0989470dbadfaf17427153ebb96d80f62e0fbffbe111,1,-0.0,0.0,blog,1.0,2,en,1,blog_authorship
8989c7b02a1242b328fe442956fdab8ab571e5ab58c24f0fe0e62403f4169eb5,1,-0.0,0.0,news,1.0,2,ja,1,babel_briefings
8989e8a4d812efbfe77b58e428eff8e89c7e4b49fb529b459c2d271789de8629,1,-0.0,0.0,social_media,1.0,2,hi,1,exorde
899c0d1dc052442038b025cd9ff434083c939e58bbbee01f74bdefd12861d8b3,1,-0.0,0.0,social_media,1.0,2,fr,1,exorde
89a8978048b69d0ac17ae24b2de33774cc864a8be3f96ea23f9522004b98102a,1,-0.0,0.0,social_media,1.0,2,hi,1,exorde
89aedd9eefcc07a9ea4453f1f93a1d837b84b3699dda9dcb5bbbf28fc5b3126c,1,-0.0,0.0,poetry,1.0,2,ar,1,arabic_poetry
89b6df3bcd3a4568445c5d7d9a0bf25211762f8828449844b3197b5dd15aa268,1,-0.0,0.0,news,1.0,2,ja,1,babel_briefings
89b88c9784b8f679490e919c4818e0a658771bcfe75e1571ef0449b0e1b3cfbf,1,-0.0,0.0,social_media,1.0,2,hi,1,exorde
89c0e9d7e01f166c4e9f1b0208a8859df94e4eb1592dd30ad163f1340e1f1955,1,-0.0,0.0,news,1.0,2,ko,1,babel_briefings
89c4ae6b50a5d9c34cece913492f96d8219f77d43dd33db3e62455edad95bbc4,1,-0.0,0.0,literature,1.0,2,es,1,spanish_pd_books
89e4890c75dcedb600cbc7718a7b6a891cc7e9ec068ff03bcefb26bc65b3bafb,1,-0.0,0.0,blog,1.0,2,en,1,blog_authorship
89f02f4ea3909df6388867ebde0f025cabc9cb3a7bb45ca61977ac8a7d559a44,1,-0.0,0.0,blog,1.0,2,en,1,blog_authorship
8a02544930f340ff48659c6fb76d3e95f3139fb64a095c6766a2897f106545a3,1,-0.0,0.0,social_media,1.0,2,hi,1,exorde
8a09cb68a592051fc70538cf847fefea3bec92eb630ea0cc2bf8aba3cadd97ba,1,-0.0,0.0,social_media,1.0,2,zh,1,exorde
8a1e63f2b78f53cf48416bdcab7176daff4a1420d33a6015543732a3c2e26b17,1,-0.0,0.0,news,1.0,2,ar,1,babel_briefings
8a2c4d1224ad1188dde10b909e2d89247b12622d7c35502ac1cc44daf1ca39b4,1,-0.0,0.0,literature,1.0,2,ru,1,russian_pd
8a32a358a55e7edcc0933b9df2f08f354ff039eb7900d63864b72a5efe24284b,1,-0.0,0.0,news,1.0,2,ko,1,babel_briefings
8a34fc9b8de204c65383e1e6d7ef09cf0206641bf19c082d27e3648486dba2f8,1,-0.0,0.0,social_media,1.0,2,ru,1,exorde
8a395eae8c3a9565136ce2d9fae383d9780d8b07051c7592baed628dbf0f449e,1,-0.0,0.0,news,1.0,2,ko,1,babel_briefings
8a4a931d98edc998d265292a0017f33bca367eef9f242afbcae423fd33d397dd,1,-0.0,0.0,social_media,1.0,2,ko,1,exorde
8a681b20d786c89c6100feb0db526db6fc905498dd75ecdb89a5a7bb640e66b7,1,-0.0,0.0,news,1.0,2,en,1,babel_briefings
8a6d4b33484aa1f42a567136551b5ae7691e91ab017d0930a6ebf23a68daab62,1,-0.0,0.0,literature,1.0,2,hi,1,hindi_discourse
8a7996c90f1a541bef2056b90f80e5edfbc1fe5049f7b5e6705961555f019b23,1,-0.0,0.0,social_media,1.0,2,ko,1,exorde
8aa016c08d01666da45f3d63a714b997e152240d96ea0860fb532921155a0aad,1,-0.0,0.0,poetry,1.0,2,ar,1,arabic_poetry
8aaeec0d79fe34e07d05253ed5ec4a62f4c74af15d0ce4cd1c144099ea642c9b,1,-0.0,0.0,social_media,1.0,2,ar,1,exorde
8aafd632f0ab26fe3194149e422250528f325bb3783bf8c62cba099788b2fdf9,1,-0.0,0.0,news,1.0,2,ar,1,babel_briefings
8abb2a1f496929b3c178a0211b7a49cae38b748699a48c1a5ca10aeec95f9f8a,1,-0.0,0.0,literature,1.0,2,es,1,spanish_pd_books
8abd24b9bc1ee7437ac368121ccade98d41ebec21894c41b7be09d6f54822bdc,1,-0.0,0.0,blog,1.0,2,en,1,blog_authorship
8ac2a6a6082ef2d9a1e99d1e0f0feadf78a6668592101fc6b5fc8aec52d7329f,1,-0.0,0.0,news,1.0,2,ko,1,babel_briefings
8ae82927d4a96d145246642e6e792e80c6d7b7b17f7c465b75384d534c774fd3,1,-0.0,0.0,news,1.0,2,ru,1,babel_briefings
8aea9271019d0136d0c82dd0b7212703cb3e2deaadc6691831a11600a03ffa8c,1,-0.0,0.0,literature,1.0,2,es,1,spanish_pd_books
8af34b51ba9c5417bc694aacbac2d8edfd649e3f7a01106722ca522150472e83,1,-0.0,0.0,literature,1.0,2,es,1,spanish_pd_books
8aff8863936604a9170fa3bf5dd91602e74bfa8ec12cd3ee92a88de471fa87b2,1,-0.0,0.0,literature,1.0,2,ru,1,russian_pd
8b0e5e73d0131c9c635ecfdfeb519b2f9097a2f15bbb2051f1e72b394362f000,1,-0.0,0.0,literature,1.0,2,ru,1,russian_pd
8b1702f85ddec8bf27fee5bf7ae29ce199caaffb8473bafb46ba7d39037c11dc,1,-0.0,0.0,social_media,1.0,2,hi,1,exorde
8b23e7a12a717fbdcd01f1dc31c93ad29bc2034d4e32579e6efdc66bb0389706,1,-0.0,0.0,blog,1.0,2,en,1,blog_authorship
8b2e306c15592d46c45a0ef26fbc84df98a290c3b2cdf588ebee84967c46b66f,1,-0.0,0.0,blog,1.0,2,en,1,blog_authorship
8b446ada9f299f1c033be044d5277165f2578bb2d67452373a8fc489a682cd82,1,-0.0,0.0,news,1.0,2,ko,1,babel_briefings
8b478b4e8928dfe86e7f9e580b48e7459af5ec141f1148b212e2ff41412f7a63,1,-0.0,0.0,social_media,1.0,2,ar,1,exorde
8b49f976ee6050f20fd31933033ac90371618cbae84a98bcb05b7fa3fb84f8f5,1,-0.0,0.0,media_reviews,1.0,2,zh,1,douban
8b4a4f90831305aec133676e24ef674bcbdaecc92163476f64879be4fb43f9b6,1,-0.0,0.0,social_media,1.0,2,ko,1,exorde
8b4ee8097e7d6711e775e9e3411df8e7474c4deebe7d4007b78a832332b3f1ad,1,-0.0,0.0,social_media,1.0,2,ko,1,exorde
8b560adcd0e72856bd6ece2a07223368c9c7f8c0a12becb83cf1debf3de82d91,1,-0.0,0.0,news,1.0,2,de,1,babel_briefings
8b59712c898ca1e253957a94e505321ea488b73c55f4578462d93d3b9f8856e5,1,-0.0,0.0,poetry,1.0,2,ar,1,arabic_poetry
8b5a3782ee9c7fb2440bff10934f6523ccde4bb822d7f0627d710c4e170e3521,1,-0.0,0.0,poetry,1.0,2,ar,1,arabic_poetry
8b6d8ffc2226e3b32abe503f57a1392d23a0177a1bf40d62293a170efa356ff7,1,-0.0,0.0,social_media,1.0,2,ar,1,exorde
8b70676b670de23ca32aeaa4e332129d9def981ea269ff6a4de88dd36c1b29c5,1,-0.0,0.0,literature,1.0,2,ru,1,russian_pd
8b770680867ed04f52f1ff21172dde6a3f997df3bcc1a3558c24f479ca07a455,1,-0.0,0.0,news,1.0,2,ru,1,babel_briefings
8b87be6dc5c6c2b0e1abed569b18657139a2182449853d9a74891ae22f50bbd0,1,-0.0,0.0,social_media,1.0,2,ru,1,exorde
8b904094ca64ab4df9023d6d6cc5aa7ab813fadfeba1d8b8d0add3820e951189,1,-0.0,0.0,news,1.0,2,ja,1,babel_briefings
8b99bc59e0f36492bff3be2ddf1ac6ff2dcb416fbb6993b5266e1f8397c9d450,1,-0.0,0.0,literature,1.0,2,ru,1,russian_pd
8b9b20595cc4a91048f9142e9b228915fecbda0b079b210b9e6e603c0f38a20b,1,-0.0,0.0,news,1.0,2,es,1,babel_briefings
8ba227131159666b85882ced0a830f6be001025f4259d47735a0272235221492,1,-0.0,0.0,social_media,1.0,2,ar,1,exorde
8ba3c1be52ee49f3ec30c34c4e4c21f51dae1d593dd70730a9e920f7883cf8c8,1,-0.0,0.0,social_media,1.0,2,zh,1,xiaohongshu
8ba62b514516ce19a4fc1cb6ff0efaf72e603fcfba82fdb1424d82d36b84debb,1,-0.0,0.0,literature,1.0,2,es,1,spanish_pd_books
8ba6638f71be638d36cb150637cf5f3bed3e22f04423fcf9cf8c027d92458f11,1,-0.0,0.0,social_media,1.0,2,ar,1,exorde
8baa534055633d92e7845acd3238557dc352644eb1ca1969056fbba86bd8dbe5,1,-0.0,0.0,media_reviews,1.0,2,zh,1,douban
8bac4d7ba3a3b50d5bc5501fa6bbff686f583864239fb706b5dcb46e9017fd15,1,-0.0,0.0,literature,1.0,2,es,1,spanish_pd_books
8bad65828e02ffa7ff730d0f14e487429a85355005fe50f9088575d7d0fd98b4,1,-0.0,0.0,literature,1.0,2,ru,1,russian_pd
8baea5c79d70d9cd4b459bce79f4a6655cd96625e2a59221ec76af316b2b8dc2,1,-0.0,0.0,social_media,1.0,2,ar,1,exorde
8bb36da2c5772adad503d32c7d31772c344e668dad8d5752a54e6582445792d2,1,-0.0,0.0,social_media,1.0,2,ko,1,exorde
8bb6e9a0d9cb24755e79e1e43316b61ce71ee6aea98ef11b3660d2630eb645f0,1,-0.0,0.0,literature,1.0,2,es,1,spanish_pd_books
8bb894d72c9a3c691fc5a53a3de7fc33952ee000a9c22ac699501b41b726d55c,1,-0.0,0.0,news,1.0,2,ru,1,babel_briefings
8bb96d3862951d956c140c3af10b0e0cb0c18937681016514180278fccc19d42,1,-0.0,0.0,literature,1.0,2,es,1,spanish_pd_books
8bc0dec98a37c135c76f99f83a5165ca8cfdf05557b91e9626e518e96f7dab88,1,-0.0,0.0,social_media,1.0,2,ar,1,exorde
8bc45f5ec61ff6878c55da469ea21dda55e88816390504aba5b4eca74a7a8f6b,1,-0.0,0.0,social_media,1.0,2,hi,1,exorde
8bd0575e84208f7c816df3fe88d79b0b66fc0e4ebd1ab2311ef10ae7b5b1b2e5,1,-0.0,0.0,news,1.0,2,ar,1,babel_briefings
8bd78975e45cddfc27ceb3812b658dfee16630eeb423375e777465932c4bfafa,1,-0.0,0.0,media_reviews,1.0,2,zh,1,douban
8bd9f822448f420c0ff416a3bb8187510114e4e5350df46809e51cd503bce55f,1,-0.0,0.0,news,1.0,2,ko,1,babel_briefings
8bee1b56e098da4e619c5029b2e75329df0ced768920d92000ecf576552808fd,1,-0.0,0.0,media_reviews,1.0,2,zh,1,douban
8bf2ca273d4116a6ccd3318456ad2251fc289dedd8ba820811bb570a61501ccb,1,-0.0,0.0,social_media,1.0,2,ko,1,exorde
8bf9631b1678750cf61950dbc58d923c865eb81d55173c8c32e8964205c1cc09,1,-0.0,0.0,news,1.0,2,en,1,babel_briefings
8c045c058d41bcd1ea85d2db58401fce5d8e1d727b08c765308f6f22f3b8dbfa,1,-0.0,0.0,news,1.0,2,en,1,babel_briefings
8c099736615ce089f75b9f12442dabaf76d767f792f0d9d811decc6f7101a1ae,1,-0.0,0.0,media_reviews,1.0,2,zh,1,douban
8c1297492d4de535ebc7b9cbb97b32ea174ea0e982757ef32d27ca1f6ef18b4f,1,-0.0,0.0,news,1.0,2,ru,1,babel_briefings
8c2eedf3b70a342f4185ed780a5a6f182f28fea6ab391bdacdfefc8f214a65f0,1,-0.0,0.0,news,1.0,2,ko,1,babel_briefings
8c4f5bb975b8c62ae060e573a24a0c748de0835f798008ab5198dc2c68e4f485,1,-0.0,0.0,news,1.0,2,en,1,babel_briefings
8c602b0f2c3b788829a4cabc820f88eaa1858b0f3444ce1b5a9f08f4e427246a,1,-0.0,0.0,poetry,1.0,2,ar,1,arabic_poetry
8c67c8d921b58dd93262eac27926a1bfc61d9cf7d433f56c344bbf05024cb001,1,-0.0,0.0,news,1.0,2,en,1,babel_briefings
8c6d78e329b384041432d64d3f333e5883f918a595d0242228ae4cddf9442804,1,-0.0,0.0,literature,1.0,2,ru,1,russian_pd
8c759a060a1018e33bd5365771315d61d74689516e81682fe19e1884dbbcd448,1,-0.0,0.0,media_reviews,1.0,2,zh,1,douban
8c9053d16a1eda44e388748d9419cf866d3315a058a02521af29ce36d6027cda,1,-0.0,0.0,media_reviews,1.0,2,zh,1,douban
8c909595b79b3935932be844fe9cff44ad1e3fb11a57cc387af03dc24d2c6b7c,1,-0.0,0.0,social_media,1.0,2,ru,1,exorde
8c9bf14d98696aca34e60d8f93fc1458e9de0bdadaef5c454e87daf4e6b3b870,1,-0.0,0.0,social_media,1.0,2,ko,1,exorde
8cb0bf69d7ac3ef9a91dc9b79fc4c01ea72fb3a91c51110fb2e5787aa863aeac,1,-0.0,0.0,social_media,1.0,2,ar,1,exorde
8cb851bd7bde586cd43c1670823d23d26c74d7d1894a93992b4dbe5e0b7285b8,1,-0.0,0.0,news,1.0,2,ar,1,babel_briefings
8cc3a45761ac1fcde55a5523210256980d9d785f66f84b50b7c188c4e6b96d0c,1,-0.0,0.0,social_media,1.0,2,zh,1,xiaohongshu
8cc716efcb6ee090bbdce824decffe7523255556e46664319d9e25785ae92c84,1,-0.0,0.0,news,1.0,2,en,1,babel_briefings
8cc8a85ae492300b3c4531cbe5cbb7d495e271447e854afe82dcde1c70707e0f,1,-0.0,0.0,blog,1.0,2,en,1,blog_authorship
8cd2b0b489890678ec25e5922f404636572e33660d8d8cbf990726a5f8c2b8c9,1,-0.0,0.0,news,1.0,2,en,1,babel_briefings
8cd91fdad868071e502001aa311efe0a4006e91a9879bc07b9bfa8f6651a65ed,1,-0.0,0.0,literature,1.0,2,ru,1,russian_pd
8ce012e126831fe8cc04814114a93c0ef3283410355b928870d8a6985443ece5,1,-0.0,0.0,social_media,1.0,2,fr,1,exorde
8d0120f4734213c83aa9b3615f666802fd0c804d9e124e6026136f6877855731,1,-0.0,0.0,social_media,1.0,2,ru,1,exorde
8d06b7d629793e741ca15bef3ffadcbc849f2f113b3d3e0175b309b51d7572a5,1,-0.0,0.0,news,1.0,2,ru,1,babel_briefings
8d08f5c8e68630346d582fe83e728970ebf95c03731b6052349ac3d8e7e1ea7e,1,-0.0,0.0,news,1.0,2,ko,1,babel_briefings
8d20c2677864e0b688c1023130ffdcc2be3590cbcaf9a0dc5a21efcb5008c8b0,1,-0.0,0.0,social_media,1.0,2,ar,1,exorde
8d2f4cbf3e718cd40f7f7752883bcfff0c5044ddee1fa0edd7cbd29b6f2a0a11,1,-0.0,0.0,news,1.0,2,es,1,babel_briefings
8d48f5dac48f8b830e99125d3f23089633138636257a7707ab7fb602445a9805,1,-0.0,0.0,literature,1.0,2,es,1,spanish_pd_books
8d5fa42490ac582fd81e55bdaa2c5a930c828a89cd27d962f9900f6e87a19600,1,-0.0,0.0,literature,1.0,2,es,1,spanish_pd_books
8d7c440dadd9143361b1fca2e764867cfad2ebf60ff48f6d0ca7c153a6e51686,1,-0.0,0.0,news,1.0,2,ja,1,babel_briefings
8d80b946434695e7930bcdb0b0f63e8e3ea17c48664b71acbbedd910a6434f63,1,-0.0,0.0,news,1.0,2,ar,1,babel_briefings
8d811a71bde13d6627499ff5c9830d92a5c2af7a26d61064d47dac96692003e9,1,-0.0,0.0,media_reviews,1.0,2,zh,1,douban
8d86e0c92556ad4e02b9d3bbddf4d4ce159485106910a528085f77adabb7d9e1,1,-0.0,0.0,news,1.0,2,ko,1,babel_briefings
8d9257ccb2f0dcceb6f0d2c17dd1f9e87f3b047f50ae36e14696eeb593a20995,1,-0.0,0.0,blog,1.0,2,en,1,blog_authorship
8d993e305528a450519aa5150f16138a349b3a8a78e3976d0ff2523ce030d595,1,-0.0,0.0,literature,1.0,2,es,1,spanish_pd_books
8d9f397272f17c4041787d1f2b4e67008678d9758e6f768ae82b8cae0dc32ff6,1,-0.0,0.0,media_reviews,1.0,2,zh,1,douban
8da58428cc615ce4034b9ab2293c8961c6a20c36d2f487a2444653faeea6120e,1,-0.0,0.0,media_reviews,1.0,2,zh,1,douban
8daebd989d3ae8af8c5a30e612225d5a4757e8a7aef430e2289b5d5fe19fb656,1,-0.0,0.0,news,1.0,2,ko,1,babel_briefings
8db90c7fa3ca7af920ef962f907c8762deb4998859717e28e3c08338da6d540f,1,-0.0,0.0,literature,1.0,2,es,1,spanish_pd_books
8dbb4db431282f6e5107509a91c8920dad0f4d9de8b9ed0d67a0a91e60ed8441,1,-0.0,0.0,literature,1.0,2,es,1,spanish_pd_books
8dd04edaee04947ea657c4c591ad1c56465437d64ed5dc17f30b9dad37d20cf8,1,-0.0,0.0,social_media,1.0,2,ko,1,exorde
8dd11323001fd492d972b1b33df5d6d38dd4f6ef31fc4a49d06a764d62970f47,1,-0.0,0.0,social_media,1.0,2,de,1,exorde
8dd1d208d99558d579254b2c87ac14df12bbbb646921e6c84981f0e509d6cffc,1,-0.0,0.0,literature,1.0,2,fr,1,french_pd_books
8dd2f6e9f213c2e9c5755a2ddb6a0456ff8f0d081bf4d0262a580720188fb842,1,-0.0,0.0,literature,1.0,2,es,1,spanish_pd_books
8dd9bca2afc0f707577c8606cdd7886e0069e47530869dac2ec1f0346ae03629,1,-0.0,0.0,news,1.0,2,ar,1,babel_briefings
8de434fb224eb0f67fd4ac1a2660c702ea75dbcec91c7e9012ec04e7f70acf1f,1,-0.0,0.0,literature,1.0,2,ru,1,russian_pd
8df1732f6a4f4f5d387238bf8d6b8f1078b15db10e1c718f4a88aff3652d0d98,1,-0.0,0.0,social_media,1.0,2,ko,1,exorde
8df36ee2fab2e7288d3bc303adfa48fe3f5f3cc557ec944047fee96ce1cc5200,1,-0.0,0.0,social_media,1.0,2,ko,1,exorde
8e03bbfe949ef53cbb6acf7f590acf6b9a9ffd1a7b2f23fe4cd4a108e9be3e4f,1,-0.0,0.0,news,1.0,2,ko,1,babel_briefings
8e0a4860cd4fd3f56977156bb4630d87d17fe698729defc97bfd74af9b6ea30d,1,-0.0,0.0,news,1.0,2,ar,1,babel_briefings
8e0f519ae794112a81c2b504c9e19d2f6361f72118fda3a4e65ae62f52a45cd5,1,-0.0,0.0,ecommerce_reviews,1.0,2,en,1,amazon_multi
8e14f9e53d089317e7b701d13f3af4cf57ab66fe862a9a91d9cf3418169cd1fc,1,-0.0,0.0,media_reviews,1.0,2,zh,1,douban
8e4ad2b9da035dd2b37495e8b095f921882c9a97c0639aa0e949ae0d83e09300,1,-0.0,0.0,social_media,1.0,2,ar,1,exorde
8e5314026eab233875b525fdd0af6780f7046bff719d7ca78cd384221f0b1c4f,1,-0.0,0.0,news,1.0,2,ar,1,babel_briefings
8e632df645e07105a02d1ad92347b6a936b194e64cefcc1f9566a55fb3196028,1,-0.0,0.0,social_media,1.0,2,hi,1,exorde
8e6de1bac8ecc3f7ad55518790ec1a8c78a22f74ba09355415e9e16ed0bef39b,1,-0.0,0.0,news,1.0,2,en,1,babel_briefings
8e70bdc4241be966b0c06e04425d32a97f4ac0f3e32b44a43a263689a8442da1,1,-0.0,0.0,literature,1.0,2,es,1,spanish_pd_books
8e7ef6ef7e9adfaa66d7167aa5d60fac1e86d945623d2a9240168e79a5ac8580,1,-0.0,0.0,media_reviews,1.0,2,zh,1,douban
8e811c06804d08c03b8cc11a5877c671a990352baa331cb2ae9337851e48a16a,1,-0.0,0.0,literature,1.0,2,es,1,spanish_pd_books
8e8679477b07e858b333c40f910561124fb303b5f314970a3de0d3e75ac1ec41,1,-0.0,0.0,social_media,1.0,2,zh,1,xiaohongshu
8e999ab3c35608d1615016014513263c80f85cd7ad0bded521806f09eea3da0d,1,-0.0,0.0,news,1.0,2,zh,1,babel_briefings
8ea3ffa887018ef409ca29d1ac9ca4137e511a1ae930ce547cf111ecd410dabe,1,-0.0,0.0,news,1.0,2,ja,1,babel_briefings
8ea41b70210c399413faa48ec0ffb023b2f0dca0f20ad23f3864a59d5a32779b,1,-0.0,0.0,blog,1.0,2,en,1,blog_authorship
8ea55029d9698d6664a6efde1fda12fb09418f05cc3e25407d7d9eae620c80bf,1,-0.0,0.0,social_media,1.0,2,ru,1,exorde
8ea676ee0d046cf91a83f09cb7df834987366750c1e797ab66204c0d7f9861f5,1,-0.0,0.0,social_media,1.0,2,ko,1,exorde
8eae5ba25a731e73e5f4b7c3a4874e8391085d8a8e5b3124efbecb7bc9986599,1,-0.0,0.0,news,1.0,2,ar,1,babel_briefings
8eb1c7f64813e7fc2dd91d2bc87e496b95ef2a3aa71bd53f3ace76abc61a30b0,1,-0.0,0.0,literature,1.0,2,es,1,spanish_pd_books
8ebd156e45db4a89f3940e15ec887b06903019f2ddcb4686d0620f76569ae68b,1,-0.0,0.0,literature,1.0,2,fr,1,french_pd_books
8ec004488ff35db1914ad75be83dae186928f1b792abd2b99c4f3d67b66c4fbc,1,-0.0,0.0,social_media,1.0,2,ar,1,exorde
8ec03318e263455e2da5ecc3f10740119c79e7697a66c1baeffc13b60e07265d,1,-0.0,0.0,literature,1.0,2,es,1,spanish_pd_books
8ec0ea87cabee737e0271bd826da5b4f8cddeea81f71dd772d5fcf5cecdb1e25,1,-0.0,0.0,news,1.0,2,es,1,babel_briefings
8ec2596dc92253f7dc6716567025577b12210f7f5d0ea268001d253df301b853,1,-0.0,0.0,social_media,1.0,2,ar,1,exorde
8ec2bf53999d47290995c9681b754a7cf3eedb474a25cd1144e8b7ea0dd73690,1,-0.0,0.0,media_reviews,1.0,2,zh,1,douban
8eceb68f977f044761daeb06b79e4b3369b993b8051aff4ea04228c27d74b3e8,1,-0.0,0.0,news,1.0,2,es,1,babel_briefings
8ed25a85060dae853cab5015f8024c4aebc1d7f565a49c30a5ca914af1a9e0dd,1,-0.0,0.0,news,1.0,2,zh,1,babel_briefings
8ed7bb272aee6d107d937a15b693f4b72d8a41b909f47cd9164d2dadfc4a1b0c,1,-0.0,0.0,literature,1.0,2,es,1,spanish_pd_books
8ef1cc65a420ceadde195290445a0c76e3c618f6706e34ac84a601baf7a8dd1c,1,-0.0,0.0,literature,1.0,2,es,1,spanish_pd_books
8ef25aa8472037d0b6c60ea499574e8f31aa00f8415bcbea400752dbb14179b8,1,-0.0,0.0,media_reviews,1.0,2,zh,1,douban
8ef4013d74a7492dba86c65b0cd7468ec19794ce0e61179d7ea62c7688b54e0f,1,-0.0,0.0,news,1.0,2,ru,1,babel_briefings
8ef60894fdd40a1fc1c47d3b3ffc24d23fdb4ee5d7a80a74d53e11217c2f5c37,1,-0.0,0.0,news,1.0,2,ko,1,babel_briefings
8f1093ac94e423fe8e94ed41b094ab12eb46746612f2363f9595aa2ce0dbba32,1,-0.0,0.0,social_media,1.0,2,ar,1,exorde
8f17b417630c5a3b704a6a41f238c6e2e91439ed2ab2cbcee74eb48df580ac4c,1,-0.0,0.0,research_paper,1.0,2,en,1,arxiv
8f18c76f526f0b0ce7d3b9f0f9c0bea8fd409957f8df49e5b9989985d6664e1d,1,-0.0,0.0,news,1.0,2,ru,1,babel_briefings
8f19338c31a664de23bb0645f696b89b0098df470fd4e2e2a490fdea07c193ba,1,-0.0,0.0,social_media,1.0,2,ru,1,exorde
8f2ccefa7712c90fbd8720152e59abecb5980bff91466803b22aa9739242d611,1,-0.0,0.0,social_media,1.0,2,ar,1,exorde
8f2deea204358674a37ff416f063c90f2e6956f6542ff9260d3646374ad75554,1,-0.0,0.0,social_media,1.0,2,fr,1,exorde
8f327d913dbb90e4c60bcb1515da7400c642de8ed4b651d475eb7ea8ee61fc87,1,-0.0,0.0,poetry,1.0,2,ar,1,arabic_poetry
8f3b5784be8ddb3889b8d725be539c19a45584c34bcf554bc4254a0baf6cdc0f,1,-0.0,0.0,news,1.0,2,en,1,babel_briefings
8f3d1c37ee41cad7cce6e11f332db3c6f5df822cfb2aabe3daf446425aeba44d,1,-0.0,0.0,media_reviews,1.0,2,zh,1,douban
8f42e50adf25b21eef06dce6dbf7a09d780a44043eef82602c0e5b79eba82a5f,1,-0.0,0.0,news,1.0,2,ja,1,babel_briefings
8f4c591541931840a47ba634dc6f3c071a1977439215e64ec50c3dd7dbefa15b,1,-0.0,0.0,literature,1.0,2,fr,1,french_pd_books
8f54419db29f63a6e6ac393dd55d5058deb091de984a5e37bdb070756b34798d,1,-0.0,0.0,literature,1.0,2,de,1,german_pd
8f5d75b1c5c912cbd01936d160a7bad84ddf7187b925e4a46defa53b761a6e58,1,-0.0,0.0,social_media,1.0,2,de,1,exorde
8f6904cdb8e914fa33ad33b0d02de758e11a2682dd527c2771f091ad4b7596d4,1,-0.0,0.0,news,1.0,2,zh,1,babel_briefings
8f6918909f0d5470a4973f0b82f64e92f198d9b325214f79516d0e59c1a25f77,1,-0.0,0.0,social_media,1.0,2,ru,1,exorde
8f85ac34ce59bd1693769e7565e14330251e09848e36d4f294b6842a5308b035,1,-0.0,0.0,literature,1.0,2,ru,1,russian_pd
8f9c332af5e1801121f6ec52e34979e8ed241a2de66ce47da33c37a4e1120067,1,-0.0,0.0,social_media,1.0,2,ru,1,exorde
8fa4e641b0e22556d2e751bf1a81abc7f45e225c5ac29ab14974746e0e745436,1,-0.0,0.0,news,1.0,2,ko,1,babel_briefings
8fa7dc1a02e288cda246bdc38e51c0407407b7995ef489475ac4f69560fcd6ac,1,-0.0,0.0,media_reviews,1.0,2,zh,1,douban
8fb37b82598a76357e8b9f9c2eebb722bf7f9ddf3134f8557798cb6cea545670,1,-0.0,0.0,news,1.0,2,ar,1,babel_briefings
8fb66d4e409f7be28ca992068a33995e8f4b25c986051ee936ef99dec9494996,1,-0.0,0.0,poetry,1.0,2,ar,1,arabic_poetry
8fb6f7ac4f10dbefd730841a978429a9cbeff28301570d8158b4f5de424a1628,1,-0.0,0.0,social_media,1.0,2,ko,1,exorde
8fc01819d377cf1aa7a689f64c12eb2d9844fff60df6bd2cd85b9f45c78ac249,1,-0.0,0.0,news,1.0,2,zh,1,babel_briefings
8fcba5926b7d8f89b9eca0cc23f09e9a3837cdbad005ea6c51212ffe430d7772,1,-0.0,0.0,news,1.0,2,ar,1,babel_briefings
8fd62eaae65bc2759428a1ef4ec8550dc1fc484cf964a0f1f441503bf32a785d,1,-0.0,0.0,news,1.0,2,ko,1,babel_briefings
8fd9b1a79ddea94ce010d4b82ab3970746322a245c4b1172ad0efb95dcfeed0c,1,-0.0,0.0,social_media,1.0,2,de,1,exorde
8fdaa69f971d8bb85e327abd1273d5f4cd479bc934bcb6832b51b9b980595666,1,-0.0,0.0,social_media,1.0,2,ar,1,exorde
8fdba1179e4ff8e72a03fa0aed594c22e58580f0f3e9028dd8ae456079ed7d6d,1,-0.0,0.0,media_reviews,1.0,2,zh,1,douban
8fe5d81f1af01be8faa958c331ca4b6e8d3c0ce1f463839e9bc2b870ca3aadb5,1,-0.0,0.0,social_media,1.0,2,ar,1,exorde
9003190935de68fc7c9cb4e8edfbedca24e2c1ef2f4c7486cd7cf7a3177a5def,1,-0.0,0.0,literature,1.0,2,de,1,german_pd
90083b48104e0ec7e57dfecb00dc0a9f9f45e6bc3a1b97a49ce21acc4b95ffdb,1,-0.0,0.0,news,1.0,2,ar,1,babel_briefings
90275f3e2dceffde8ac5983163f196d8c7664892460b0e9e743d177856d48638,1,-0.0,0.0,literature,1.0,2,es,1,spanish_pd_books
9027e13d74b28f09713dc74c53ffa43983e977ffe079c36d0d66d0e1ca42e0c1,1,-0.0,0.0,social_media,1.0,2,ru,1,exorde
9034c4739fcd52b570d49342dc4cf7e2a6fe9a7307bea5036934d7d40671bedb,1,-0.0,0.0,social_media,1.0,2,ar,1,exorde
903c9a07c4d11fe61e527664971eeb279cfb7eeafad001c902e643a1a8b9703f,1,-0.0,0.0,news,1.0,2,ko,1,babel_briefings
90401e72f0467e815aff1ad736a4df37a3cd83f5a9653bf0835d025c529c2bb2,1,-0.0,0.0,social_media,1.0,2,ar,1,exorde
9044e9739ba06e0b7abff75de56407702f7d5b598d76e546de059efa367fae5c,1,-0.0,0.0,social_media,1.0,2,ar,1,exorde
9045777f15b95fccf620aedd9acab5d9aa41b86e11fae1c209a973a23f58c42c,1,-0.0,0.0,social_media,1.0,2,hi,1,exorde
904cf03861cd920494f604e9a808acceb46d66f73dc979ec2be2dc91484920cc,1,-0.0,0.0,media_reviews,1.0,2,zh,1,douban
904f680ecc6649de648caa5ca2f8d10abbf51ac6ae5f005ea77ebbb01a722caf,1,-0.0,0.0,literature,1.0,2,ru,1,russian_pd
9061c54a4f1493afee5c625e26ed13e1f883d7b7ae50f94e3eb87eaefe0aa7e1,1,-0.0,0.0,media_reviews,1.0,2,zh,1,douban
9068f9d78c4b9050c2b5c3473050b12a3534baf68d62fc57e40324676fa6319a,1,-0.0,0.0,news,1.0,2,ru,1,babel_briefings
9071867f76104b4bdadfa409d6aec3b6747fedd5c3b42d16ecb2e6b9a0583137,1,-0.0,0.0,social_media,1.0,2,hi,1,exorde
907202fb4b74b8c7db9068cf269508a712d6312793372df86a018d4903f42388,1,-0.0,0.0,literature,1.0,2,es,1,spanish_pd_books
907dd5e198619d051a06b01809e4f700aac4e5f6c2c4e732fbad07649579440d,1,-0.0,0.0,news,1.0,2,ar,1,babel_briefings
9080f41c613247274d9a9efa7e283e26e91d56be3db0d776ebedaee62f9ccfdb,1,-0.0,0.0,news,1.0,2,ko,1,babel_briefings
908e946eb8afd9c728d5521bac131993dd6d8000eef393607197e72a0d6a03d3,1,-0.0,0.0,literature,1.0,2,es,1,spanish_pd_books
909fcb1efad2ce4365aa7e891017e790e7977f7d929c52cbf89c563f197d8475,1,-0.0,0.0,social_media,1.0,2,hi,1,exorde
90a2478c644aa265e4872cc208acbbb71b1d56e935f8dd25f0318561df44852d,1,-0.0,0.0,blog,1.0,2,en,1,blog_authorship
90db5a5c31bf4198676c0ef446cac0c8d0e2150881b14e3a366f8425b215aefc,1,-0.0,0.0,literature,1.0,2,es,1,spanish_pd_books
90dca17265089ec083f8400c068b48a1e1499f73ca09e2fa6d80de1495e58ebf,1,-0.0,0.0,news,1.0,2,ar,1,babel_briefings
90df077661cb4652bf3164565165b034755f56e19bfa23d23c1ad3b007eb3b5d,1,-0.0,0.0,social_media,1.0,2,de,1,exorde
90e31de58eac4b28c20211273fb2452c2eeddb262b6f05bb5543127a54616fcb,1,-0.0,0.0,social_media,1.0,2,hi,1,exorde
91082d92ed1bd582659162cf2bccd2e236db800c13dc63e420f78e842ee97b15,1,-0.0,0.0,blog,1.0,2,en,1,blog_authorship
910b915fa7964f8ad31068c59cb25897a7750afc63a6c89001e6fad9408634d7,1,-0.0,0.0,blog,1.0,2,en,1,blog_authorship
910daba2c3473b8db83e5b0c249165628895c6e3f8671dd63ff32082694d1e3e,1,-0.0,0.0,news,1.0,2,ko,1,babel_briefings
913677d59a4a33aa382d770ef505280b03999700645f101cfa0cac2803f118c5,1,-0.0,0.0,news,1.0,2,ar,1,babel_briefings
913acfdf086f7bc47eadf1ae73db2a137dfbc3e698429167b09aec90ad0605d6,1,-0.0,0.0,social_media,1.0,2,hi,1,exorde
914b305c33a3c42df0d2c570aaa32e5e34539235646366365b0cb7fb74018834,1,-0.0,0.0,literature,1.0,2,ru,1,russian_pd
914ef1944af2b3078ff8d7e7c9f05c674da797ab6528a33ed5c5d952ba970752,1,-0.0,0.0,news,1.0,2,ko,1,babel_briefings
91502af496fc396479f72db116b99f35de15dc353ad053ab33d6f47683a9cbb1,1,-0.0,0.0,social_media,1.0,2,hi,1,exorde
91647174b0c850840c4d9639a446898ed3c6a11f5b0ff5b6412673acf26d86aa,1,-0.0,0.0,media_reviews,1.0,2,zh,1,douban
91676b9de537747a92a622f23ff2ca254a4edc29cd0dbf43be997fb5da99dde5,1,-0.0,0.0,social_media,1.0,2,ko,1,exorde
916a4bebee6ec3103944fdb34b224eee1f436e9e75350c663f176dcfc8bb467a,1,-0.0,0.0,literature,1.0,2,es,1,spanish_pd_books
9172e54e365305571b8575706e67267e891234a33c343da34bb41dc11c1331bd,1,-0.0,0.0,social_media,1.0,2,ar,1,exorde
918e672923f36d485ccacfc01347b71401e9ea97a661091cd464afb01c63d304,1,-0.0,0.0,news,1.0,2,en,2,babel_briefings
9190f3d65769083e108eb1d6a8b442b71595b9b4945a8c38d31972ed74d5c754,1,-0.0,0.0,social_media,1.0,2,de,1,exorde
919987e3bf675634c1a5e7a80ef0daa721d551c53dca5ece30f08fea21b1f1fd,1,-0.0,0.0,media_reviews,1.0,2,zh,1,douban
91a8073254e682a71a3c895f8c4a49a6dba1cb40d523c4ae1b26eba56de2eb5d,1,-0.0,0.0,literature,1.0,2,es,1,spanish_pd_books
91b322d0012fef692ee5e77b9b66605db5def3133d138518a85ddcd4e02ed46c,1,-0.0,0.0,social_media,1.0,2,ru,1,exorde
91b6ca8fe6ab4a6c783d7e3bee0f571d00cbd452a1851fe421aa9f14f076148e,1,-0.0,0.0,social_media,1.0,2,ar,1,exorde
91d366e89aaba7bed6855dddc9032a9b5da0612ca4ed36ef10f78f01031f552c,1,-0.0,0.0,news,1.0,2,ja,1,babel_briefings
91d67591eedcb5a836eaeb7077b8f3ecd9e9cd1d38a44771ba821f231bb76c57,1,-0.0,0.0,social_media,1.0,2,ar,1,exorde
91d833171d6593b4aaec903ad65737411e8a69b86221bc8ac5bf3cb596050dcd,1,-0.0,0.0,literature,1.0,2,ru,1,russian_pd
91e6838552a411514b16b4b78b3f7670851827c864422529e0b2c29fcf4a763a,1,-0.0,0.0,social_media,1.0,2,ru,1,exorde
91e69bfacf3000a2e01bce6ae1423d00a33643002b85baffef17d112557e12a1,1,-0.0,0.0,news,1.0,2,en,1,babel_briefings
91feb64af25690fc02f80427edd9fcec82817b0e49e879effaccae0ad9e19ac4,1,-0.0,0.0,literature,1.0,2,ru,1,russian_pd
92045027ac756a6d485ea818da6421d18da6b9fb3a10678e89f518c68d64139e,1,-0.0,0.0,news,1.0,2,ru,1,babel_briefings
920a76c7d919e5f8162eb89b1bb694827942e4f49ebdc740327c506ac740f51b,1,-0.0,0.0,news,1.0,2,ru,1,babel_briefings
920d40aa8c91bd6b46c3278851e5958b5a12f6389e708dd15a3bc4f07e3a4cbc,1,-0.0,0.0,literature,1.0,2,ru,1,russian_pd
9215cf396d38759a42e398cb717e3c715145912cb1b3927ca6056f5af93dfaab,1,-0.0,0.0,news,1.0,2,en,1,babel_briefings
921993a86e0d03ad899136009e87f41550f3fe0576414b60f558273aa3afd273,1,-0.0,0.0,news,1.0,2,ar,1,babel_briefings
9219c7809bbbf5818c28746f5d7e496bf08158a00e75b1a0575289e4964a3224,1,-0.0,0.0,news,1.0,2,ru,1,babel_briefings
922b038b077913f226175197eee4d62ab74a9b84ec9373c43ac483559465c53d,1,-0.0,0.0,media_reviews,1.0,2,zh,1,douban
922d93f2e860fb80fcb8681088391b9ec7fc31bb6fa276074b295158786b018e,1,-0.0,0.0,ecommerce_reviews,1.0,2,en,1,amazon_multi
923181a7b0430f3b89dbc2d39335c094d1f87715c028671807816162df542b56,1,-0.0,0.0,news,1.0,2,ru,1,babel_briefings
9234e5ef151c5758346cb72721516ccf177ce979847f25411f52359d35cc742c,1,-0.0,0.0,literature,1.0,2,ru,1,russian_pd
924366afebc5fad486a33480535768a5e3ae69db06cda5b5402eebbc9ec7c6c2,1,-0.0,0.0,social_media,1.0,2,ar,1,exorde
9245b34bfa992c5599b6be8e740ce07ce8c808b5d9b605422477a4325f657f2a,1,-0.0,0.0,literature,1.0,2,es,1,spanish_pd_books
9252671115ce3a354af82f7d2737fc269a8490656f6aa3e88eb175fd605a6f49,1,-0.0,0.0,ecommerce_reviews,1.0,2,en,1,amazon_multi
9253665e61f36855e015043a3e8de9f03c2caaa9f027f8155f06909b66a7c994,1,-0.0,0.0,media_reviews,1.0,2,zh,1,douban
925f390e62f38c2ed9812c185e37e6a988acc81ede330bbd5cd3aad0842f5d93,1,-0.0,0.0,media_reviews,1.0,2,zh,1,douban
92602664c58f860ef52e6d12eaf0fbbad28cae29542b8dd7ec9d115d2f511fd7,1,-0.0,0.0,media_reviews,1.0,2,zh,1,douban
92605e3cb6e351fc3089989f465948a41e8146e923b59ec859ffb9f2399b2135,1,-0.0,0.0,literature,1.0,2,es,1,spanish_pd_books
9263e8b38931d871fe5dc3af8c92d1f03300a652eeef1b43ef5ec6e0df674bf6,1,-0.0,0.0,news,1.0,2,ru,1,babel_briefings
926508f231e80405abcd8c1ae5b1e859c3c1c6769baec31283a534b64138f93e,1,-0.0,0.0,media_reviews,1.0,2,zh,1,douban
926b1ba90d8b5bf435f2d750e9e268af46b5cb99ef9c42c763abffb6d4ddcea6,1,-0.0,0.0,news,1.0,2,ko,1,babel_briefings
926f28df8cb1a30eebb2b5515e07b1266b65875cc078a8c5b9e05575a70d3ba0,1,-0.0,0.0,literature,1.0,2,ru,1,russian_pd
92700977b846f6c7872ed9fda931b3f825b2ecbedc07d55196dcf2115a19ece1,1,-0.0,0.0,news,1.0,2,zh,1,babel_briefings
927c11e0fb1c48c43892d6d87d4a0c4635e1196963d40b3f604c4e3ed83b221b,1,-0.0,0.0,media_reviews,1.0,2,zh,1,douban
92894122dbb443013fc40220cf1f26d6876d9b564d95346c3203e684ab055d65,1,-0.0,0.0,social_media,1.0,2,hi,1,exorde
928941b21fb369314477c615c3c424e74111a6795ae8cb89d48b1b5729d1607a,1,-0.0,0.0,poetry,1.0,2,ar,1,arabic_poetry
928cd6ce039f1f228b0e37c8cf37fe8e1b85ebb3cd8cb1798bddcf53c2100fad,1,-0.0,0.0,social_media,1.0,2,ar,1,exorde
9296002fb1fbb25380cfae7bd92f5ec7d9c28e9aae0a1ad81fda249e43b9be93,1,-0.0,0.0,social_media,1.0,2,ru,1,exorde
92a8002bf20939d5f579a771c5542d34f2338c2b6f6c6b67aca7d6f29eeae63a,1,-0.0,0.0,news,1.0,2,en,1,babel_briefings
92ac7db9b87bb5a2f882a14093ee6f8cf33510733cd10453f9f9b1f5301cc459,1,-0.0,0.0,social_media,1.0,2,ar,1,exorde
92c837597d9ad2cc049e30f835cdd74545435acbe584e30548316ce42a2e5ddf,1,-0.0,0.0,literature,1.0,2,fr,1,french_pd_books
92d708b89b1c4baf41efd5dc37a1ec3972abbdaa817aac92eb5056266196879e,1,-0.0,0.0,media_reviews,1.0,2,zh,1,douban
92da00ccdbc0177e83173096c0ca8abf93febccae8655ec5130f78fe0ade68f5,1,-0.0,0.0,news,1.0,2,ja,1,babel_briefings
92ea3f8adc913b03b4c36185b83777b7d9e176866e472eb5969dfae73e06c08d,1,-0.0,0.0,literature,1.0,2,es,1,spanish_pd_books
92f771597b4e39ceb020ce30f8f5491a8fd771be8e11a8c69accf79c2eface28,1,-0.0,0.0,news,1.0,2,ru,1,babel_briefings
92f863b55b321d31df9d59d51145fe743db179fc81dec50a3ed0fa3f527b4e5a,1,-0.0,0.0,social_media,1.0,2,ko,1,exorde
92f9dd8302b27ab439fa8424a5a32db922d6da845681e28f1e11453a104bddf7,1,-0.0,0.0,literature,1.0,2,es,1,spanish_pd_books
93167a0215f287623c61a06580ae1eb1916f69b0728a53ae5db8ebbcf9e82041,1,-0.0,0.0,news,1.0,2,ko,1,babel_briefings
9329bea36590c15c7f5ee181d9287158ec98ab7cf31c7137e73fe9bd1db2640e,1,-0.0,0.0,literature,1.0,2,es,1,spanish_pd_books
93434b0c08718ac81f0595d24be8c5b640b100157820a26719c357373d5810c2,1,-0.0,0.0,news,1.0,2,ru,1,babel_briefings
9344a7b0d14b7650b5f6c7df9e3471fe3f5c0d381f0077b6fad427f54b105ac8,1,-0.0,0.0,social_media,1.0,2,ar,1,exorde
93451f38ac5465853966591fa554a04bfbc6eb8ae0a975ed5a3d5a45a7dae2b8,1,-0.0,0.0,literature,1.0,2,ru,1,russian_pd
934bbcf8f0914f7a2f130220c231a318ac97b0adfc85001758a14d82bf2d6100,1,-0.0,0.0,literature,1.0,2,ru,1,russian_pd
936839feaf7fc556e87a15c10bc715d86f7bd7c48a3728485508a6be4aeaa97f,1,-0.0,0.0,news,1.0,2,fr,1,babel_briefings
9370ec3aa314f8e7afd844a70d656bd9b1217b9de3b3b6f093a9509100895e8b,1,-0.0,0.0,news,1.0,2,ar,1,babel_briefings
937d5de5360ce222d8498bae59c8778810e982fb122f3ca5490b72d80313385d,1,-0.0,0.0,news,1.0,2,ar,1,babel_briefings
9381e3a0bb88f65504d7bdfa4c90fcf6ec5ac84a721b844037e74dddeef909b5,1,-0.0,0.0,literature,1.0,2,es,1,spanish_pd_books
93879b01e6c13b7e3440760c83d12e5a5ca31ce396a11083aceff1aa663509fe,1,-0.0,0.0,social_media,1.0,2,es,1,exorde
938e422c1284574a2efd88228d94c256897e196068b04da9d02726db5341a6d2,1,-0.0,0.0,news,1.0,2,ru,1,babel_briefings
93912c523a2472076c9aeeb2c05b61ecd4f000e4df9a35a1e23bd3abf6db663e,1,-0.0,0.0,news,1.0,2,zh,1,babel_briefings
939ef253cd4a776ce0576b4a053cd392f357c94b497b4b432edc0174f7140511,1,-0.0,0.0,news,1.0,2,zh,1,babel_briefings
93a0f30ddca9a4feffa05ed50ceef904e62c37c52065a950801fff11f7ff2e50,1,-0.0,0.0,social_media,1.0,2,ko,1,exorde
93a1b325266976b272a53730c3296c95a4dfdecd73850cb763504735a9d47ed9,1,-0.0,0.0,poetry,1.0,2,ar,1,arabic_poetry
93a4537f1ed93011f49f7747802e0414936e9b367413e5a2eeb7fff4a6c5a8ad,1,-0.0,0.0,literature,1.0,2,hi,1,hindi_discourse
93ae2a0950261879fab33a3646685007bc7ecc14e695d06d13f291cabee89bd1,1,-0.0,0.0,social_media,1.0,2,ru,1,exorde
93bea26705034cd722e58cddde3bd75126be9e1e298f1b838fabd6fb6c79ef5b,1,-0.0,0.0,media_reviews,1.0,2,zh,1,douban
93e36a80ab3472ae4d95558d72a0424e6b158c599c409957278e4c01bd393ecf,1,-0.0,0.0,literature,1.0,2,es,1,spanish_pd_books
93ee9a24c55e915bc6b938b1951fbc5097e1721355e43db68c73c87618f4a40b,1,-0.0,0.0,news,1.0,2,ko,1,babel_briefings
93f15d5aec0a7998ad52673f32ec54fcd93f2443eaaf50ddcd98d0d6138ba169,1,-0.0,0.0,social_media,1.0,2,ru,1,exorde
93f28c4400c1282f8ab45a54da2bb1b783f061f3aa070a580e543df36ff1ddb2,1,-0.0,0.0,literature,1.0,2,ru,1,russian_pd
93f2e314c7826af24c648a848034d8489426cb7f5d79133cf775221dd34dc030,1,-0.0,0.0,ecommerce_reviews,1.0,2,en,1,amazon_multi
93f524bccb60334389e3350694e84aeafed196b5283097894a3bba5a65e3fdc9,1,-0.0,0.0,news,1.0,2,ar,1,babel_briefings
93faac4c7f921ff5a432f0fe7917f583cadcd36b7c492f484af20b782fb60bd4,1,-0.0,0.0,social_media,1.0,2,ko,1,exorde
93fb3cb92c23a9f55506d919f7ef6220a21d770074467cb0be12a7edcb9d7ea3,1,-0.0,0.0,poetry,1.0,2,ar,1,arabic_poetry
93ff3096742fe78faa688ded9fbcfccd9ecf14644f41968ac18bd984c8ad87da,1,-0.0,0.0,media_reviews,1.0,2,zh,1,douban
940b6d3f16fce60e524c6e721ceedb370c0a1442d08cc0a0b16785d94e5a82c0,1,-0.0,0.0,news,1.0,2,ko,1,babel_briefings
9411e177ffdfc5e5d51e5c08d2ce73ec39edadbec548a6a1a28a0a0e4b632558,1,-0.0,0.0,literature,1.0,2,es,1,spanish_pd_books
9416a5e694a87d2354a04fe76f33d1d3b4c86c44ccb9dfc49cf7dc93710162e6,1,-0.0,0.0,social_media,1.0,2,ko,1,exorde
9430b86fb7c6b08c8fbc02f2ccd98347e745faf856b62cd9a7e84aad79690b63,1,-0.0,0.0,social_media,1.0,2,ko,1,exorde
94386212e300dd58313645f25ae4005ef0bd5309c3fd11a1c9900f354addc3cf,1,-0.0,0.0,social_media,1.0,2,ar,1,exorde
944b66051d623ece25d9fc33186e6dda8104fd35b311db7dc5c3451912f20793,1,-0.0,0.0,social_media,1.0,2,ko,1,exorde
945023fa2596a567582eca932382b2303f858bdd439d9383892d0d1b18411e40,1,-0.0,0.0,media_reviews,1.0,2,zh,1,douban
9456aecd7547f843406f5d4535bb681c7fc4fbfca5edabadcbe38ab4d92f31ed,1,-0.0,0.0,media_reviews,1.0,2,zh,1,douban
9456e11714da14b7731358d0c8738ebb003eb38d6365d3bb4d5ebd0d8e6fb59e,1,-0.0,0.0,news,1.0,2,zh,1,babel_briefings
945b9b48b4c35d59eca3dff97d224644f0788c42634bc4699f5cdac427e6419f,1,-0.0,0.0,social_media,1.0,2,ar,1,exorde
94677a8d2268bef28574c923ef24ef69e93dd0480251809b02a518e748fe7bc7,1,-0.0,0.0,social_media,1.0,2,hi,1,exorde
9469909dce20be413fcb33b4fc9a1561ba26d8a6951184c0fb70ddecf3e1f033,1,-0.0,0.0,social_media,1.0,2,hi,1,exorde
947845631d064a0b57ae96c23e46904edced4077af611dc5c0069ea995827c56,1,-0.0,0.0,social_media,1.0,2,ar,1,exorde
9479353b1a7ae74b362a9adace402eeb66ae1bf20c340bdc1503c3acb574f17f,1,-0.0,0.0,literature,1.0,2,es,1,spanish_pd_books
947db854e21a93dc31011bf0c65314595b8a0f92f3375fa8bebbfbe5b95abd47,1,-0.0,0.0,literature,1.0,2,es,1,spanish_pd_books
94817eb79146ec54c74993ce02c14b73a3de3a671d1795fb074580c7260f7f83,1,-0.0,0.0,social_media,1.0,2,ar,1,exorde
9483b29d05e2b75685f974670637708222cd33e028a0563e9d9001046dc73fe1,1,-0.0,0.0,literature,1.0,2,es,1,spanish_pd_books
948ade1f88f256f852fa2ac956e5a00c8051e43ee51ad4be5e7f1b69f6be0b8d,1,-0.0,0.0,literature,1.0,2,es,1,spanish_pd_books
949cef486a7b59a4bbf04f9251725e2392bb8718ffd2f5bd227b027ab52231ed,1,-0.0,0.0,news,1.0,2,fr,1,babel_briefings
949d38729dc2f0b77eafd8d0e524372b8b3f5bcd8685cc4701f4610c9e852fa6,1,-0.0,0.0,social_media,1.0,2,hi,1,exorde
94a03919ef07e4b2cd618ffae1d8ea6c6450dce0172e6e1cdc1054609c0bb657,1,-0.0,0.0,news,1.0,2,zh,1,babel_briefings
94b53004d67e453c9e4871dd1b4b14782fb2f07ea4c814f38c09c941da0a3c6a,1,-0.0,0.0,media_reviews,1.0,2,zh,1,douban
94b7a5513f9b32c1bc395b2563871a18d4fce35a067ab6c76b69456cb0f44201,1,-0.0,0.0,social_media,1.0,2,ar,1,exorde
94b987d637f3016f9554be0220e8b0baef3a5d01ba49b0aaba7c02bd2ca39fec,1,-0.0,0.0,social_media,1.0,2,ru,1,exorde
94be214f961bafb3b4729e85af6eb29dc3b14ac7663dcb018b21b9062aa4a285,1,-0.0,0.0,literature,1.0,2,es,1,spanish_pd_books
94c75b24d76fdae05406fea290f1b31862ceecbef1a9554fd809e2b8a3376fde,1,-0.0,0.0,news,1.0,2,ar,1,babel_briefings
94d21ec99dab045dba2dee607045a3ff1b220297dd570ba806d62ef5e970cb89,1,-0.0,0.0,social_media,1.0,2,ar,1,exorde
94d382818b12a3ca4927175cb3959f63fb39074f0ace53fd5a1c33025870136e,1,-0.0,0.0,poetry,1.0,2,ar,1,arabic_poetry
94d9b45df97a24e7f9f558f74add6eac42b6b2869a8ada43a33f2450c8583cf9,1,-0.0,0.0,social_media,1.0,2,ko,1,exorde
94e9e925f8d755a13be25ee4a4417e0ae176c06c179a7c51e1ce891d1f1c602c,1,-0.0,0.0,news,1.0,2,ko,1,babel_briefings
94ef1d131be00245f55443acabee3ca3b2d447429099dca7e487d5d30eafa106,1,-0.0,0.0,media_reviews,1.0,2,zh,1,douban
94f08b42132d4d285932b71a453ce2786e662135be5179c227139e55ad0f3337,1,-0.0,0.0,literature,1.0,2,es,1,spanish_pd_books
94f0e6f04fe3b4de286b0fc360fc99e35ef04a49232b1fe77bf721ed416ec985,1,-0.0,0.0,social_media,1.0,2,ar,1,exorde
94f1c2ef1e86da251065d49fa68f5f60544f91434db27a16a9acbc0d0ab09e3d,1,-0.0,0.0,news,1.0,2,ar,1,babel_briefings
94f5cf39079d5aacc1dc6df02120cf8b3295eb0ee4d6c51d88460f8ebe0d4ab4,1,-0.0,0.0,literature,1.0,2,ru,1,russian_pd
94f7d69cdcbab38d7243dca15479e46fae37223d41abfdec74f4c42b22f3db82,1,-0.0,0.0,news,1.0,2,ar,1,babel_briefings
94ff0b48edc1aaa43f47710fa1fa0fcd04a47eff6583cf237d24482600e89fec,1,-0.0,0.0,social_media,1.0,2,de,1,exorde
951a1a7c7a527e0dc4edf5abdaa41e9a7c0f59aef13c2374908fe6ea9efe0c57,1,-0.0,0.0,social_media,1.0,2,ko,1,exorde
951da18996d0f91be399901aa45d4ac65c21aa8abd809b7d6ff02aaa58a1f7e0,1,-0.0,0.0,social_media,1.0,2,ko,1,exorde
951e05d5d6c09f1348bcefea11bac8191eca834b4bce26a91b033dc1de6df8c2,1,-0.0,0.0,blog,1.0,2,en,1,blog_authorship
9520d8588c3b68c9a3696ae6dbbe605c2980b5cb41239e0d307abbc16a9ae988,1,-0.0,0.0,media_reviews,1.0,2,zh,1,douban
952309c9fae1aa5d1c364b19f4d78f79084b3be2e8c8cbc90ae1f24be7cc67bf,1,-0.0,0.0,social_media,1.0,2,ar,1,exorde
95260900e16a0a57a948e4fbef5e1d00f2b48613a938bd1ca631874e21fdc3c4,1,-0.0,0.0,poetry,1.0,2,ar,1,arabic_poetry
952d731bfce39f77abea4f0bcf70b28ae99c1c55d557efa161a4e1bb03ac5247,1,-0.0,0.0,media_reviews,1.0,2,zh,1,douban
952e8a3aa082920727eeaa47f67b253d0a2c93af0483afe80539fd7e0f5aab8f,1,-0.0,0.0,media_reviews,1.0,2,zh,1,douban
95331ccdfb26e06ec5265e3b55852c892974c16c3daf6e890d0fbb62aa5adc7a,1,-0.0,0.0,social_media,1.0,2,hi,1,exorde
9538eac5fe7e041bbaaa1f37350c927ee2c76e196781605def60dee986dd0170,1,-0.0,0.0,news,1.0,2,es,1,babel_briefings
95535765092ce711e45a4b7af48d96d9619f0b034599ecdf35dab8a94c287adb,1,-0.0,0.0,news,1.0,2,ko,1,babel_briefings
95535fbd95a51760e8ed9d511518bb6b0a572ba0e0dfab54cc56a5229d9ba221,1,-0.0,0.0,blog,1.0,2,en,1,blog_authorship
955944dfa9c4d22cec47a74809ca7b1339a67fefa4b348a18b5184dd16910ea1,1,-0.0,0.0,poetry,1.0,2,ar,1,arabic_poetry
95637dff0d1c2ebe9c176663c1f80bf1dc4819bb345eb4de90d9723a3828b80e,1,-0.0,0.0,news,1.0,2,ru,1,babel_briefings
95690c1ee253c36f2aa429a06d4df693ad9d9e8a313721bfcbbb12b1484121c5,1,-0.0,0.0,social_media,1.0,2,ru,1,exorde
9574fde61c9efd722a39ca32a1dfcb1dad7bae6e3ed0143684b0327f435c3cf1,1,-0.0,0.0,social_media,1.0,2,ko,1,exorde
957ee3bcbeaac6e63b49fc867c32189a98302ff23eea3fe417bc7bc7f8530978,1,-0.0,0.0,media_reviews,1.0,2,zh,1,douban
95839bcd537656b4d5e65b030e10323d12ecf35b00e342a758f319a4deb81b25,1,-0.0,0.0,social_media,1.0,2,hi,1,exorde
9589b2ed16c4b9df64d12dd5e573a257343cca197968b5a9189db12280090a4c,1,-0.0,0.0,social_media,1.0,2,ar,1,exorde
958c2aa0963f41ba068b262369a9d9fee051f68644ab0b3964b513cf9b00a787,1,-0.0,0.0,literature,1.0,2,fr,1,french_pd_books
958eee66a7e476effb6a563d37d44f83252234e04198b1a884508be7cebbc714,1,-0.0,0.0,news,1.0,2,ko,1,babel_briefings
95a0537a07d5bf89ef57413040ca06259379088ac19c54cbb2c48b6f9f097a34,1,-0.0,0.0,social_media,1.0,2,ko,1,exorde
95aac016ca80d044b7e4512ba516dca8fb0b280c654ca78ec55db5b579c7e31e,1,-0.0,0.0,literature,1.0,2,ar,1,wikisource
95b48d24349e68644a11f6992673ecd51e7c7888dd2a8f9f0a3b3b0297f55176,1,-0.0,0.0,literature,1.0,2,es,1,spanish_pd_books
95bc75943b2d0393c28f8624ffada3b50b90f5203319782fb802a4d402403dda,1,-0.0,0.0,social_media,1.0,2,ko,1,exorde
95ca74f84f78b30077aadbb21833b230959882c963a7340bc5b98778d4c0aa46,1,-0.0,0.0,poetry,1.0,2,ar,1,arabic_poetry
95d329dfec79ddefec565001155d33fe7684fea13afcf3435fd527a2a3113631,1,-0.0,0.0,news,1.0,2,en,1,babel_briefings
95d3c8b4bbeed160c3da2929a157856ee688aab5b08936bf9bd8654d1ee46888,1,-0.0,0.0,social_media,1.0,2,ko,1,exorde
95d5e125430a34478d56c590a554e354838e02c084ea5f4162ef6d860c91296c,1,-0.0,0.0,news,1.0,2,ko,1,babel_briefings
95dc265be5859546b7e6906602c6eda0d55c6f936c9d241e033f7181f03b2ed7,1,-0.0,0.0,literature,1.0,2,es,1,spanish_pd_books
95dc9beb329a634a189b3b063747ee2fca2380b7684c3b3de0efd347dd90fe5a,1,-0.0,0.0,literature,1.0,2,es,1,spanish_pd_books
95e04d024595adea5a5278b1856c1fa0025087e189835b9e8db6e65062f77327,1,-0.0,0.0,literature,1.0,2,es,1,spanish_pd_books
95e3c60a13754712fd372baefcf727623ed6ab43306de1c329cf7a810908fe4d,1,-0.0,0.0,news,1.0,2,es,1,babel_briefings
95e6a23fb5a38e693dfd0f60c781df1ba1257098e290ab4a0024f8372e9e2ceb,1,-0.0,0.0,social_media,1.0,2,ar,1,exorde
95e9722b63a8a0317ad68e69c1a833b406022e9d7743f39baa0d7c3902d60551,1,-0.0,0.0,blog,1.0,2,en,1,blog_authorship
95fb77f43e879d240ed4b88057395c79fa2bd0432e3b61103b0550b52baa800b,1,-0.0,0.0,ecommerce_reviews,1.0,2,en,1,amazon_multi
95ff30e87ab2180ffac87160fd044a34ca6edb5782b7ab2e3ed79ef6475e2114,1,-0.0,0.0,literature,1.0,2,es,1,spanish_pd_books
960283a72b2775e4274d5a206d5359a09c3dbd9ec78210d9f8c1081434cf2fa3,1,-0.0,0.0,news,1.0,2,en,1,babel_briefings
9605be12cba440ac2c460ab63447051c7bc9042185a452d1fbfbe92764c886d0,1,-0.0,0.0,news,1.0,2,zh,1,babel_briefings
96062db8d9dbedda0caa1e0146358e69862200a49d5433ee877cb36ce15229e5,1,-0.0,0.0,news,1.0,2,ru,1,babel_briefings
960cb66c0d158a8500c116e904a70dcfa7a09d6f04be041cc34aea7f5f6a5480,1,-0.0,0.0,social_media,1.0,2,ru,1,exorde
9624e95c2642623c481e7b79406d9a1583c41311da83270f885bb8cee8f13e04,1,-0.0,0.0,news,1.0,2,ru,1,babel_briefings
962b80bd036c4ec58c622d4fcdc694c8b86c92f51abff321becf3ab983c6990e,1,-0.0,0.0,news,1.0,2,ar,1,babel_briefings
962f312a2d45015f406caaa0fd7943e0b2dba91ba255d408b8ed2ab7decec67c,1,-0.0,0.0,literature,1.0,2,ru,1,russian_pd
962fa2c4732678d01c5ce527268d684732acec2e7fe5fbfe3d506ca03c28927c,1,-0.0,0.0,poetry,1.0,2,ar,1,arabic_poetry
963081bb8f3ba8cbdbd18955a2bb6c7afa94c35ca5966cbddf9e33fd81ee8fbf,1,-0.0,0.0,blog,1.0,2,en,1,blog_authorship
9632b3209f0ee9261fe8a50e0ef9d7a1a9183f49342fd5fbe8df857d42339e53,1,-0.0,0.0,poetry,1.0,2,ar,1,arabic_poetry
96393efad31f718a81977ebe85a58a748ceabc0fa3a0508e98bb5d724039ceb5,1,-0.0,0.0,blog,1.0,2,en,1,blog_authorship
963c56792fa9c679549a4eb1dcb32e814aca72bcbadf521431f9c089fd64fb73,1,-0.0,0.0,news,1.0,2,ru,1,babel_briefings
9650bfd7aa3b3d96439c679b889e67d1270e1f5dbbfa1d9a05572f86b478b764,1,-0.0,0.0,literature,1.0,2,es,1,spanish_pd_books
965b297572f9f10d97c77b531d29901d412a6dcc4a2f3f533d62f38cf5f3403c,1,-0.0,0.0,news,1.0,2,ru,1,babel_briefings
9660a22b4fc0aba0df703847b5934c4e7afe11028318241e9fb66e0be406af0b,1,-0.0,0.0,social_media,1.0,2,hi,1,exorde
9664c0f693de8d90872795634784edbac9295fb86f930404da8d674a08dc42da,1,-0.0,0.0,social_media,1.0,2,ko,1,exorde
96655f36604178f18abba98db09d23ab8e928357d486265927f2964d30404a99,1,-0.0,0.0,literature,1.0,2,es,1,spanish_pd_books
966d0863d7b27ed7eabf9a5cd0faf2dea14f16e0c42dab08f0f79e31881f2f9e,1,-0.0,0.0,social_media,1.0,2,ar,1,exorde
966f4c40215616ad7a720b6057a8e4880858ac8088650eed94e9a132219b71ce,1,-0.0,0.0,news,1.0,2,ko,1,babel_briefings
9676f751a713c44680086f0cfd6c62679b0c1c16abb575cf9bdeaa11f568f53a,1,-0.0,0.0,literature,1.0,2,de,1,german_pd
96785658e1d6a026c6782ecd4de4285e0a1a63c52edc56d875cb1052c7b459ea,1,-0.0,0.0,social_media,1.0,2,ar,1,exorde
967a90d082d201f23228264d5cf351599c93e8b418dff8c26f89983304bfe718,1,-0.0,0.0,social_media,1.0,2,ar,1,exorde
967bfcf1c11013ad72e7a7b6762c39d9cb607e3402bc9e9f791b614165ef6137,1,-0.0,0.0,social_media,1.0,2,zh,1,xiaohongshu
967d7a93a10c5e59d25156a88c1fffad0ed2d093e8ff4c7ff97e5cc636f2cd7e,1,-0.0,0.0,social_media,1.0,2,ru,1,exorde
967e4d3e6c91163ee642145b7e7135af57b96bc136220edcee036fc800d3e36a,1,-0.0,0.0,news,1.0,2,zh,1,babel_briefings
9685bda9fd47d7e60074d2e0d1b6f0f3bbe0298a9ace873e61fd3b6d1ef32fe3,1,-0.0,0.0,blog,1.0,2,en,1,blog_authorship
968782822a4eefd1a2791c02fc5c9643c2283f8749392a73cdd2f9ba97a33009,1,-0.0,0.0,social_media,1.0,2,ru,1,exorde
968a00c0e6d5dda2f8ab79911534b62f65a2f88b0bb46bbdcab72870285b1bf9,1,-0.0,0.0,news,1.0,2,ru,1,babel_briefings
9694a3eedb0385643cb5e0af5a305cb21253c889f76ecd95ac739def6ccfd1aa,1,-0.0,0.0,social_media,1.0,2,ko,1,exorde
96a56dae882846a9fcfc75050a29e963aa988cfb70fc3e5ecabcbe0923cd2aa2,1,-0.0,0.0,social_media,1.0,2,ar,1,exorde
96be9463fb8d5fc22362e777cf380bd081710152b739b9bbb44b35056e22db70,1,-0.0,0.0,news,1.0,2,en,1,babel_briefings
96c55f94b1d5d48f577638d4a057337a9abc007bea07e2f3a6d79dbe243be419,1,-0.0,0.0,literature,1.0,2,ru,1,russian_pd
96cdefe0a2dcbe64745520318e96abc2cc438c7f2f83d97d0cb345465785d109,1,-0.0,0.0,news,1.0,2,en,1,babel_briefings
96d7a11dce5dcf87efbb789b9ba0c65cf0fd9731c014f7ee55f87e4663fe5004,1,-0.0,0.0,news,1.0,2,ko,1,babel_briefings
96d8283b5929a65038689dcf4bd07a7ce00d879db7933f6955ddcbe12b4af656,1,-0.0,0.0,literature,1.0,2,es,1,spanish_pd_books
96ec8a769e5943bb3bbe7738ef4a4355dc129f5c0fac1cb88bfeae79102c045d,1,-0.0,0.0,news,1.0,2,ru,1,babel_briefings
96eea71125ee0676722401ba9d4294ae049c6f922b7805df37cee77a4022d79d,1,-0.0,0.0,blog,1.0,2,en,1,blog_authorship
96eee65080c1c167f2c6160d5d94d4f5879e95963cbbb24438cb69a4efefcf07,1,-0.0,0.0,poetry,1.0,2,ar,1,arabic_poetry
970354dc463f7f19a9feb5e0e908ae79b4da41157933d0895dcd6061ef10bbfb,1,-0.0,0.0,social_media,1.0,2,hi,1,exorde
970b5bd050baf4df93cc7d35c95b0b958d0a33aaca5babb1d69692b52a4bff04,1,-0.0,0.0,social_media,1.0,2,ru,1,exorde
970ccb77c13e57e417e0e4cf4afad7323d59c643a0f55557b46cfc7474b76e22,1,-0.0,0.0,news,1.0,2,ru,1,babel_briefings
970d17d9463e3b229619299c56656ee11dadf230f7810c03f03bb1eba8902114,1,-0.0,0.0,news,1.0,2,en,1,babel_briefings
972e68ef76a19422b18035053ad16d728f2cf56123f70df74a920245842e9c62,1,-0.0,0.0,news,1.0,2,ko,1,babel_briefings
973a05bde0e3f1fb90d8687f6d657b09136be25335d9f6fd17530b672269f1dc,1,-0.0,0.0,media_reviews,1.0,2,zh,1,douban
97473cac7bbe63a60f5acea58d0ce1b7559d5985bc61382d08c8731aaa32cf05,1,-0.0,0.0,literature,1.0,2,es,1,spanish_pd_books
974ae8a7c93649ae64148fee776b1e4d7ef682754af97ea2e0b835c197a15685,1,-0.0,0.0,news,1.0,2,ru,1,babel_briefings
97552e5b5be7a4da2913d5cfe13af3cb41e2e91520b604a58ef675d173a65631,1,-0.0,0.0,social_media,1.0,2,ru,1,exorde
975f28ba90db35236fbbd377e7d7b2d5193f1990ed3a58407ad42f0418022b5a,1,-0.0,0.0,social_media,1.0,2,ru,1,exorde
97632c46c39b024a126e121b8423f17d275302564759565842aa2fc3ca525ce6,1,-0.0,0.0,poetry,1.0,2,ar,1,arabic_poetry
9773a7d9631ce293bf375105584073dc7ce34d03be498e165ffdb3a6e95dc405,1,-0.0,0.0,media_reviews,1.0,2,zh,1,douban
9783c602a6834dd787e7a0f1d80de817fe17be693a802ab285f22fa0792edf6c,1,-0.0,0.0,literature,1.0,2,ru,1,russian_pd
9789cf18262b0f8de4257b66c1064a56f0d061030c5e9333a30c2acd182f6a59,1,-0.0,0.0,social_media,1.0,2,ar,1,exorde
978dbc47880277bda6a2053b5ac2c4214d6a26fc31bd8d8441a5edc5c0941fa6,1,-0.0,0.0,literature,1.0,2,ru,1,russian_pd
978fbafc711bdea51ec3f6477bba15dde57aeca97a8e092e2ab956892e91141a,1,-0.0,0.0,literature,1.0,2,es,1,spanish_pd_books
979ffb4dbb73b4840b1c5df4f440da81f35940424956300ad58fe2e54456cbcc,1,-0.0,0.0,blog,1.0,2,en,1,blog_authorship
97a0b28c979820d6cd254a2b50efdb1b31216a884691f2d0fc1117ab63868393,1,-0.0,0.0,media_reviews,1.0,2,zh,1,douban
97a3782f83857134a490e6d534519255170790d86c7779b95c2f11510bb8a5df,1,-0.0,0.0,news,1.0,2,ko,1,babel_briefings
97a41d38f25c68595f8868b8a65e315f6a6f6cf06f9d7e928dbf986df6dbe991,1,-0.0,0.0,news,1.0,2,zh,1,babel_briefings
97b3f55f9e17be15e4740aefd172dd50437f53e7861db7eab345572d792a2765,1,-0.0,0.0,news,1.0,2,ko,1,babel_briefings
97b480bebba93a5f78a5345c4e4c4f1285e7bbc591ead56edab17cb6902cb6ac,1,-0.0,0.0,news,1.0,2,zh,1,babel_briefings
97b6c28535d686f100dae89b7665811944f72867713810371a6fd274c1998712,1,-0.0,0.0,blog,1.0,2,en,1,blog_authorship
97b789afad773df49a4926ec2df62daf32df717345babcf29ae6f685a83bd3a5,1,-0.0,0.0,media_reviews,1.0,2,zh,1,douban
97bc4bbb4aff5d39a81684ce1d4eadd9af3d3afdc5117dc0d4d4e592d3457e07,1,-0.0,0.0,social_media,1.0,2,ar,1,exorde
97bca4f5e1071485e8450233d4535161a6e85dcdaf39d2211848cd3f7fe6c145,1,-0.0,0.0,social_media,1.0,2,ko,1,exorde
97ce1096c2d419319e11abca00d23fed040164c102ea7d970928f794bfe19ad7,1,-0.0,0.0,news,1.0,2,ar,1,babel_briefings
97dce8f2f8bd1055056f16ea7502db7d2ed4a470e6e5f0fd997428e7a33ce232,1,-0.0,0.0,media_reviews,1.0,2,zh,1,douban
97de378bef0396aacc9fa17a5bb09f0818f81ddd653e95e5b41aac98996c0831,1,-0.0,0.0,news,1.0,2,ar,1,babel_briefings
97df59c8fb2b5d2825c1b6b3959398fe23c41cf5a8a251c88565872b1a9e2031,1,-0.0,0.0,news,1.0,2,ko,1,babel_briefings
97f39e63c1438198b176509aee37889688ed06eea61ebeba0b04f628108f21a2,1,-0.0,0.0,social_media,1.0,2,ar,1,exorde
97f8b4a4f23ce7a604f4f9d9744238cc537d697936e11261900644dd60272b1f,1,-0.0,0.0,poetry,1.0,2,ar,1,arabic_poetry
98182902da6d86c9373d504174570e93436f595537c486ef264a028df36bcc78,1,-0.0,0.0,social_media,1.0,2,ko,1,exorde
981c14e482e14aef061ebb9cda379249f7335d95bdb3c3ddc44c22194194ed14,1,-0.0,0.0,news,1.0,2,ja,1,babel_briefings
981e5f45de823348fca0e62f462dc724adcf3eb40f2282a24efc2da79543edb2,1,-0.0,0.0,social_media,1.0,2,zh,1,xiaohongshu
981edbf9ca77bcee77f1d78cad1a7dde4a70ac187b881771f242cd59f3bdc7a4,1,-0.0,0.0,literature,1.0,2,de,1,german_pd
982601f12539b8c824e846f84d5e3124e55b3ad50f88cf934be9f340329c9a5c,1,-0.0,0.0,news,1.0,2,ar,1,babel_briefings
982d2202fa773802cd430074f0ec6d13d56668288a31def4b47bdc6a4671676c,1,-0.0,0.0,social_media,1.0,2,hi,1,exorde
9831178bc5fbee6c0b1fd2a4af1a6b2daaa943c3216a9e6b16b4a587bf29c4fc,1,-0.0,0.0,news,1.0,2,ar,1,babel_briefings
98486f6c8b1c27d558a98b766f424e631b1653b7d6206dbf9340bc035f58f106,1,-0.0,0.0,news,1.0,2,ar,1,babel_briefings
984ce41d5aa8a33f25d4f147f541c87aef78860b33daadd7f0f7cc9de6059d8a,1,-0.0,0.0,literature,1.0,2,es,1,spanish_pd_books
9860bb6e46fc0dde8b8e674d38eb656fa8a36f9f3850a856c44e366ecca59e44,1,-0.0,0.0,news,1.0,2,ru,1,babel_briefings
986c9c18f0401879b3c3101db8c2b1933e1fb0ced03fffbb36597bb63afa9382,1,-0.0,0.0,social_media,1.0,2,zh,1,xiaohongshu
9874406f58e6e0f615b62c84c6aed6071f04976fefb24a94aa9e7ba6aa77bad3,1,-0.0,0.0,literature,1.0,2,es,1,spanish_pd_books
987661ac07f74127b900dacf71314d0a9f643a158c7de427e1b30a24ab52d450,1,-0.0,0.0,news,1.0,2,ar,1,babel_briefings
98802e1f289b1f5037b9f5ce61caf0e2e62d9290cf29190920771e268e204b65,1,-0.0,0.0,literature,1.0,2,ru,1,russian_pd
98868d1f84d7c9aba8a30f4bff48daac3027189438a90dadd5745316fde6c430,1,-0.0,0.0,media_reviews,1.0,2,zh,1,douban
988a2a4b532ef7f6483929e5b8ceb94f2621c512f723052bcc43553f67ed84eb,1,-0.0,0.0,news,1.0,2,zh,1,babel_briefings
98a9e25a025a48f8a15ec9c7fa7283452c98e3a98193a8cf64a9354f500f772b,1,-0.0,0.0,social_media,1.0,2,ar,1,exorde
98ad73f8791e044696f46c67fcbae8c5fa59eff93c6fa641df00a60f09eeed62,1,-0.0,0.0,media_reviews,1.0,2,zh,1,douban
98b520707c9bea49c7bd94952583b1cfc18430994651306d7deaad5f6413739d,1,-0.0,0.0,news,1.0,2,en,1,babel_briefings
98b60cc30ee8c2338fb15bd51710e64b5e0b522c55058ae0421f021338a55c2b,1,-0.0,0.0,literature,1.0,2,es,1,spanish_pd_books
98c327f65ea5a2cdae98aecaad20dc7ac9e1ae194a2157d8da5e76bcbda9fc8a,1,-0.0,0.0,blog,1.0,2,en,1,blog_authorship
98c69fd05fcec88c1b129dd576113ab0d5d48c8735da62a9ec81076c20457462,1,-0.0,0.0,social_media,1.0,2,ru,1,exorde
98c8905a0f9437c0226c063c3efe678544b867bd54a00c1fb01b47760c48f0e2,1,-0.0,0.0,literature,1.0,2,es,1,spanish_pd_books
98cc3556174b5990fcfd78ec3d9e6c392122938100d1e6c8ee362295532bb5e6,1,-0.0,0.0,social_media,1.0,2,ru,1,exorde
98d2fa9908674ada45dff6d463c79cca4df86286c258774c5a165e3525006b7c,1,-0.0,0.0,social_media,1.0,2,ar,1,exorde
98dd5724cdd92eff3f1373731de48ae671350c24f94900fcb01a800dcd52d80f,1,-0.0,0.0,social_media,1.0,2,ru,1,exorde
98dd5d7945ca543f5b5b170a4db05087e92888dba77c762d343056cb21c4b66c,1,-0.0,0.0,social_media,1.0,2,ar,1,exorde
98e075f9c24f5aed838bc43d95cfbbfc7bb12e22c8fa94f466740deb01ec574a,1,-0.0,0.0,blog,1.0,2,en,1,blog_authorship
98e38a2d922ca53f022a527de0dfeb57284c00bc8d57b631e4af62e7b83b3ca9,1,-0.0,0.0,social_media,1.0,2,ko,1,exorde
98e69d41ae329aea841c540bcd9ebd2d7c94e87221f8fe25574a8df9bdad4664,1,-0.0,0.0,news,1.0,2,ko,1,babel_briefings
98e998430c219f860b540e2ab2e53efb02b881f7b50e822c4d8212601349bea5,1,-0.0,0.0,social_media,1.0,2,ru,1,exorde
98f1d7b2973f41b9f00a0cc2e2b7c1cb9f3f7d6120afc5fada32b3c2ff3ae59a,1,-0.0,0.0,blog,1.0,2,en,1,blog_authorship
990d4b495f2b2df05b9e62c4db84d5d4e4f92ee0158e4c66baf8f3144366553f,1,-0.0,0.0,blog,1.0,2,en,1,blog_authorship
990e65dd9da3eaa89cfc1bf308367a922bdb7bd4d83a38ba9478af7c7c792eec,1,-0.0,0.0,poetry,1.0,2,ar,1,arabic_poetry
9918d4f7e92b6f98e1243f2fe44f6484586e89b42352f1cb904498f286adf582,1,-0.0,0.0,social_media,1.0,2,ko,1,exorde
991990ce10d5be74e8bac0406dac2febb3d0a2c934517971b7edc54bb8d1b7ab,1,-0.0,0.0,news,1.0,2,ko,1,babel_briefings
991c85ad26ef642920bd29d988b05cb124efbf9adc18195be32c68e618ef7aa1,1,-0.0,0.0,literature,1.0,2,fr,1,french_pd_books
992304cd1b32965f8f4dbe2edfe1a9152d47a1922921b0b92d131cf0b9956b60,1,-0.0,0.0,social_media,1.0,2,hi,1,exorde
993d251bd124b4bbb139ac8708585d758639bce385903647b13a90d0c63127f5,1,-0.0,0.0,social_media,1.0,2,hi,1,exorde
99413d58e5982b21df1df27d2fe4fdaffe3a8031b648e647ac3789befae96eaa,1,-0.0,0.0,blog,1.0,2,en,1,blog_authorship
9951ace8036ba392394014d0929246ac3245f5e57492ba6db271c437f2ac97f1,1,-0.0,0.0,literature,1.0,2,ru,1,russian_pd
9951b88288e681b9681e60d4de881574fa10d783162d4e43f5b235f87eb4a2ea,1,-0.0,0.0,literature,1.0,2,es,1,spanish_pd_books
995c5415aa2f9fc5fbd4db282cefb5d0aea02cdf9d5dd7d3ec8d6c8d605aa6d0,1,-0.0,0.0,literature,1.0,2,es,1,spanish_pd_books
995ebc2a12f6cb90e407cc6b098b8d8ccda4cf98cceb806a4cfb63391f3be448,1,-0.0,0.0,poetry,1.0,2,ar,1,arabic_poetry
996776af7988cdf126c0f7a2c806e132434543cf8ca7750dede6a8e2c839886d,1,-0.0,0.0,media_reviews,1.0,2,zh,1,douban
996838192df7905cde2445f502974011a15cfc9dfc0521f9a15e1cec1093add0,1,-0.0,0.0,social_media,1.0,2,zh,1,xiaohongshu
996b2ebf84cb1fe66d858d4746a25e2e98e321a151a5f49da1eb961f67c0393c,1,-0.0,0.0,media_reviews,1.0,2,zh,1,douban
99792f64e09b4d7414acdbedb8c0d7140afd810661dfe560f7d22f78f85052a7,1,-0.0,0.0,news,1.0,2,ru,1,babel_briefings
99795eb7f290c3eda1a3baf559276d2448189ba186b0424eeadcfb80be6bed58,1,-0.0,0.0,literature,1.0,2,es,1,spanish_pd_books
997c955eba8e52b62ecf7441255ae3eafb2e27f0c33628f1b446bcfc076d1e75,1,-0.0,0.0,news,1.0,2,zh,1,babel_briefings
998290d4c9741617fb5a7d37c5beddecbd5d3073bea1794219cb920295455bd7,1,-0.0,0.0,news,1.0,2,ru,1,babel_briefings
9984546e91b0a7bf9f588f3cfa11a7b0e860c7a1ea97b4337dbd8b9c4dfa1bec,1,-0.0,0.0,social_media,1.0,2,hi,1,exorde
9986191b1536cd7e10ed2d30c04a722d7f81fdef95d0368a597f0f6d02113827,1,-0.0,0.0,news,1.0,2,zh,1,babel_briefings
99af6a41a4b362d7c0891b12b94ffe8d56c3b8acc128fbd4493fac2656b5438b,1,-0.0,0.0,blog,1.0,2,en,1,blog_authorship
99b16213646b2262dc0661650eb18ae8cf28f4dd6ac30cb6ee58fa6f517d0bf6,1,-0.0,0.0,news,1.0,2,en,1,babel_briefings
99c47de45311affaca1f0ad8cf9bdf646c60aefa0977f45d22a9aaa0b317b7f5,1,-0.0,0.0,news,1.0,2,en,1,babel_briefings
99c7f986bad02cdaaa7c8aaba6c831d201d0c63d1391251bd01bc4e94bf4f4c5,1,-0.0,0.0,ecommerce_reviews,1.0,2,en,1,amazon_multi
99cd0604a34a4652675997b8e5a4a12674c833566d7ac7db51c118420f3233ec,1,-0.0,0.0,social_media,1.0,2,ko,1,exorde
99d517aaae678e025c25b67c1796910ed68abf0d03887e8882e1e6b430788672,1,-0.0,0.0,literature,1.0,2,es,1,spanish_pd_books
99dc605ac3aeb9efab5f37a3f00a815d0b2b6d144c61dffe77f932e4e9697618,1,-0.0,0.0,social_media,1.0,2,ko,1,exorde
99e81a1f27ccdef47183302faabc2833055c53c04b048f0f51f278a5139fa71f,1,-0.0,0.0,literature,1.0,2,ru,1,russian_pd
99eceaf1838e2433ca19e98d5695617d1fa22b4578834d49c8af73e34fd06970,1,-0.0,0.0,social_media,1.0,2,ko,1,exorde
9a02f81c1710972b222d8a32b0396db6e37936e4a8896f644e08650a19f8c745,1,-0.0,0.0,blog,1.0,2,en,1,blog_authorship
9a07d8420f0a8bdd0d298b6f73e4393a08e516cdb4e1c911f8362add07cea4f9,1,-0.0,0.0,media_reviews,1.0,2,zh,1,douban
9a0bc9831a4c071ddcac5401208d299f378c9b9c04181c065fa2ad9ce13126a0,1,-0.0,0.0,blog,1.0,2,en,1,blog_authorship
9a176a278482214f4f5273537993797686d825c84dec8c4f657f55693fba26e6,1,-0.0,0.0,social_media,1.0,2,zh,1,exorde
9a181bdd3ee89518be65f4721977b4519b87f73e925741527e0833a4eb6f6b33,1,-0.0,0.0,news,1.0,2,ja,1,babel_briefings
9a2d84ed0da60b5675080c98c3a95a3ee9a2f9da18c5c28046611a7881c56ccd,1,-0.0,0.0,social_media,1.0,2,zh,1,exorde
9a3845e1c7c7a329aee3350527e6c9b1558c33fa026057a356946e0c141635aa,1,-0.0,0.0,literature,1.0,2,es,1,spanish_pd_books
9a399656af80553ad32aeb644fb345a4edbd1022a6e6d40787e8bd66e591e774,1,-0.0,0.0,research_paper,1.0,2,en,1,arxiv
9a3efee5640dc66f571e7f539b7034735ac8217aa0da751235f5772c73e073dc,1,-0.0,0.0,news,1.0,2,en,1,babel_briefings
9a4ea8058461def0b0af2de184823c8f21b195ce1e70aa05a7fa66457b15d6a6,1,-0.0,0.0,social_media,1.0,2,ru,1,exorde
9a58d23c4289a02a628657aa53879a6af78b647c7f880650d0227051de535a7a,1,-0.0,0.0,media_reviews,1.0,2,zh,1,douban
9a6004baf7d1ffdad939f8ab77c323648f1c76bacb9571b4ee0207c95f77d564,1,-0.0,0.0,media_reviews,1.0,2,zh,1,douban
9a62ac553efea7fcf3179ad0b8ff8e4440ec1390aca7c833333d48c95f3b5c68,1,-0.0,0.0,social_media,1.0,2,ar,1,exorde
9a68ab3e3a53fd9ef6f43ffa7260988661591b7a07fa6248dc7bcc25124db298,1,-0.0,0.0,blog,1.0,2,en,1,blog_authorship
9a85afb3618cc44cd16e5b2d0733144e995767a8cbbbd6af111f062dc5553564,1,-0.0,0.0,news,1.0,2,fr,1,babel_briefings
9a8971c974b31e006f686844ea38288e9f14042ffb80aed0649ca7969f1b5048,1,-0.0,0.0,literature,1.0,2,es,1,spanish_pd_books
9a8b09ef53179de786ab1a8087632713c682e75a5b5ab340fd7d5bdc12268914,1,-0.0,0.0,news,1.0,2,ru,1,babel_briefings
9a9764fdd00c96c1c0939cb9cd68eae15d5f113cced212b2ed958d1500f20c0f,1,-0.0,0.0,literature,1.0,2,es,1,spanish_pd_books
9aa038db41d5f61093c99c9bebdd02067b67684b399423b9c4a4ee92ffd91d01,1,-0.0,0.0,social_media,1.0,2,es,1,exorde
9aae3e5c7a801bc413064a8867c5e6e5bff279996193bb3d186f0b7701427ce7,1,-0.0,0.0,literature,1.0,2,es,1,spanish_pd_books
9ab3a0d708d4eb72e37b4a76ce7521647837aa0e77d29dd42703ce71f385a529,1,-0.0,0.0,news,1.0,2,ar,1,babel_briefings
9ab5f73e87a71697396efcebcee9978b6ae5b31439be0532ba51be574c4d680a,1,-0.0,0.0,social_media,1.0,2,de,1,exorde
9ad075bd5f7073d51361681550c60dcea201bb9aa6c97dffc4ed503fcc8f6ebb,1,-0.0,0.0,social_media,1.0,2,ar,1,exorde
9ad09700349724cf421149260fe4e884e2236ef666eb42a5a0949a8498fb072d,1,-0.0,0.0,social_media,1.0,2,fr,1,exorde
9ad98b2557c0d234389993e0ad3cc9072b6fb469e56075e104304b0441780734,1,-0.0,0.0,blog,1.0,2,en,1,blog_authorship
9ae24d971239dce5814f79c551bb3a8636bbd42f27f0ea16db4754bdc88b9a7a,1,-0.0,0.0,literature,1.0,2,de,1,german_pd
9afcf7f4c4c4c42f84cbc28cdf678b6b8722e98d8ff0069c0379295d81b4b728,1,-0.0,0.0,literature,1.0,2,hi,1,hindi_discourse
9afff35cc0757b24d1d81cc7965cd66100eac95eb78870d25d0fc4bd33afdb26,1,-0.0,0.0,news,1.0,2,ja,1,babel_briefings
9b0e549eca1abdb30997189bdc7cf344600f3188c14a3fcf6872196e32cf1ecf,1,-0.0,0.0,literature,1.0,2,es,1,spanish_pd_books
9b229fa3cb687736b99e06976f5fafa1fe0e260179651215d67bbb540d3dfe37,1,-0.0,0.0,news,1.0,2,ar,1,babel_briefings
9b45bf817f0636e7ad8cea99d3c78be5455aab8c7eee189cdb1728b46d33ff45,1,-0.0,0.0,blog,1.0,2,en,1,blog_authorship
9b45ddafc36397003fed62e7c4541bf7e993464cec360859ea37edd2789ee0ce,1,-0.0,0.0,news,1.0,2,ko,1,babel_briefings
9b4afac2bc357183017e010c99060c2c167f3468b25e48bcc478901bd1d31ce7,1,-0.0,0.0,news,1.0,2,ru,1,babel_briefings
9b4b556ee6b71abf1bc00986980bdfa26e8f0417acac9218f34a23e911fad66e,1,-0.0,0.0,news,1.0,2,ru,1,babel_briefings
9b510c6897d5d6cc5019af526a789479641b8992d39fed7e5ac7ab7cc22953ab,1,-0.0,0.0,literature,1.0,2,de,1,german_pd
9b515dc1363da7fcf1787918371b124838cecb5cf55a22eaf31b5d8e5490cc69,1,-0.0,0.0,literature,1.0,2,de,1,german_pd
9b52025d35a5ebf6c909605bc742761f9651e8064e529933935a5361b5f00795,1,-0.0,0.0,media_reviews,1.0,2,zh,1,douban
9b5f38a6b7e715a1ef4e13a0b10dbfa31e6b0c71138d6bd7a73d9f3e4b3b7b96,1,-0.0,0.0,literature,1.0,2,es,1,spanish_pd_books
9b60d1563406e95e44e96b6a3e9706d23fa969586765900f304f682afc9d52d5,1,-0.0,0.0,social_media,1.0,2,ko,1,exorde
9b665ce997a3d87838efdbf59c549ed99ffc3a4b2b5a8207dcf3c08b2542849d,1,-0.0,0.0,news,1.0,2,ru,1,babel_briefings
9b73c8782d34f5288c10fef6f6907490f7642e27f8e76986ee6dfc24e6b5a9cd,1,-0.0,0.0,news,1.0,2,zh,1,babel_briefings
9b7818ba3dd174da5d0488baa1a9a63b4a550973d0c80cf36f72aa8b4885952b,1,-0.0,0.0,news,1.0,2,ru,1,babel_briefings
9b7ed3c77c707cfc772e5c0804fb9ae36e5f1ac482d700af39d25366f8395db9,1,-0.0,0.0,media_reviews,1.0,2,zh,1,douban
9b8f079ebcf7cc8e88ddf144ae7f89dd869b67ec71674e96f5e52f4d3c3fce40,1,-0.0,0.0,literature,1.0,2,ru,1,russian_pd
9b903905cd1d4f5a2a1a002b3049d6a322ee22872733dbde57a8fa7200abddb2,1,-0.0,0.0,social_media,1.0,2,fr,1,exorde
9bab1efbfb543c5f05dc298d887e6f7ca5845a0d72b3246d9d3a3d74b6239a8e,1,-0.0,0.0,blog,1.0,2,en,1,blog_authorship
9bbb5c30b6064d14a80a041fe5e3753add69ff9d5336b9c1ec2d5d3b5254cd90,1,-0.0,0.0,social_media,1.0,2,ru,1,exorde
9bc8440780251e8c4e98a889a15a39e7da17fb0db9f9eaacd2188f1eab44ca7d,1,-0.0,0.0,social_media,1.0,2,ko,1,exorde
9bdeede65f7b872b7e0f66c123f664e7d0031dd3457e1626ae622a2dfa74c3f8,1,-0.0,0.0,social_media,1.0,2,ko,1,exorde
9be421c4f73cfaf1e1a0cdca29c3fd853bac363aea3ae00e9cf88c5b49edca58,1,-0.0,0.0,blog,1.0,2,en,1,blog_authorship
9c011f29b28647d7573caf8a211176ec606dffe916e8215539281b8edc19f593,1,-0.0,0.0,poetry,1.0,2,ar,1,arabic_poetry
9c070f631f5b0325c4ad3d89cec10dd82c0a1522c02b5c792fab123dbf4a1e1a,1,-0.0,0.0,literature,1.0,2,es,1,spanish_pd_books
9c0811cbfa3c4fcbdcfe611b795fd1cce51a750b547ce09e4bf57dbc4ceb039a,1,-0.0,0.0,media_reviews,1.0,2,zh,1,douban
9c0b05491fc38e09aa75649a8862db57e016cd2223d8a40c408f70ebd4c2b115,1,-0.0,0.0,social_media,1.0,2,ko,1,exorde
9c0daed4b6bb1adf27f6ff26893c353b350c97bf53a5bdb832a604624ed395de,1,-0.0,0.0,social_media,1.0,2,ko,1,exorde
9c10b5d5d599af004842e6cb333fdbfa1718c931deb25009ffc772909c920683,1,-0.0,0.0,social_media,1.0,2,ar,1,exorde
9c1bd356178fd1a40f0821b50839c3ab3fbeff021cad85f7d3ec41ce882ed046,1,-0.0,0.0,poetry,1.0,2,ar,1,arabic_poetry
9c210e3ee8b6ab1491cba05020f42c435da0e2403c2735dcd5ae46bfde5d1349,1,-0.0,0.0,blog,1.0,2,en,1,blog_authorship
9c2b5aa6ad809f80835ae8c5fdb1819779e630cd6eb15c481684a6fde5c3734f,1,-0.0,0.0,media_reviews,1.0,2,zh,1,douban
9c2b9ea94b18ed93b224bae8740fdcbd1c8edf4d523d6b7985be1b92f9ddc963,1,-0.0,0.0,media_reviews,1.0,2,zh,1,douban
9c2ebe5c167f4097328040c53f0d5dacf0ed575502c6373bbb19809327b077d2,1,-0.0,0.0,poetry,1.0,2,ar,1,arabic_poetry
9c3146f242f603d62374d2fc10e03215419f65b58a6c6346313f8d82cd1b8c16,1,-0.0,0.0,blog,1.0,2,en,1,blog_authorship
9c3287d507a6d9e1b3db23408250047c37499f97e0b2b72747a9578220da8d5a,1,-0.0,0.0,social_media,1.0,2,ru,1,exorde
9c3ef8b2c982367ac0e2f09f2177522b6b581e896108450b43012c1ebe7c98ed,1,-0.0,0.0,news,1.0,2,es,1,babel_briefings
9c3efda2535130813de13be45623234388f625d950676f0d44a932ad783caf9a,1,-0.0,0.0,social_media,1.0,2,ru,1,exorde
9c5d19f4c0e8a82bf75af6eda8b334c5eeb19cc34cc5c22afa418f0d3b7817e1,1,-0.0,0.0,social_media,1.0,2,ko,1,exorde
9c63152d0e4b367b4f97f189b6195ac3a43f3683cd9bfa038b13bc50f7a98355,1,-0.0,0.0,blog,1.0,2,en,1,blog_authorship
9c63e8bee36f7358a2d3d20fa2d2626d294c3a5d979e1848f15be5f35aabd447,1,-0.0,0.0,news,1.0,2,zh,1,babel_briefings
9c792282ed236f88c62e11c5b584b3ca2b77cbe9d1da465e3111cafd0b10eec9,1,-0.0,0.0,ecommerce_reviews,1.0,2,en,1,amazon_multi
9cb0a0fc0fff62d8306fbb2a6124e8db4f5f68e90d5e6a2c39fdf8225a52c956,1,-0.0,0.0,social_media,1.0,2,ru,1,exorde
9cb325dabb22fb1ab4d187ecc1d88669d1d6f0e72e6caca4bfc29beb888ffdf0,1,-0.0,0.0,news,1.0,2,ru,1,babel_briefings
9cb9e26f899d239a46b9a600383c4c2fdcba49aca9df08670b7bfac6f96f9581,1,-0.0,0.0,news,1.0,2,ar,1,babel_briefings
9cc38ec0194ea5c3d67eb19204696af5cfbb81ab141a1a59b6410941b42aa5be,1,-0.0,0.0,literature,1.0,2,ru,1,russian_pd
9cc42b936221f8ca4293328a77b589e8476873c7ada1570ebf1e8cea0ce2ac65,1,-0.0,0.0,blog,1.0,2,en,1,blog_authorship
9ccce853bcb5cc226dbe7522f98bfdb4295141b7020fa81410b1bb4b0aebebdf,1,-0.0,0.0,literature,1.0,2,ru,1,russian_pd
9cd93587a4b7ed15fa2980095a71f2f933682200350ae764d19a9dc6bf3ef00f,1,-0.0,0.0,news,1.0,2,ru,1,babel_briefings
9cda81e72b2ae7739819da60fd2ea8e6fc9e0184ff1fba4a5010f96f29756c26,1,-0.0,0.0,news,1.0,2,ru,1,babel_briefings
9cdbd1e579777ca7e232d457d733722035c2b33013d6402be44b6fe9ea1181f4,1,-0.0,0.0,news,1.0,2,ko,1,babel_briefings
9ce3b2b2e55973edd53048377f6b74be57515f4cd116d55a988f51879471f6a9,1,-0.0,0.0,social_media,1.0,2,ko,1,exorde
9ce69a0890c75dc7c188ff6293d3087d33540ac0ed24116f811ce739ca33534e,1,-0.0,0.0,social_media,1.0,2,ar,1,exorde
9ce69d0e38f4f5da440e3dd440ce5ec1e642c17d929134a9be9f5523301be528,1,-0.0,0.0,social_media,1.0,2,ko,1,exorde
9cedbbdf3b71ff152df61d6cce83b2f66f41c88b23c7e7a6f87b9375d3179b7f,1,-0.0,0.0,social_media,1.0,2,ar,1,exorde
9cf9dc94072f8bf8422997df0e626a6fd93bdcf6dce856bc2f239ddc689a560f,1,-0.0,0.0,literature,1.0,2,de,1,german_pd
9d02df1c692c29ce9ccd4cc1048dc6d1648ce0b8d9e2f839115d72c2ce129d3d,1,-0.0,0.0,literature,1.0,2,es,1,spanish_pd_books
9d086880f0825efdad06b680c638af1cf8400906e6dd3a40ff5f25d515c5c724,1,-0.0,0.0,news,1.0,2,zh,1,babel_briefings
9d1834e05dd08a762653fec0cdf48298b18fe1d5290f598fec8167728ccc5582,1,-0.0,0.0,news,1.0,2,ja,1,babel_briefings
9d1aa49e209999b969c94110f8060b1187e98e368b06b4ab4bc12fe4a2257299,1,-0.0,0.0,social_media,1.0,2,ru,1,exorde
9d201bf4796af2f36383fe988a5faa5091f5a8e57023cfebcac553199feb3cf2,1,-0.0,0.0,literature,1.0,2,es,1,spanish_pd_books
9d2fca3214ba0bf78a1db8349193062808ab2fbd4d5baeacdc5dde152c7ee3a8,1,-0.0,0.0,social_media,1.0,2,ar,1,exorde
9d36d8c4d8852fa77b8cf83934c8ec983483b3f6afd3f2fdb57442cdd70faa43,1,-0.0,0.0,news,1.0,2,ar,1,babel_briefings
9d37049a36813deec284b45fbd88b46a791fa98ce16fe04b56bcd8505285c0eb,1,-0.0,0.0,social_media,1.0,2,de,1,exorde
9d3d1eb36b56d95ea39f27240168ed458238ae22bd886760a93ed85bb03f009d,1,-0.0,0.0,social_media,1.0,2,ru,1,exorde
9d3ff20950573020d89d9cd500d84026a0ab60a63bcd28c25d8d28479d72f24b,1,-0.0,0.0,social_media,1.0,2,ar,1,exorde
9d409b81c8e7f4baeede2330ecbdff0be90e2985f6ef2a3e65895ac858452b0f,1,-0.0,0.0,social_media,1.0,2,ko,1,exorde
9d49b31e2372ba938cac04ccbecab2de95d0cce1bd8cc6bb259b00a7fe42b0a3,1,-0.0,0.0,literature,1.0,2,de,1,german_pd
9d64495bff5419259eb4b8e3c8a096023c0899005a3030a7f162a969006aa80e,1,-0.0,0.0,news,1.0,2,ko,1,babel_briefings
9d6e3404764027421ff6b66bcacb01cb5c3cdbde7e7f4c8b02c4d083c7831294,1,-0.0,0.0,literature,1.0,2,fr,1,french_pd_books
9d7b5fe82abd1435b8a0d6ad6176b0096a031b5e461570da92fe34ff28301868,1,-0.0,0.0,literature,1.0,2,es,1,spanish_pd_books
9d83cf07254d178813cb6d4e0c608d31aa5ea2f78fe315968490a50257dbfa76,1,-0.0,0.0,news,1.0,2,ar,1,babel_briefings
9d93b5beda95f3224dcd6767b267147d12375ebca57a6bfffd440a496cf5ffa0,1,-0.0,0.0,social_media,1.0,2,ko,1,exorde
9d9b3a104b2092d59634d646fcc5b3c575ed2d00785d3480f50c1a060666e792,1,-0.0,0.0,literature,1.0,2,es,1,spanish_pd_books
9da32631311c8eeaa22a7042ca1033c28515d232b245a6a7153fe87fbf13eadf,1,-0.0,0.0,social_media,1.0,2,ko,1,exorde
9da570e46d09fc279a2a0173b8003ca5141434b5e8cfafdbe04c2ed1b64050c8,1,-0.0,0.0,news,1.0,2,en,1,babel_briefings
9da5a98de070577291dfae77e3eb60ebeae3449ec74cc3e0ce1187b8fe1c823f,1,-0.0,0.0,literature,1.0,2,ru,1,russian_pd
9da5b6e66f11e3f79b300e62449003816bd7fab050b2525c739512337b13b72c,1,-0.0,0.0,social_media,1.0,2,ar,1,exorde
9da8e5ff49cb6aee6a9614538cf44eec47b14d18b8790bb2a10b055f4d00fe4f,1,-0.0,0.0,news,1.0,2,ru,1,babel_briefings
9dac0858e83cbd7da5050363731fb4deaf62e7475636d58f875d45a31e6ba3cf,1,-0.0,0.0,news,1.0,2,ko,1,babel_briefings
9dae9da151e6c2b2a352c7ee147ae33c13f21052fada738dfd8668ce29efadd1,1,-0.0,0.0,news,1.0,2,ko,1,babel_briefings
9db2fd63384137d64364b2d28c4a366d74b18bc649042ce196a1f1f815185bdc,1,-0.0,0.0,social_media,1.0,2,ar,1,exorde
9db9e26a99d577f72c787d2aa6f225f4a78d0451d2d9195a65448023221412c2,1,-0.0,0.0,social_media,1.0,2,ko,1,exorde
9dc6dab3545f29c01293b9948046e31a0e537f493a035e99525fa400ca4d18fb,1,-0.0,0.0,social_media,1.0,2,fr,1,exorde
9dd3bb585656e0a255a16fa900dfea894b0e2cfdfb56dfb553bdc064824d4849,1,-0.0,0.0,news,1.0,2,ru,1,babel_briefings
9dd680fc2fb40e4d10e80af36bf4a45c216daf3e36ae0f8da979632894900b45,1,-0.0,0.0,social_media,1.0,2,fr,1,exorde
9ddda03a2accaf83cf47516c230d8870eba31b45db484e460a7ac90597ef4d8b,1,-0.0,0.0,news,1.0,2,zh,1,babel_briefings
9df38aa32677ef9768587cbcc6b9ff4fc7e2381e799e6ef0d304c4fe5d096ae7,1,-0.0,0.0,news,1.0,2,ko,1,babel_briefings
9df661b1abbd2a7960731c3a359f5c0c92d56e227a9f79250a7be10aacee9e99,1,-0.0,0.0,news,1.0,2,ar,1,babel_briefings
9e1c36306e8cb92af617880175e3a5cb509b6d8f9945ddfd29661863473b0b39,1,-0.0,0.0,media_reviews,1.0,2,zh,1,douban
9e22bea718a84498d4a525be258ce30204f633b8d2a4d49ddec83d07eca8154d,1,-0.0,0.0,news,1.0,2,zh,1,babel_briefings
9e28594550d595929f11d2986af5d9c4030cf49f15b5fb24116bcc54fb0ea1da,1,-0.0,0.0,literature,1.0,2,es,1,spanish_pd_books
9e3f5e1fbb2a6995456fffd729b4000e2837b378e2d07875da225bd58184ca2c,1,-0.0,0.0,media_reviews,1.0,2,zh,1,douban
9e4df5e9b88cc8bed293e946563ddb93f5499adea0ceac293e4418ef998d584d,1,-0.0,0.0,news,1.0,2,ko,1,babel_briefings
9e5554b629378130d7ffa4f86ce96912590b27a8c2c9a9fa0cbce27d460e4dd5,1,-0.0,0.0,blog,1.0,2,en,1,blog_authorship
9e6378a2ebd42338b630554afd7820780dce0f15ffd03936f6665605b2c1850c,1,-0.0,0.0,blog,1.0,2,en,1,blog_authorship
9e66d09e5c024ec09d6937cf902bff458aff891140a9091c3ce562fa3aa53479,1,-0.0,0.0,literature,1.0,2,es,1,spanish_pd_books
9e6a1e2e013568dedc03c51ea8490dd1797db6e961345fda3a9bdb4261fd85bf,1,-0.0,0.0,literature,1.0,2,fr,1,french_pd_books
9e7c0ae345aebdc54e652a087a2dc6b343f74b76ed375827a7b0faeecf84d243,1,-0.0,0.0,social_media,1.0,2,ar,1,exorde
9e895b6ffe0ab7dd81a40caa49df4687e3dcaa7003a29eb444b5b8af396640de,1,-0.0,0.0,literature,1.0,2,ru,1,russian_pd
9e8b7e21fbb1b1e4c21d42ec36e86c1753e01a1af5847327776f5a434d344b40,1,-0.0,0.0,social_media,1.0,2,ru,1,exorde
9e8ccca2f366081ac4cc40de97c6ee13bfc403166e39abe215b0fbef757b4a49,1,-0.0,0.0,social_media,1.0,2,ar,1,exorde
9e93f386e821c0a22fed167eb9dc943f4298b77448c349b7d95beabfe5b196d2,1,-0.0,0.0,social_media,1.0,2,ko,1,exorde
9e9bbce8fdb650252bc3d42c7819d442a69a3e8dd3db1b4c3a5fcc2dac55d3ad,1,-0.0,0.0,media_reviews,1.0,2,zh,1,douban
9ea7697a67469083b0a0d7be2410d59a0129c68c01914d64b16943b091b972e0,1,-0.0,0.0,poetry,1.0,2,ar,1,arabic_poetry
9ec1dc943f1f937924533d74bda2bd8e783c2d3043a613a4d89a42265d17d366,1,-0.0,0.0,literature,1.0,2,es,1,spanish_pd_books
9ec3a1f3a11e3aa78d6d0b30c1cbd9f707c3f900e4c236c24a07ee0a73e66480,1,-0.0,0.0,social_media,1.0,2,ar,1,exorde
9ec3e863402496c3c6b37bb5c966bb505b5423649ca8627f863e58cb25f1331e,1,-0.0,0.0,news,1.0,2,ar,1,babel_briefings
9ec6b7955d937425ce38f4eb8e27ecb10ed573af9361a262166f3ceac6d278ba,1,-0.0,0.0,poetry,1.0,2,ar,1,arabic_poetry
9eccda4893bb823074d8a1bfd4f717c92b2dae2d69f956c4dfd7c41532353a74,1,-0.0,0.0,news,1.0,2,ru,1,babel_briefings
9ecec9118d9bee8799ed074a34a53481062791790d97d1d0c4709507b0c891cb,1,-0.0,0.0,social_media,1.0,2,ar,1,exorde
9ed7456a17170435f55ae5d2b37b178bdb65768b4574285ab0f9d7bf60c7abf1,1,-0.0,0.0,news,1.0,2,ja,1,babel_briefings
9ed8c0f7106d8af979dbe46f00902058c2c5baa6c2b4d89471d803b03abe000e,1,-0.0,0.0,blog,1.0,2,en,1,blog_authorship
9edae62426bf1fd6f34f1b36eda6302bf34e176ec15da73470f71b85530b5be8,1,-0.0,0.0,media_reviews,1.0,2,zh,1,douban
9ef42bb4a4101ca84025d7d1bf736900d5ab563a95be7c0d8a939e80c9848640,1,-0.0,0.0,media_reviews,1.0,2,zh,1,douban
9f01efa1fa5ae9736324d3691439562b53a7b4d1fbf50953757857b6ee2af3c4,1,-0.0,0.0,social_media,1.0,2,es,1,exorde
9f0724018ea0a7768a8e3a69a052657c0158976bba3cabdccc8e9d2778914cc7,1,-0.0,0.0,ecommerce_reviews,1.0,2,en,1,amazon_multi
9f203f6865c40bb78af77982c77668f4cb7c366ad5acb3a5c58437d714a5ead0,1,-0.0,0.0,literature,1.0,2,ru,1,russian_pd
9f3020bc27db8a60105a4415bacfb5db918c6ed7036fb2bed2b8c1064cf46795,1,-0.0,0.0,social_media,1.0,2,ar,1,exorde
9f369c0c56fcc2a06ac6e83912d6c1a8e91f94ce348d04c9aeeb5837f3e4fa35,1,-0.0,0.0,social_media,1.0,2,ru,1,exorde
9f406aafe20185d4e25a43b28228b50cbe7c6abec605bf75df15ac3f46229e4c,1,-0.0,0.0,news,1.0,2,ja,1,babel_briefings
9f4ce0a47666711986805d334449bfca600ece62ad1e6ad433cdef10420a14e1,1,-0.0,0.0,social_media,1.0,2,de,1,exorde
9f521c92e0ce233f0ac5dc860933d178cfc84f2acb45ba09588ee50798a20cc3,1,-0.0,0.0,media_reviews,1.0,2,zh,1,douban
9f52d651cbd8e668007eb628273f8518cfc5dbb247696e3e436523dde4e43455,1,-0.0,0.0,social_media,1.0,2,ko,1,exorde
9f56f7e7ed7d82e2009b53cb62186b0983842c3c69ae320c9c48e9d274cbe507,1,-0.0,0.0,social_media,1.0,2,ru,1,ytcomments
9f637d2d2289b5565dacaffbc024db65503319634d9ceaa195e0d918d81b2867,1,-0.0,0.0,blog,1.0,2,en,1,blog_authorship
9f7ae3eaa2b1b3b5f6047356973584293f406034c269aa1d5c97d83139ebeda1,1,-0.0,0.0,media_reviews,1.0,2,zh,1,douban
9f7cbaaf4c4eafefb37f29214f163ffb0d601beb2596f006011b45e48ea776db,1,-0.0,0.0,social_media,1.0,2,ko,1,exorde
9f9876c4c715783cf3bd921f86da97f37d78523f94af09d55ac55b600fecfa44,1,-0.0,0.0,media_reviews,1.0,2,zh,1,douban
9f9c76a205d15fce55d0ce02d52f4f0340571b4229e352a85afedf8abd87a8c1,1,-0.0,0.0,news,1.0,2,ar,1,babel_briefings
9f9f2e9eb700e0bf6fd4b44c01ec925928d1c020332abfda82c199b9117c25bd,1,-0.0,0.0,social_media,1.0,2,ar,1,exorde
9faa50ac584135f7d60a0b46395fd302f9c8c7632203e85c5b1a346228996d64,1,-0.0,0.0,news,1.0,2,fr,1,babel_briefings
9fab440a8348f090015fdeaf2ac13ea1a25d6fc3302c3fd639c06ae305f7777e,1,-0.0,0.0,news,1.0,2,ru,1,babel_briefings
9fd5d32fa4ed98c7707d6a0ea85ad5b0d031f7f5c817f4b82e5262ed8870e004,1,-0.0,0.0,literature,1.0,2,es,1,spanish_pd_books
9fdf5e8d287f7e6c1b8dd031e5bb24f4eed6edd06dfcfa1361b137db92791cc0,1,-0.0,0.0,literature,1.0,2,ru,1,russian_pd
9fe28e3df9658560d26d2d57634663f4d7886d1ce1dc48f2f1a8108e519436c8,1,-0.0,0.0,literature,1.0,2,es,1,spanish_pd_books
9ff7783b0157fbee4c802f2993977728471cc91eb283818c09a9696c0fbce84f,1,-0.0,0.0,poetry,1.0,2,ar,1,arabic_poetry
9ffee1c134bcd8904bd1efca8b1e8a7a9c5d5c6fbe1405241aa72fafdd0a4e19,1,-0.0,0.0,social_media,1.0,2,ko,1,exorde
a00b2db9ccc4462e985c2acddab2d3c5368eddee57f37394047c8d686d82d7bb,1,-0.0,0.0,media_reviews,1.0,2,zh,1,douban
a019760395b7e9576b4c56cb9829e547f35c52d7bed3ecb5bf05c0b6353560ab,1,-0.0,0.0,social_media,1.0,2,ko,1,exorde
a019edf8c0e9a1368f833de00e4157b311d04ae687f2cf6fd90530596fe297e4,1,-0.0,0.0,news,1.0,2,en,1,babel_briefings
a024a7c1676697ee2a4d579d5e58cd8bc06fa8d35c3624bbae86b4c9a2f28ffe,1,-0.0,0.0,social_media,1.0,2,ko,1,exorde
a027cdac412883de77a255e5648c510ed2d9be65134bd910aba0c045eba3d24e,1,-0.0,0.0,literature,1.0,2,de,1,german_pd
a037292a16c249f4218da19717dac3b67cead09710c02114f551484842693013,1,-0.0,0.0,social_media,1.0,2,ru,1,exorde
a047a69041910dc6eedf83b0e76efdb1e468c172e5cfd48e56f18c3cb945b7c3,1,-0.0,0.0,literature,1.0,2,de,1,german_pd
a053e480f2c58146226b274c3c008960185c32f873a28a1db46bb6c41dd6034b,1,-0.0,0.0,poetry,1.0,2,ar,1,arabic_poetry
a05877c2f9a97b0c92edc78ff33cecac17e86ad6d5d31af52b359c6008d128f9,1,-0.0,0.0,social_media,1.0,2,ar,1,exorde
a059f907f46569977e47caa89c09e177157ea5963a72b62e4dc7f87fec679fc2,1,-0.0,0.0,news,1.0,2,en,1,babel_briefings
a0635313b6c8546216df9788a3e89173ad38540a949d5fe7eddb912fb0cea125,1,-0.0,0.0,social_media,1.0,2,ar,1,exorde
a070c51f42dbc144196a8466ae345cd27c3793b06dc0012724d089ec7cd14393,1,-0.0,0.0,media_reviews,1.0,2,zh,1,douban
a08762ff64da8970fa06884825a1492079d4c4089972d6d8ca89b7721086dfe9,1,-0.0,0.0,literature,1.0,2,es,1,spanish_pd_books
a08824fc677215012df98ecc266c5001626dfe7978d927e2758bf79d6e37e99c,1,-0.0,0.0,social_media,1.0,2,ru,1,exorde
a09e23e05abe1a455c65ec630926c9ac817f315f39d100d5ae41090794c614c3,1,-0.0,0.0,social_media,1.0,2,ar,1,exorde
a0ad749ce94d97996f4857f2f6ac86ec8494be562f821103b8162d36ad94240d,1,-0.0,0.0,media_reviews,1.0,2,zh,1,douban
a0ae1a9805c2848c917d37b1bbcc3f9f5579b6cc9cda36f02611238bed9f5cd5,1,-0.0,0.0,news,1.0,2,ru,1,babel_briefings
a0bb1f4b437e9fdf1d707a37df6c4207ca5b221785caffdd68928687ab91435f,1,-0.0,0.0,news,1.0,2,ja,1,babel_briefings
a0c1bd3abff9d9d00a88f7ad0bb285c066de2aa8e8f0bc28f315209f5dd03f25,1,-0.0,0.0,news,1.0,2,ko,1,babel_briefings
a0c32ab79dc277aceacc4e3d19bac58e4f1726dc489e317b141902b5ffd2ce42,1,-0.0,0.0,social_media,1.0,2,ko,1,exorde
a0c5b1ee5bbecdb4ff47795900103825ad6141383bd80b2cce1d5ad9ff6369d5,1,-0.0,0.0,social_media,1.0,2,ru,1,exorde
a0d4ed880ac95d39c50dd3ae642c6058b676e29178e5e447458c1ffcb991aa74,1,-0.0,0.0,poetry,1.0,2,ar,1,arabic_poetry
a0d9575d39f76308594675f201780eb61a532d7001b73d227787eae304f9f119,1,-0.0,0.0,social_media,1.0,2,zh,1,exorde
a0dba52652d204f9bc806dcf7ace8d37969461f76fcd6e2b5e52cc41d899be0d,1,-0.0,0.0,literature,1.0,2,es,1,spanish_pd_books
a0dd4e2b608855ee875af9f72edd4c6bdcdc621dfe0bfbc099b1c4c631a724c7,1,-0.0,0.0,literature,1.0,2,es,1,spanish_pd_books
a10a5c367187d45903ff3973c9423ea86891ab2d4f5880915d77d0bb4803323d,1,-0.0,0.0,social_media,1.0,2,ko,1,exorde
a111420a9c2eca9410161bd70cff04e52f0257608b8e2b9058d603ad70d5cf3e,1,-0.0,0.0,social_media,1.0,2,ko,1,exorde
a1163fc405a561e5ea835fb197647539f2125d3b34bad2dfd496feb82e7f782f,1,-0.0,0.0,literature,1.0,2,es,1,spanish_pd_books
a11f4a0fef516c6fe5e953a6b84f4c4c17d984c6cd88b10c0bbc5cd56ae64b0e,1,-0.0,0.0,social_media,1.0,2,ko,1,exorde
a12e1c25f4b05f84dcca3a19923672794e8a7c4d18a2bf687893b426cdbe07db,1,-0.0,0.0,literature,1.0,2,de,1,german_pd
a12e4af773f360e906b6c9e3daadd22f8418b6fa8a7ae0e80afefff8943dc2e0,1,-0.0,0.0,news,1.0,2,ko,1,babel_briefings
a135cf99b5a257be1862a6514ee8e07b3e948da2c602fcb79e0513516da122d4,1,-0.0,0.0,social_media,1.0,2,ru,1,exorde
a138fb02747094dfb74727d41ea558ff6056544c67830d2683997d2f6f62b739,1,-0.0,0.0,news,1.0,2,ja,1,babel_briefings
a13d6ac9ff206bf0ad6a60476484011330179ad25258ab74bf6642a48d9a12e4,1,-0.0,0.0,social_media,1.0,2,ko,1,exorde
a148eae19e67e877e3774eefab6ebe03af8393f68f4e5fc5b7270cb9237791fe,1,-0.0,0.0,social_media,1.0,2,ru,1,exorde
a157c4d8c8cb4f9695db53e11bd03f3a5c3dcae005e09b7a3c4224550dc3a41c,1,-0.0,0.0,literature,1.0,2,es,1,spanish_pd_books
a164dcddba251a1d53de3946def203c21e51e1d481c52804b73aaff646338575,1,-0.0,0.0,literature,1.0,2,hi,1,hindi_discourse
a16fb8171d859d835eab89429814e9fe0b19ec6df55aed0dc3fbc6ec228f9d72,1,-0.0,0.0,media_reviews,1.0,2,zh,1,douban
a17e89850d21e28f43ac4f66161186cec44fc7fa95d821643c935688f8795158,1,-0.0,0.0,literature,1.0,2,es,1,spanish_pd_books
a18530be61eacf891980765acb0397ae0d1d9890abce6e10b054d685765d610e,1,-0.0,0.0,media_reviews,1.0,2,zh,1,douban
a19acf78e2320bde185f27f5549248b730bf6d7e751466a5e39c131fa0cf25f8,1,-0.0,0.0,poetry,1.0,2,ar,1,arabic_poetry
a19b964fbeacf1af583f63c638cd378f0def580539e4149d084c015f9d7e2ecc,1,-0.0,0.0,social_media,1.0,2,ar,1,exorde
a19f2a2f2cd59315f7a7abbe0c5ec9f51c6ed77dc545b44362c0cfeac84a3f7a,1,-0.0,0.0,literature,1.0,2,ru,1,russian_pd
a1a1c9c83893292153081ba57a797af1be6dac256dc3c7b7f35f09d7f70a9fd7,1,-0.0,0.0,literature,1.0,2,ru,1,russian_pd
a1a44deb51991f40955e13bbdf5121d27c4fc5cc5fc8fe0d42b4e2738b1b37dd,1,-0.0,0.0,news,1.0,2,ar,1,babel_briefings
a1ae45bbdaa5a6d6de0069197d2362505c5d27f9b67ca28db484a7321129a96a,1,-0.0,0.0,social_media,1.0,2,ko,1,exorde
a1b247e98e3133852455a6e0cf8d6685d42bd3e873d151133f7d8ce6673c6e5c,1,-0.0,0.0,social_media,1.0,2,ar,1,exorde
a1c3dc73ed1d14f950ddefb42caa8403ab67d0aa66120bd8c3064f7d93f6185e,1,-0.0,0.0,social_media,1.0,2,ko,1,exorde
a1c9f98fc77ef04e8a8466c0fe25b3e37aa7bb2c5c583735d3f116f68d8c98a2,1,-0.0,0.0,literature,1.0,2,fr,1,french_pd_books
a1cf1810ac66f5d0f568e92db455f0b1969fed2174434b91507408a0969f2ecc,1,-0.0,0.0,news,1.0,2,es,1,babel_briefings
a1e0c159a3a11a503c81b30cca548064a4c063c478fb2f8d9d26288b4e01bd46,1,-0.0,0.0,media_reviews,1.0,2,zh,1,douban
a1e2bb52347eb1c8b94f8b9a9e25a121b2faef8ad801f4b80f5415e9376a81a7,1,-0.0,0.0,literature,1.0,2,ru,1,russian_pd
a1ecded3eda92bad3ae2402aa05f7c803fd204577a0cdcd63727746ce55b7b33,1,-0.0,0.0,social_media,1.0,2,ar,1,exorde
a1f33ec3cbbb1f627cc043f993774f1c3f6f52e5e9c634dc89d2932e773898c8,1,-0.0,0.0,social_media,1.0,2,ko,1,exorde
a1f5aba7d10cfef61d663de65187f2efadbf3277e4563461cf043b9367cbaa61,1,-0.0,0.0,news,1.0,2,ar,1,babel_briefings
a1f6dd7962a0a23fa7efb42ba765fe82a845cc4a1e5ff36880b03184d1b5bb4d,1,-0.0,0.0,social_media,1.0,2,de,1,exorde
a1f94f48c245cac3ec609c1d95a3fb5336c176f6119d1f7948cb7afdaea79cc5,1,-0.0,0.0,news,1.0,2,ar,1,babel_briefings
a2074eb822fffbef19b5ddcc688c9b39b0e5baa89a0d0bae27e7abfb6420196b,1,-0.0,0.0,news,1.0,2,ar,1,babel_briefings
a208c5ff8920a59d617a8f200c93fd83b4e7581223e8fdda4972b183f086e905,1,-0.0,0.0,news,1.0,2,en,1,babel_briefings
a2214398a61e7eac1f1c9f3b9bdb9e54c31146b92ff21e0dc7e4d5e5e540a4ba,1,-0.0,0.0,poetry,1.0,2,ar,1,arabic_poetry
a23b480717560d885128fa3b2e6cc1beb914454049c6cbc31e55d94a41c13ad0,1,-0.0,0.0,social_media,1.0,2,hi,1,exorde
a24202d6ae1c458a9e9de92ebd65e72b1f295a24882ed5b8d11f9a00e7e975cb,1,-0.0,0.0,literature,1.0,2,es,1,spanish_pd_books
a2507f2efc9d14ce26bc4547f4ae33fc450db3168fea1d57b00d829f26899ad8,1,-0.0,0.0,news,1.0,2,ko,1,babel_briefings
a254ad12e027e518f62daffa5cd64395003747062972152354bbffb468d6c489,1,-0.0,0.0,literature,1.0,2,es,1,spanish_pd_books
a25596ac43961e2facc204338181147ceca3a71b0f229a6f4530855b00c6bd73,1,-0.0,0.0,news,1.0,2,ko,1,babel_briefings
a255b8e18f8d15c913c428482ef4d0907834e68e3c170220c2053213e17f1f37,1,-0.0,0.0,social_media,1.0,2,ru,1,exorde
a25a30bf3dd6cf82e249a8734493ed0bb89247e52d6431cf8a5ae5971218612d,1,-0.0,0.0,literature,1.0,2,fr,1,french_pd_books
a25d8b2d7bf486919810fef92a2e5e61abbb671d85bcbdbd2520e7185419468e,1,-0.0,0.0,social_media,1.0,2,es,1,exorde
a261c97cb9666127fb8444fe2ac167f77d1a98e81f2a26c8354560ddc46bd9c9,1,-0.0,0.0,poetry,1.0,2,ar,1,arabic_poetry
a2679782557537cfbc936ed5739850482745a5051e5eb9cd2c9b2233067bb412,1,-0.0,0.0,literature,1.0,2,es,1,spanish_pd_books
a285fce4d4ba5f5b90c04ddd0f810b30b00e7ce43f2b5c05a976822b3ad06efb,1,-0.0,0.0,poetry,1.0,2,ar,1,arabic_poetry
a2903b6868ab5bf49dc9d9d620b2e8c476e71bed79da6312d488d531fe2e12df,1,-0.0,0.0,social_media,1.0,2,ru,1,exorde
a2977021e489176c7ee4ec46852030c00bce5d1116dea0a771548e62515cf64b,1,-0.0,0.0,social_media,1.0,2,hi,1,exorde
a2a810f99dd56ba65ffe05e6a3924c64f68ded21f1baef8d6f4e9cc8a6d5c5d5,1,-0.0,0.0,social_media,1.0,2,ar,1,exorde
a2ab42f786394b80e33cff9cb0e7275798a2bef6a074bfe3248d70cd425108bd,1,-0.0,0.0,news,1.0,2,ko,1,babel_briefings
a2c07c3a34101eb0bf67b32202acae18f4d2c92351e910666f407dfa2441a912,1,-0.0,0.0,social_media,1.0,2,ko,1,exorde
a2d5a2b8b92e3ebe882ba8a2406fbfe9ee7f05a0aa13c5175d2b5eff1452bd7f,1,-0.0,0.0,literature,1.0,2,fr,1,french_pd_books
a2e4e83561a4554595cd204dd32e3e70a1d83723e00b9832566669dc9d425f98,1,-0.0,0.0,blog,1.0,2,en,1,blog_authorship
a2f556ef1b7568fb4ba9088e4d31f6cf01506ea17f456c944fd679c9100f7327,1,-0.0,0.0,news,1.0,2,ar,1,babel_briefings
a301e499c2a4f31df29ef674b915016f992bcf67e902106538ea164f90f5cfbe,1,-0.0,0.0,media_reviews,1.0,2,zh,1,douban
a30d04b6d32e0437e5ac36c9b7096fd30bd5aae7e048b67da0dc632975aec1a1,1,-0.0,0.0,media_reviews,1.0,2,zh,1,douban
a30e2b668551b800de770eee074db427d5d5ffbecb20a1a11d07125d5bc404a1,1,-0.0,0.0,literature,1.0,2,es,1,spanish_pd_books
a310143b526a6fec16a4d3bc59ade7744b4d102d37d814ceda15cf1f4e8eaff8,1,-0.0,0.0,news,1.0,2,ar,1,babel_briefings
a31b1a6e8e49482bd602ac64badd8be773decd5788f6b2d55ef221d5e76dc66a,1,-0.0,0.0,social_media,1.0,2,ko,1,exorde
a31dfad99e01547bbe901c034ca958902f8abd0c25474a2f4604d1076ba849d2,1,-0.0,0.0,social_media,1.0,2,ar,1,exorde
a31f506e88f6ea17f0b07cea63b248a3960b5f8239d4ce528afb94ff98ea19e6,1,-0.0,0.0,news,1.0,2,ko,1,babel_briefings
a31fee04a53cd0764edebdadef1a8868edaa14a9cf87d65176e9c5cc623716e8,1,-0.0,0.0,literature,1.0,2,es,1,spanish_pd_books
a32abff1a8ff61154a84de78e3d03f450c632bf4199b0e7f13e280d804cdcb09,1,-0.0,0.0,news,1.0,2,ru,1,babel_briefings
a330ffebf1b91815f69db6084c0072aed23d3148d9cba1373e6c9e84556416b3,1,-0.0,0.0,news,1.0,2,ko,1,babel_briefings
a33e264a14585ed1c9660fb08e7bfad0c5a6e08a1a34791c9d0ed34f961fb592,1,-0.0,0.0,literature,1.0,2,fr,1,french_pd_books
a34eb03b25e7659ac58cb203ac0483141c8643e0e86eb6369ba0477733de8965,1,-0.0,0.0,news,1.0,2,ru,1,babel_briefings
a34f97d22b7604d3a6bc4ff8a08fd699cd34d171036269737945cf3e9d6ec644,1,-0.0,0.0,social_media,1.0,2,ru,1,exorde
a3573ce72fc853adb4b9412d186d222aef1248c5be0534d173fe50eb51adbea1,1,-0.0,0.0,news,1.0,2,ko,1,babel_briefings
a36051e91b8b5571ea76879d2cdfa487259a6ad04f0d1f350af47a1762896f64,1,-0.0,0.0,news,1.0,2,es,1,babel_briefings
a360dec7c78ce6834000f89a3037e34e03414e114e38347ec3f151cc577d00b2,1,-0.0,0.0,social_media,1.0,2,fr,1,exorde
a38918ce5042e23976c027aec442924c104b96739c98ba3ac05958b7594eb45a,1,-0.0,0.0,news,1.0,2,ja,1,babel_briefings
a3a0fe1874d15951598a2d5a4a5521065a61779c379e0994c569e6df352519d3,1,-0.0,0.0,news,1.0,2,ar,1,babel_briefings
a3bb1effb2356f93ab83e5b69ab7f86d6bb11b06f810be8f0c3805d74d04bfa5,1,-0.0,0.0,literature,1.0,2,es,1,spanish_pd_books
a3bcb79cb17b60c289529525bb672a162ab9dc3f2f8f5fd90dd95c66d635f88e,1,-0.0,0.0,news,1.0,2,es,1,babel_briefings
a3bdcfc0cbcc2331e121eb91e18d28864f185ab9cfa491bc4ef17d38de6f40f8,1,-0.0,0.0,media_reviews,1.0,2,zh,1,douban
a3c66029fd9e3e333cc296386f91fe236f78101e7fd8e76bb306e2f6bad2186f,1,-0.0,0.0,social_media,1.0,2,ru,1,exorde
a3c8d2af9ebf4f6f9f9ed7fa2af7b4a59eb1aa1d3d6301b7cc05db7e7a0eefbf,1,-0.0,0.0,literature,1.0,2,fr,1,french_pd_books
a3ce4dbc059660a7f30326f521e372cc3158d8a7c078cfdad535c21169c718f5,1,-0.0,0.0,social_media,1.0,2,ar,1,exorde
a3f4d6e0ab9d4cf4ad212f0ea29be1a46079cf5b484bdaea481164d565c114d0,1,-0.0,0.0,literature,1.0,2,de,1,german_pd
a3f52217c783a5cb606db313e58366703d236172caa555341ff37686a68b8176,1,-0.0,0.0,news,1.0,2,en,1,babel_briefings
a3f75a5469a01b8d7ecb8f4dcac147be8fea80e54e8e60efa06fe9d43cf7c69e,1,-0.0,0.0,literature,1.0,2,fr,1,french_pd_books
a3fa9f2c7d6a8c8a64bbaf8c36c4109dce2c39432d546181278becd24e76af79,1,-0.0,0.0,media_reviews,1.0,2,zh,1,douban
a408466a256c74e8982717f72ee1b85fa533a3729a01ff309e67727cc9490a7d,1,-0.0,0.0,social_media,1.0,2,ru,1,exorde
a40f861722e91a88e1eb809c63c41b1f81a25c5b4a9b6c05cb9f66cff99f37c9,1,-0.0,0.0,news,1.0,2,ar,1,babel_briefings
a41a838fe5ef771dd392ee4c3f4e70d73769f1abd4e41fa86f07fd47c05c3c73,1,-0.0,0.0,literature,1.0,2,de,1,german_pd
a41eb1eaf173313abff5129b9c84263c1180dc7a78f7c05029fe3d88e175cec6,1,-0.0,0.0,literature,1.0,2,es,1,spanish_pd_books
a41f4896c9db7a210423fabb539e1cf7ac11a7bfc1322d10eab1e5304f0463c8,1,-0.0,0.0,news,1.0,2,ar,1,babel_briefings
a42bb76339282429d1f64fe74bf8036367bd5a84a28740fab4d8e2162d9915c8,1,-0.0,0.0,news,1.0,2,ru,1,babel_briefings
a42c16737f802e2c8641022b83fac3a051eb22f0774332e76236cca6540060a3,1,-0.0,0.0,news,1.0,2,ru,1,babel_briefings
a4353606bf6165240b467792d7da58591531b7526408ff797711e23e5e23e906,1,-0.0,0.0,news,1.0,2,ko,1,babel_briefings
a4364777c4d75da0e3ddc24df6c90ad3b73efba884cb24394a705b78061cf5b0,1,-0.0,0.0,social_media,1.0,2,ko,1,exorde
a44475f210c31099bc51b1c69645bead865be0f4785640932589fa566ecfc024,1,-0.0,0.0,blog,1.0,2,en,1,blog_authorship
a4606035ad54f474cfcb0e6b7fb6bf26532daf8c53a53ed8d53f994f6481f08d,1,-0.0,0.0,news,1.0,2,en,1,babel_briefings
a46a69ac5033cf289b7983f07bf9b00bf4672a5bfe87ff71e900ad85b954efaa,1,-0.0,0.0,news,1.0,2,ko,1,babel_briefings
a46e1975df47846900b0b90fa7ec10d2b4d2c4e3911d342209ac1f284dc6eda0,1,-0.0,0.0,literature,1.0,2,es,1,spanish_pd_books
a475ac0a53268982b7994a30b5bd03d908d27ceec9c99546a5c62bbe77d374b0,1,-0.0,0.0,literature,1.0,2,ru,1,russian_pd
a4894031ae8b0ce63a000e710c33587bbff45e67b9f4cf990ab5d34708cf7c9a,1,-0.0,0.0,news,1.0,2,ko,1,babel_briefings
a4a032f2ad335e4685ef53238f12dfd986e5a9da5ff835d465c077cc049787fd,1,-0.0,0.0,literature,1.0,2,fr,1,french_pd_books
a4a3ee53174e8051ae367af008c4235af670981d68af92906e12d151a0b4ec10,1,-0.0,0.0,social_media,1.0,2,hi,1,exorde
a4a49e1dbbc1987c3b601762ae71100701e2b1b354f569d426fa021fed02644e,1,-0.0,0.0,news,1.0,2,ru,1,babel_briefings
a4b4b4e9315e30cf32806b0e8206d74bcdf4b4f31d902b7ad2ba3d76ec36cba6,1,-0.0,0.0,news,1.0,2,ja,1,babel_briefings
a4be4ccf25d4f788763fd77c9394e3f55e83fa75bd7bfe562e5e81815f42240d,1,-0.0,0.0,news,1.0,2,zh,1,babel_briefings
a4bfd3fc655c98ac12b0de8eb138f7764641d140c2d2c48d5b9c77863e6c5418,1,-0.0,0.0,social_media,1.0,2,ar,1,exorde
a4c36107298da332d7127f8bac4192b05452e3233c3607e69415bb729687a37d,1,-0.0,0.0,poetry,1.0,2,ar,1,arabic_poetry
a4c49afb5bf0a242a9a6f4b870d21f45c95f25cd37b9a7b7423e1f9e93d0a5c0,1,-0.0,0.0,social_media,1.0,2,hi,1,exorde
a4c89fec1c6747fc7b29960c3dbd19c34d177682e0798c50d5999e692d17d281,1,-0.0,0.0,literature,1.0,2,es,1,spanish_pd_books
a4cb3176e21a36cfcfdfcd0fb7426775b80a64ef9b9de98f5e4514e99b453532,1,-0.0,0.0,social_media,1.0,2,ko,1,exorde
a4da298028bdab6310fb1747950c2df23b0f57991de961ed2cc12d9ab1a062cf,1,-0.0,0.0,news,1.0,2,ar,1,babel_briefings
a4e7d864f2a2b85d8a5dea65aa08fb49e75e41210bbba6f9ef972bf8b3c1a1cc,1,-0.0,0.0,news,1.0,2,ar,1,babel_briefings
a4ebcac24bf85b4a9ecb132c75676c2e7463940afdb660a7dcd7dc85b9b83fc8,1,-0.0,0.0,media_reviews,1.0,2,zh,1,douban
a4fd7ed586c1bbe928c86224e009a1b5be1c10d9a27a0df88cf505e6c39112d0,1,-0.0,0.0,poetry,1.0,2,ar,1,arabic_poetry
a504589bdab4187d58efe67a9aba40f23bfcdf8d4dd20a0e09c5af24ba2acc61,1,-0.0,0.0,poetry,1.0,2,ar,1,arabic_poetry
a50a21e4ece3860431d5d144430dbbcf429fd8f72299b0227493d75a6369da2d,1,-0.0,0.0,social_media,1.0,2,ar,1,exorde
a5110048ba05aa203e8161a6a849899902b497b4c8a162d1f38b3c61b88f2817,1,-0.0,0.0,social_media,1.0,2,ar,1,exorde
a51487264e43c83b5535aac8e099ca24856746765fcfcc5ddce61c58d24a0d0a,1,-0.0,0.0,poetry,1.0,2,ar,1,arabic_poetry
a51a98070c8683ab3b2e094cbf15e00b6f5f320de7956e503ef58b0e276afd89,1,-0.0,0.0,news,1.0,2,ko,1,babel_briefings
a51d4530414806a69041bf6929ea423c2108c13c67a9b981d0ff8eb0e5ec9a27,1,-0.0,0.0,literature,1.0,2,fr,1,french_pd_books
a52243f9302cc04f41227edec57c04d9dcee5e9fa53c77e6e7866601101aa4d8,1,-0.0,0.0,media_reviews,1.0,2,zh,1,douban
a5298c3362f3cde0816481b36704ea987c206fb4ef25158e273878a9d8b68796,1,-0.0,0.0,social_media,1.0,2,ru,1,exorde
a5307a4c32f2b4e3c8725e932383bad0dc8627805a85deee5a572ea589d65389,1,-0.0,0.0,literature,1.0,2,ru,1,russian_pd
a53fc0c0f59a125fb37e938349d715a1da70293989f29401e626c30be07b6824,1,-0.0,0.0,news,1.0,2,en,1,babel_briefings
a54214c230d1c4e4ac268a3a5f681af2bd2fbe7ec40221d3e73dded6ed6d902c,1,-0.0,0.0,literature,1.0,2,es,1,spanish_pd_books
a553cbfd6e6fef059e85bd38b36061c4f5ed972af55b41d08a8a8cf975736c3c,1,-0.0,0.0,literature,1.0,2,de,1,german_pd
a555e0cfba3811fbfeb34498e774a2f4d94102d0e499be9323613da35cba597b,1,-0.0,0.0,social_media,1.0,2,ko,1,exorde
a557af39e6b6633d96db037d4bd0763eaddc80d3c98264274d42e2f933ff3dcb,1,-0.0,0.0,social_media,1.0,2,ko,1,exorde
a564a842a85a1702c87a62d1146bfe964b0e84424aecd01fc49ed36c4d000dbf,1,-0.0,0.0,media_reviews,1.0,2,zh,1,douban
a575223519f491f786d600fc7876265ce391288ae451088bf9f61c0aed0118cd,1,-0.0,0.0,news,1.0,2,ar,1,babel_briefings
a582f5c368b0616ad40ebdcde3a97a7725018ce3a879c5a5d5b07f86612cfccf,1,-0.0,0.0,news,1.0,2,ja,1,babel_briefings
a587b9f1cbfa9237a256ae20acc15b99a4c11d0b424ad818b6f492db82ed68d0,1,-0.0,0.0,social_media,1.0,2,es,1,exorde
a58cddca4950df0de97a5b391f429422e7b9ef4d4ddfa43e457b48d4e32df9a4,1,-0.0,0.0,ecommerce_reviews,1.0,2,en,1,amazon_multi
a58dd9bd532e910f9c13f124bd42d093a40e7879d7fc39adb0bbc51bbd6f129e,1,-0.0,0.0,news,1.0,2,es,1,babel_briefings
a58fedb8f51bccd5e5d76c8dbe85491965f12f2c8e10314f6de94728e78d110e,1,-0.0,0.0,literature,1.0,2,fr,1,french_pd_books
a59b28ac748451f584d6b518472c5c6a2b01f6a51148b78e45ce6f7776849c5c,1,-0.0,0.0,media_reviews,1.0,2,zh,1,douban
a59c6760dab382072a4b5aa01ec5ac120a329dbaafe9c88a4c92a6cae797bd6b,1,-0.0,0.0,media_reviews,1.0,2,zh,1,douban
a59ca87ef080b7377c7552be7c2559bb9a6e4faa46ecd07579b04306888cffa6,1,-0.0,0.0,news,1.0,2,ru,1,babel_briefings
a59e1d4ed5de37b7376d3abc4c971d8fb2fcde4f036e83e5258c9058fb4d4302,1,-0.0,0.0,social_media,1.0,2,ar,1,exorde
a5a6f561351259a0006e2f2b156b1ba41a18dbb2f37b2e0b1c83a761a66da0f5,1,-0.0,0.0,literature,1.0,2,ru,1,russian_pd
a5aff45f8aecba1916a9a416a5150e62510823d2fc2bdffcec2227fc41f92ddf,1,-0.0,0.0,news,1.0,2,ja,1,babel_briefings
a5b429669ee62168b2b4b601e4338fe8f625bcdb42cc95f6c8d486e4888716ae,1,-0.0,0.0,poetry,1.0,2,ar,1,arabic_poetry
a5c5db71fd6c5a2bc268d4050f61f9b1ea70f11af42a37ae6d013227917eac37,1,-0.0,0.0,social_media,1.0,2,ko,1,exorde
a5d1b17c47d8c6be19d19dfbb988fbee22e30a801723a4fa2e469b6a44c73449,1,-0.0,0.0,news,1.0,2,zh,1,babel_briefings
a5d4273f9d8d09fc0211d191a2ee6e83ad61b697adb4badf08317e16e12095b9,1,-0.0,0.0,news,1.0,2,en,1,babel_briefings
a5e402759d51e47c16606b936e931f67db440a3ac1bac4b53a053ac39b57a79e,1,-0.0,0.0,literature,1.0,2,ru,1,russian_pd
a5ec43fe7a4389324a3fe254c8be71c1b658ca740a02d87e2cfc3746299f793e,1,-0.0,0.0,ecommerce_reviews,1.0,2,en,1,amazon_multi
a6019bedfad09defcfaef54fa33606e2c55cf87f9cbd6f220ae910d23a406f52,1,-0.0,0.0,media_reviews,1.0,2,zh,1,douban
a603551e05cf0f13e9d449689486516de60f295d6bb96795de23ea86db785867,1,-0.0,0.0,news,1.0,2,ko,1,babel_briefings
a60d0058638deba470e93649291e6f23f5df3b5a56deaf2f45b529b75864e882,1,-0.0,0.0,literature,1.0,2,ru,1,russian_pd
a612cba5d6414a4acace46fc9117174d1da1792490ade7fea7783a552783a628,1,-0.0,0.0,news,1.0,2,ar,1,babel_briefings
a61a9b9562b8d1acee8e12c9ed65f690a5041dcab18437e98ef2691b1024e096,1,-0.0,0.0,social_media,1.0,2,hi,1,exorde
a623d9f443dca817a97ba7121aa7c87c0f4a725db2ed16324a6ec5bb41947b25,1,-0.0,0.0,social_media,1.0,2,fr,1,exorde
a62a318d9162d95378df11a2631a1b4d7e723620e1879901cb7f0375d4a0f2e7,1,-0.0,0.0,social_media,1.0,2,ar,1,exorde
a6316516ab8169e12c721cb7fd3ca19c61e5ae98584218a58c0b291532f876dd,1,-0.0,0.0,literature,1.0,2,es,1,spanish_pd_books
a6369a8f378c9a3b46a05b3e1b921ee9078efc845056196ce3f5aa87c38ba8e0,1,-0.0,0.0,social_media,1.0,2,ru,1,exorde
a643b8a4040adad65b8eb741fa401086ca06d2ec179ef36aaa69437c820aabc6,1,-0.0,0.0,literature,1.0,2,es,1,spanish_pd_books
a650c1e25f3fe2b884c482a682f30cd862920d3bed2160d092eaf53ac966837c,1,-0.0,0.0,literature,1.0,2,es,1,spanish_pd_books
a66776d8ffc0d0b0f5e201a37215a09cd57e3d9285c24c4d7521802860b69bec,1,-0.0,0.0,news,1.0,2,ko,1,babel_briefings
a6680676f3d52454bce06820f140e4be039bfe5e1c727b0e0aebaf804a63730c,1,-0.0,0.0,media_reviews,1.0,2,zh,1,douban
a6799fd8cb1b9481981e296292daccde44d2ad9ce9ca1e3385a79b4d21a73a0b,1,-0.0,0.0,news,1.0,2,ko,1,babel_briefings
a69f42ebbb7838d254a305ddd67cfe39566992fad3d25d078b5fa8b9e476c5fc,1,-0.0,0.0,social_media,1.0,2,hi,1,exorde
a6a0789b6cf980ad711362723d950c59dca3b41122793b28e518ed145884972c,1,-0.0,0.0,social_media,1.0,2,ko,1,exorde
a6aa6d7cda9890a05f890f9b25f9166ec0e49693458e624db417a5099926e016,1,-0.0,0.0,literature,1.0,2,ru,1,russian_pd
a6aa8db2759507e5e50d4cef1d62326621a7da783240de58d38f10ebe3abaaf8,1,-0.0,0.0,news,1.0,2,ar,1,babel_briefings
a6b07d82c2e79854e3dc3942b93467d616d78cbeaefbd932c1880078423fe74b,1,-0.0,0.0,social_media,1.0,2,zh,1,xiaohongshu
a6c0ec51c5094847c1caf1e463b81a469e5e3572c248fc6afc43182947f14a68,1,-0.0,0.0,literature,1.0,2,fr,1,french_pd_books
a6cd3295784fe76d1e374ab0b05802534a878e531b79058f2540e6bd23077a96,1,-0.0,0.0,media_reviews,1.0,2,zh,1,douban
a6d049a5a92925ed7dd647df979a6ab499176f748588c13ab5e550f18905cb14,1,-0.0,0.0,social_media,1.0,2,ru,1,exorde
a6d476451e8d46b9b121a0d7f7b98fc66932475b95b82fffd1ea373a1f9692b8,1,-0.0,0.0,news,1.0,2,ja,1,babel_briefings
a6d54d569692c8add50ffab074156b1c86375aae9389f6ea97eeefe772690bab,1,-0.0,0.0,news,1.0,2,ru,1,babel_briefings
a6dfdebdffa5d1ff2399d71143644e9d89013b83cf535af00bd9e8f1ca5960a4,1,-0.0,0.0,literature,1.0,2,ru,1,russian_pd
a6e3a12abe7737803c0a40b85f53d2ae7565cab639904bc20bbae524b08dca0b,1,-0.0,0.0,media_reviews,1.0,2,zh,1,douban
a6eadd0744a278a0175e3324bf7550b24637c3e02c1aaa2292cfa49681682f6e,1,-0.0,0.0,social_media,1.0,2,ko,1,exorde
a6ebe50ef213803f1a756e7fe810dbbdc8354900dfee909f311bf1aca0bd3464,1,-0.0,0.0,literature,1.0,2,ru,1,russian_pd
a6ff78857d15a052d6f9f696698368ae8dc3640193929e3f3072519547d3a62e,1,-0.0,0.0,news,1.0,2,ko,1,babel_briefings
a7113fe3a019e65c37874b73cfa3d5739dc3454ee105d6bcb05fb6b99fa01101,1,-0.0,0.0,blog,1.0,2,en,1,blog_authorship
a71380cef0a56a1cc64a8208f8a8c197f6816ea40bf56c95238525e1cf6dd671,1,-0.0,0.0,literature,1.0,2,ru,1,russian_pd
a71804c44a76de06d0205b806d5d2d7ca0800697b0a2404c557eb641d6499671,1,-0.0,0.0,literature,1.0,2,fr,1,french_pd_books
a71a73bc282895b65a54dec74c200eb1223263194f226d5750ca1b532f69feeb,1,-0.0,0.0,media_reviews,1.0,2,zh,1,douban
a71b3309efec56644d4dbe5164444b01099fe2a42055f3f72c9556d68370cd3f,1,-0.0,0.0,literature,1.0,2,es,1,spanish_pd_books
a71f718fc3f65afe2c7967c31cecf42bb509109559e2670b63253469a22bf889,1,-0.0,0.0,news,1.0,2,ar,1,babel_briefings
a7280d70baae48b1edc60bde004db195aae4cab3b8fb3f2da2fc6307c097a6ff,1,-0.0,0.0,news,1.0,2,fr,1,babel_briefings
a7327ccd147b7fe3f3ae14b01de02cabaf9ab90452fb54abde88d23f9af143bb,1,-0.0,0.0,literature,1.0,2,es,1,spanish_pd_books
a7361dcc6fbcb1c3847b2e8f80a27afdf08c4f2cca62f323e0725bf30607f588,1,-0.0,0.0,blog,1.0,2,en,1,blog_authorship
a737ba16af134c451d4c9858c41016b415aa423556a56bb7911c6a6463a8b0c0,1,-0.0,0.0,news,1.0,2,ru,1,babel_briefings
a7484da8ca1220bc1130ba008e7dc2f6944d0f7f398b375d7e53ace5f98fe5d4,1,-0.0,0.0,news,1.0,2,ja,1,babel_briefings
a74998b6f815165db7dbf4e2a732018cbfeb29a9184a5dabe26d89b6c427b3be,1,-0.0,0.0,social_media,1.0,2,ar,1,exorde
a74cfd353ffdca3dea0b8f7c61114ffb32ea6c976e0798754009b346edffa1e5,1,-0.0,0.0,news,1.0,2,ja,1,babel_briefings
a753c9ea386dea82975dc3327c9ae2ac4fc0990b8a878f2ef20428608cc94521,1,-0.0,0.0,social_media,1.0,2,zh,1,xiaohongshu
a757eeb17f935997921f83dd6131d1b064b77435bab8066319bc9ce0b891459b,1,-0.0,0.0,media_reviews,1.0,2,zh,1,douban
a75a04c52ca19bf3d796dc473b51f6dc7798e68052a7527388074edc70f9d1ef,1,-0.0,0.0,news,1.0,2,ja,1,babel_briefings
a75e75eff6058a9d2e90797583aec95651246b861b967524a7667883238e8744,1,-0.0,0.0,news,1.0,2,ar,1,babel_briefings
a767b24ca153bf120a19a17bfe41b2fbb2cb9124c9280dd899a446364b93b74f,1,-0.0,0.0,social_media,1.0,2,ru,1,exorde
a768da7d7f1f695cb81ed0107aa63969db9a41f6ccfc79c8c5ec0e4e03ad7ae5,1,-0.0,0.0,social_media,1.0,2,hi,1,exorde
a76bf352e1f8d645b56e3f782304082d391be019665b21075baad9c2515f4e88,1,-0.0,0.0,social_media,1.0,2,ko,1,exorde
a77453b8476c76257b7bc5d56a0645cc73dbca437215c6b4d645f38dcafffac0,1,-0.0,0.0,literature,1.0,2,ru,1,russian_pd
a77c0d2df87d9e86d39602fd8c1e76ed4192ea820b365e5e3cb9f7029668e2e9,1,-0.0,0.0,social_media,1.0,2,ru,1,exorde
a784e968423d7d594143eabaaa4ec7574c710973e37328fd0fb05b04bcbd5094,1,-0.0,0.0,news,1.0,2,ar,1,babel_briefings
a7889235374febf101120fe057deefbb096da6fde5fe9b293606bdba77e8b2ae,1,-0.0,0.0,news,1.0,2,ru,1,babel_briefings
a7890d4255b039fc5e7a956300f37f1b6bad4fe6288be712ca18d346d13b3fda,1,-0.0,0.0,social_media,1.0,2,ar,1,exorde
a78f65faefb81c8fbbc1a836a822b721f8665f7dc4b71b1cb7ea56fa53bba51d,1,-0.0,0.0,social_media,1.0,2,hi,1,exorde
a7976658fa963a31c9e6358966a38ca1065f3e5d8ac4665b2688d35c278e7022,1,-0.0,0.0,news,1.0,2,ko,1,babel_briefings
a7aa09b466bc35d0efa6f7aa29852722a3b654fa6939765badae4dadd5f82bb2,1,-0.0,0.0,social_media,1.0,2,ar,1,exorde
a7bf4a8383b17e1d9f7f554379fdcebe2980fc6f3087ad705e57442f78a1dfa5,1,-0.0,0.0,literature,1.0,2,de,1,german_pd
a7c006473c348848b1262f8275175f0178a4055b26b1255b6269448320e90e52,1,-0.0,0.0,social_media,1.0,2,ar,1,exorde
a7c00ceb469ca3036932d63dbd8aa81b0d00c50f1cb5db825b18d222764d901e,1,-0.0,0.0,social_media,1.0,2,hi,1,exorde
a7c196a7f710b1eac660a9594e0738cae450af3c32b0f7ca746512956320321c,1,-0.0,0.0,news,1.0,2,ko,1,babel_briefings
a7ca4c4c333069e864631dc4c330bc94cf18021bca8f94bcadd829d798589903,1,-0.0,0.0,literature,1.0,2,fr,1,french_pd_books
a7d03a7a791c349dfd09336e19c1d6b35d9a4b8814bd73aae7723b42cdbcf013,1,-0.0,0.0,media_reviews,1.0,2,zh,1,douban
a7d99a304fd65972e492b623d2a6af40e415aa4eb13574924a9da82e980589c7,1,-0.0,0.0,social_media,1.0,2,ru,1,exorde
a7db65d001995925c923d932ce5fe1229d05a5baeab78e2394356012ee8d6f26,1,-0.0,0.0,news,1.0,2,en,1,babel_briefings
a7f8fb638a72328879b5eba0e71812eb9d85d2b4f95e7a29aa1fd51cd06c74ea,1,-0.0,0.0,news,1.0,2,es,1,babel_briefings
a7fa852f016aa38844ecfcf2470205f1e950ddc5604103a473fa45cd644f055d,1,-0.0,0.0,media_reviews,1.0,2,zh,1,douban
a80415b0737a50015e03b4f29c7bdee56dd7ba30833571f1572594942b04bad0,1,-0.0,0.0,news,1.0,2,ja,1,babel_briefings
a80790825fc5b781c3c329e69ce6d6d7511a60945e4f148ac1a716a0462664e9,1,-0.0,0.0,social_media,1.0,2,ko,1,exorde
a80ba709fa4307d910ce5b6cdda36a1caa629eb4613dd314879f10f8e2b488a6,1,-0.0,0.0,literature,1.0,2,ru,1,russian_pd
a81d36f3f74d4e55dd69735b9d81b99340c99b86fa734c6c57c22610c122b35c,1,-0.0,0.0,literature,1.0,2,de,1,german_pd
a83628a78e31db774e34220cff4ab8b61b81e25d4172485e78df7483b682faaf,1,-0.0,0.0,social_media,1.0,2,ru,1,exorde
a8389a22ffe0c3eec1dee5d9dbbdfe629b64f0d5b3d570edb5dea4983215f08e,1,-0.0,0.0,social_media,1.0,2,de,1,exorde
a83af956f41f8eb5425110678a5e2b4d1d80e77a1eb29b705cb9e0fb76b78569,1,-0.0,0.0,literature,1.0,2,es,1,spanish_pd_books
a83f64ec66755690b15db9e63cb58ce5e70279d6241bd2aea99e34b69525ff60,1,-0.0,0.0,news,1.0,2,zh,1,babel_briefings
a8453d8d87fa4719752d9042443bd4f0160a4588ebb9afdd75cbc6931520aa5f,1,-0.0,0.0,literature,1.0,2,es,1,spanish_pd_books
a84f729c72e5a2d0b8f32ee51bc9f4cea61ad31a21387e85a8d63058c454b6e1,1,-0.0,0.0,media_reviews,1.0,2,zh,1,douban
a8547222a555e71f9c8ad7197fd2c45bb8feb6954697a0c1866c59396b39892f,1,-0.0,0.0,news,1.0,2,ar,1,babel_briefings
a8547c4721568d2b2229075957e8d569408fbeedc76e8382516f5f4befb6aa4e,1,-0.0,0.0,literature,1.0,2,ru,1,russian_pd
a858eb4c1d8df64ba9febad85b79f272a647892fbe098e929c01aaa93f072e85,1,-0.0,0.0,news,1.0,2,ru,1,babel_briefings
a8713ef34d0a638c4faa2dfae1a32c9c1901a84ea64c00c0800b71fae65bf9d7,1,-0.0,0.0,social_media,1.0,2,de,1,exorde
a8730e8d9fa5b92b53a79621f08c90ec5590292e29eb167d592ebcc7fea292f7,1,-0.0,0.0,news,1.0,2,ko,1,babel_briefings
a8757afee183a9664e2aea4ec1142ccfaacc7a5e381c60575e681c3d6fcdeb5f,1,-0.0,0.0,poetry,1.0,2,ar,1,arabic_poetry
a876e0fe04173e1bf547ebbea7cdfb69aa6432ab4a3d469b0bfb97e056ecacda,1,-0.0,0.0,media_reviews,1.0,2,zh,1,douban
a892fb08b5fdd31ce35604a86f7897a0313c8fa285b9b8ff9ec6a4d6160863f6,1,-0.0,0.0,research_paper,1.0,2,en,1,arxiv
a8b1f09378afe454d9272220580819d0541dc977c4bf8c613554d635c5643fb9,1,-0.0,0.0,news,1.0,2,ko,1,babel_briefings
a8b581055b055a4c58505b6d1fdbd58bd29c7d33e296d8374b776c4f34bf57ab,1,-0.0,0.0,social_media,1.0,2,ru,1,exorde
a8c2d182cb2cb2dd0ed2b853e9f1231b6bae1de2b2154d08d3016a1d9b6eae07,1,-0.0,0.0,literature,1.0,2,ru,1,russian_pd
a8d1dbfcb0b789b66f0d9336323464033711f5d03af077702c9574ac06b9f7f1,1,-0.0,0.0,social_media,1.0,2,hi,1,exorde
a8e419402f7377ca5fe50f82a73935e50d28a4d37b92afb087ac198736666019,1,-0.0,0.0,social_media,1.0,2,ru,1,exorde
a8f2762ebf8e86881b41a97846078e66ccdcb3dc10d8d809c8393de61baf953b,1,-0.0,0.0,social_media,1.0,2,ko,1,exorde
a8f5fe58c522350d78ce012db157039b0792300639f68e13f847d4d9e602f86f,1,-0.0,0.0,poetry,1.0,2,ar,1,arabic_poetry
a8ff2437fc25ef803d22f01412861ae512afa332b01dab6be45ee29acbd54653,1,-0.0,0.0,social_media,1.0,2,ar,1,exorde
a8ffbfbe94348fbca05a77f83ab32477c60a43d68ac44527f1c230445da213f3,1,-0.0,0.0,social_media,1.0,2,hi,1,exorde
a90d215531fb459b71e024accc8b88a49f652808c4c207ce057b76d5c6516e04,1,-0.0,0.0,news,1.0,2,ar,1,babel_briefings
a90f38d03da00eb61910400f27fc7321fde8bd12a1bda240f831b957520719b6,1,-0.0,0.0,ecommerce_reviews,1.0,2,en,1,amazon_multi
a91780e5b195e9a69e3d489730479508d0fb75b66ee045e44e77f559e579bd93,1,-0.0,0.0,social_media,1.0,2,ru,1,exorde
a96685934ef8cb6255e09689850dae2230501525299143804b0904ba67b7456e,1,-0.0,0.0,literature,1.0,2,es,1,spanish_pd_books
a97084a788aee5d1b22ea1afee94534bc9fcad40419ece017018198e106dd23c,1,-0.0,0.0,social_media,1.0,2,ko,1,exorde
a978adf391a452a8c9326390419128ae0090924aba9192a8d87a94bc6810342d,1,-0.0,0.0,literature,1.0,2,fr,1,french_pd_books
a97e5d037230a53be07ad01b127b407b00b288df07e0e3da61e9664fdf54b2c6,1,-0.0,0.0,literature,1.0,2,es,1,spanish_pd_books
a99ecbbfd4be85b94c21840367c0dda220bd77693aca25b6325c9a9bbb8cda43,1,-0.0,0.0,media_reviews,1.0,2,zh,1,douban
a9b4248fce38fc58b30c4300229dd0bf756baa97c57f652231a9e44af7863e47,1,-0.0,0.0,media_reviews,1.0,2,zh,1,douban
a9b846b4e8e52a38a0552966d937ef6b4dba4ac35d5f4f279d2b1ed12d0201bc,1,-0.0,0.0,blog,1.0,2,en,1,blog_authorship
a9bab81f484fe1d5109d29106699d25076f6b5e68750f1f4c1c000ed0c27d683,1,-0.0,0.0,literature,1.0,2,es,1,spanish_pd_books
a9bd3bfdc29f1c15ee2bc5b7483623cfa0d75880e9bbf3508b8166cac1825ceb,1,-0.0,0.0,social_media,1.0,2,ar,1,exorde
a9e00790066c6ca26e60d5cf2287fd80ca20d742968c1fb02182e362df5cbe23,1,-0.0,0.0,literature,1.0,2,es,1,spanish_pd_books
a9e330b33e62c4975702e3cde0d1503f61a406f7e9c060e0fed1489a29063e2c,1,-0.0,0.0,news,1.0,2,zh,1,babel_briefings
a9fb787d1221aaf0868a7aeee7ad1bd074bcfd161a3cfa0c8dc35b7d8cffa3af,1,-0.0,0.0,social_media,1.0,2,hi,1,exorde
aa020d46f3a1fd509b262cc8e595004136c3ad9a6fe2f95a52318e98fbe01a6c,1,-0.0,0.0,news,1.0,2,ru,1,babel_briefings
aa0ca4b9bee0f21886b893b292639d20eea4e8597c54111461330851151491d4,1,-0.0,0.0,blog,1.0,2,en,1,blog_authorship
aa24980b8592f21a3d924daa5a6783dff6021ece02325565090c958c8b4b487c,1,-0.0,0.0,news,1.0,2,zh,1,babel_briefings
aa2686783db782ec3fc23caf3524b93c9f1556cd0c6f6dae15ae24757e3400e3,1,-0.0,0.0,literature,1.0,2,de,1,german_pd
aa2883528ed36852200e7957788194129dfeef9917cf9e5288277d5cc37ab456,1,-0.0,0.0,news,1.0,2,ru,1,babel_briefings
aa3b04cc1a495f7ec96d1f1a5fbcfcf73e96aa129ff239d611c3879d5496420e,1,-0.0,0.0,literature,1.0,2,es,1,spanish_pd_books
aa3c498344930a0f1e27061fc7be75335dd7f5730749791fe22c36e0948e01b9,1,-0.0,0.0,social_media,1.0,2,ru,1,exorde
aa3d2a57711b1e473f1af36650ca7c853385f508c60550a97d72100e76589e85,1,-0.0,0.0,news,1.0,2,es,1,babel_briefings
aa429dbbcb6c68b672939a3d2ed07a250c4e5b47a5eebce2887bc80625b14a47,1,-0.0,0.0,poetry,1.0,2,ar,1,arabic_poetry
aa42b665b0ba9aa102adaef9cbe5dce856c7063d4577d8e46c179fb12bc0c447,1,-0.0,0.0,literature,1.0,2,es,1,spanish_pd_books
aa6566745d2ef8365c6620c1e8ce882839a7f7af22b034bb55e6d5b4e72ebbd5,1,-0.0,0.0,literature,1.0,2,es,1,spanish_pd_books
aa66be85e326ec6268b0a1ddd18201439bab8bd8cca1586f4889179b2b228377,1,-0.0,0.0,social_media,1.0,2,ko,1,exorde
aa6d1da73a2a4ae8c102a741a5df5284ecfb66276cbc67792e44d58948c7e7c9,1,-0.0,0.0,news,1.0,2,fr,1,babel_briefings
aa796249741e4efd950532f79dc05f544daf757f6f6c0e71bb794fe4cf2aebb0,1,-0.0,0.0,social_media,1.0,2,hi,1,exorde
aa8f01d2196d588301086bf527ebd5af44027e3ed909d808e4949e2baf22ab42,1,-0.0,0.0,literature,1.0,2,es,1,spanish_pd_books
aa92e22066e8c9c5304af9c06bef77ecdd582a176738252d8ca9de854d98d8fa,1,-0.0,0.0,social_media,1.0,2,ar,1,exorde
aa9b77c1dbef86e6852ea9fe549648150477ce9da3401f597e18bf2d00465309,1,-0.0,0.0,social_media,1.0,2,ko,1,exorde
aa9c540ee70f09793227015201e649b1c389440e0a70c6b165e466ce9bc9f8b5,1,-0.0,0.0,blog,1.0,2,en,1,blog_authorship
aaa6752c21e5e7c0ac23c4283bb0247b7de9acb41fcaa0e14f94285a16ad8824,1,-0.0,0.0,social_media,1.0,2,ar,1,exorde
aaa8cd868e968c94011821c4fdbbe0960a0812980c743c6334bdc69004e3c452,1,-0.0,0.0,news,1.0,2,ru,1,babel_briefings
aaafaa6e1f3a9c0066aa68041ae04c8e39fdbf44b234742bef6074eea25f3abb,1,-0.0,0.0,literature,1.0,2,fr,1,french_pd_books
aab4ebb81c7c871d2e0cb2021bd5a5f1489958d54729a619b9356fd22dabdb50,1,-0.0,0.0,literature,1.0,2,fr,1,french_pd_books
aabd63c5d05a865e3819eefdaed7f7bc98bc5b819e83e13503320ca7787cf6af,1,-0.0,0.0,news,1.0,2,ja,1,babel_briefings
aad3f4fb217c0420262ca82eb43bc2cfcb6c45870eaed753aaf2a5a3a93d093f,1,-0.0,0.0,news,1.0,2,en,1,babel_briefings
aad402cae3ab9d119ef38fef120345cb97cc27a942c8f6ce6d48a5903a3d2b68,1,-0.0,0.0,literature,1.0,2,fr,1,french_pd_books
aadd6a4eda20a30ddbf04966b8469ad978b9f283ed97bbbfb3d04392057eae46,1,-0.0,0.0,news,1.0,2,de,1,babel_briefings
aaddcc39fdb2e051df6d6d9de22dfcfd043edbb6c466a1d5cd40924c40d1e020,1,-0.0,0.0,social_media,1.0,2,hi,1,exorde
aaf282a86323d62f1af8472783d347c22c0f8649542eaa7aa18269efcb4ef0d0,1,-0.0,0.0,media_reviews,1.0,2,zh,1,douban
aaf5f13cf24937fd9e03aaf7731f88bdb4a982dbb8feea8f51ab113d7fa0103c,1,-0.0,0.0,news,1.0,2,ru,1,babel_briefings
aaff0a43ea12f3fd66305922c2ae760bc1fe7fc292c04d16973a73f405ea9c92,1,-0.0,0.0,news,1.0,2,ko,1,babel_briefings
ab023619fd1c56f70db4ea7ee3edfd9a24171f5d0ada1664809cc65024bb1a2f,1,-0.0,0.0,news,1.0,2,ar,1,babel_briefings
ab1cb69c5e846a89327b5e9aef4cade2a96163a45a1dafc4d5d89c5804f548fe,1,-0.0,0.0,literature,1.0,2,ru,1,russian_pd
ab2e6e0eaaf367c855e94da4611e1de225d7ac1f366185977544d932cab7bdee,1,-0.0,0.0,media_reviews,1.0,2,zh,1,douban
ab2fb553c93eee0034e0c51196bfff2306119d6bc0273dbb7eb3f5c8b3a3de58,1,-0.0,0.0,news,1.0,2,ko,1,babel_briefings
ab39087d6e19e21280a6196c267278c2903082994399966865056d4b354cdba0,1,-0.0,0.0,literature,1.0,2,de,1,german_pd
ab5157abbc0d3aad02cc2c9b402c489e7264fcb0d845f904d57e108947ba381f,1,-0.0,0.0,literature,1.0,2,es,1,spanish_pd_books
ab6eac3d9296525ceeb3e13379e2b68f237a60b007dfe4746a89d77986f4bc17,1,-0.0,0.0,news,1.0,2,ko,1,babel_briefings
ab6f8a886b06a7ff4b6321608653525df35693136b7e5c536e920c55b9b5f62f,1,-0.0,0.0,news,1.0,2,zh,1,babel_briefings
ab75cc5bbf37bd57cae5f9ff63249089cab67bb2e51ec3a6f195ad715278a8f7,1,-0.0,0.0,social_media,1.0,2,ko,1,exorde
ab83534771a915318fa69e65fca8e958178549585a57009629cabdaf889b7ee8,1,-0.0,0.0,media_reviews,1.0,2,zh,1,douban
ab841958ecdd3085bc56176e79ecc584f7dce4ee71ec3f82b9763ba7d6c1da06,1,-0.0,0.0,media_reviews,1.0,2,zh,1,douban
aba5de5e66261e0d01f1d0b56a1057958090be132c57d228d5c4502349b53e02,1,-0.0,0.0,social_media,1.0,2,ko,1,exorde
abb299d26fa018b6abe0816f09acad4c15703d7906b73ad7c1c6c539d931b6aa,1,-0.0,0.0,media_reviews,1.0,2,zh,1,douban
abbe8bae1c021175fc9ea56a82390031afb50db8a744ea611adb8ea8caef44da,1,-0.0,0.0,news,1.0,2,zh,1,babel_briefings
abc75f9e84cfa9d95c12d710b5275a8342e81084a763da51417d8721c47be6a3,1,-0.0,0.0,media_reviews,1.0,2,zh,1,douban
abdcfc2851f8b391dfe0a314ad6a6c7fbc0685d9eea48e8cbd287f1c69f8727f,1,-0.0,0.0,news,1.0,2,ar,1,babel_briefings
abdee7f48909238d9965c61f86054dcf2f56b63b58f46eb4cf26ef7319645644,1,-0.0,0.0,media_reviews,1.0,2,zh,1,douban
abe6a02c7544982a2fbc61ab2c68111291ab6fddf090f9565ec49a4ce52e2e9e,1,-0.0,0.0,news,1.0,2,en,1,babel_briefings
abe6ba59be4d9db39cae4baac7cf612f26971ad57fbf778199979506fc8f89b2,1,-0.0,0.0,social_media,1.0,2,ru,1,exorde
abf8a7f721b0e8ca1841f19abaf6845e940f3ef76d3c1b43a4f88c42f7dd6240,1,-0.0,0.0,social_media,1.0,2,ru,1,exorde
abfa1c4fc9abba8e3fec293e46203ea3aaeb006fec865aa022affa968192972b,1,-0.0,0.0,poetry,1.0,2,ar,1,arabic_poetry
abff3a549871c39c005e624a4ed3559c0ab16d2daf2832d5439fc16e4abfc09c,1,-0.0,0.0,news,1.0,2,ru,1,babel_briefings
ac047e91d1fb98e766892cad0813de75b55a39355a361deb0efd2338c8013080,1,-0.0,0.0,news,1.0,2,zh,1,babel_briefings
ac12810fc35fcbf4e1f0509ff999e046998ff38eb37eb2dde3db8f8d5fe55459,1,-0.0,0.0,news,1.0,2,ru,1,babel_briefings
ac15a44006270423a9307ea2bbd1baf341858367ab749dd35a6d258d040bdf6a,1,-0.0,0.0,literature,1.0,2,ru,1,russian_pd
ac17a262d5aac63df35055d569bf1d76b5700412eede00023c4a0c4e950a3830,1,-0.0,0.0,social_media,1.0,2,ar,1,exorde
ac184e0d57cb4c9f1b845df1bc286638bc20ea0f59e9763e163b3dcf8fa07769,1,-0.0,0.0,news,1.0,2,ru,1,babel_briefings
ac205cd8f693b4dcc6d6579e387c34ed7db4de9a2746eb7060eadd77d35b9075,1,-0.0,0.0,literature,1.0,2,es,1,spanish_pd_books
ac218041bd84e29f9415861b4ebc8ad22489d43a523d6cee8de98a9570be6b0c,1,-0.0,0.0,literature,1.0,2,fr,1,french_pd_books
ac2815c2f51b103508b661bd6122c2bec9567f2723c3179e2dae457747a07d01,1,-0.0,0.0,news,1.0,2,ar,1,babel_briefings
ac37276bebe98b0bf4708f9f9e51da169732a78afb07cda05ab930f783b6b3c5,1,-0.0,0.0,blog,1.0,2,en,1,blog_authorship
ac37b8cc002c845a1b8201d44d325dca308566f66a7bc7af24732ad7ed94db47,1,-0.0,0.0,social_media,1.0,2,ru,1,exorde
ac37eac0c01abd712227461457015d968ad93f7a4919116658ca13347f38b228,1,-0.0,0.0,social_media,1.0,2,ko,1,exorde
ac3825bcfe6bc6685b097e5bad38aec8f1dd762ae097d5f0d2fe04a9e8131b10,1,-0.0,0.0,news,1.0,2,zh,1,babel_briefings
ac3ae239b46b4f18c2441cb997702cc2116e5ef850cd4fd87e1db399a9fa5a52,1,-0.0,0.0,news,1.0,2,en,1,babel_briefings
ac5ba1857188477c6d22f7cfa0d627494ca265ab4198aa814c0ff413ddf0bbd6,1,-0.0,0.0,news,1.0,2,ko,1,babel_briefings
ac5bc2b8b6e007bd9c36d7116f574a215a55d7803edf4a7304a5a9e249eefce2,1,-0.0,0.0,literature,1.0,2,es,1,spanish_pd_books
ac6522df7c27f65667de5ef4761f4a616607073b80cf6c39dbba2e528f448358,1,-0.0,0.0,literature,1.0,2,de,1,german_pd
ac6ecb5536e978456703b8128739810001c34e496e77a3384eb78de22db3a45b,1,-0.0,0.0,news,1.0,2,ru,1,babel_briefings
ac7035b6f7562f9f90026cedbffba2c1cf90c3966fea5c8342a8e3cc8c03c3ad,1,-0.0,0.0,social_media,1.0,2,zh,1,xiaohongshu
ac8341f3827bb396ea9ac79f50a94d1aa225c2afe2c2c27e0dd59e7f1ef18874,1,-0.0,0.0,social_media,1.0,2,ko,1,exorde
ac88266f7197c33ddb5ead769a800bdd4aef421bb29296046bf5a3457e88c89d,1,-0.0,0.0,social_media,1.0,2,ko,1,exorde
ac96b519a4c51f0c553834797d51180c9111a74c63734a9977a03fa3124b2577,1,-0.0,0.0,social_media,1.0,2,ko,1,exorde
ac975ce72ff3d6f4e543e4b09c473b182edb46ad841376597a50b4b4c9384fa2,1,-0.0,0.0,news,1.0,2,ru,1,babel_briefings
ac97fced5fca958650468f16a76bcd2f247c22644a10874080d43498db8dd505,1,-0.0,0.0,news,1.0,2,en,1,babel_briefings
ac9c343541542772c4f6dab3dcab42e9327f831cfd7a3ca6f0abd64f0f46561e,1,-0.0,0.0,social_media,1.0,2,ar,1,exorde
ac9d536e6467a5d6fe2611147be30512478eaed14b60484f27822289d71b1fa1,1,-0.0,0.0,media_reviews,1.0,2,zh,1,douban
aca7b1f44e561914faf7a1237b5c1853d9e397f943bdbecbf91fc5162bc330b8,1,-0.0,0.0,news,1.0,2,ru,1,babel_briefings
acc322c77527ca93978b6ab43bbd6a0443b713f96041e00a1eb5ebda64dcb57c,1,-0.0,0.0,news,1.0,2,ru,1,babel_briefings
accc7b702313aa2b2ed05e14899d56cde2376fa44001736710746e283b4982fe,1,-0.0,0.0,news,1.0,2,zh,1,babel_briefings
accffdf0e65c552bc9a8943a9f0c7f4445a2671a7e863f727226ab94250a7ca3,1,-0.0,0.0,media_reviews,1.0,2,zh,1,douban
ace4189797b3a12cdf9efb0862701f280ce340d23b2112af75fe79649c61a0fe,1,-0.0,0.0,media_reviews,1.0,2,zh,1,douban
ace801f065fb715db5ec1ec608e1bc1390f3b394055a35a628e18ffd834a20b1,1,-0.0,0.0,news,1.0,2,ko,1,babel_briefings
acf78655dd998cb0dcf440371206423279c91b5bc21696432b2b3a91adf180a8,1,-0.0,0.0,literature,1.0,2,fr,1,french_pd_books
acfcee713d866c104153370325ead6348e42c39fb33a935b42f1c5f6e3f4790f,1,-0.0,0.0,literature,1.0,2,ru,1,russian_pd
ad01e3bed4147a33a7bf660701325cc8f98419d4a2d81d3c3e38981e64524e9d,1,-0.0,0.0,literature,1.0,2,ru,1,russian_pd
ad06fae78e2b13910d5d2bf4670483def1a4dca787c771136eb459de83b9e42a,1,-0.0,0.0,social_media,1.0,2,ar,1,exorde
ad0c929fd739b84c0171903be08c4d67f32bf43a2e980f32f4e4dc8848395a90,1,-0.0,0.0,literature,1.0,2,fr,1,french_pd_books
ad18d65fe2110b46c73faf843c5e32b35872f9c697e9f104ba0241f9b5d34dd6,1,-0.0,0.0,literature,1.0,2,ru,1,russian_pd
ad1db427bad44ca5a0a7f000395a77c1b18eb33770eaf7e19ea72f579e2bef64,1,-0.0,0.0,media_reviews,1.0,2,zh,1,douban
ad22bd1f1481a8883247747ded4c3844527648daab74d176c78d142d71149c3b,1,-0.0,0.0,news,1.0,2,de,1,babel_briefings
ad2bbe574ba08ef939362fb9db80ce1a4a6e408aafe6ed0420333eaccd46522d,1,-0.0,0.0,social_media,1.0,2,ar,1,exorde
ad31db81e9d0b5deb112f460a279ab8667ae26dfc2d4b93e42281502620ea759,1,-0.0,0.0,social_media,1.0,2,ar,1,exorde
ad37dc99b0e2b2425396358cdbf071a9e34f55788188433f91e9014cbf6791f0,1,-0.0,0.0,literature,1.0,2,es,1,spanish_pd_books
ad4ca022b1b38da988d4416c342df02dc6b2f82c76419da7a4dcf0f77bd8b9fe,1,-0.0,0.0,social_media,1.0,2,ar,1,exorde
ad5ba46cf60de735ba0009926fae9ba057d30e9060f681ec6ef432411b26861f,1,-0.0,0.0,social_media,1.0,2,ru,1,exorde
ad5f9d00e2bdac8f8aff62708b2cdd849c38e5ba877df756548e8df3963ca7dd,1,-0.0,0.0,news,1.0,2,ko,1,babel_briefings
ad603c3d835c6315fd6a416c6bd91e7447d42929212455553a2a6c9659b72967,1,-0.0,0.0,news,1.0,2,de,1,babel_briefings
ad65375b32f9756d11b43bc1f16eb0785f41f17e835cb0659f97aacc28eab7d2,1,-0.0,0.0,literature,1.0,2,es,1,spanish_pd_books
ad73de82e4ab032936599c777deb1c6c9b7a306ec4986de3e44f11042d8e259d,1,-0.0,0.0,social_media,1.0,2,ko,1,exorde
ad7a9931ed8710ba0ada81b8e50004a6d5c0fb186848fe3f1e530793866aae68,1,-0.0,0.0,social_media,1.0,2,ar,1,exorde
ad82486cb10a2699d483664abbc198fdc5438d0678adbfb0b53d406f922cf73d,1,-0.0,0.0,news,1.0,2,ru,1,babel_briefings
ad8257dafe6460817f6ac4ec12dceda96209c0ac43e4a99f6684ce8075ca0ee7,1,-0.0,0.0,news,1.0,2,ru,1,babel_briefings
ad885618200b8682a9b11a2dfc3c95f79efcb93d5924eb57e824b94d67693943,1,-0.0,0.0,news,1.0,2,ja,1,babel_briefings
ad938f32fca16e64f6f31123800a7b248fdfa2fb0544fe214ecd94f79cfd26ad,1,-0.0,0.0,media_reviews,1.0,2,zh,1,douban
ad9864c7cea7f9377bd51d17dbfc0d3ed6bcbc77a0d67b44be6e77f8368aadb3,1,-0.0,0.0,news,1.0,2,de,1,babel_briefings
ad9a7993a657669132f8361f76fd7c0fcb0de1ed54f8af593bfafe2e0a9e3576,1,-0.0,0.0,social_media,1.0,2,ru,1,exorde
ad9aa11aeef31fda88ed85afbfba04156e02332fb86d7840586af0e12e5d1023,1,-0.0,0.0,social_media,1.0,2,ru,1,exorde
ada558315ea51cb83b471a6fcc6e04295dfa24a57a76738e21e42a7f72445fbb,1,-0.0,0.0,news,1.0,2,ja,1,babel_briefings
adad6340a5bf716d6b29b6540f4158b16f7d76626c047c004aecdd67a543bf88,1,-0.0,0.0,blog,1.0,2,en,1,blog_authorship
adae7ea3f39a40875e949fbdcb461e954d3922f3d3a611d1fabb79c47080ed58,1,-0.0,0.0,media_reviews,1.0,2,zh,1,douban
adaf189ef6048744ea55c1f2a2f0f97ee9ee50f1fad8f1f8e9452c475038bc31,1,-0.0,0.0,literature,1.0,2,es,1,spanish_pd_books
adaf55d325c3b1c6f006ce8c832cdf1f4f9f9c297ba07bc73c409fc0882db090,1,-0.0,0.0,social_media,1.0,2,ru,1,exorde
adb76747fe5f0879849d63150008106e9b529456dc94a13876ca4a2c55b6ba2c,1,-0.0,0.0,media_reviews,1.0,2,zh,1,douban
adbb3f9e7a8bbf4b7bbde0ad27978ba04280a6771cacd555d60202eb1dd62bac,1,-0.0,0.0,social_media,1.0,2,ko,1,exorde
adc2889e169c11a9499a30f68c75660f3fd6ac48d161ad4104a093f8cde8a93d,1,-0.0,0.0,news,1.0,2,ar,1,babel_briefings
adc394ab64421876fbc2adfb362f2724d5b57ffdee0e6778a71c444b6f9857df,1,-0.0,0.0,news,1.0,2,ko,1,babel_briefings
adc578c4adced11b9e6e519853a515c47642773a12e621c6146898ef82c3cd4a,1,-0.0,0.0,news,1.0,2,ar,1,babel_briefings
add1dc55e0a19c6de0f0df751cc641820be9a2b44283446a48a2b89d20a39079,1,-0.0,0.0,blog,1.0,2,en,1,blog_authorship
add8e272c43a0a7a75bcb9d418ee71de4dd587d0c3c9c9a16e47d5e6e2c6db2a,1,-0.0,0.0,social_media,1.0,2,ar,1,exorde
addcc41531cd29e71421d90c0aea48ba7312fb0d3e2bca2be91a16fd8510ee59,1,-0.0,0.0,news,1.0,2,ar,1,babel_briefings
adde0693b4f8272d418ead7cbc90250554b047b00bae4171ff219272c765a452,1,-0.0,0.0,literature,1.0,2,es,1,spanish_pd_books
adf11d7675d91ffe9328ce09f902eec58458d01796d37bef64282daa86de5da0,1,-0.0,0.0,news,1.0,2,ko,1,babel_briefings
adf3f7290f2aa483293e8932231a27b96983310eb9a9e3ef36e22a256e3e6259,1,-0.0,0.0,social_media,1.0,2,ru,1,exorde
adf60a754cbb7d688a55b829749af1f050659133d4d68a52916170c9db733dbe,1,-0.0,0.0,literature,1.0,2,fr,1,french_pd_books
adfd9c8c9c1c635621840b23c8ff8017123d84757d10406e8ba3791ab67a2865,1,-0.0,0.0,literature,1.0,2,ru,1,russian_pd
ae0792d324152b3a43c368ac19a71e4ded8ceca5e0e5ea293489368930648ad6,1,-0.0,0.0,news,1.0,2,de,1,babel_briefings
ae3af3260c6eb721f0aa4956206959456b9a4167439a629528a7887e48646a05,1,-0.0,0.0,news,1.0,2,ru,1,babel_briefings
ae400dc297a6de6b544f6f1063f8bc084b8e562f59eceb5c54b3b769e8812eea,1,-0.0,0.0,news,1.0,2,de,1,babel_briefings
ae451c59cd7bceb983cbd763959e8a35f7ef9302f9f348991ddffa79602ece53,1,-0.0,0.0,social_media,1.0,2,ar,1,exorde
ae519058c29043c93bad7a9cc9c68763c3b418474d2d72db5491413af724b8ed,1,-0.0,0.0,social_media,1.0,2,ko,1,exorde
ae55853e7bdb4ad8109640a7e890577b138a78380763878ed724c7b994b61cff,1,-0.0,0.0,media_reviews,1.0,2,zh,1,douban
ae5de2128bf7c0f2d04e910933f0b1cbb75a90f916a09e33c5931c1eb255139c,1,-0.0,0.0,literature,1.0,2,ru,1,russian_pd
ae62109a7c805a6c8315e969e1893047cc7afb348ee95dd650ecc50708a4ef8b,1,-0.0,0.0,social_media,1.0,2,ko,1,exorde
ae6b0302579126c3f9aff7fdaf3e600e551820d899b03a4365666964a302bdf6,1,-0.0,0.0,blog,1.0,2,en,1,blog_authorship
ae7ee72a8e05ab75868d0b4ffdc606617cffb12e8e44baf847614028c049a4b3,1,-0.0,0.0,news,1.0,2,en,1,babel_briefings
ae80cf480e581d521a9ca666e295ef118c33218497fb7fda56923e3107586992,1,-0.0,0.0,news,1.0,2,en,1,babel_briefings
ae82206e882f36a515e050ff00a8a511445cca31d7f234fdf61d9b7259ea77eb,1,-0.0,0.0,news,1.0,2,ko,1,babel_briefings
ae925a2c674204d659d71eb0d5744d9f58ed55134c4e777e50247a936e1507da,1,-0.0,0.0,social_media,1.0,2,fr,1,exorde
aea030ad4f154eacbc48e57754f5ed3df585bcf13fe0c5747345d490b1af43a7,1,-0.0,0.0,news,1.0,2,ru,1,babel_briefings
aea86fb4afaa2fc540f0549dbc68019feac0e07c5a8db84734ee97f2616c362f,1,-0.0,0.0,literature,1.0,2,es,1,spanish_pd_books
aea9c77f6dca8a225d46f16ecd82e53a765fd64f5c630bab2d8210ba10ef4914,1,-0.0,0.0,news,1.0,2,ru,1,babel_briefings
aeaa0db051117aaa9196a1a386ecdeafd2b5d4954e8408ca4e2080ea334704af,1,-0.0,0.0,news,1.0,2,ru,1,babel_briefings
aeb2c8b6fffb8b81029a410be61a72304b1624d7067bdf4d982cd9face5d48a6,1,-0.0,0.0,literature,1.0,2,hi,1,hindi_discourse
aeb55c4c6d2981255b9962201d7a399eb9b4d768104238eab34b930c186f3038,1,-0.0,0.0,social_media,1.0,2,ar,1,exorde
aec3d99886d17fddcbfa28319241dc909251f372e8d5e70b50dadedd39d3cc96,1,-0.0,0.0,blog,1.0,2,en,1,blog_authorship
aed752a0e588cbce577dec5e1846b0177e4a3e8b388003f7af13989f5059e309,1,-0.0,0.0,social_media,1.0,2,ru,1,exorde
aed9002e9726d3ed7338867e13415505d2af2cdee4558596bda06ced670f66da,1,-0.0,0.0,news,1.0,2,ko,1,babel_briefings
aedfdbd9fbafa800e2a7fb8fb9a2a5754a34f1da58b363701b77c8e9e3ecd3f9,1,-0.0,0.0,social_media,1.0,2,hi,1,exorde
aee2a1ae2759ab58ca4d502f8a80d428afa7b1d29f5be0f38ef259470ba4ef8c,1,-0.0,0.0,social_media,1.0,2,ko,1,exorde
aee919c7c7479472c4b84bd03bf8b07c79153197592ae5c56e9e823b27db3913,1,-0.0,0.0,social_media,1.0,2,fr,1,exorde
aeee16e1c46a703c6bab5fea8db479ea87ae282eaa091f1ac169c744faf2fa19,1,-0.0,0.0,social_media,1.0,2,ar,1,exorde
aefde278c90622e2258b0417bc243fdde4e092fc9551f6bd2602212acda59bdd,1,-0.0,0.0,social_media,1.0,2,ar,1,exorde
af0c062af3a1f225e21638a3130ce6003dab9d6da35876b0822b0a82d69aebf5,1,-0.0,0.0,news,1.0,2,ru,1,babel_briefings
af0c58df7a5e6fc63fa848ce92f1eb222bb3fa8cf6670ba94968b32ba28fcb01,1,-0.0,0.0,social_media,1.0,2,ar,1,exorde
af0c6fd47119e3e626ee9ab803ea421844fa7fa97b3fb51b58a5d007595f0b52,1,-0.0,0.0,news,1.0,2,ar,1,babel_briefings
af11a96ae61cd62f1b5341e24a2e94231f3934cea8d2b7cb5be4dc1f58d44259,1,-0.0,0.0,blog,1.0,2,en,1,blog_authorship
af15772f5864a8b7ab1822193e1c0b4dbf3f514814d240ea1b1c6f8a29b63108,1,-0.0,0.0,social_media,1.0,2,ar,1,exorde
af173f5890002cf847622fbb5c08fe52b2406cc3b3b8dade2ebf8a6bf2cc0a84,1,-0.0,0.0,news,1.0,2,ko,1,babel_briefings
af19913fdb379b75ae6f6fe99c05727a63a7150a8dbb5b8b4cde99259d6e44db,1,-0.0,0.0,blog,1.0,2,en,1,blog_authorship
af1d91cdb79caa3c6870a3f28825f235f3b6b9b6480953c6b0bcf8234a87073f,1,-0.0,0.0,social_media,1.0,2,ko,1,exorde
af36386afcb42c79f33db68177fde7755ec0f44ad7065d586d658c42f51e7e22,1,-0.0,0.0,social_media,1.0,2,ar,1,exorde
af36a55c0e2b0a72a09dea834c04ea136c0f9bc518ea4ee0b121b236e1a3ec5c,1,-0.0,0.0,media_reviews,1.0,2,zh,1,douban
af44bfdc8ba130e22d69685286d8d378a7b6358bdd54803f3b3dfe5b3a26d358,1,-0.0,0.0,literature,1.0,2,ru,1,russian_pd
af523d5151d2b798af24d231d304efd2a23075b62859a81a108aba49b44473d7,1,-0.0,0.0,social_media,1.0,2,ar,1,exorde
af544744ab61bc99d4c4535cd8a027718d9b6521ea207f3a22423f4975f01d1d,1,-0.0,0.0,literature,1.0,2,de,1,german_pd
af69a730eb8eee41c13efa4b55e6cbbc04686b2871f542e6aa320a559ce34aa1,1,-0.0,0.0,media_reviews,1.0,2,zh,1,douban
af708f161c1b1aced9a9d2daae0444125940d9c6953df800055b9f36756764f8,1,-0.0,0.0,social_media,1.0,2,ar,1,exorde
af79285ef542f2848013437214725132b3050446f51f329629bb98f2a05ad03e,1,-0.0,0.0,social_media,1.0,2,ar,1,exorde
af8be1e3c05b2defedc78c52a77a714b5599cd61ceafd6dc74d309f0c191affa,1,-0.0,0.0,literature,1.0,2,es,1,spanish_pd_books
afac9862a4dfdea65c94a454b26280b65222ff771fb1266eba7e2682014262b8,1,-0.0,0.0,news,1.0,2,ar,1,babel_briefings
afae74e6823fd65b3c2efbb16d2b159660271e0db4fc7e7acf454ef67c1c96bf,1,-0.0,0.0,media_reviews,1.0,2,zh,1,douban
afc1825af9bfa045c963cd156b719d069d8c4e43ce8457f5e4c3010c9ab1e31e,1,-0.0,0.0,literature,1.0,2,es,1,spanish_pd_books
afc235f32d3173407644d7db789d5261bd46e86a0bd20bc4aedc4603c8629b6b,1,-0.0,0.0,news,1.0,2,de,1,babel_briefings
afd035d7655631cbde258a49bf0f09ae78354575e5740f195a90d1204f5e0aef,1,-0.0,0.0,literature,1.0,2,es,1,spanish_pd_books
afd88a55a357f2db0252288fb39fbda97b3bb4d1431ce53c901f7379f3dcb8cc,1,-0.0,0.0,social_media,1.0,2,ar,1,exorde
afddadcd9aa7b12ba287ebb8a5e62e08243d5cb208385d0326b803460bfd1242,1,-0.0,0.0,literature,1.0,2,es,1,spanish_pd_books
afe1c5c4fb83db2978f8c0a1ce5f1bacee173c14d9ab403a92309beaf1512895,1,-0.0,0.0,social_media,1.0,2,ru,1,exorde
afe5f7d9fd916cbf63c4f4230bc6e3bc671325bd7148dabe03adfb610cebe3ac,1,-0.0,0.0,news,1.0,2,ko,1,babel_briefings
afef202871d9d5d2a54dc7465874df42af547fbfbf047d0a2a17230f3a80d8b8,1,-0.0,0.0,news,1.0,2,ar,1,babel_briefings
aff53157e410cb8a941c880265535d1ef83bd4987952deeb9069990dc75cd476,1,-0.0,0.0,media_reviews,1.0,2,zh,1,douban
b00282c0991fb5d41d91acd1676b7e5b4b28abf63b981022a8934b80a5983085,1,-0.0,0.0,literature,1.0,2,es,1,spanish_pd_books
b003044cd2c7e47db65121641b5959a65ce870290922f0ad7a5bc3d3045c739e,1,-0.0,0.0,social_media,1.0,2,ko,1,exorde
b00b1dcb7731f785c8ac645f9c38ce32eb03b9977d3758db865a4639604d727b,1,-0.0,0.0,social_media,1.0,2,ar,1,exorde
b0164655ad2c53495c8967b926e2d0059293d6cedd3b8aeb5eeac8cfd91c58c8,1,-0.0,0.0,poetry,1.0,2,ar,1,arabic_poetry
b0186d0b962f153d274eb5c03719c85dd8b16411817d960bfe73890412d4c714,1,-0.0,0.0,news,1.0,2,ko,1,babel_briefings
b01d58b3bcfa9db19ef5623cbbc84adf75b2331c9ceac07a272a85e62b108dbf,1,-0.0,0.0,news,1.0,2,ru,1,babel_briefings
b023f37c21f94dfb0fe8d12dfdd9ea1fd1c4bc48f906e94c90a4b3356fea0ca5,1,-0.0,0.0,literature,1.0,2,de,1,german_pd
b02a959ab687726c76df6cfc31be0a4ec9a7e7e6352b5ae47d279a109bbd13f2,1,-0.0,0.0,literature,1.0,2,es,1,spanish_pd_books
b02d438d20faf569394585124d115a25f43b3585b61c2fdc040aaa86e6637a93,1,-0.0,0.0,news,1.0,2,ko,1,babel_briefings
b032041bc69f65de802a8ae3b1bebcc32ba448c71240c3d17e3eacd462bf7c75,1,-0.0,0.0,social_media,1.0,2,ar,1,exorde
b0325ad747c41dc533193ab4c37f51936ef665734e82349a0bee8d570fee7457,1,-0.0,0.0,news,1.0,2,ko,1,babel_briefings
b044d87dd62260ae3dd161c1aea4bad802a9ceeb0bb2ee87f0dd93d029bb2e16,1,-0.0,0.0,social_media,1.0,2,ar,1,exorde
b05434a0aa95ea8e484148efef261e1467e4f1497975c264ecfe0907aaeac10b,1,-0.0,0.0,literature,1.0,2,ru,1,russian_pd
b05734fa5a13f8d191ed1e56e42838a6beaae8561e03cc3d4e5e10e094e6b13a,1,-0.0,0.0,social_media,1.0,2,ko,1,exorde
b05978fb76a35c5157d7b31cc314fda64cf8563323b371c15797d8dc40004cde,1,-0.0,0.0,social_media,1.0,2,ko,1,exorde
b05fa140fb782254f98b9c00953baa336f15d76ffbaa4209cc0f347be1f23e0c,1,-0.0,0.0,news,1.0,2,ko,1,babel_briefings
b069ee448f601521159d4c36034cd62fab222cdabbe941377b3d5665e29d7fb8,1,-0.0,0.0,news,1.0,2,ar,1,babel_briefings
b078becdd8de777a68d40c3a8acef87ca31430a3810b891ba1b2285635e4611b,1,-0.0,0.0,blog,1.0,2,en,1,blog_authorship
b07e8e2ad2843fcce9d52cfae9b071ad5f595e9d932b0c31bec48de1f711dad1,1,-0.0,0.0,blog,1.0,2,en,1,blog_authorship
b083698cabe4a93ae4473f8dc4ad362eb4795bba9e515396d6eaf2b3095f7339,1,-0.0,0.0,literature,1.0,2,hi,1,hindi_discourse
b08a23a41fbec50890fc1eab0e47e8aa560ccf0dc9fceb10150e8c2a68d63151,1,-0.0,0.0,news,1.0,2,zh,1,babel_briefings
b0903d6d0d8332ca3cc04762ef900e796994a960209940e587335068e1a77aa9,1,-0.0,0.0,media_reviews,1.0,2,zh,1,douban
b093c7b4172afe7af5187ab3077eb074a03776513fc79ec1cf4e5138643fa09e,1,-0.0,0.0,social_media,1.0,2,ko,1,exorde
b094727fc162736f31ae75df4915042e0536d77eb050f3b2237f0ff485fd345c,1,-0.0,0.0,news,1.0,2,ru,1,babel_briefings
b09753755c95e1a6d52c9ddf1d5e4bb109176528c73ad652613d4e6c4810a7db,1,-0.0,0.0,literature,1.0,2,es,1,spanish_pd_books
b0979cfa91bbd48df35a08dd2414680c91096c8176056d4286ea670d4f9f87f3,1,-0.0,0.0,literature,1.0,2,es,1,spanish_pd_books
b0a6ec0974cc253e8528819052a63c5014280747d3b91315df8db1cedc5a4cf8,1,-0.0,0.0,news,1.0,2,en,1,babel_briefings
b0acfe1061d47c88921caf45dd6771bc89a33ab3eaaa8257df89a8aede51bde6,1,-0.0,0.0,social_media,1.0,2,ru,1,exorde
b0b4e26753e42bbda28b85adddbb08c954751b2f11f9bb48985b32cfafc76f6a,1,-0.0,0.0,media_reviews,1.0,2,zh,1,douban
b0c9d211e09f4290a68cf2a798977180163f37858a6db9bd1fe5ae3c9cc26339,1,-0.0,0.0,news,1.0,2,ar,1,babel_briefings
b0ca96f800fe3468ef08804348e9a5a4627ce0d9a2a7574ca34523418e82a287,1,-0.0,0.0,literature,1.0,2,es,1,spanish_pd_books
b0cc9610c833af81d1f2d6cb8195c5206272d529e91970a64bbc89b9a22984a2,1,-0.0,0.0,news,1.0,2,ru,1,babel_briefings
b0f08e3d9f9a31abba323d43436fb8f7753c997704b1ab4d7b0ce4c8b891ed79,1,-0.0,0.0,literature,1.0,2,es,1,spanish_pd_books
b102c9b04cef3aa0ebc0f75a746b2f1c3f9c5feeab0ad82b0f5919a59ec34a3c,1,-0.0,0.0,news,1.0,2,zh,1,babel_briefings
b103ddc9c1f649b312a5fe95dd0b3b16afe567ef5d363cf035d7a5c336c5dbb9,1,-0.0,0.0,media_reviews,1.0,2,zh,1,douban
b11c5654b17560817deebbb3b167efa1d720ed863b73b42acd1415cd8c173e6b,1,-0.0,0.0,news,1.0,2,es,1,babel_briefings
b1210cd7562724da6c08d484a6ce1544844c611ee5b212075a785aef114663d6,1,-0.0,0.0,social_media,1.0,2,ar,1,exorde
b12e8c2f579bb5db3a91fe1cf74f4fa4fc6579bc1775137b6c24563dec958c3d,1,-0.0,0.0,blog,1.0,2,en,1,blog_authorship
b130d6580774c844105151567de2833d7410a4d3c1fd8f51e8cb1d4b84a5a0e1,1,-0.0,0.0,news,1.0,2,ru,1,babel_briefings
b131eea046c350b1f64b2470a7532596beabd2c3524f305ad6056bc42deed2c3,1,-0.0,0.0,media_reviews,1.0,2,zh,1,douban
b14244ee363e90938758166619143a00a2133b5c4c2b2e593b755fde5a538573,1,-0.0,0.0,social_media,1.0,2,ru,1,exorde
b1447637dc9db924b69bd9b242594c5e291f41ddf090cd6fc18ba4b5e4305c94,1,-0.0,0.0,media_reviews,1.0,2,zh,1,douban
b149b6742717904ed4710453e3f5b6beb1f00f8ab699aec9e617a842aba3a510,1,-0.0,0.0,social_media,1.0,2,ru,1,exorde
b191a8ff9f6a2d1ccff5f0dbf965eb38b7d5770c378960c19e4c1267e1fa9f13,1,-0.0,0.0,news,1.0,2,fr,1,babel_briefings
b197153b1f13dee77e0dfb1bae6a72e62632d68d8cc16e47423bcd6dfc0256fb,1,-0.0,0.0,media_reviews,1.0,2,zh,1,douban
b1a682adedc0f01bf15e2d48d85407ba5082ae77acba52289b8a29fd393e743d,1,-0.0,0.0,news,1.0,2,zh,1,babel_briefings
b1ba41c59fe424cedea87b85c4f5e5b6da600289b642cfa00609e3726694f5a4,1,-0.0,0.0,media_reviews,1.0,2,zh,1,douban
b1c437e72d6e2b4598e12ebc4c7bb89bd61bfbbf6d7438fc3a84b085513f0c69,1,-0.0,0.0,news,1.0,2,ko,1,babel_briefings
b1ce6cee82b6c16382230a792d13bcc1379aadaf1e5e824ac53156b1e544288c,1,-0.0,0.0,blog,1.0,2,en,1,blog_authorship
b1d76b97a61fe4a7ef55b88bcf2efc57a6d5e5c6a784889e0f7b1855888b9505,1,-0.0,0.0,social_media,1.0,2,ar,1,exorde
b1e9bebdd2b619b399cc7b687c494f1a51cd0d1a4c7052a43df98de73fbe84c7,1,-0.0,0.0,literature,1.0,2,ru,1,russian_pd
b1eefd3fa74f215d41f53aa783f86697d2c607f8a68042dd0f9bfd6e4b7e4cd2,1,-0.0,0.0,news,1.0,2,ko,1,babel_briefings
b1f02b129e4e0d8cc12358580c607f0ae89ba24f850f3200b9388cde63e5bae0,1,-0.0,0.0,literature,1.0,2,ru,1,russian_pd
b1f8f9b7e9ff614770b9f833e0c6a7554a90314c0c22809b8ffa67dd4e6b9a1b,1,-0.0,0.0,literature,1.0,2,ru,1,russian_pd
b206010820f9c44451faae28bc2772387532c480c7ded9fb4a22b421919f72b4,1,-0.0,0.0,news,1.0,2,zh,1,babel_briefings
b20b224210a7c828bba40fe4a094ed4c5a7e45d7bf6665c029e0b247b160b621,1,-0.0,0.0,social_media,1.0,2,ar,1,exorde
b20cd7973e6397abbbcf4bf7c4709210ddfbfbad234a2a5c0b7be280193db726,1,-0.0,0.0,news,1.0,2,ar,1,babel_briefings
b20ecc8929645b066e1eb13a145d3bbda27c9f4f0b4721d55a2a707ceaad194d,1,-0.0,0.0,social_media,1.0,2,ko,1,exorde
b2178b87d5f9daf2b541750d5fa3642661f5a71442ceb58ae17b22db42dcb342,1,-0.0,0.0,literature,1.0,2,es,1,spanish_pd_books
b21a2b32d6230df2b31f600b1ef41debd07e25c010b9efdbd4940d3604a7ce92,1,-0.0,0.0,literature,1.0,2,ru,1,russian_pd
b21d46ef0ce94c3dd4fa693bd66f78d7aacd51733be67b2b3e2708e62d1ced41,1,-0.0,0.0,news,1.0,2,ru,1,babel_briefings
b2254bd6c0e5331d1b1578acb6b53664b71019957ea9f541321a5d6c8f83663b,1,-0.0,0.0,social_media,1.0,2,ko,1,exorde
b232649f31f88ef63d4eed5efdde8586566de274a7aa6a410018aa3d47631520,1,-0.0,0.0,literature,1.0,2,es,1,spanish_pd_books
b24edae46fc7c788294a3eab0bda9e09a54d78a324776be9d89647641ea9f31c,1,-0.0,0.0,literature,1.0,2,es,1,spanish_pd_books
b25a0079b6a1210a874434ef2a7280a015c718ec895af29c04010eaf994e4b2f,1,-0.0,0.0,social_media,1.0,2,ko,1,exorde
b25e11f1ab4bd757e5912526329fa692b2db0329ff4d2f4ab92de9c3d0329c20,1,-0.0,0.0,poetry,1.0,2,ar,1,arabic_poetry
b261490964e4eb328a899b010b85e472034b4c8acf3c87051a40f9828a629209,1,-0.0,0.0,media_reviews,1.0,2,zh,1,douban
b2701a5ec7688133bec2dfa7cd0a02ae60f93f5c848ea28ae25aa5e841780f98,1,-0.0,0.0,news,1.0,2,ko,1,babel_briefings
b277f4d8e1fcfdbe4776181af411411ba9910b1fa277c58dcf110c367d313493,1,-0.0,0.0,news,1.0,2,ko,1,babel_briefings
b2785d5146e1ad5000a94641d338a553b9b2326ac1872c8878ac058721df9f42,1,-0.0,0.0,media_reviews,1.0,2,zh,1,douban
b27bc7825cc972117125295e204873a5675c9ffa8e1553a77d180323f42d9607,1,-0.0,0.0,social_media,1.0,2,ru,1,exorde
b2817ea609a3ab10c0a7f8942d5a66448af4a8799b7f0b0f03302969458088c3,1,-0.0,0.0,news,1.0,2,en,1,babel_briefings
b2908a6ab585e92146efd6890e52e49d17f6b78900bcf985612cb9ce8dcd929d,1,-0.0,0.0,social_media,1.0,2,ar,1,exorde
b2ac67772eb7631b6f66dc786d699db6529a09dccf1dac74afee953915bd2fc3,1,-0.0,0.0,news,1.0,2,ko,1,babel_briefings
b2b5ac1c830e374e46ed93f7de9d79cd9f608f6dd84ae4872dcb7842260d6882,1,-0.0,0.0,social_media,1.0,2,ar,1,exorde
b2b695a7170bac6c0a09f10c9e2ef19611b5e3db58642529ac62a12e3ced4239,1,-0.0,0.0,news,1.0,2,zh,1,babel_briefings
b2b7b462a58ae3ba256561a67e55ac4e5ab716daa05a1d2d948a09a32d56e42b,1,-0.0,0.0,literature,1.0,2,de,1,german_pd
b2c734d0e53df0bc318f5efe2c134a345043cfa73427f099b44955c950fce14d,1,-0.0,0.0,media_reviews,1.0,2,zh,1,douban
b2e01c4b346e02904b572e47a1a18609f1666fca45dc02940a7659091ba4b2e8,1,-0.0,0.0,news,1.0,2,zh,1,babel_briefings
b2e3f7c988aa45248050a9f408bb5094c84cd8b3851cd6ee66729aac771fd348,1,-0.0,0.0,social_media,1.0,2,ar,1,exorde
b2e6839453b4800fc99ed165b1ebb3747111e7aa17ec73621a045d61600bce45,1,-0.0,0.0,social_media,1.0,2,hi,1,exorde
b2ebf5e4d98a5f55745302347a951d7f0f77f378d164f0945e6c3ce54c57aac9,1,-0.0,0.0,social_media,1.0,2,ar,1,exorde
b2f1446fab5796036de0a029ac92333c27d5effc2bbbe4fe61eb6793e1a6768e,1,-0.0,0.0,poetry,1.0,2,ar,1,arabic_poetry
b2fb2bf5df0269ff5712ed91184018d28da0b11b57f08b0beff7f28556a45295,1,-0.0,0.0,social_media,1.0,2,ru,1,exorde
b30fa89608f1868cabd0781275f4c858e4ba9469a05833e982417c74c073d524,1,-0.0,0.0,media_reviews,1.0,2,zh,1,douban
b313555c3512570668ef9790852aafc94d446a75bed31b3d00521a874abe1073,1,-0.0,0.0,news,1.0,2,ko,1,babel_briefings
b3167f2a7bdea61092af029f4fac22c54f82f81e75c7bea6db8e0dfe6bd6e39a,1,-0.0,0.0,news,1.0,2,ko,1,babel_briefings
b318531b2772a6a18c317d6f0baf147f6285f1e8161556feaaa8bf2d6f46f849,1,-0.0,0.0,news,1.0,2,en,1,babel_briefings
b31ed63c14abc4c88d977a0dc8dd24e9d744e6221b1cca2e47f6f196e8ca0def,1,-0.0,0.0,media_reviews,1.0,2,zh,1,douban
b326646254fe613dba2be7af7dd3eb4a61ed0a72a5d583fa16a143230b2b9d5a,1,-0.0,0.0,literature,1.0,2,fr,1,french_pd_books
b33cea71d806458db04df26b4b4dfddcefe8a75cf68e5e09306cfeb5e06c1760,1,-0.0,0.0,news,1.0,2,fr,1,babel_briefings
b3403a0662e02e4ad25166bf0cec69f24e238dac383a09e5f1a7a93f59790d0d,1,-0.0,0.0,poetry,1.0,2,ar,1,arabic_poetry
b341ef821a635be3a57a08525135a02f5aa26b4c3b7818a2e0833d81cd3d42ac,1,-0.0,0.0,media_reviews,1.0,2,zh,1,douban
b34461e189c0059c7931b214524ae2321b7c362415b0a77228abf78ad025c62b,1,-0.0,0.0,blog,1.0,2,en,1,blog_authorship
b3459af108adedcd29f0f0a49e510eda4824c53a1dbf9f3c57a4c963c304b91e,1,-0.0,0.0,news,1.0,2,ar,1,babel_briefings
b3503a3479df08bfc1c84b1052beb71999be44514309b8875cfd2a31e2e25919,1,-0.0,0.0,news,1.0,2,ar,1,babel_briefings
b356c217588aea551b8e2694ca5c77e300f55e679d79f25e0f21276255190301,1,-0.0,0.0,media_reviews,1.0,2,zh,1,douban
b357fc95c003a46583ce46ace5027b58950008115833dfc1e62a10525a269ef3,1,-0.0,0.0,social_media,1.0,2,hi,1,exorde
b35df6bafe1bff001259dadc6155551e74d8ba03c98d8530f826511b9febcfc8,1,-0.0,0.0,media_reviews,1.0,2,zh,1,douban
b36d193a847e701d3af7e37efd3a3a0fa51a327a6f724d76e4bb70219a89756b,1,-0.0,0.0,poetry,1.0,2,ar,1,arabic_poetry
b37002b0f6cb7f35bdb1644452077f2b4d706d53cfb9e78b9bd6feeede9c06d7,1,-0.0,0.0,social_media,1.0,2,ar,1,exorde
b377d6ba86d24d5566d1f8847f86e1fcc7928fb48e58fdf060a6e24afbfff5b2,1,-0.0,0.0,social_media,1.0,2,zh,1,xiaohongshu
b384ac5fd71ebf98ababcb646aa1cd515fa98a56dc01ac441ba8f030888bbb76,1,-0.0,0.0,social_media,1.0,2,ar,1,exorde
b388643014e9979475f1eebe13e1e8d1c711393d69ea116250ddb3553b922300,1,-0.0,0.0,social_media,1.0,2,ko,1,exorde
b38edcc79dc08b156e6bc839e8233daff4229f5cfdf00895b0f5196937c7364e,1,-0.0,0.0,poetry,1.0,2,ar,1,arabic_poetry
b3975202997e0869a36a2d4c7709f8067e9194aa6d45277736e52bae232656c9,1,-0.0,0.0,media_reviews,1.0,2,zh,1,douban
b3ae47a47b279bc3707ca676051ff76a6e14d6986abd839ebc7e2f80f0883fcb,1,-0.0,0.0,news,1.0,2,ko,1,babel_briefings
b3b600935e634a806777c20458a149fc0a5e8d5a9671389a341cb3b14965f1f6,1,-0.0,0.0,media_reviews,1.0,2,zh,1,douban
b3b78aecebb86119d199950a0916b2cda40325d90c2ff8bffd73f47f47cc26dd,1,-0.0,0.0,news,1.0,2,ja,1,babel_briefings
b3c1e3efe36dbbbcd8249c8f7fa7ef66d7d50d5b1f21a2a3f6c89103e96cdcb0,1,-0.0,0.0,news,1.0,2,ja,1,babel_briefings
b3c4f2f0cf44a081a191d89916b06dad243f2e93e2bfbca60bca97eec38d1bd2,1,-0.0,0.0,social_media,1.0,2,ar,1,exorde
b3d6fbc63ad8b2f86e5d1ea88d7b670acb6d49bf9560305637983623b1edc3a9,1,-0.0,0.0,news,1.0,2,zh,1,babel_briefings
b3da7a34808aca55fc62425823fb2be140a772a795c41672e4ac18a12f87690c,1,-0.0,0.0,news,1.0,2,ru,1,babel_briefings
b3de995749eb86b836a545778240cc3873367b639cca94c6ec783e0a773c8017,1,-0.0,0.0,social_media,1.0,2,hi,1,exorde
b3e19f2bcaf30154e81b29585f9a69e5b8c40dd329e7104ea993af6c4e177919,1,-0.0,0.0,news,1.0,2,zh,1,babel_briefings
b3e2ac4874187bf8ad0ba5cdd976bc8395e87bc505b42824ee57013fe9fd7876,1,-0.0,0.0,media_reviews,1.0,2,zh,1,douban
b3f1802fef7120b56f6ebb1ad690131d1e50f335e315ed7081768b79e4f48541,1,-0.0,0.0,news,1.0,2,en,1,babel_briefings
b4025e39415cc465547f8c8d0eb69cfbaaf27e9d057f27c716d75a2cbf83cc46,1,-0.0,0.0,social_media,1.0,2,fr,1,exorde
b40af7d8d472fa54b677fa21f6658df7bdd2fb571afcaca70a2d890de57f9813,1,-0.0,0.0,social_media,1.0,2,hi,1,exorde
b417b9253fb1dc5f1813e779cd69790e50b1619ee664ed152d01fd7b6ddc0309,1,-0.0,0.0,news,1.0,2,ar,1,babel_briefings
b417de29d2825abfc0da9b5e3510c0ad53d7f6d2055504fb1416abc4547c3233,1,-0.0,0.0,social_media,1.0,2,ko,1,exorde
b42ecff5dcb218017ee3681ac295f0f40b82c09e7bc039801c49a6ccdf513bce,1,-0.0,0.0,social_media,1.0,2,ko,1,exorde
b431d01cd498f6e3924fbf4ca007912b4a87a3d93ce819806e0889b5ede85b35,1,-0.0,0.0,literature,1.0,2,es,1,spanish_pd_books
b439634f5445c44685fe62fc165419fcf3ae974e86413815dbf8201ab8d3e284,1,-0.0,0.0,news,1.0,2,ar,1,babel_briefings
b449f343230ce2b81d30a18377ceb1583936d04033c557977dd6335c6a99700c,1,-0.0,0.0,social_media,1.0,2,ar,1,exorde
b46e8a9c59f1ce74fbc404d6ac2a1bc7855e935aa8e318d1fea2d3fa08768ec9,1,-0.0,0.0,news,1.0,2,ko,1,babel_briefings
b47e2ef621f3d8e2ed6eb780a220bd76bc383e302822c769661d234acf86ec99,1,-0.0,0.0,social_media,1.0,2,ru,1,exorde
b480d323e42a13c9dbb57ef2b46ab0c3f819273af46ecd123a5814773a15f901,1,-0.0,0.0,poetry,1.0,2,ar,1,arabic_poetry
b49020b3aaf2894b1fc7eaec1def53e9939f98fea19f90820d121eb38e4f15ea,1,-0.0,0.0,social_media,1.0,2,fr,1,exorde
b49246d9690066ea3198f5d6a0f4dde94b46477839261992d4836ec224bbd6bc,1,-0.0,0.0,literature,1.0,2,de,1,german_pd
b4a276421271764be894e548dc0e89b8a299067891fc8fa7c5d0ef7505cc83dd,1,-0.0,0.0,poetry,1.0,2,ar,1,arabic_poetry
b4a4d6a0334ed3faf8518a84d9e67479822cb62149350fbf1a993c796b3824f4,1,-0.0,0.0,literature,1.0,2,es,1,spanish_pd_books
b4b370d73505df928982540b4f64d81986761ac9e12c530b6df0b39edd6acc00,1,-0.0,0.0,news,1.0,2,ko,1,babel_briefings
b4b5b73099c61fa643fcb7e95fdeb86e1ac7f630c9f01b5ddc93cb3b08e86d06,1,-0.0,0.0,news,1.0,2,ja,1,babel_briefings
b4c5645a93b3006284ae09f40349f56f14607ef2a4a950b238cbd92d1e4b1756,1,-0.0,0.0,literature,1.0,2,fr,1,french_pd_books
b4c8e22328b49a323fc9aa28f223f2edbd953c91f0040b352b06651aef2e8372,1,-0.0,0.0,literature,1.0,2,de,1,german_pd
b4c9c9e9515c49c32d69af26799931b91a232c45083e0e38eac261b2f4c6ca99,1,-0.0,0.0,news,1.0,2,ko,1,babel_briefings
b4cc4fbffd214631fbd899acc91a3483e8349296c589bc369fe5a7f76651ad8a,1,-0.0,0.0,social_media,1.0,2,ar,1,exorde
b4d08597fd3be55b958599170c510ac0eb8fdf9eb04fbc53a197979d7c769f3b,1,-0.0,0.0,literature,1.0,2,ru,1,russian_pd
b4d155b120347a44d240a42f03b9e1624c7b3a4c71270f7ef154688e0fad17ec,1,-0.0,0.0,literature,1.0,2,es,1,spanish_pd_books
b4d984d80b2741253fe9b4e73e9620b0afccebc9196f937e61116ff522f4d867,1,-0.0,0.0,news,1.0,2,ko,1,babel_briefings
b4da448d957e2eca562b39fba6f04951c93db35cc26c97a10e511afd3f27f60c,1,-0.0,0.0,literature,1.0,2,es,1,spanish_pd_books
b4e22518f3b71b444ddb49b582d8da7c5726ddb7eb1fd1a9dc7aafd52b5cfcb2,1,-0.0,0.0,literature,1.0,2,de,1,german_pd
b4e3e5608fe5ee3faa6b3cf841c8ede76a8608f4a3b25b05b750c957d749a8b0,1,-0.0,0.0,social_media,1.0,2,ru,1,exorde
b4eaa078080309351a9268aec7b7a9a6b5f3f2276ce7e62a7327f08c4a2ecfa8,1,-0.0,0.0,literature,1.0,2,ru,1,russian_pd
b4ed850b191e205e8a917f6d0c07cbe22376591b1f2c8f77d3e0f387d177ea50,1,-0.0,0.0,social_media,1.0,2,ar,1,exorde
b4f1aa53ef51ea6a7f0bed8d72a08dbde1ee77ea54a7c9fa102bc6a50266c6a1,1,-0.0,0.0,media_reviews,1.0,2,zh,1,douban
b4f7e0fca5d9139e9dc03c0cc50c48050ec586f72dfc9040c4ad257e984f0e75,1,-0.0,0.0,social_media,1.0,2,ar,1,exorde
b4fc64914c57adf63180bff9b0462c18129514a62232b1741f34a06fc11701f3,1,-0.0,0.0,literature,1.0,2,fr,1,project_gutenberg
b507b9cbf57d6d553dc4aec319d5ee9cb64e66e61caf036f2534baa1e2b22332,1,-0.0,0.0,literature,1.0,2,ru,1,russian_pd
b50e780969d330dc098b74f6a87e34a71e227ffc31898a1717a39bf02161bf11,1,-0.0,0.0,social_media,1.0,2,hi,1,exorde
b536cc8f03539e0b232c07dd5c9af583bab43c3e595676f25f1ffdc9b71c9ef3,1,-0.0,0.0,social_media,1.0,2,ko,1,exorde
b540c9824e098f3a7f9661b92c761be711a65e4c3079ecd256b7fc6386b67d7b,1,-0.0,0.0,news,1.0,2,ko,1,babel_briefings
b562363de16e337d348f9a0d0279dc82f562225dc351540c0ac3e21685b5150d,1,-0.0,0.0,news,1.0,2,ar,1,babel_briefings
b56782df1d463775f475d0110ac4ec028828c631947a9b96dbb639404372aa2b,1,-0.0,0.0,news,1.0,2,en,1,babel_briefings
b574f8bd67fdd341f7ddb293e1f7afbb2958619a94f9d185749c65bf680fe89b,1,-0.0,0.0,literature,1.0,2,ru,1,russian_pd
b57e9cdd8f4af8bbc4307a1d1e57ce557b92f8cacb057256317e09e1e2cf2ecf,1,-0.0,0.0,news,1.0,2,ar,1,babel_briefings
b589c54ea93d297651360596562a5992aea41d163fceac54d3940d5f8875ce5b,1,-0.0,0.0,news,1.0,2,ar,1,babel_briefings
b58c2bd1825f2d53f2be583e5ae7d681dcb7cf74da58cd3ff5c883fbbee1b5b1,1,-0.0,0.0,news,1.0,2,ru,1,babel_briefings
b58e0ee2cc2f034d3c13c1a0c4216fd4122a8bf82f7a62772d4c17d5d9444231,1,-0.0,0.0,social_media,1.0,2,ko,1,exorde
b591f29589d4d4d83e22395201a0f5cbaf1be2a8f461fb54d8da975768caf972,1,-0.0,0.0,news,1.0,2,ja,2,babel_briefings
b599d6a643c46ee0a973580c09cbf106867d38762bd2f0d016c433dda57d9f4d,1,-0.0,0.0,news,1.0,2,ar,1,babel_briefings
b5d1fd884e85a63d61237d1df8ee4fd574b26e20ad8166946577534c856219af,1,-0.0,0.0,media_reviews,1.0,2,zh,1,douban
b5f23866c2dbbecfbab37669c177eb2d85196539b7cfa3d05d8ca173389f74ad,1,-0.0,0.0,news,1.0,2,ru,1,babel_briefings
b5f7ed1e480c1819a38142ee7a49c593dab93abeaac5a3f1207bca0791054d1a,1,-0.0,0.0,blog,1.0,2,en,1,blog_authorship
b5f7ef84c72310b464e145aa4e928fac6053691f504ea52190b514c80d65a64c,1,-0.0,0.0,news,1.0,2,ko,1,babel_briefings
b60b0fbffc715079b76cbe7904f91e266bdc8f09c0432358722707a18a6a4cc9,1,-0.0,0.0,social_media,1.0,2,ko,1,exorde
b6118faa0ed9de3a4070109b21347159a2466b3767426d1fda2ce99f41bde4b8,1,-0.0,0.0,social_media,1.0,2,ru,1,exorde
b61f8fb2cfed10693c74879b1e6e4b7cafeffbf75390f070472d77395388ec9a,1,-0.0,0.0,news,1.0,2,ar,1,babel_briefings
b62a9ea68f5a6a7ac0f57bf2e9b09173fb79df209e699fd74447b1255b310d33,1,-0.0,0.0,social_media,1.0,2,ko,1,exorde
b62cff99ba26891fa3f1609841203289d603fe711e9bcfb78f17d81680b8e6bc,1,-0.0,0.0,news,1.0,2,ru,1,babel_briefings
b63a458b54b9667bee889eafc3b9237d86cfeee9d001e9fd94a139946e02aff7,1,-0.0,0.0,news,1.0,2,ar,1,babel_briefings
b63c2c460e35a2320d1fb52b23ae486739e813119cbb35ede395b4a1cb9403ee,1,-0.0,0.0,media_reviews,1.0,2,zh,1,douban
b6511a4d6aeb068fde5f823ccce2862f5a23f5b9312d1870f7a903ea5238a0e0,1,-0.0,0.0,literature,1.0,2,hi,1,hindi_discourse
b66fb24a46adacc642c2f0b7957eae81fd5f964db5b3051e22ba6e5c348c5a47,1,-0.0,0.0,news,1.0,2,es,1,babel_briefings
b67205a294580994d10021c14abd28e0ae95045983f0c671762c4e053b6f6f7c,1,-0.0,0.0,news,1.0,2,es,1,babel_briefings
b67a00cfb41907c43571708dd8fbb556255a5dc3945473b54b591d291561867b,1,-0.0,0.0,social_media,1.0,2,hi,1,exorde
b68fe31c199ee088d4305ddd40a43101ed24bd33d3eae4f0df18c0d4d3985080,1,-0.0,0.0,news,1.0,2,ar,1,babel_briefings
b69aa686b3a92fc6d08621c954c778398d739965cd7870e32fa5146985d3df3f,1,-0.0,0.0,blog,1.0,2,en,1,blog_authorship
b6aed5ba835a2d1c1faeb0baa8ec95837afadf46d9e0bf3ac42798deb7487021,1,-0.0,0.0,news,1.0,2,zh,1,babel_briefings
b6b1cc80dca39b07031bc445253bf5b65904629568d76b00fc73bddecaffc5fa,1,-0.0,0.0,media_reviews,1.0,2,zh,1,douban
b6b3382d6e34001f770bf0d67af83e52769255906842005bec0ae1a60277947f,1,-0.0,0.0,literature,1.0,2,ru,1,russian_pd
b6b36e78b5444871a6621468935911ef6bf73485de1bb14db53caa14e2829e0b,1,-0.0,0.0,blog,1.0,2,en,1,blog_authorship
b6bfede01c49651dcb55416f1e33960e93bc28c8b0c61b739b394c40724688da,1,-0.0,0.0,social_media,1.0,2,ar,1,exorde
b6c1f5c434a1214b03912ee9119efc3b45d84216e00dd982f4a029117abb5575,1,-0.0,0.0,media_reviews,1.0,2,zh,1,douban
b6e28c4be13195e2d283783aaa595d3e63769a39aac450ab0debe546b74787d4,1,-0.0,0.0,social_media,1.0,2,ar,1,exorde
b701e257772f3f553e30473645166b8e1294b8bf4dc918df9b646057a986866a,1,-0.0,0.0,literature,1.0,2,es,1,spanish_pd_books
b7024a5b73e6bd27f606a2050b7dd527b0d0a7ac3a71ac1781ab86726e5c9950,1,-0.0,0.0,literature,1.0,2,ru,1,russian_pd
b70cc69ef413556354854f4c87abb96bfa17eab05a5e888e74b36c75a9f10cec,1,-0.0,0.0,news,1.0,2,zh,1,babel_briefings
b70f3d7cb3c69e6203ae1089126670a9f8dc51c1e9ffdd0a433ecdacfb4a3bf3,1,-0.0,0.0,blog,1.0,2,en,1,blog_authorship
b719a4fdda4f97a922454657c54345c88e8400922dc9ce19592a43cad9867166,1,-0.0,0.0,social_media,1.0,2,hi,1,exorde
b72782359f115742f147607fa1bc3b96e7a0f882efd4c3b6cf4b3e344e5c564c,1,-0.0,0.0,poetry,1.0,2,ar,1,arabic_poetry
b72a708827e9d92e6a2c460ebf0583dd9e231fba5913f274fa5a1e808e56bee9,1,-0.0,0.0,social_media,1.0,2,ar,1,exorde
b730c45cdbcf9d922a9a73a80ce7d8e436d369e6ce576556c9774101b0120cf7,1,-0.0,0.0,social_media,1.0,2,hi,1,exorde
b7375f603aff0fd555d9d28a7b7f5fc626bcdc86564d89346b84e877488ed083,1,-0.0,0.0,media_reviews,1.0,2,zh,1,douban
b75140ef6f96ac6facfc0da97fca61bee744e6dc0cc5b2483246fefb2afd5f19,1,-0.0,0.0,literature,1.0,2,es,1,spanish_pd_books
b7660c7b999efcda9cd0a109a37318de0f48c8ef711262c1ee54b90fe2ea485d,1,-0.0,0.0,blog,1.0,2,en,1,blog_authorship
b776ef3df1fa3c901a9acdfa715211d83b42d692c7d178c0741fdc134203f3ad,1,-0.0,0.0,literature,1.0,2,ru,1,russian_pd
b77b63e7e8d831182de5e3194831b22e50e0f3fe6acfead62b54681ca6ff38a2,1,-0.0,0.0,literature,1.0,2,es,1,spanish_pd_books
b77d791bddba061b8f22f4a5f793622ea9ca90d356dedd70a490538f9fddcc10,1,-0.0,0.0,social_media,1.0,2,ar,1,exorde
b786d4add0ef6265906c190a54e4feffec68166d3af5bbc01bd13eee269eaff2,1,-0.0,0.0,poetry,1.0,2,ar,1,arabic_poetry
b7895234f506aefd97114fdc83c9799844952ed2aca2ef30dc4ce9b9ce9ab5f7,1,-0.0,0.0,social_media,1.0,2,hi,1,exorde
b78a08219d818e20c2462c80f484dca1202a4dc7166cd5910b6256a22b4b806e,1,-0.0,0.0,social_media,1.0,2,ar,1,exorde
b78a7bbcc50788cce1dfe34d49b955f7e0627b39ef470ef310414436c6523f72,1,-0.0,0.0,media_reviews,1.0,2,zh,1,douban
b7a3d91111459d1f31fe50d952ca4a08aa389c5a98ca4a24f1b9f1e5adf6bcbd,1,-0.0,0.0,literature,1.0,2,fr,1,french_pd_books
b7aefab98be66ae225609a6fc7b830b86b4a76571c92aaa72520dd7204ab78fc,1,-0.0,0.0,literature,1.0,2,es,1,spanish_pd_books
b7ba479c6db08c49be4d3cd4275e4e9df99d6abb898e9cc23a63cbf0d3e99ed6,1,-0.0,0.0,literature,1.0,2,fr,1,french_pd_books
b7bc20c222bb3c41d8606c6b46ff022a31ae2bb43d3d65fc3c7ee8c3e27391b8,1,-0.0,0.0,literature,1.0,2,zh,1,wikisource
b7bc66150fc3eca9a7df5cd8ea81c5e7fff8e4d5769550afda8e9208d740ac81,1,-0.0,0.0,ecommerce_reviews,1.0,2,en,1,amazon_multi
b7c1e25dff3b41abebb8e728dfb3128d4eb270cb07325e8504f84d72c08edf85,1,-0.0,0.0,news,1.0,2,ko,1,babel_briefings
b7d6004ced0cfca25ee8fa937a5731feab9ddd4662a8251ac65fd22b54f4c6ec,1,-0.0,0.0,blog,1.0,2,en,1,blog_authorship
b7d6ab29881ccb034b006e67dd2d63033f6c10748d30d57e883a16028048cf4b,1,-0.0,0.0,news,1.0,2,en,1,babel_briefings
b7df6e178969a5738f51a625a846817f36c420d09b6e241f07d5839cdea0f14b,1,-0.0,0.0,news,1.0,2,ja,1,babel_briefings
b7e09b152d0dea38d63bb3abe33ebe1c73deaf26f778397cc8a96eb0fb2ef496,1,-0.0,0.0,literature,1.0,2,ru,1,russian_pd
b7e433afc5f4b3b76e4b903d53d527d8c93f63471ee72151a85009a10bb922ed,1,-0.0,0.0,literature,1.0,2,ar,1,wikisource
b7f7b83af8a386353e2c6121679b90e0df54327d11936286077bc72eb861ec45,1,-0.0,0.0,social_media,1.0,2,ar,1,exorde
b7f929cb5c2db3075161cd4e68d0141f25c1c8baf2036239af6203b7f484681a,1,-0.0,0.0,media_reviews,1.0,2,zh,1,douban
b7ff5d2cd707b90c9847f594f838001a2fcd85e170bf3c60c22640e2ae99adfe,1,-0.0,0.0,social_media,1.0,2,ar,1,exorde
b801817e399d75f4cc794de2770b4bd6019d0e78b0ac90a9bdb4a3333da29e34,1,-0.0,0.0,social_media,1.0,2,ru,1,exorde
b80492e38feccdd6caa7a909c0daf4546b496082e1a0b7abc90e3665bef43d4d,1,-0.0,0.0,literature,1.0,2,ru,1,russian_pd
b825992d95a84b424ad7fae56d05c85bd645f2a3112dcb4932683b4bdbab4782,1,-0.0,0.0,news,1.0,2,es,1,babel_briefings
b825b374416899733c8bbffdb824d05dcabaa77f866a2f2450b7c046b0ab7ee1,1,-0.0,0.0,news,1.0,2,zh,1,babel_briefings
b82b99d42b7e355ff49f4889e4aedabc1f344af99e4479349e0209d343f9812a,1,-0.0,0.0,poetry,1.0,2,ar,1,arabic_poetry
b835c49ea43fbefe5540ef4bff19850278b662c8ded1105e9967e4b14f6371f1,1,-0.0,0.0,news,1.0,2,fr,1,babel_briefings
b837b80c42710200c024e678ad593afcf0cdd8e0f2f1235d607746ecd8a6f08b,1,-0.0,0.0,news,1.0,2,ko,1,babel_briefings
b8403982760e37f4d99cfd44946a4b8447507ce914e1464c6402cc8e81779dd4,1,-0.0,0.0,news,1.0,2,en,1,babel_briefings
b849a8ded1573baaa7f7f3de05780db3697fd535ae4f4e98508daab196f4a862,1,-0.0,0.0,literature,1.0,2,es,1,spanish_pd_books
b84c70bad493b8c0338dbeae275c4945d8a090bab798f99840f24a727fa8f161,1,-0.0,0.0,media_reviews,1.0,2,zh,1,douban
b86ec8975493a2d2126e673240ea72e325fae974789f9bd0a7c11859f975b369,1,-0.0,0.0,literature,1.0,2,fr,1,french_pd_books
b88473b3429538c29a2fb119a4add965c40725dc0a3f6a6e855777265516cba0,1,-0.0,0.0,news,1.0,2,ru,1,babel_briefings
b884870c6ce523c30dd39b92235a33d95f109279ca68a4c15dcc732f6f846290,1,-0.0,0.0,literature,1.0,2,de,1,german_pd
b88561d6f04073eec5d15b2e0a3d657ed4ae61aaf9bfb49484e4ab4af578547c,1,-0.0,0.0,news,1.0,2,de,1,babel_briefings
b88acfedbbfed5557cc66ae0eef5e27f65ca8bad42c9aae56a419d790191a91e,1,-0.0,0.0,news,1.0,2,fr,1,babel_briefings
b8b31eb284d829024da0b045ef9756d4ac7f29e8b7795d2a51a45f8923296ff8,1,-0.0,0.0,social_media,1.0,2,ar,1,exorde
b8bbceb875ac6ef87ec786431a0b80f8474f4e71b5a755435e58101c562773d2,1,-0.0,0.0,poetry,1.0,2,ar,1,arabic_poetry
b8d5de7fe909ee7d8299bbc8b6d344ffbce5a0171d3463d7d8fa75f1ae5773bf,1,-0.0,0.0,news,1.0,2,ar,1,babel_briefings
b8da8a4f5058a332e24a31c2aab74fbb2a69d711e7af5589818f5c644a72c13a,1,-0.0,0.0,news,1.0,2,fr,1,babel_briefings
b8db2a71260ec72f6fcf0873b0cd881c4dea9f31081104b5bf646fc30580b683,1,-0.0,0.0,poetry,1.0,2,ar,1,arabic_poetry
b8eefa69f4c4026d10d0b2b09942ea024c7578c443fceabd495e0fdee740fe99,1,-0.0,0.0,social_media,1.0,2,es,1,exorde
b8fad0b6e978b9d50e3ddc1efbbe457785354ec67241ba845e9559e6e36dbd0d,1,-0.0,0.0,social_media,1.0,2,de,1,exorde
b8fcbf51f47bbc024c40bc439a4a079bc0b4b70ad7e7938c709eb5c60c4a08cc,1,-0.0,0.0,literature,1.0,2,es,1,spanish_pd_books
b8fdb4329b26aff3da525d0a23eb4b49ac1455ab27c94a18852f4b4620bb7989,1,-0.0,0.0,social_media,1.0,2,ko,1,exorde
b9025f6621dff7450ab0817dfc9a8ffb22d4961bec75f1035b5504ded3599889,1,-0.0,0.0,media_reviews,1.0,2,zh,1,douban
b938ba325f1f2bdae3e54a7dae5168fbd6377a61e37cb6f23b51f7dcb9e48a64,1,-0.0,0.0,literature,1.0,2,es,1,spanish_pd_books
b93ba373f3adbef6aec459158c438fadb2ea5e00a52821c24131521739dd5573,1,-0.0,0.0,news,1.0,2,ko,1,babel_briefings
b942c6a6200a48d21f22f6779aeaeee9186562704afb0b4aaf8f0bbc9aab02c4,1,-0.0,0.0,literature,1.0,2,fr,1,french_pd_books
b94d6fbb203582788f2656b67e4af514a4c7323e5b2a598b8c463ac9e6cbd8e2,1,-0.0,0.0,literature,1.0,2,ru,1,russian_pd
b94fe2582407611b6d9fcb89415639eb11533d23fd823657fac5c1d47a7033a4,1,-0.0,0.0,social_media,1.0,2,ar,1,exorde
b9500c2848b64c2db5d2a37a1845d8ea9a5794d861e5bd9e8154d17750206d7d,1,-0.0,0.0,social_media,1.0,2,fr,1,exorde
b958b793e29334e7d8a2f11750cc53e3e00174093da764f8c7ebd2b1aa0a3766,1,-0.0,0.0,social_media,1.0,2,zh,1,xiaohongshu
b963801b31323041f162fbe8365eb1ca12677e60ae25e3e2f0f6d64db3754490,1,-0.0,0.0,social_media,1.0,2,ko,1,exorde
b967452bedda98048b888e6c9ade940495500f32e7aa1184b1d7f78588cab336,1,-0.0,0.0,social_media,1.0,2,ko,1,exorde
b96ac8dd84f6ccf86cb21756f83bc35ce604bf390f2d1663f02701b14aaf9e03,1,-0.0,0.0,literature,1.0,2,es,1,spanish_pd_books
b974b581d037e30b07aeedcd7ea052b7431dc93f1f0c2761a735ef1d29626f1a,1,-0.0,0.0,media_reviews,1.0,2,zh,1,douban
b97820edef7656fb3891e93bd36038a25b3aa0a50d2fc76ff66c4699c3494546,1,-0.0,0.0,news,1.0,2,ar,1,babel_briefings
b97846294fc68803b67185af76f14bef9aa75648e2ab3ac26c24da8075d89660,1,-0.0,0.0,news,1.0,2,ja,1,babel_briefings
b9809f6e26175d38eef20f62a8e748f950c58361f2fb69b77605146cc21e36ba,1,-0.0,0.0,literature,1.0,2,es,1,spanish_pd_books
b985b4029182f8a56058d8fc5942f9b92169e2286e5efc2e932ceb7ddcfc5293,1,-0.0,0.0,ecommerce_reviews,1.0,2,en,1,amazon_multi
b99c111e1e4359d41e2b85fd477eecb7b675324ad5cf89fbb223d8cdf4f95874,1,-0.0,0.0,literature,1.0,2,ru,1,russian_pd
b99d72e10dc9a9754fc39cea5ee3476a62cfc21f56050a27f87947f33554a286,1,-0.0,0.0,social_media,1.0,2,ko,1,exorde
b99daccca3ffa40352d612a990d433e8e8dc239bfb7045496faa1a311e3d1cca,1,-0.0,0.0,literature,1.0,2,es,1,spanish_pd_books
b99f398c6dbfa9aae18b0d7da97c1730de6d16d81b77684469847ae555e0be84,1,-0.0,0.0,social_media,1.0,2,ko,1,exorde
b9a4b750360d72ffc31b2147d94e6fe0394a779e178d5f517cc201a44e2b50d8,1,-0.0,0.0,social_media,1.0,2,fr,1,exorde
b9b82ae1f5baf6ce5bd4e1ed64976e1c4eece94c9d2cc0ec74f40e00af0c6025,1,-0.0,0.0,news,1.0,2,zh,1,babel_briefings
b9b8d6334f7d7983708bb408999b5926b405f04ae3cbc8508353fe0d15eb850b,1,-0.0,0.0,news,1.0,2,ar,1,babel_briefings
b9bcd32e75fbfbf4b4c726f9264cf474dcdccf6e04be9ebd11e7f3ed733b10aa,1,-0.0,0.0,news,1.0,2,ru,1,babel_briefings
b9ce83d4ea7bb2168e4372b0f1fedd13de512e7ba179b5bf369779f7fe5c2c5d,1,-0.0,0.0,news,1.0,2,ar,1,babel_briefings
b9e03f142f8cbb0b9ccf19e162840595b56a1b03ecf3eaa6ceb1011ccc476cc5,1,-0.0,0.0,literature,1.0,2,es,1,spanish_pd_books
b9e98e3c2f49240fe87ce8dfda2cc2691ae3dd83157c4527dbc9862510f89f1b,1,-0.0,0.0,media_reviews,1.0,2,zh,1,douban
b9f139cec75501ea1e11580357f6ea04de2b99f6f1f2cc00b96b0793115979a0,1,-0.0,0.0,social_media,1.0,2,ko,1,exorde
b9f89ea219e531fc0711dfd168e0fecc0e6a3af2490013991acee302e22f2a39,1,-0.0,0.0,news,1.0,2,zh,1,babel_briefings
ba0cef8b4604f6fcc713d0555451ee1ff80a4c97aff28b34dc960dddac612a83,1,-0.0,0.0,news,1.0,2,es,1,babel_briefings
ba42438030e4ae50e56ff37ef5494526deb8e4a1b0b8e0bc1e8e3198a16b2be3,1,-0.0,0.0,ecommerce_reviews,1.0,2,en,1,amazon_multi
ba46203252b66b70d7f4e0c282280a4474e27e7182138ffe07eea3dd7e347d03,1,-0.0,0.0,media_reviews,1.0,2,zh,1,douban
ba50fe9c2c30150656912e830e18fa40570fa6cea410d67fb696a2a324e3977e,1,-0.0,0.0,literature,1.0,2,es,1,spanish_pd_books
ba59a539cc1088b8fef8b9230a5d01f6de5d954e438396e60472df52e39d404f,1,-0.0,0.0,ecommerce_reviews,1.0,2,en,1,amazon_multi
ba66d89bd60d2f45c7836dadcf7e93d9bea9ddf0929070829df3061396e63de5,1,-0.0,0.0,news,1.0,2,fr,1,babel_briefings
ba73e07d30aab755c014248b9c24ea5ea3dc9c45f82df411c74d1dfd12524c71,1,-0.0,0.0,social_media,1.0,2,de,1,exorde
ba74257b3d3a8a79c94722b9d369f041758ec94fd8249ea8a1cbeeee7541f7da,1,-0.0,0.0,news,1.0,2,ko,1,babel_briefings
ba76de29702ac753cd04533886c65b5f960e54f9fc438cfea0852e51a849d46f,1,-0.0,0.0,blog,1.0,2,en,1,blog_authorship
ba7ed8936e97b2347f04f12f46a5747ed2ab6899d6cae152f18a6d7b58fcfedb,1,-0.0,0.0,literature,1.0,2,es,1,spanish_pd_books
ba893658dd3e67f0b48c0b2e47fda18d4f2ed9eb3ce408d32a944186620433e6,1,-0.0,0.0,news,1.0,2,ar,1,babel_briefings
ba8b9acc0f8fa6201e0d31f46c66adcc5781c84a92ef6aaa730431aa6bdb9efc,1,-0.0,0.0,media_reviews,1.0,2,zh,1,douban
ba91882f459b6066baa65d16de2a1463253522082c795cfa475086177371cc46,1,-0.0,0.0,news,1.0,2,ru,1,babel_briefings
ba952e3737a2bc5168e4cdd1869983d90199acf8a4f1531ecfd10c646b6c548f,1,-0.0,0.0,literature,1.0,2,fr,1,french_pd_books
baa1fa079e3946c4b2148c8251e04c4120ff7bfdf8b9fe5f7d075a637ed53827,1,-0.0,0.0,social_media,1.0,2,ko,1,exorde
baa34a603fa51c8d6aaa63cc8a37b5a122bd1075fa3f48f33a759532ef6522c9,1,-0.0,0.0,literature,1.0,2,ru,1,russian_pd
baa6ab8cb309dd717cc67fde9f2cacdf5d4025cf651e9d66ed2c1701cc1b6f17,1,-0.0,0.0,literature,1.0,2,ru,1,russian_pd
baa9a11f7cb086d884af157e0f316aa13b764973c21e5045f68ed45a361a3c18,1,-0.0,0.0,news,1.0,2,zh,1,babel_briefings
baa9e9c6557def3fd4d0c8c6a1863d5fff6740dde1d7c209d216b86ef66a7f9a,1,-0.0,0.0,news,1.0,2,en,1,babel_briefings
baab22b4b952cef596f7f739d3097165495fc5b239824c5c944c278cf58539af,1,-0.0,0.0,news,1.0,2,ko,1,babel_briefings
baac8595e1d312656d3cf00abd2e92fe2124b67ac6a06ae66b39f1003a7c0930,1,-0.0,0.0,media_reviews,1.0,2,zh,1,douban
baad139a513d9ce1004ac5d2aa444d1fd55fc16ce666b759d94b41b2718b348a,1,-0.0,0.0,news,1.0,2,ar,1,babel_briefings
baad8eed4074520ca49154105ef076c12bf67601765efbdf75ef444ad209f9a2,1,-0.0,0.0,social_media,1.0,2,ar,1,exorde
bab7bfef45c7737e75328d61e8fcc8ced715a456915b8ed64d827b2e4d4f40f0,1,-0.0,0.0,social_media,1.0,2,ar,1,exorde
bac5b99cfe6f0bcc4acaf853941b1216fff66fb8b5a472c5712973fcdd4ef343,1,-0.0,0.0,media_reviews,1.0,2,zh,1,douban
badf3f603c405594f351f57569bd94a3c3a5d4226c93e9ce5c63e8449d8cdfaf,1,-0.0,0.0,news,1.0,2,en,1,babel_briefings
bae06e68869a1e34bd2e91de315e5e301009424f2daf88c1aec97aab1718cf62,1,-0.0,0.0,literature,1.0,2,ru,1,russian_pd
baecd89f73a29af05bf5e28cb00a8129e8d69df4d7ea0cbc2dcccab350fdae03,1,-0.0,0.0,news,1.0,2,ko,1,babel_briefings
bb0c6e931b77c81526eaed3ee104d07030c648d658439d4b9779dc39569237ba,1,-0.0,0.0,social_media,1.0,2,ko,1,exorde
bb0cca02e276e76c71922ff83477acb40a7f565cd514582ea2ed4cdfa4164f4b,1,-0.0,0.0,poetry,1.0,2,ar,1,arabic_poetry
bb1ba0c372409c0a05093396ba29ab4035d6b8ccf17499740dc9dacc4d9a2c80,1,-0.0,0.0,literature,1.0,2,es,1,spanish_pd_books
bb2001098b5fdddb9281aecef8a22f088185d186bfb23043f6faf927df2c6ed7,1,-0.0,0.0,social_media,1.0,2,ko,1,exorde
bb2770229bbbb99fce54ebf5a069f10929682ee19aab7316da334288b5781185,1,-0.0,0.0,news,1.0,2,ar,1,babel_briefings
bb2e376f411237dca94ba93229037b780d99f16731c26917a6f8ea95508820b0,1,-0.0,0.0,news,1.0,2,ru,1,babel_briefings
bb38fda03e0ce9f6619a2522677ccd0458b9c748c810be9b3c914ee1a8a7af16,1,-0.0,0.0,social_media,1.0,2,ar,1,exorde
bb4612678f040927708db36b4035d791f8b08d01b57dac29d5252cd1be718b6e,1,-0.0,0.0,blog,1.0,2,en,1,blog_authorship
bb4825a4ca0dfb450d7c05844ab05c218821e276e3cc12deb0a8fdf58fd60ce6,1,-0.0,0.0,news,1.0,2,zh,1,babel_briefings
bb4ed28a8270b06df86a09e408c5b665d003f15a412a2a78c6b03d9c94fb9f8e,1,-0.0,0.0,media_reviews,1.0,2,zh,1,douban
bb55f0cd3f1a8098a56cf91ffc8291a3eaa9556d9474bef611eceec4db19f3b9,1,-0.0,0.0,literature,1.0,2,ru,1,russian_pd
bb5ce824f829c08d9d5fe84f4f678b0fd540771693d3145ff9dc4e40df88ed86,1,-0.0,0.0,social_media,1.0,2,ko,1,exorde
bb621eeea530e7c57bf2e5c2b99950c951c1629e3c610519e47185c753819481,1,-0.0,0.0,news,1.0,2,es,1,babel_briefings
bb69d36ae6431a9f5be4a1acda3675349790a36755e88bb0d41f4a72538b0f2b,1,-0.0,0.0,literature,1.0,2,ru,1,russian_pd
bb755043a37fb20fdef9683d9941451247e5f3a2a15a14ac49ba7f86c0a87b5f,1,-0.0,0.0,ecommerce_reviews,1.0,2,en,1,amazon_multi
bb7a1f0e0b41ee38d5073756ee01e40482d6d159c59a35b8aff38480ab070379,1,-0.0,0.0,literature,1.0,2,fr,1,project_gutenberg
bb9a3477e75b2be17cccfb8d986a77cc2965a0761ff781d9a0fd1a591d4c9f7f,1,-0.0,0.0,social_media,1.0,2,ar,1,exorde
bb9db40848cd948e0e8ced38e3b36d278c5ee43480743019eab3185b16697449,1,-0.0,0.0,ecommerce_reviews,1.0,2,en,1,amazon_multi
bbac1b39287df90ac3bfd786f0c0ce19033de5b381a502aeede39e920a2f4af2,1,-0.0,0.0,news,1.0,2,ja,1,babel_briefings
bbb70a6a536352d61c345a3b3b34b87296f035c745db50d7d3c5e05e39e6376b,1,-0.0,0.0,news,1.0,2,en,1,babel_briefings
bbc50340b80ae2abb9594e7108afd9e07cc06b409d80d7ecfe0388321440490e,1,-0.0,0.0,news,1.0,2,ru,1,babel_briefings
bbc8a18b8bb7271d9a6fcfdf55168b2f0949803b1edb274c60739e1d97b3a125,1,-0.0,0.0,media_reviews,1.0,2,zh,1,douban
bbd04b2bdb2c5ca1b97ce6027672865d67f36072c140c7d0daa7a9ba8ba9bd9a,1,-0.0,0.0,literature,1.0,2,fr,1,french_pd_books
bbd45b7f61d98e3d1f2cf19e725f87ae908b3aad26a1a63d5ceb5f4c8722a815,1,-0.0,0.0,news,1.0,2,ko,1,babel_briefings
bbd69baab8be4412e465985cd1e1eb3de88b99c89c01c0e62fa553bc1007f8f2,1,-0.0,0.0,social_media,1.0,2,de,1,exorde
bbda0fc839021ef9877239016923b62bc8ff8340636304a50fc89d15211da449,1,-0.0,0.0,news,1.0,2,ko,1,babel_briefings
bbe412c73732a2f3e15851fdbdf492120ef2671f0648bdd3c5f8e1d0da60b79c,1,-0.0,0.0,social_media,1.0,2,ar,1,exorde
bbf113b2824890c8056f0abebf6ee8b47eb66024b9b7af4519b45d93af884189,1,-0.0,0.0,social_media,1.0,2,ru,1,exorde
bc02294e4a01ce79aa304efc11bea2964a1bed0909082671b0fc958fca643af6,1,-0.0,0.0,news,1.0,2,ar,1,babel_briefings
bc058ac28c98aad9c12dd1a66bbf88bc824b9c505b364755411e0f16173d2523,1,-0.0,0.0,literature,1.0,2,ru,1,russian_pd
bc07a0d8670a1bc513a10089ac159f0abeebe0335e6aca584b61aa9e994cf6ba,1,-0.0,0.0,blog,1.0,2,en,1,blog_authorship
bc0865bbc9d9bc64127b1d4386b72ebbf275b582db4f052d4f9f7ac992342b64,1,-0.0,0.0,news,1.0,2,ko,1,babel_briefings
bc0d474614f6cd23e40b4d1ae9227849e735db4fe2591d4c7e9bda6f5b030d72,1,-0.0,0.0,literature,1.0,2,ru,1,russian_pd
bc0d77a8a2ea42a5ea20d550724ac3fac6b53e8d8f2164416ddec01563beb450,1,-0.0,0.0,media_reviews,1.0,2,zh,1,douban
bc23b57d42bd0a7488507ca433ce8927cf84bfbc197d9c7a6c967eebc4bf444d,1,-0.0,0.0,literature,1.0,2,ru,1,russian_pd
bc2e31d6425fa70e92fce3a5c4b6dd09cf5f6877b2f4583f725321369748f396,1,-0.0,0.0,social_media,1.0,2,hi,1,exorde
bc32913a62e0a09f680ef239b926466421e9a812da0900cc06d3660d533df2a9,1,-0.0,0.0,news,1.0,2,zh,1,babel_briefings
bc38321f5d5a3dbc784452f4d4d06dd7cf4014e5955cb1b9e5d9a3d0c4168cf0,1,-0.0,0.0,news,1.0,2,ko,1,babel_briefings
bc3c57cd02475142b3c714cac1145260f3eb27ad3c78e49a5da980e8f258185b,1,-0.0,0.0,social_media,1.0,2,ko,1,exorde
bc431c463839727bae467a524fa186e2a050ca5682d4b0988360ce4aaa83fe52,1,-0.0,0.0,news,1.0,2,ko,1,babel_briefings
bc5310fa7d97ef64b47a98b77c9a29278717be7c7bf7c11fc313375a9b2b2662,1,-0.0,0.0,literature,1.0,2,es,1,spanish_pd_books
bc582359e3102d92257db601255c76a057ff6a3aa69eca9b2d1b7550ea86910c,1,-0.0,0.0,social_media,1.0,2,ar,1,exorde
bc5ea2b379b6330fc1ffc1d313e6e30a68d625169bbf5c97840f0e40c5a9e378,1,-0.0,0.0,literature,1.0,2,es,1,spanish_pd_books
bc683c173ba2d23059a5c74671b00cccc7608b1e57542c633f2da519d7abd9a9,1,-0.0,0.0,media_reviews,1.0,2,zh,1,douban
bc6e0e1d11641a9c7ea30c8978585c94c11bd148d363fcde0906f210a520f413,1,-0.0,0.0,news,1.0,2,zh,1,babel_briefings
bc72b500847f80bec8bf632e1a39c85bc6e1674a44dc6cab028d806c2c74e453,1,-0.0,0.0,news,1.0,2,ko,1,babel_briefings
bc7edefe7a328b2e45248c85d6939bedf87bbd22a1bbd4130ebc88ee80e25ae7,1,-0.0,0.0,social_media,1.0,2,fr,1,exorde
bc87d15bf5cb64bd19323ac02fbef9e0d19cec7932fda7b7fe29a235ed6f011c,1,-0.0,0.0,literature,1.0,2,es,1,spanish_pd_books
bc8932a57e0caf94fb3a40adbd81a6d373cfa7266cf2e4ecac4979d8f0f8e741,1,-0.0,0.0,social_media,1.0,2,ko,1,exorde
bc9820617668aa457363a8bbe19efa4f3c12d9a1da20284015b340664c3a3720,1,-0.0,0.0,social_media,1.0,2,ar,1,exorde
bca281a3a5333ad648214bce11e10c67fc51d4ec59ca82d2dc199a101a0d8d00,1,-0.0,0.0,poetry,1.0,2,ar,1,arabic_poetry
bca683a2532c27c89ae9b6ac0f2019922674ff04a27cc4a8c2e1587333a177e5,1,-0.0,0.0,social_media,1.0,2,ar,1,exorde
bcab35405f7361ae27eb66666c79815454d2f30828d1fe71ce648dba729e0aaa,1,-0.0,0.0,news,1.0,2,ko,1,babel_briefings
bcab47cc81645b4577b17fcc835be2fd89a5764515b71b303896e915ae431d21,1,-0.0,0.0,news,1.0,2,ru,1,babel_briefings
bcb3b33b8555e64443b66f8baeda83fc7dc0a16a3d03751016750a059e37b80a,1,-0.0,0.0,poetry,1.0,2,ar,1,arabic_poetry
bcc7e760fe35337e8b6897d32669260699d688e5eeb469f76af40fce61c2316d,1,-0.0,0.0,ecommerce_reviews,1.0,2,en,1,amazon_multi
bcce5417484fa50f24a60aefcdaf986c6f438482b17c665f8a767bb5ecf7d13d,1,-0.0,0.0,literature,1.0,2,fr,1,french_pd_books
bcd60581bf400425a9933b9797a98a20d26b924a42170150e59d092cd7745cb7,1,-0.0,0.0,literature,1.0,2,es,1,spanish_pd_books
bcdddc81f9d62ff19e17d0e2f78712e01b7ef64dc8e1d3905aec71129cf7b532,1,-0.0,0.0,literature,1.0,2,de,1,german_pd
bce4350d16986cf25f685981ba4bef8d36c4cb217e58030bde80b97f51b176ec,1,-0.0,0.0,news,1.0,2,en,1,babel_briefings
bce47a6a7a9d6acc637fded13b09ce9e17a949787bc26f651da53f1016e47f55,1,-0.0,0.0,media_reviews,1.0,2,zh,1,douban
bcf0ebbfca6a7f91f5aa8f841a9a63f7bbdb89cea00544ab44fe769606958c4e,1,-0.0,0.0,media_reviews,1.0,2,zh,1,douban
bd02ffab97e79a2cfe17dfb63b6f9b385fa9af590bd62a555416fe17c18d560a,1,-0.0,0.0,ecommerce_reviews,1.0,2,en,1,amazon_multi
bd07e8c3b2fbbd148418eff3fafeb2eb871bc07475a5bf421b2345aed491da0c,1,-0.0,0.0,social_media,1.0,2,ar,1,exorde
bd18d4bb7ecd9b283fc3f1024a97b165a54cb574d55ad5e55e25330fbb5c8eba,1,-0.0,0.0,blog,1.0,2,en,1,blog_authorship
bd1cefc046cfe2e5b604ede21ba16962044f932ec5bdc4ba7178bca597803326,1,-0.0,0.0,social_media,1.0,2,ko,1,exorde
bd221463cc61eafdfdc713e8a29a40d9c7da03227a37c04b66190ad51d34b557,1,-0.0,0.0,news,1.0,2,en,1,babel_briefings
bd24d4bd20d5dafeea52eed2b39f833c3ae40254d3712d6ed21e9460ad554b88,1,-0.0,0.0,social_media,1.0,2,ru,1,exorde
bd3aebf6358233af640d4811dd2ce4017bd9debccbfcd837e887420063262cb4,1,-0.0,0.0,literature,1.0,2,ru,1,russian_pd
bd4078fc49860f3ff71c86f6ef42123d3b2b70dadda4312215fa839697c593c4,1,-0.0,0.0,social_media,1.0,2,ar,1,exorde
bd420ec8294f242840330d78e8ba40aa726c8d110300134848a6cdc0ce81ca3a,1,-0.0,0.0,social_media,1.0,2,ru,1,exorde
bd500cef8c5eb571709d54192e6bd601ac8f693fa28bdda22901877bbb94f692,1,-0.0,0.0,social_media,1.0,2,ar,1,exorde
bd5523c0fd7def07ebedbcf9eb0ea51f4ea0c23b6fa48653193de7082ff93189,1,-0.0,0.0,news,1.0,2,en,1,babel_briefings
bd557d8fe66dbf03f470c21033808f49a4d7dc012a87f34d32964d1c2a4bc398,1,-0.0,0.0,social_media,1.0,2,de,1,exorde
bd7d05ca160faba70e9b15b852912c551077d1fa27391bb892d68c7ea7559d3b,1,-0.0,0.0,news,1.0,2,ru,1,babel_briefings
bd816702f4f6494dfeb5d6d8dd8c4b245dc4664dea83e6db025fb72fc0e45746,1,-0.0,0.0,news,1.0,2,en,1,babel_briefings
bd968bedd9e23ea1cedfd1e8157010cdbb02626768c6a511339bd5643ec41e7e,1,-0.0,0.0,news,1.0,2,zh,1,babel_briefings
bd98730cd656f919f05fb314f18d5da1a5787e7baeb686e3574b2ab39ddeb412,1,-0.0,0.0,social_media,1.0,2,hi,1,exorde
bd99c979d18c51c6a25a033e80a3c3cb3c0cfccaa0569a5ac0b763d7cab2691c,1,-0.0,0.0,literature,1.0,2,es,1,spanish_pd_books
bda0de0d700b2e08c748f913d8816ae5e8e0325d46634183929d5233a7c9851b,1,-0.0,0.0,ecommerce_reviews,1.0,2,en,1,amazon_multi
bdab61ccc206d199d51e0554f988be4cfaa9bbd0bf1016f9355775759238a0b8,1,-0.0,0.0,social_media,1.0,2,de,1,exorde
bdc2010babf76635ae86c1918cff709bbe8da851159f462d211a0f3fff142e37,1,-0.0,0.0,social_media,1.0,2,ko,1,exorde
bdc8b8d236f8342d0a5685704a8e86f132944023148ac540d36665b11f757cf5,1,-0.0,0.0,social_media,1.0,2,ko,1,exorde
bdd266f7efa0e1a9258b8d80fe3e3c48c328bcba4c28dcfcbc5882ae9d20503d,1,-0.0,0.0,literature,1.0,2,fr,1,french_pd_books
bdd4f54aaec5caabece288e51e39df85df0e999f1ac0fe13505f271e97f6367b,1,-0.0,0.0,social_media,1.0,2,ar,1,exorde
bdd54619cde9e1be98055e37285c25b8edc337c4c497e78af3826743ecd7e35d,1,-0.0,0.0,news,1.0,2,ru,1,babel_briefings
bde0ad6affa53c64055c99eb67dd80644dde539d2c28e7af621c62fb7b9ba79f,1,-0.0,0.0,news,1.0,2,en,1,babel_briefings
bde790ea5995d8e589247e534997ed2d6065c5ba89916fe206534da5f23c7acf,1,-0.0,0.0,news,1.0,2,ar,1,babel_briefings
bdf4da2431c990fbec99c4d32ee7d3d5b538df6b08a3538653b6d4b9cb2f6aad,1,-0.0,0.0,literature,1.0,2,es,1,spanish_pd_books
bdf64f3ec0e1e022872e735790945f94fdcf784d4c4079b6132897c1caae6e04,1,-0.0,0.0,media_reviews,1.0,2,zh,1,douban
be0aafcdbbf0597c5f800c809342eedf9627988fe032a7089f4a260930c82e4f,1,-0.0,0.0,social_media,1.0,2,ar,1,exorde
be0deeb522246565b673e5855a58c17f3230cbcac4b32a1a65432146cbbc6ae1,1,-0.0,0.0,news,1.0,2,ja,1,babel_briefings
be12d3fbbc3172f3cf6c9b3246bc647e6211aea1b179bc4e913d777aaf75a9b7,1,-0.0,0.0,news,1.0,2,ru,1,babel_briefings
be16fa1f0eb3139576f27690d3e43317bf40a6c2ec68de1c828b0c7a570d0a9e,1,-0.0,0.0,literature,1.0,2,fr,1,french_pd_books
be17ff8370c2adfcc2eeec3243cb6bcc51b172d62edc58c0859ab77b86139d3e,1,-0.0,0.0,social_media,1.0,2,ar,1,exorde
be1c3e4de749307986e770a2caadfc319ea929f3663f963930bb570d086fb5c7,1,-0.0,0.0,literature,1.0,2,es,1,spanish_pd_books
be28818bc1835d108b257faa97a5c5d5abf0113c0258f11c37bf3fd0f404bc3e,1,-0.0,0.0,literature,1.0,2,de,1,german_pd
be3fb39436dd50e610449e3457ba1788780030f461731da98a31ad8b7684efc0,1,-0.0,0.0,poetry,1.0,2,ar,1,arabic_poetry
be470cdcf1c72c7ee795bc7f758b60b3c5e08250ba67709b6d0f3da3554e3e50,1,-0.0,0.0,social_media,1.0,2,ko,1,exorde
be4d3a93e213f124ccb539b6c6501fc494f8ab0d1f07848d6137607f2c2ad827,1,-0.0,0.0,news,1.0,2,ko,1,babel_briefings
be4d88ace57379b3632d66b3743a24f2f7bdfdfe0d13fb2e55096640d3dbcf67,1,-0.0,0.0,literature,1.0,2,fr,1,french_pd_books
be512e35d728dc80f4ca1cfa4ae57e5077ac680fd84e608dbf1e0060458ba10c,1,-0.0,0.0,blog,1.0,2,en,1,blog_authorship
be531236a332f26724e0a38890822e2ab57203a9dfd362bb337226f17c91b697,1,-0.0,0.0,social_media,1.0,2,ar,1,exorde
be54a5d98914d812876332e4da02cac943bdfd10e0771df262a7c211c4ce0489,1,-0.0,0.0,social_media,1.0,2,ru,1,exorde
be5b5a58e6732218720da7261f24212e527df861719ee99ec34e76b9f1a84ad3,1,-0.0,0.0,poetry,1.0,2,ar,1,arabic_poetry
be5bcd5c82f907ed462ac198260305a5a2694185f6c6f6ea7f690ecd47341732,1,-0.0,0.0,social_media,1.0,2,ko,1,exorde
be5df55a8c7b7f11031cf38bc4e3cd7eecbc36bf0c572274481c0bf6b7443ca9,1,-0.0,0.0,literature,1.0,2,ru,1,russian_pd
be61bc99e2812760c3a23843c0dd32f5ccfc16f723e7689e9dcf84b97f3a13d2,1,-0.0,0.0,social_media,1.0,2,ar,1,exorde
be62379ed22a91e7a6e1d08349859e6d077d4d96787a28c8b31676fe00e753b8,1,-0.0,0.0,news,1.0,2,zh,1,babel_briefings
be66e90ffa2de35036d18c9ace59e5314f14ad246c6c214bf8e957f8172cc128,1,-0.0,0.0,social_media,1.0,2,zh,1,xiaohongshu
be674e75acff49a27ad43629be69b55335891f847225f1c94d75013e22ac5031,1,-0.0,0.0,literature,1.0,2,es,1,spanish_pd_books
be693361cf65562b0987e41f36ba7e6fed0d283746b4f4f309c249ad1037e911,1,-0.0,0.0,media_reviews,1.0,2,zh,1,douban
be6b815560706047633ba9c7edf92ba5c20396af72cabd177fa186bef5d01703,1,-0.0,0.0,media_reviews,1.0,2,zh,1,douban
be77cb0aa9a4d4e35b2f47825919f8b89781204ff3afae1efff7e1fe4dc414b8,1,-0.0,0.0,literature,1.0,2,es,1,spanish_pd_books
be89d04f8d49f5910ec80f8dbdc2ae0563cac2b2f47d9dcafcd1b2f3198be543,1,-0.0,0.0,literature,1.0,2,es,1,spanish_pd_books
be92dad07f6bbebfb08148f7459d30a3adfed45aaa0c1df50fe8a831c2e99ca8,1,-0.0,0.0,poetry,1.0,2,ar,1,arabic_poetry
be9a894204076263cca1631dadf1695fe8b78ac1a9e0e614dc4a15d84f31adca,1,-0.0,0.0,news,1.0,2,en,1,babel_briefings
be9af0492d402453118a1a2ccb85f9e32f58b4c0d3262ceeee634a135d825fa5,1,-0.0,0.0,social_media,1.0,2,ko,1,exorde
be9b25f9ec0928816ecd9c4fba19b136e0afd961a95e0f26efe8a0826107fadf,1,-0.0,0.0,poetry,1.0,2,ar,1,arabic_poetry
be9dc93908e817252b985832d82e07a45341711af35cb657ae9700571c642a7a,1,-0.0,0.0,literature,1.0,2,es,1,spanish_pd_books
bea7b8732091ef2b7d0648973d8b6175108d921c4368972a36cb149c811819d3,1,-0.0,0.0,blog,1.0,2,en,1,blog_authorship
beaa0443ea3d36ed45f43bf620203a72cfc31709c598541a464633355e1dc803,1,-0.0,0.0,blog,1.0,2,en,1,blog_authorship
beb2c9310003c5b077381a2f2a5a7af28683d81ea172d3968722cb571fbf0f99,1,-0.0,0.0,social_media,1.0,2,ko,1,exorde
beb4ffc8037cf7adeee56f6be5e238f86e19286c8b6e18f16a2cfbe4b5a37160,1,-0.0,0.0,social_media,1.0,2,en,2,exorde
beba5ce11a977b9c557de3252ec34601dc4e761a5a260c5a6d67f96ee41da6a4,1,-0.0,0.0,social_media,1.0,2,hi,1,exorde
bebd38ff1c46f1a8b87951480f8310af6a39bc5ed856b7b5c20971858cf3f297,1,-0.0,0.0,news,1.0,2,ru,1,babel_briefings
bec8943cd20b7b65c15136fb42ac572ec8a95fb9681d7255527ef94f665c2787,1,-0.0,0.0,blog,1.0,2,en,1,blog_authorship
bec9415e3cdcc3c67caa2921c509c61022331855bec2efa8c6f51c6909e6e37d,1,-0.0,0.0,poetry,1.0,2,ar,1,arabic_poetry
becb2cabbde87f93b44659af0f147dbecdeaec55438b1e81af32beabd079c3f2,1,-0.0,0.0,literature,1.0,2,de,1,german_pd
becd408448ad0949618ee07c0dbb3063179deda840325111a8a9524f22cb8f2f,1,-0.0,0.0,literature,1.0,2,fr,1,french_pd_books
bed743770ae2689e980a3a5277230502df97b2d187bb52ed981eeba0924de928,1,-0.0,0.0,news,1.0,2,ru,1,babel_briefings
bede46423f2bfb94735c7687e58a7e075cff10a0fe328a4453a8c399c3c592be,1,-0.0,0.0,social_media,1.0,2,ko,1,exorde
bee6db492df9b5d03de5dfe8b3050a676210197584893dcae9a39cdaaee581f5,1,-0.0,0.0,social_media,1.0,2,ko,1,exorde
bef1a281012a5a73b01e1a975445d27296a14e06cf065fd19c1af462bc3fb5bd,1,-0.0,0.0,news,1.0,2,de,1,babel_briefings
bef280992832b7a08d6a0674843bd440d2bd81c462965efa429805cfde35472e,1,-0.0,0.0,literature,1.0,2,fr,1,french_pd_books
bef309c89ff3a0f9072de693e8f1f6ae8a75acc1718ce6724ed42b8c4f870ba7,1,-0.0,0.0,social_media,1.0,2,de,1,exorde
bf0292be773fc6a9f5b6806e75db226fa75992c3eb01e78f5f49b8bf991b7a7b,1,-0.0,0.0,literature,1.0,2,es,1,spanish_pd_books
bf07490c22c31a6c9066be50f595d826104f7b59974e466ad83cdb8767a3c098,1,-0.0,0.0,media_reviews,1.0,2,zh,1,douban
bf2201d76483546628c285c29180dbf1839e0c341cf8fb022a2d700aaf3bf6b9,1,-0.0,0.0,media_reviews,1.0,2,zh,1,douban
bf23175ca113c8812c2f72888fe1c54ed1e42155ce8789587c952b8ad7d5ec72,1,-0.0,0.0,social_media,1.0,2,de,1,exorde
bf456ccc0c9fc78de6c57f13b364539ce5e824a6e32de73743c0d3632f1349a7,1,-0.0,0.0,literature,1.0,2,es,1,spanish_pd_books
bf490d80fd1d50a67fa0b771c856fda8218e125baa038483067bfa70fe1fe4b3,1,-0.0,0.0,social_media,1.0,2,ar,1,exorde
bf4b9405ed29ea6c0ac30bc2044735c5101752ca998ec5eca58341fe32b86e6a,1,-0.0,0.0,blog,1.0,2,en,1,blog_authorship
bf567fe0fbe0867f097a0ead42d61534ead9e4933ea1b5fa5f5ea4400da14648,1,-0.0,0.0,social_media,1.0,2,ko,1,exorde
bf5a4fb7d72d7793030baf59b29852f6ec85a1da2db6c74bac4cc370bff731e0,1,-0.0,0.0,poetry,1.0,2,ar,1,arabic_poetry
bf696eaa16cca29fd657e510e7b53b64781334377b6091bc0c4e5399b395c997,1,-0.0,0.0,poetry,1.0,2,ar,1,arabic_poetry
bf797f41bc6441c977e9e00433f086a4dbe0c2660c7d7516d3a87e6227054f2d,1,-0.0,0.0,literature,1.0,2,es,1,spanish_pd_books
bf7cf65271a41e487db6e63e4168d0b39856953a865716b3cc1a5e4c25b8e8cf,1,-0.0,0.0,social_media,1.0,2,de,1,exorde
bf7dd4386bd0993427806c081dd5e5381aa17979fb20f7012177d1f7dc5157e7,1,-0.0,0.0,news,1.0,2,ru,1,babel_briefings
bf87d66d0780bd62f5d0f83f48a1743122bb45722a079a6c56099b118db87af5,1,-0.0,0.0,media_reviews,1.0,2,zh,1,douban
bf90201ee4278cef1be96901b28631d01d2285f5084d4de008ecda3498e2d602,1,-0.0,0.0,literature,1.0,2,fr,1,french_pd_books
bf97235278365723a793478b3bae9bef6f5cc6537aaed6c901685de628798546,1,-0.0,0.0,poetry,1.0,2,ar,1,arabic_poetry
bfa2e35bf7b0403efa9eaffff71cba6dd07bfb0d72c0264aaa35391924d3049d,1,-0.0,0.0,literature,1.0,2,es,1,spanish_pd_books
bfad62b2d4e5be20bbc857ab2dfeeea984d0b9d05a2ca2b24ecdcb585866d76a,1,-0.0,0.0,news,1.0,2,ja,1,babel_briefings
bfb04a3fa58fed2483840efce907978d6ee69aceaa6ab81991c74c41d61bc0e8,1,-0.0,0.0,news,1.0,2,ar,1,babel_briefings
bfb06a09486d88494ef81d0ed6f1ea03ba2da9828cf8448cc4757d8a7860f4e4,1,-0.0,0.0,blog,1.0,2,en,1,blog_authorship
bfd63f026d9b8d54f3c53270ae6937acb1a8a30ac0c746b0c8766e59b9fd098a,1,-0.0,0.0,literature,1.0,2,fr,1,french_pd_books
bfd96c7b87de38490c3675d5746419ce09444b87c93c819eb8c0aea1e737cd4f,1,-0.0,0.0,social_media,1.0,2,hi,1,exorde
bfe14a2c0fdc0af6dc92ff0139f0cd46f2ad191138025c58ce5ac6e6db7bcc85,1,-0.0,0.0,social_media,1.0,2,ar,1,exorde
bfebf44261c4243b4cb0f01f1aa3eae36a55c28110d55bb3b0e0210c186a7efa,1,-0.0,0.0,blog,1.0,2,en,1,blog_authorship
c00321fdab1e87ff45ac2e551bc73ed003cd4c50661b2e3a6093b9d23bd03e1c,1,-0.0,0.0,literature,1.0,2,es,1,spanish_pd_books
c0163c5528ed47d3cee952d595ecaa3c462a3199003f34b91245e030618ff015,1,-0.0,0.0,news,1.0,2,ru,1,babel_briefings
c0192a4cf1ed42df30889b233184dacac5840745dce4a5dc4b2531ab986135d8,1,-0.0,0.0,news,1.0,2,ar,1,babel_briefings
c028d9194cef31237aa17f1672424accc0b714999ceb91b00bc467232141d9cb,1,-0.0,0.0,literature,1.0,2,es,1,spanish_pd_books
c02ecb585609cfc236759175b33f1e08be03fc8d768583c0017595c999ab3892,1,-0.0,0.0,news,1.0,2,ja,1,babel_briefings
c033a444b71c36531fb830237a94c033acaab8542be902da10860def6830a0ea,1,-0.0,0.0,social_media,1.0,2,ar,1,exorde
c04476754ce038cb29bd66f406792e3b3abb43a27bca5cc6b72bd1253af6a194,1,-0.0,0.0,news,1.0,2,en,1,babel_briefings
c04879e6de013d8187b305029a7b5a4dcdf108001147dac98861f08936bc3553,1,-0.0,0.0,media_reviews,1.0,2,zh,1,douban
c04c86c4d7529b5ba2e56b2d8e677a8cb616a73408dfb7e31c4e996c2312e469,1,-0.0,0.0,social_media,1.0,2,ar,1,exorde
c04f83019b1e35c2a10d53bf46531f7337bcd5f130e413cbdc9741b06f6351cd,1,-0.0,0.0,poetry,1.0,2,ar,1,arabic_poetry
c05085a09900753d52dcff97bbe86cbb1a02032fb1ed7d01a400670fd3536343,1,-0.0,0.0,literature,1.0,2,fr,1,french_pd_books
c0593aa1a85cf6d4fdb80280950db6fb613bbfb48263f6b6985d7a54b17057cb,1,-0.0,0.0,media_reviews,1.0,2,zh,1,douban
c05f34fdb5632981ee1d0e03e05e9ea622a536010dc1d9b4fb25d62b376080ec,1,-0.0,0.0,news,1.0,2,ko,1,babel_briefings
c064f8a48e2f920f822646d9ff4c03cb0e7a0fdfd0daef995c47a9494a8c49a7,1,-0.0,0.0,news,1.0,2,ar,1,babel_briefings
c0787b271e3283409cf2534db875db5aed2cb93e6ffec9bf90c8a6ec5cc67d9e,1,-0.0,0.0,news,1.0,2,ru,1,babel_briefings
c078ed4584bfe929494b59e6213af4c90953214750268971fcfba4fac01d4ce1,1,-0.0,0.0,social_media,1.0,2,ar,1,exorde
c086b727ea76ad48502e15db1b748913e4ad5d19be1262eb2aa7e9f4631666aa,1,-0.0,0.0,news,1.0,2,ar,1,babel_briefings
c089a4073210d1825bd17aa5878125d7b6dbb68bcdeba5558baee53e3554019e,1,-0.0,0.0,social_media,1.0,2,ar,1,exorde
c097b1732681c7fa4931377ee13daecb4bda67e4c0b4e324875e8a5a18c5ba0d,1,-0.0,0.0,poetry,1.0,2,ar,1,arabic_poetry
c0af1b3f4b84a18036e2c508abbc863fc0485208b4bd9491b769d796524017e2,1,-0.0,0.0,literature,1.0,2,de,1,german_pd
c0afba591f4aa4dc01bd8f9344016aa1b801b88214f31d69ebe62df90638b6e7,1,-0.0,0.0,literature,1.0,2,fr,1,french_pd_books
c0b60247805b4265ab18afd45a1ec8bee42b518820734327323df2117f809b03,1,-0.0,0.0,media_reviews,1.0,2,zh,1,douban
c0b9600f7b1d1eeb40dce872869895f28ded2d6aeee020e6572d63b2214c7619,1,-0.0,0.0,news,1.0,2,ru,1,babel_briefings
c0bc4622d4018fac60d4e405024b04e962026aec4b3fdf03fbb3f2abf8c658f0,1,-0.0,0.0,news,1.0,2,zh,1,babel_briefings
c0c27c785c09597ad4f9c70707d9aae3a66890e63982a6a4c3f9f6f6e817b2cb,1,-0.0,0.0,news,1.0,2,ru,1,babel_briefings
c0c73a73f2f9c496a41833e2b69a9c4125409b57b245c164fc7ce9f020c83b8c,1,-0.0,0.0,news,1.0,2,zh,1,babel_briefings
c0cd242f4bd9a5b5d3324f86551b1ec923060cd13a470ce104793cdf15ae3d6f,1,-0.0,0.0,media_reviews,1.0,2,zh,1,douban
c0d79978262d3c7cd1295f8f9ddac527bc0ca4805860cb5bab8b78cf0f73e7c6,1,-0.0,0.0,social_media,1.0,2,hi,1,exorde
c0d8b7b43440d612a6f7cb82c02ed3df77805553ac47d55b4f0c31214666d0e7,1,-0.0,0.0,news,1.0,2,en,1,babel_briefings
c0e452a0c94089a4708456e6c4e734ff142d2ada37c3be67ba98e522e42521c9,1,-0.0,0.0,social_media,1.0,2,ar,1,exorde
c0f1acc22a28b82ac339cdeccef49ed89679b27f707f8fb9533654a4d03583be,1,-0.0,0.0,social_media,1.0,2,ko,1,exorde
c0ff5976bfc21b68a5da9d0e77c076e34cfe16d8f8cb2eb75950a5db7d1d32a8,1,-0.0,0.0,news,1.0,2,en,1,babel_briefings
c11004532e35a57b2c1541f8b1bd2e6e75dbb992ac5ea1b6a2d31ad756d36f6b,1,-0.0,0.0,literature,1.0,2,es,1,spanish_pd_books
c11838316110777aad677e58ea4596a2c3da27b806607900f9b63ec224033175,1,-0.0,0.0,blog,1.0,2,en,1,blog_authorship
c122bd5350a4b717d1cde2c021f5f82bf956191ddd594bae1755d8f9342cfc7d,1,-0.0,0.0,media_reviews,1.0,2,zh,1,douban
c1269f4baa5cdf932c530eaf3048956b0d999040dcd6d2bf4846f63892857635,1,-0.0,0.0,literature,1.0,2,fr,1,french_pd_books
c12a1c61a1c96c0d6408bbac27c1da3c31e764b97ef9abf70d8e1f685333e122,1,-0.0,0.0,literature,1.0,2,de,1,german_pd
c1336e4f9d3da6ee92d1f451b6f538f8b20e876f661d5e0b7a9e3125aceb4c34,1,-0.0,0.0,blog,1.0,2,en,1,blog_authorship
c13dc15e60f5b4b8f5eef1415645b7b09f820f468506a17a7f04bd0fc5ae9242,1,-0.0,0.0,social_media,1.0,2,zh,1,exorde
c13f1328e30f2741e4fe14b77ecdc78dcc914ba751529069a75f6ae09bf018f0,1,-0.0,0.0,news,1.0,2,ja,1,babel_briefings
c145208260cbae98ecf693c6f0b0e55e6e3cc8a259e0b8ecb080c24fb6183664,1,-0.0,0.0,poetry,1.0,2,ar,1,arabic_poetry
c15614b74816c5efd1b94cb26137d9a541c39c0431a6f4d65a9d02c6df5f9426,1,-0.0,0.0,media_reviews,1.0,2,zh,1,douban
c160734a0ebd47a396ea0fcc5c673590e27296cea457cd4f879327f3af385dd5,1,-0.0,0.0,social_media,1.0,2,ko,1,exorde
c161a66ebe24e92c80f05692ce60c45f654f596c291e98fcd7f65adce1365558,1,-0.0,0.0,literature,1.0,2,es,1,spanish_pd_books
c1695b15f7b81bc792a2d3d21c8f5430c47e5e44b0c00abdd45bf4e6a548d02c,1,-0.0,0.0,media_reviews,1.0,2,zh,1,douban
c16c3800356f9213927a7a5c87d5f43cd98391c033418251e802c58d937c0f41,1,-0.0,0.0,social_media,1.0,2,ru,1,exorde
c16d532a60ccfe64e236488332daeb6a6a49e045bb64681a1ed7e38e131f9591,1,-0.0,0.0,media_reviews,1.0,2,zh,1,douban
c176fadce89eb339b0d3fb41394af97254d8a92d09ab1cb567b454f71acc4a44,1,-0.0,0.0,social_media,1.0,2,ar,1,exorde
c18048cfbda7afbc0916cbb688a8c7d9509505f705363f4dd480ef80c47989bc,1,-0.0,0.0,blog,1.0,2,en,1,blog_authorship
c1865560a0920a8384d7baa6efc8f6e5844b0ae7e85086b9513e3b7e37407cdc,1,-0.0,0.0,media_reviews,1.0,2,zh,1,douban
c1923e8dbefedfd2353eaf8d98b831e0fa760131a749e635af721e7cef6ef4c4,1,-0.0,0.0,literature,1.0,2,es,1,spanish_pd_books
c1944f0f740591ca0dd8bfcf6d857aa4562e10422b290b7f028b75afb76420bc,1,-0.0,0.0,social_media,1.0,2,ko,1,exorde
c19707aab7898798a1958f646db1b43b338d831b0d282be5d904a9135fa3fe55,1,-0.0,0.0,social_media,1.0,2,ar,1,exorde
c19f5ed2a6982ec0a874efca203c865909885350ee0f239eb18fd2a225018ec5,1,-0.0,0.0,literature,1.0,2,es,1,spanish_pd_books
c1a16f7f917bbf0c492b59526f188ceaa90a67d0b520dff01ec3757f4235a518,1,-0.0,0.0,news,1.0,2,zh,1,babel_briefings
c1a96c1a603b7493142197b905b9bb5b9484b6d5248e2cc0628275b7d68b84f2,1,-0.0,0.0,social_media,1.0,2,ar,1,exorde
c1aa190f8c85c4d82f3a8ad2cf635cf5d5e3ebbe4870f67e646fd4889317931d,1,-0.0,0.0,social_media,1.0,2,ar,1,exorde
c1b46ccaa6be3cafa0dc53112441321e29927043f42ec4e1fef5533bdc65923a,1,-0.0,0.0,news,1.0,2,ru,1,babel_briefings
c1b8e1a7cc2f022a4b16622df39a38b16ecd2f2e9b1a9a36bc749258bd173bd9,1,-0.0,0.0,literature,1.0,2,es,1,spanish_pd_books
c1b96887ad52b2492be485112f8f4f864d4061699d3652da6432aee029197518,1,-0.0,0.0,news,1.0,2,ja,1,babel_briefings
c1bbc5494240cc9a9d5daabeb62918aef3c39dfb826572d8201fc02657252ab5,1,-0.0,0.0,social_media,1.0,2,ru,1,exorde
c1c3f4827b1c4a23b67d2d367d848931600302ab194a77a67fb3f19f40cd2309,1,-0.0,0.0,news,1.0,2,zh,1,babel_briefings
c1c871b51f143a149a8888392159d9f317378c9fbf4c99598375a4cef7e3a157,1,-0.0,0.0,media_reviews,1.0,2,zh,1,douban
c1c908c638411959b39722ef781daf47a8565d0daed539f72af6169e9212633e,1,-0.0,0.0,news,1.0,2,ar,1,babel_briefings
c1ccdf4bcdcf063fc2b7865fd2b963b30bb86821e295a07c24215ce8c1c6b97e,1,-0.0,0.0,social_media,1.0,2,ru,1,exorde
c1d17fb0c29c768d2fbe8b25636ac0251becb45cff57b653c8ba047a936dc70b,1,-0.0,0.0,blog,1.0,2,en,1,blog_authorship
c1d9ebe34725a1ec5f1e73b1ca10e026046be8bc433a4d90254e6894c30f0c2b,1,-0.0,0.0,news,1.0,2,ar,1,babel_briefings
c1e8e07fcb100219da76a7af02fb4ed3e2429f4a4483812e294eba99bb4f0ce7,1,-0.0,0.0,news,1.0,2,fr,1,babel_briefings
c1ed3ba820e8f245a458edf72d02066a501cf2ea8da181ba57ba9fba4733bb80,1,-0.0,0.0,social_media,1.0,2,ko,1,exorde
c1f2d54cbec243f2f746534e3e241316272dbdaa4ea64b004b52afb04108f12b,1,-0.0,0.0,news,1.0,2,ko,1,babel_briefings
c1f51ef24b2cd0c1e208e12e93a43356654f40b47db8937b95fa2ebca495fefb,1,-0.0,0.0,media_reviews,1.0,2,zh,1,douban
c1fa433e9c4a6ca5cd1237b09f4c4ec46929f3f12556f1b8a3db89756db43b8a,1,-0.0,0.0,literature,1.0,2,es,1,spanish_pd_books
c201d6666708ab38e5871ef2c159f93f4f3af4734e7ab0cb888cbd248241c786,1,-0.0,0.0,social_media,1.0,2,ko,1,exorde
c205a458716492bac12ff48d96e2d8ec288107449fac76380b367b73ff06a881,1,-0.0,0.0,social_media,1.0,2,ar,1,exorde
c2082033039b4b29517eb3a8db6f3dbf2f99bfff10f24acf6735be893b1a50fb,1,-0.0,0.0,social_media,1.0,2,ko,1,exorde
c20b41d9e2b9afe30113a0a6a803662eccb3a86fe5a143632c721d7924409c0f,1,-0.0,0.0,news,1.0,2,zh,1,babel_briefings
c20ca1ed9cadeae4473c0d1ac958c5ea85afa9452b755d06f92da48f79b30d62,1,-0.0,0.0,blog,1.0,2,en,1,blog_authorship
c21289e995bddb63a024e70e8b0b2dcbde135910685985468be619d352c68d3e,1,-0.0,0.0,social_media,1.0,2,de,2,exorde
c21dd9e306692d80dab5424bed275ef4ff2955aa90e3992401d71d85da04f898,1,-0.0,0.0,social_media,1.0,2,ko,1,exorde
c21fe42dc14a005bdb8292f7d127320a140f6a975bba97bb1dbaa07803d098b1,1,-0.0,0.0,news,1.0,2,ru,1,babel_briefings
c22a4db96e8f8b999b169a06f6da22081df3a03d2cbd1f6e2e219311872a5a14,1,-0.0,0.0,social_media,1.0,2,zh,1,xiaohongshu
c2416fa12e6cda23bd13f9bb62afcda38432059d4c85e76ff57b832126ebd040,1,-0.0,0.0,poetry,1.0,2,ar,1,arabic_poetry
c2514aa10c1766422380875d9ca466add7585de7bd5bf81890200edd48d2014c,1,-0.0,0.0,literature,1.0,2,es,1,spanish_pd_books
c259196133c5553ac9fe0c43d40ba44e3c727ec6f1bbb4c7e7a173f613722e4d,1,-0.0,0.0,media_reviews,1.0,2,zh,1,douban
c25eb1a9ec81d4859c8bf08fbb837fd7864d1a513bec3b6a8e66ca50f74f5595,1,-0.0,0.0,literature,1.0,2,ru,1,russian_pd
c264f705b444dce76e8c5f8d138f52f1732486202499d764dfbb22f00c3a6f13,1,-0.0,0.0,social_media,1.0,2,ru,1,exorde
c2810cdb160d04e5b49b741831573994fa2a40b18215c3e8b5590eedb9601aa4,1,-0.0,0.0,news,1.0,2,en,1,babel_briefings
c28cc43aa50c6b16482e6e3955c2093c2c2d12e944e2cd0290078f4a02cdc9f7,1,-0.0,0.0,literature,1.0,2,ru,1,russian_pd
c28fde058a948c49ce18203083481b6213c983a3ed4b668ff7767fe0367eecaf,1,-0.0,0.0,news,1.0,2,ko,1,babel_briefings
c29792ae2d842d6956a731d90f4dca9a5337114aefc89a331af6fc687ab1d61f,1,-0.0,0.0,blog,1.0,2,en,1,blog_authorship
c29b019f66384c610fc33bfefcdf12b3adc4e57c87c9d631f6d721284ee27c5f,1,-0.0,0.0,social_media,1.0,2,ar,1,exorde
c2a80e5cfe05865c63c08c03b55c3c2c35adc2b333ac36b08aa0f6235b1c5699,1,-0.0,0.0,news,1.0,2,en,1,babel_briefings
c2a90b2c1edb9fb2d6a2d8086138f7961167e8a9e434e65b74247c39822b8cc7,1,-0.0,0.0,news,1.0,2,en,1,babel_briefings
c2b36381fa4a69260ef2bf64c62a857fc715f1069113fe4bbedef58df186f20c,1,-0.0,0.0,literature,1.0,2,es,1,spanish_pd_books
c2c41c48f6c4f5b2db5eef2954d6d7bc5a9b1624827f8c4ea1c491857665001a,1,-0.0,0.0,poetry,1.0,2,ar,1,arabic_poetry
c2cdbcd8f9f60a181900743bbc3f41dc1d7051b46ea8404da902021dab9882cb,1,-0.0,0.0,poetry,1.0,2,ar,1,arabic_poetry
c2fdcb5f64fdefc7e2392a972cc9be09f26b7805a14aa19d41db289ccf1512a5,1,-0.0,0.0,news,1.0,2,ar,1,babel_briefings
c30a9ee7e3d9b62a62f81044b15eb0b379c1513b13f06e2c2585a4f56fd6a108,1,-0.0,0.0,social_media,1.0,2,hi,1,exorde
c30d363d4b985268c3eb767d919f94f9bd0e4e97cbe1e5f42d5436ce1a35c2ea,1,-0.0,0.0,social_media,1.0,2,ar,1,exorde
c30f0ce9524eeb09d47cd24a059b2de5d01fd64fb7f7de39485d39e549831f7e,1,-0.0,0.0,news,1.0,2,ru,1,babel_briefings
c31a64c5985329017f410ee1cdab51001c93eb7bb46c4afd9ee8246df43a6252,1,-0.0,0.0,news,1.0,2,ar,1,babel_briefings
c3275b8e0678d8afb472cf0332fc42d87f50dcbf05d0a75fe94ff004d7f1fc56,1,-0.0,0.0,poetry,1.0,2,ar,1,arabic_poetry
c3411786064c7d69c527eb7a5d0f1d434ab8b67647e5a100c24c83b1a1e0211c,1,-0.0,0.0,news,1.0,2,ko,1,babel_briefings
c34326a883b0e244a664a004b3369cfef57afcc11caebd0a5b024a49d60c8c60,1,-0.0,0.0,media_reviews,1.0,2,zh,1,douban
c34c842b1ddba764468241093e0d9e2f3d484dbda27095a7b6405da6751af250,1,-0.0,0.0,social_media,1.0,2,ar,1,exorde
c35370094ae3d4cba1b173a08d005bdc1a15695fdf4f1971fc236b16c6a642de,1,-0.0,0.0,news,1.0,2,fr,1,babel_briefings
c3567b24c5e87f8f0955a92e6983ade2d382df24a3a8ba39e0be13690f698d48,1,-0.0,0.0,news,1.0,2,ru,1,babel_briefings
c3594461ca74edf9717099e073216cd710a10cc921d7dfee6dd986ab42ac0d18,1,-0.0,0.0,news,1.0,2,ar,1,babel_briefings
c3707e3b9bd3a8833ae983d8030452671a50d56e3b78cb1ac6c5f670e8eccc2c,1,-0.0,0.0,news,1.0,2,ru,1,babel_briefings
c3817c242b195fca9fad3bd59f8e4c7eba94c18127c651d341454f24788e18a4,1,-0.0,0.0,literature,1.0,2,ru,1,russian_pd
c3817f5d3c0dd03c84eac56e274ed0007bc8c49c80d0ce36eff38e9460a4925d,1,-0.0,0.0,media_reviews,1.0,2,zh,1,douban
c38b4ffc00bea9e67eeb801c10c08a15828fe268a6ea4d9be87234c4193866e1,1,-0.0,0.0,media_reviews,1.0,2,zh,1,douban
c396b73784fd376e76a6c3d21fef60cffcb6a6949d5f006f46d97a812d9cb9fe,1,-0.0,0.0,blog,1.0,2,en,1,blog_authorship
c3a79b3ad147c879871a9a715711495b8cbefb38fe8169ded9808115d6902963,1,-0.0,0.0,news,1.0,2,ja,1,babel_briefings
c3ac421b7a6ce26ab6eab79a058a8a25b43fa1993e60090c4e4bc5ab7e6dcc22,1,-0.0,0.0,social_media,1.0,2,ar,1,exorde
c3c2f9d594f9dc1d4dfc55f21e432c2ad3807345a2afa33f6752e1a4d15f2fc9,1,-0.0,0.0,poetry,1.0,2,ar,1,arabic_poetry
c3c5b7554f3b07598017d7251e10b9c9c076341fd682ed5ba8bbff9fa14cbcc9,1,-0.0,0.0,social_media,1.0,2,ko,1,exorde
c3c7743f4b378d7b1776bd8a49032b6d29cb764d1fc0848b11cf78702c6044c6,1,-0.0,0.0,social_media,1.0,2,ar,1,exorde
c3cd4a007f1cf1c17485c2dae1bbb70f8180233ab4b4002e5af52e6516da06dd,1,-0.0,0.0,news,1.0,2,zh,1,babel_briefings
c3dd820987f77e00aeda66b92b2b18c833329c4afb03caf6eefbaaaf46d0be44,1,-0.0,0.0,social_media,1.0,2,ru,1,exorde
c3dde5df5c27c0d8969d7b602e86292dec4ac976ec879ae89f98f73dba06c436,1,-0.0,0.0,news,1.0,2,ar,1,babel_briefings
c3ed1b8aebe49c976f7833f2becd9912f7239ec8bb5ea196c352dbe65b5c560a,1,-0.0,0.0,social_media,1.0,2,ar,1,exorde
c3f44d41061b0214e0e5c464f7c5aae3af4803e23f724e97267a5b9d2e2b92ff,1,-0.0,0.0,social_media,1.0,2,fr,1,exorde
c3f726179c5e9eb4e8d76e5f57d5f3fc0ad05f1c8918cc3b83eae0ab35c1aa0a,1,-0.0,0.0,poetry,1.0,2,ar,1,arabic_poetry
c3fc3e1060aa5102492fe7c761524a1e03f57255970fc19c332247bddcea60e7,1,-0.0,0.0,news,1.0,2,en,1,babel_briefings
c42e7dbdf57ed9b67b0a55a4968da8119754ded8b1b66e47b6675117864d19d1,1,-0.0,0.0,news,1.0,2,ko,1,babel_briefings
c440d4a5242e67793ed34dd609e68b26c311386377a42abfb3bab11ec3c92460,1,-0.0,0.0,literature,1.0,2,fr,1,french_pd_books
c440dc295ea9aa220a4c7f376c4ff87c0eb88f57c55138b87b7edda7335bb17e,1,-0.0,0.0,news,1.0,2,en,1,babel_briefings
c442a70728b2c58b9abaa17d5b1c0c21736f3f5f5772abcc3ae492c5d289d791,1,-0.0,0.0,literature,1.0,2,ru,1,russian_pd
c443b584720f360b62cc847d4129084a925da013c33a32313873535ad83bdfbd,1,-0.0,0.0,news,1.0,2,ar,1,babel_briefings
c4474ac828c4dff6e731fe16b69ac5e416107286d7013387f088752a2b6bf85a,1,-0.0,0.0,news,1.0,2,ru,1,babel_briefings
c447b6fcf68e6c16654fbea0e5e6c2093ac7a35c64947c9ce21273dd08555237,1,-0.0,0.0,social_media,1.0,2,de,1,exorde
c449043f8f9ad600e7c68f2d8ac632b1a8a1a32eea3d7b3eef73df474191f278,1,-0.0,0.0,news,1.0,2,ar,1,babel_briefings
c4506cc235b148015b6537e8365549cbda6aaa540ccea07cc264be9d3ad95862,1,-0.0,0.0,social_media,1.0,2,zh,1,xiaohongshu
c45bb89915acfe994ed6c54deb2c73276f03dec88f5e51747b9e323de0691479,1,-0.0,0.0,ecommerce_reviews,1.0,2,en,1,amazon_multi
c45eff9d91d3f8a56940f17defc2b558339a5cd325208e5947438f2d37e1df63,1,-0.0,0.0,ecommerce_reviews,1.0,2,en,1,amazon_multi
c4672f94de3eb02d76f203501de4e1e1e8e6833fe99c61af6cd7ac18060621bd,1,-0.0,0.0,literature,1.0,2,es,1,spanish_pd_books
c46911fcd474cd51937778027cdcca9b7a5cfe1356264c9231ae0952d5baef45,1,-0.0,0.0,news,1.0,2,ru,1,babel_briefings
c46a1f85b78be686d86c91c9cfdf52d7ada9cba4a867eeeec6992e3f3cc480b0,1,-0.0,0.0,poetry,1.0,2,ar,1,arabic_poetry
c48e55fd4c7de30b417ee2700b8d11ecb557a9ba126d634ba15bb8d2e805a50a,1,-0.0,0.0,social_media,1.0,2,ar,1,exorde
c494d1e73a4e2ab7370c4928f6e27413e1065c00b18d233327fe42348a658a94,1,-0.0,0.0,news,1.0,2,ar,1,babel_briefings
c4a82c624e5a90fbc77eff309d6c65947a0c83aa18ae55339c79a621c8bb14e7,1,-0.0,0.0,social_media,1.0,2,ko,1,exorde
c4bd6134d6fc92de4613e8feb392fdbacc478319fe3df8647e4548d368a510bb,1,-0.0,0.0,literature,1.0,2,es,1,spanish_pd_books
c4c43a73eca53e8773781b3f56dbeeb316d2e16919cef024d1c0047b155192d9,1,-0.0,0.0,literature,1.0,2,es,1,spanish_pd_books
c4d88f4d257d7db42b4ec869286794fd61bb4288906dedc04aaf9028f345ad89,1,-0.0,0.0,social_media,1.0,2,de,2,exorde
c4e4480ed48f28a6302f7419f3c459c7629740587933e86dd9a3b2855bbecbb2,1,-0.0,0.0,poetry,1.0,2,ar,1,arabic_poetry
c4e5a575546fb75d069177aa7a55802d9508489ca2b157fb9c20b3f63dbfebad,1,-0.0,0.0,poetry,1.0,2,ar,1,arabic_poetry
c4e5d5fcdc2b7b8b5b8e3b5bfe9895b40ad561f4bed97f4f6307b4d590f1628a,1,-0.0,0.0,news,1.0,2,es,1,babel_briefings
c4f181d24b2d77904fd6fb01c9c0fee52155c81765af26a754643a7f697fa384,1,-0.0,0.0,ecommerce_reviews,1.0,2,en,1,amazon_multi
c4ff55d047ed19ad4eebcd52285ddec001a377932d76f01e52710d15eefa3489,1,-0.0,0.0,literature,1.0,2,fr,1,french_pd_books
c5087c8ae8aa96b634478c95252730e9ad8a4dd8f054b66431b241b29433a2df,1,-0.0,0.0,literature,1.0,2,es,1,spanish_pd_books
c51f8db142dacec4196cbb8a31eed4773fb1b1150408f29ad50e386265221c07,1,-0.0,0.0,social_media,1.0,2,hi,1,exorde
c522fb88a77deffb60bae447698cc2a5f5ed09bf6ff2ca9f8dbc2a395b3c5733,1,-0.0,0.0,media_reviews,1.0,2,zh,1,douban
c53158f241476876c37baa30831288e6c0e8e12474f38cd8bfde0495332d7f84,1,-0.0,0.0,ecommerce_reviews,1.0,2,en,1,amazon_multi
c54efcb5828b93fcb5f0a0a0ab1bc77ba34c1b84faa44a530d59f10089550d9a,1,-0.0,0.0,poetry,1.0,2,ar,1,arabic_poetry
c5508e735efd3d3e63f0f1f5ce06fe4e1ac9d1784ac523714b8bea764740286c,1,-0.0,0.0,literature,1.0,2,ru,1,russian_pd
c564ce7ec36ceaf80d74c589ee1906a200a308d37bff25c05d016c04d9718258,1,-0.0,0.0,literature,1.0,2,ru,1,russian_pd
c569889837e5ad7d69feae8ad6253b768056eef66fbb5ee13e17e86ad37070fe,1,-0.0,0.0,literature,1.0,2,ru,1,russian_pd
c57ae3ee34068826d21f4a2a970368b640ba7ae12e62f15b28172aa736726ed6,1,-0.0,0.0,media_reviews,1.0,2,zh,1,douban
c584d40ded2d6415b96144e5c72b6381d069aee694113d1c90f356b8f3172b79,1,-0.0,0.0,social_media,1.0,2,ar,1,exorde
c585fe71154068e9eb2045868bd01d2ca8f49e90624599c26deeec4dfced80d0,1,-0.0,0.0,social_media,1.0,2,ar,1,exorde
c590bb082886386356670250fa4834d836f58ff4ca6b724a66b8e25ac82a5f5e,1,-0.0,0.0,news,1.0,2,ja,1,babel_briefings
c59cbbea9b477b6c965490b9f792ebcfc97f0fcead7f7ae0de34419aca8fd5be,1,-0.0,0.0,literature,1.0,2,ru,1,russian_pd
c59dcd7c0293dc17ce0ab03fd64381aceb87cb9b5825797e31e9bec91758c159,1,-0.0,0.0,news,1.0,2,fr,1,babel_briefings
c5ab35522c797a528a8f8b919f0dc50cd563e54aa5a39bf87c8b8d441c664773,1,-0.0,0.0,news,1.0,2,ja,1,babel_briefings
c5adb460ddca5eb797b4e6b1b26ba4b3ab35e7d0b11742c02659da1a607ed8d1,1,-0.0,0.0,social_media,1.0,2,ru,1,exorde
c5bea8b9eaaa028b8930c555161d16cb58f8e8f0206041a8ffa4e07d5d68cdc2,1,-0.0,0.0,social_media,1.0,2,zh,1,xiaohongshu
c5beb482f7dca777d26a7f3e3c6f868cd9dd8b382e8791dfa94b8429485dab20,1,-0.0,0.0,literature,1.0,2,es,1,spanish_pd_books
c5c6d107793b0efc90ffaafe4245ea39db8d135ba34fb67474f2780de2155d14,1,-0.0,0.0,social_media,1.0,2,ru,1,exorde
c5d478d391853bec5bf52c1ddcd34b6551522edec9295159286c290991c1dc56,1,-0.0,0.0,social_media,1.0,2,de,1,exorde
c5d6191e4672226d08c4f5d040d6e39600ef28edbb620b857846e66c3eeb9255,1,-0.0,0.0,news,1.0,2,ja,1,babel_briefings
c5e091b934fa13f5c7e4e5d0eaed2d37ea105a8785275dc12b81456bb3bfcf24,1,-0.0,0.0,social_media,1.0,2,ru,1,exorde
c5e75347bba9a36866360024cf755eb9bc3921de2ddf30be3ae2febe456b994c,1,-0.0,0.0,social_media,1.0,2,ja,1,ytcomments
c5eba04fefccfd457812e9cd07d0ab5b3cd5b962490d979cf7c2877b5683d559,1,-0.0,0.0,social_media,1.0,2,ar,1,exorde
c5f367d7134832d5e6bdceeacb3c47e49443a05b62ded49236814a4427055ff2,1,-0.0,0.0,news,1.0,2,ar,1,babel_briefings
c5f8c28da04b4d8a3ab60d43cb1ccc4f5be2276058ac8fd9b6462e2cab8adce8,1,-0.0,0.0,literature,1.0,2,es,1,spanish_pd_books
c60f3b15c405ff7af7a7041010efe8b90b00e4589820c75544051df474fd9ee8,1,-0.0,0.0,news,1.0,2,ar,1,babel_briefings
c6146738d4af5dda5aa1d0f2459d01b116e437a7f1c42544d95afbe29639e0a4,1,-0.0,0.0,social_media,1.0,2,ar,1,exorde
c61725c73f3523ef6dff3dc25b7e09be59e03961fdb8c909379e71a3ea7215ae,1,-0.0,0.0,literature,1.0,2,es,1,spanish_pd_books
c6360fe6294fffb4062dd8541086f8c06f80cdfa4214a0ef5de719608abe38d0,1,-0.0,0.0,news,1.0,2,ru,1,babel_briefings
c642a1e8d029bfb73ed4397111704be5e6880050c8af630281250aa186460dbd,1,-0.0,0.0,social_media,1.0,2,ar,1,exorde
c6431cf9f2a53809d58cabbf0be0e79ea3ea25b4363da564956d6104d9eae8b5,1,-0.0,0.0,social_media,1.0,2,hi,1,exorde
c65057709f1a5ee600ee2a16192e408cadbe570214ec229815393a83858c2018,1,-0.0,0.0,social_media,1.0,2,ru,1,exorde
c65bbd889e7d15eb6bedf8e468579875ee52d7d34356fadec22e5ef8fc6059b0,1,-0.0,0.0,social_media,1.0,2,ar,1,exorde
c6783d67167c70da6e8460e9319a5f43abf39a39aeb18541a1181a85fa3d2191,1,-0.0,0.0,media_reviews,1.0,2,zh,1,douban
c678dca49a073c4fb0a8853b824054c7fe03314a80a4c0437c137169ce720826,1,-0.0,0.0,literature,1.0,2,fr,1,french_pd_books
c681ceca278422f60c1ef00eb049df2270c38014c1be35b364e1b6cf05c81f00,1,-0.0,0.0,news,1.0,2,ar,1,babel_briefings
c686e41b7c5b5fd07438197df6b6f4f5f8d52741f1cd424c8e7b7a93c30588d7,1,-0.0,0.0,literature,1.0,2,es,1,spanish_pd_books
c69a63ee7b858d9500d3abfd1f06c4d85239fdca5b156d9285478ec5193d46cc,1,-0.0,0.0,news,1.0,2,ko,1,babel_briefings
c6baeda5fa184cb63ddf6f69328c2ad2c8abcdb346b4a2d0205ef586d2162bdc,1,-0.0,0.0,news,1.0,2,fr,1,babel_briefings
c6dd8f7c9a05f9beb31a01bacd3e8fab39cf09418373332ccee42a13ddde6d2a,1,-0.0,0.0,news,1.0,2,fr,1,babel_briefings
c6dec484376f21b8f4103df74cd1095fee2dcc6ecb353dcb6d3499b9dd12cdd7,1,-0.0,0.0,news,1.0,2,ru,1,babel_briefings
c6e0b0a772fa72420af1adf84439eac5ed2a8bf1c89117aa8672f4da01722a00,1,-0.0,0.0,blog,1.0,2,en,1,blog_authorship
c6e6f81cfdc340ac1d13fd3c228af9550c93480176b7067bfe09990b1e19f6ce,1,-0.0,0.0,social_media,1.0,2,ko,1,exorde
c6e80ac535658ec21ed3c2be29f5fc76c50d6bbd80a07d68739eeb414d45a8a7,1,-0.0,0.0,news,1.0,2,ru,1,babel_briefings
c6f1f96a7a4c00a3889eebbe4d26cc5b1df3c356c95d99e553f634c70c9f0b4e,1,-0.0,0.0,literature,1.0,2,ru,1,russian_pd
c6fdfcb6d7e3148fbca1e6db39d5d013ff9bd85d0bba39e39ace14c45d8beaf7,1,-0.0,0.0,news,1.0,2,ru,1,babel_briefings
c70846ce24366795a4772cfc9472ccc17a4461d6873993186bdb70ba4ad837e6,1,-0.0,0.0,media_reviews,1.0,2,zh,1,douban
c71473f22a807af7db8b0bf2892e679a16ad1bf485616f0ba7d7bf67a9fcfdc2,1,-0.0,0.0,media_reviews,1.0,2,zh,1,douban
c7198855fee871d357adbc0a50c10cc4c22bdaf4a969554c8af68a62e63e61e1,1,-0.0,0.0,literature,1.0,2,fr,1,french_pd_books
c7320a27045147c6c1bbf3b87e0b5b54b72d00efd6f70837655133608a0a9416,1,-0.0,0.0,literature,1.0,2,es,1,spanish_pd_books
c746bad9f0923c3e380b6b348447cefddf371eeda9b8051d4dc52abff9a4e1e9,1,-0.0,0.0,social_media,1.0,2,ar,1,exorde
c7495139e5d3d60e78baace3b786f9d7be70156511814e90a6158cfee5f35b69,1,-0.0,0.0,news,1.0,2,ko,1,babel_briefings
c7508e70501396e480dc187200326567352034c8f022811aa7d5b0a29dd08bcc,1,-0.0,0.0,news,1.0,2,ru,1,babel_briefings
c750fba0c8d4ced86978ef3b4961da29828a031f2b719dc92ca0a627ef61f780,1,-0.0,0.0,social_media,1.0,2,en,1,exorde
c761be57a42ab23efc9f525e5cb6c944d3e116834d2c1b8fc2c78155f8fdec96,1,-0.0,0.0,social_media,1.0,2,ko,1,exorde
c7625119602a45c4e183d664908deb1bde2378c9b52fda64942612727851abed,1,-0.0,0.0,news,1.0,2,ar,1,babel_briefings
c763ce13a8c5b76b7cbb79360f3a13ea482dc19e07fca5205332e148f964bebe,1,-0.0,0.0,social_media,1.0,2,hi,1,exorde
c768f7227788b61007673b3aa3a6588a0cc821f9adf524154e5b9d54ef65d666,1,-0.0,0.0,news,1.0,2,en,1,babel_briefings
c7710326f842b12cafbbb096408b2b8492b6483f8e061f931667413f656bdcaa,1,-0.0,0.0,social_media,1.0,2,ko,1,exorde
c77a2e5c2e649f98bbf9a409fef5a2eeb99a48c3c7ebb962c96575f7f750a59d,1,-0.0,0.0,social_media,1.0,2,ko,1,exorde
c77de144daca171967c42fbdfd1f36a4d264f19a72af2b7520e536e825f80678,1,-0.0,0.0,literature,1.0,2,ru,1,russian_pd
c7839a28ba9ddfac04ab17e6c278371600eb51dfeccac639d97b0d71e4f099f2,1,-0.0,0.0,media_reviews,1.0,2,zh,1,douban
c7937d7f96945b8cc94e4c07700fb382f4a148f818624bea5c4980b4b7bce839,1,-0.0,0.0,social_media,1.0,2,de,1,exorde
c799af7606757f58b1ea0ad1de87bc770588e1c7a41b2079dbafe65eb4228383,1,-0.0,0.0,literature,1.0,2,ru,1,russian_pd
c79bf019f22f228c15cd211940d1e5f302e819a8bcd766f4ce279c65e7d84576,1,-0.0,0.0,social_media,1.0,2,ko,1,exorde
c79c3e5c79bdc41d5ca54d35d49d5f4d47c0a577081cad977688c428da798626,1,-0.0,0.0,literature,1.0,2,es,1,spanish_pd_books
c7a24765e0056f32f311c91464f3184c7783185a7676df3e6eef3c532647deaa,1,-0.0,0.0,news,1.0,2,ja,1,babel_briefings
c7c040f6fb460c9d47cbc65c47fe81aa5ababea61e328ee44378833f95a81968,1,-0.0,0.0,blog,1.0,2,en,1,blog_authorship
c7c37c0e557b6a22c2688e28d60e00a233578c02d2b5a2807c540a919a402a01,1,-0.0,0.0,literature,1.0,2,ru,1,russian_pd
c7c3ce856c678e61340e5ec968238bdced47d761c002378dafd5d9c03d29925c,1,-0.0,0.0,social_media,1.0,2,ko,1,exorde
c7c5c7c0de3b048cf26c115d4280bdd8d65a25018a1ec282227a305aeff7ef8e,1,-0.0,0.0,literature,1.0,2,fr,1,french_pd_books
c7da39ed9d6aeb44c0e58ca338171bf1b814f886796a2f8a4c4feee71975e99a,1,-0.0,0.0,blog,1.0,2,en,1,blog_authorship
c7dc4c8e74f2a5e3cd8fe82f25c6a4861a6d005b0481fcd95017f77b491d0037,1,-0.0,0.0,social_media,1.0,2,zh,1,xiaohongshu
c7e832cd55ad2492001686c1b4066866012e8d9eebc22382e0498853ba322adc,1,-0.0,0.0,social_media,1.0,2,de,1,exorde
c7f0fcc9e59ff9912f240d6e760a248e2032976f7ea98f6191c62bc6e4024b07,1,-0.0,0.0,social_media,1.0,2,ko,1,exorde
c809c1778813d9d030e2233937d6b75980d5fa8d52ce50dc67d1ebf5b71be7cb,1,-0.0,0.0,social_media,1.0,2,hi,1,exorde
c8227e2629552bc4a5d61c8f76c9bdbb60d5f07bad9640ebece321691bbd048e,1,-0.0,0.0,media_reviews,1.0,2,zh,1,douban
c8260e06bcbf5d49f5721ef829bdcc46843dc8f65f9eef01c3b4ba992fb270f7,1,-0.0,0.0,social_media,1.0,2,ko,1,exorde
c826457f24d19279e121838193fd798b0bef2ce58579d6b804e84738829502b6,1,-0.0,0.0,news,1.0,2,ar,1,babel_briefings
c830fddba3ee8472d58bee947a0ea8c5e4e06a16c72a3365b9b9fbc736062652,1,-0.0,0.0,social_media,1.0,2,ar,1,exorde
c831bd163f5c0de6a307f99ce1df7bf066678f3960f7bfc62ce0451ae627cedf,1,-0.0,0.0,news,1.0,2,zh,1,babel_briefings
c8489fd9678f4f60a5ace3cd0569f2b1088059a285b693c922c2577c44b3ba20,1,-0.0,0.0,news,1.0,2,ru,1,babel_briefings
c84c9f1f9853861cf055be92d46ba04920ed8049b55d4571e42ad321f70641c6,1,-0.0,0.0,media_reviews,1.0,2,zh,1,douban
c8540e7f2fa83df7fb630130af1cf1da53d0bfe06938f15f12e47555753a597e,1,-0.0,0.0,blog,1.0,2,en,1,blog_authorship
c856f58d9a8dde3174726fe2c1353603de98ef3cc78d4c4f448d6b9e91273bba,1,-0.0,0.0,news,1.0,2,ja,1,babel_briefings
c85a3b706e2e84fada128a4e196a353a66d374a3377c6632769d5c7bfc0b3baf,1,-0.0,0.0,media_reviews,1.0,2,zh,1,douban
c85a617ece71b5661e61e727ce0cd1f3907e384185b2261160f2e88a7f1777d2,1,-0.0,0.0,media_reviews,1.0,2,zh,1,douban
c85c8540fb831bd8788874cc3de49a6fd537913202bcadd702a71f887373f129,1,-0.0,0.0,news,1.0,2,en,1,babel_briefings
c8625a5a19dfa170e7ffb768c636d9e1666625416dec7e1819060cf89c897080,1,-0.0,0.0,news,1.0,2,zh,1,babel_briefings
c865127e8d07b989592e39a5069e2f095aafff1cf2f96297ab11faa0416a094c,1,-0.0,0.0,literature,1.0,2,fr,1,french_pd_books
c8662e9bf7d96fb3cf4f17aec6424a453fa15130759a4834771aea97de0346a2,1,-0.0,0.0,media_reviews,1.0,2,zh,1,douban
c86dfb8e102fe72486becb3062bd07f072dd2b744c6b035503eb81c68a51ba2e,1,-0.0,0.0,news,1.0,2,ru,1,babel_briefings
c882c5b2e2d15d71dc4b44a581a90ee09318354d89d4e2d9c114558fba2a3ac1,1,-0.0,0.0,news,1.0,2,ar,1,babel_briefings
c8841e5316d749e5d8a86276e319782b688a79636c628dcd4da824b65b5875de,1,-0.0,0.0,social_media,1.0,2,ar,1,exorde
c887d39af3a99986cd6736eeea116fb8d8273c6d221ea500db27d91abccb0f2e,1,-0.0,0.0,literature,1.0,2,es,1,spanish_pd_books
c893c702db23f50f07a25d3de7fb3a1c39ff76b7f3e87f90b146b422d3a88349,1,-0.0,0.0,news,1.0,2,ar,1,babel_briefings
c8a20bfa0923e9e6c0c3d61ccb871fe90beff8c1314ed0b890f8a8f10a6eb058,1,-0.0,0.0,social_media,1.0,2,ko,1,exorde
c8b14fea1d14add362ec283a5e99d024ca9bd3a614be1efa73019f822c6e36f5,1,-0.0,0.0,news,1.0,2,ru,1,babel_briefings
c8c695b6e6ad3eec2f5ace797c17b3a125d17a3d0b781655ff5e921cb72654e3,1,-0.0,0.0,literature,1.0,2,hi,1,hindi_discourse
c8d492a5afb7869ec82b2be508859abf5685b1fe8f7a1df10f7f65481abda9b8,1,-0.0,0.0,social_media,1.0,2,ko,1,exorde
c8de779161cd304c297064928bdce210528a1767bd57c4f9a29b239af78c5a6a,1,-0.0,0.0,media_reviews,1.0,2,zh,1,douban
c8e372ff1b2d9b444c47d77c7dc235a3b908cfc58f36c984efb88597a919bcab,1,-0.0,0.0,literature,1.0,2,es,1,spanish_pd_books
c8ea5e8ed131b545c04005d0a04ad08381cbe3b37d40d795da7ac6eac3b9022a,1,-0.0,0.0,news,1.0,2,de,1,babel_briefings
c8f1f086c4af6fb8c18c8c0030673d1bcef917c3dcb16e6235bc460c6fe3e481,1,-0.0,0.0,poetry,1.0,2,ar,1,arabic_poetry
c8fc9474d990ef9a723399165fe8a68373521ad50b07418bac52754e5db10000,1,-0.0,0.0,literature,1.0,2,fr,1,french_pd_books
c9050829d8aeaa0048460ae8185330990f12b1f8a384b92b4cfa7bb4b6b814b6,1,-0.0,0.0,literature,1.0,2,es,1,spanish_pd_books
c90a02aebfd276fb98eb1f953cf7c3fff21399042cbf40cd78ff447caf030072,1,-0.0,0.0,social_media,1.0,2,hi,1,exorde
c90a40a96333b950f136f7df6ad1b6b5080edc60f30cb6721dead6fd50e4cf14,1,-0.0,0.0,social_media,1.0,2,ko,1,exorde
c91fb56ec172228a39d01f79e009a50c80b9b9bb9e17805443863badd11485b3,1,-0.0,0.0,literature,1.0,2,ru,1,russian_pd
c92a6eaf65c6d3b783aaab91ed5534cc1961ae675d288beaaad08ad856e49e1a,1,-0.0,0.0,literature,1.0,2,ru,1,russian_pd
c92e795bede7d215007c3658c56e29f132226efeb3a17208238f8ad2897ecc55,1,-0.0,0.0,news,1.0,2,zh,1,babel_briefings
c9321c77b70ae678aa704ec70a40b1b6c76a25bedbacfef4cc12467704d77466,1,-0.0,0.0,poetry,1.0,2,ar,1,arabic_poetry
c933e87625836bc69379c99076227ec15ae8d61ac1a12c1982af582bad52347e,1,-0.0,0.0,blog,1.0,2,en,1,blog_authorship
c93c015a63f5bb4a6edfc7873ffefbf269322a4839633d7a10602fbd9c115b50,1,-0.0,0.0,social_media,1.0,2,ko,1,exorde
c9429edf3c1c0bd3f79cf849f1cda89d905db1d353abf6b38e56f85fb80d2f3e,1,-0.0,0.0,news,1.0,2,en,1,babel_briefings
c950906fb912f20ffaed5a584c42ea926db1b1ce367292e9a39afc13aff20dfb,1,-0.0,0.0,news,1.0,2,ko,1,babel_briefings
c957a50f07d3e309bb370777dda4b8fe1dc8caf42fbad23ab78f404c068cd47a,1,-0.0,0.0,literature,1.0,2,fr,1,french_pd_books
c96ab14cdca96595c10448f33bd4993d299e0a587abcabbdbbcb2b6e79773b14,1,-0.0,0.0,news,1.0,2,ar,1,babel_briefings
c97c3ef76a2230807f18d8b3bcd1102e86ddc8ac8a803e557b61c8115ea50bfd,1,-0.0,0.0,news,1.0,2,ru,1,babel_briefings
c9921f315af4e5eb391060270ac1d570f20c80ea2144893e6d254278684785bf,1,-0.0,0.0,social_media,1.0,2,hi,1,exorde
c993652054e957444412081fde7a5d6333a5c38aee7202001793bdf150ffd2d3,1,-0.0,0.0,news,1.0,2,ko,1,babel_briefings
c99c10e809d63769b3fcba2a8b214fe137a6ec8fd7b9200e673fd58e9af0866a,1,-0.0,0.0,news,1.0,2,en,1,babel_briefings
c9b46599317a87f743b110a4a9989b77b7ad38756e56dc46ac2083abc7662990,1,-0.0,0.0,news,1.0,2,ru,1,babel_briefings
c9b558c8524976942c0b405c384bd3a231660a30d70b56b670d8c58437ae7830,1,-0.0,0.0,social_media,1.0,2,de,1,exorde
c9b754064f725d3ccec71afe8a519bc500b7a87207e1af5df57cc010d62e3f81,1,-0.0,0.0,news,1.0,2,es,1,babel_briefings
c9c7b460006c571b41dd6152312761e5404b95680c3c7fdffc6354c23e6b3c82,1,-0.0,0.0,news,1.0,2,zh,1,babel_briefings
c9cadd38a78b55fd6226de13f51bb90d9a2dfaa8432985e97dcef9420271d869,1,-0.0,0.0,poetry,1.0,2,ar,1,arabic_poetry
c9cfc3406da49f3c08687cade9e49fb8331f72da77900443495d079d005c025c,1,-0.0,0.0,news,1.0,2,ja,1,babel_briefings
c9d165c434e47f7803bff6e177f002e23c99dd0c4f18e2aacf1b8a81bb774865,1,-0.0,0.0,news,1.0,2,ar,1,babel_briefings
c9e1286f459c396c18a16579d0601e52760d6e9f83819d0baebbfb71530da34c,1,-0.0,0.0,social_media,1.0,2,ar,1,exorde
c9eea8fda187481ee2182a461d01283eb98f39c2a10897bbb3a22e069d6f53bf,1,-0.0,0.0,media_reviews,1.0,2,zh,1,douban
c9f4b0f03b9f19e49b4d7e29cb1ae8f4690301fc57e5420b4cdf5559eb866d1b,1,-0.0,0.0,news,1.0,2,ru,1,babel_briefings
c9f4f8623f3bf971b30f08bc9e44bc3eb7dfa11cd0946cf6d6d5a4b2b9640fbb,1,-0.0,0.0,social_media,1.0,2,ko,1,exorde
c9f723c302a143257b0a1c7b2e389695302eefb81780b54e0e8a2cd104a28ae7,1,-0.0,0.0,news,1.0,2,zh,1,babel_briefings
c9fc74c5a17497fdf1ebe6640c1098e7bd13b993a35515e789676af20de72a12,1,-0.0,0.0,literature,1.0,2,fr,1,french_pd_books
ca0333ddaa5ce4e649eb79e4a5ba835edbd84d22ea97adb7032ac41715c51c12,1,-0.0,0.0,news,1.0,2,ja,1,babel_briefings
ca08f5581b448e691226514a7ec53e5d6fac40b52e873d52b8e2dc92aa871181,1,-0.0,0.0,news,1.0,2,ru,1,babel_briefings
ca12cafa5103734782727c99971dbd4dfd5da2bbb1acc141345ec76ff1279447,1,-0.0,0.0,social_media,1.0,2,ko,1,exorde
ca26ecc738c3cbde1cbd7241d900871cdd7a17648ed2d2ed6dbebb1a1351cd0a,1,-0.0,0.0,news,1.0,2,ko,1,babel_briefings
ca2d7e6fd3bfbcaa16cb3fa150163db907c9981399685e6771d13e02fa5c81b6,1,-0.0,0.0,social_media,1.0,2,es,1,exorde
ca2d9711466acbd2e8aba7a0b45087445940da8c693f81d4162d0c08cc049c31,1,-0.0,0.0,media_reviews,1.0,2,zh,1,douban
ca41481df27fb09f362d5b7ffb326a2d27e65b0ecaf230301651aaf5ec3738ea,1,-0.0,0.0,social_media,1.0,2,ko,1,exorde
ca711eb82620d47919b9eaf516bdbd5c7095cc0899b3cd45f0fd78db9e547e14,1,-0.0,0.0,literature,1.0,2,ru,1,russian_pd
ca72b47017648a420dd8d7d50bf5d83763b91a6e1579a4c04997c75bb573ea30,1,-0.0,0.0,social_media,1.0,2,ru,1,exorde
ca7450d95c0082a035257d8ebd3f9fd80ce538cece4d6285f01b7fd57291680a,1,-0.0,0.0,media_reviews,1.0,2,zh,1,douban
ca8399ed411e8d42a3565c919a9cf8c5d5761fad783216040e125e9b0787b47b,1,-0.0,0.0,social_media,1.0,2,ar,1,exorde
ca97c82c9eb2d9723c6b83e0b5a96ffd599402e1229671d9fb5f7c4c453dcad2,1,-0.0,0.0,social_media,1.0,2,ko,1,exorde
ca9dd1300fa8b8105881c9dd686a9cc2a0d873e5c8b8302900aab5ef7baf72ee,1,-0.0,0.0,social_media,1.0,2,ru,1,exorde
caa2976522e98e2e592ff2169a32eb6fadc8ed411dc1feb345dc716343f8682c,1,-0.0,0.0,news,1.0,2,ja,1,babel_briefings
caa2e451823351bea1303c205dfb416da6b5ec6f4e18b1a8d2ddf6878357576a,1,-0.0,0.0,news,1.0,2,ru,1,babel_briefings
caab780bec6be48f9fda9957fc68e1856a57d282d95733b06cfa1ce43719a607,1,-0.0,0.0,social_media,1.0,2,ar,1,exorde
caafa7c810c1d7d71bd93f55c6534bd451e395567e2edb645a297a186e361b24,1,-0.0,0.0,social_media,1.0,2,hi,1,exorde
cab64faac8e9e913987355d29a1ef9691c953cced21ed7ea26f00e5d2ea83a7b,1,-0.0,0.0,news,1.0,2,en,1,babel_briefings
cab6d7175054ed3d72b0dfc94769e518d73fa34f7003432bf2b1367cb715ee41,1,-0.0,0.0,social_media,1.0,2,ko,1,exorde
cab81e1c1d7e6faaf47376a50ff3b4e6ed30e7c4823d16008673aa307229a133,1,-0.0,0.0,news,1.0,2,ko,1,babel_briefings
cac6c89858e5e6fd724491d5b4b320e5661df1d994a7ab1452a43d4415494866,1,-0.0,0.0,social_media,1.0,2,en,1,exorde
cac96924399da170f762619aa3a5474deeedc7b2ac79bd005f4d87614eed2e4a,1,-0.0,0.0,social_media,1.0,2,ar,1,exorde
cacb545294c9251cb07f1d97a86c911b69ab8330bd983d695782b71ca36fded7,1,-0.0,0.0,news,1.0,2,ru,1,babel_briefings
cad0ceb8b35093342b30f51e4dc061afefcd870ec90058274bc658118754f5bc,1,-0.0,0.0,news,1.0,2,ko,1,babel_briefings
cad6207059524bc4cf7f7f3dd6ea23fb4de023d061339cbc20d250a1bc527944,1,-0.0,0.0,news,1.0,2,zh,1,babel_briefings
cadf24ef65e1c1d66b6f975bfd66c4abc8a47042488a7d73938d839235675ef3,1,-0.0,0.0,literature,1.0,2,es,1,spanish_pd_books
cae3de8c9115f93b11583e733a5672338f3bed2469d6d6fe2caefb4fce1b3132,1,-0.0,0.0,news,1.0,2,en,1,babel_briefings
caec8e2d41be24b77d26b632a73e966c9d39ccf1e200f95b4ba9ece937c63095,1,-0.0,0.0,literature,1.0,2,ar,1,wikisource
caf88961bab7950e60957fdff43e01f2f6e3dd05b5424ed0ad1b14056d5a903e,1,-0.0,0.0,literature,1.0,2,fr,1,french_pd_books
cafab81614d9eb826070cdc54bf9d2517bf83102ac8e4519a260030b58f76ee0,1,-0.0,0.0,news,1.0,2,ru,1,babel_briefings
cb0d95c38ad90aba50058e58fc5096fe338977fdeb53dd5d627ec1a323b7d6fd,1,-0.0,0.0,literature,1.0,2,es,1,spanish_pd_books
cb131f80c586acb1282409b30bdab14740cdab9ef5fdaba0754e0be9fcbca5f2,1,-0.0,0.0,media_reviews,1.0,2,zh,1,douban
cb222cc5f30bff399a157f692b33beb6db96aa946dc8a780cbcf148b0130b697,1,-0.0,0.0,literature,1.0,2,es,1,spanish_pd_books
cb29865ba0320d95b8555b145a88e8133006d047c7f38aff21178ffbea6d37eb,1,-0.0,0.0,social_media,1.0,2,ru,1,exorde
cb350af15a8e8217536789b4ff5f1ab797f34e4ce211b4a4cce10cdd29da3268,1,-0.0,0.0,news,1.0,2,ru,1,babel_briefings
cb428b998efdcb6acc8efdf4d0c11af35b82ae7a194aca1f89f8b95aa9bd1513,1,-0.0,0.0,literature,1.0,2,de,1,german_pd
cb48a180d42cfd13135df453cd0fd12eaadf1ff8b6a22bdcea380817febf77c2,1,-0.0,0.0,news,1.0,2,ja,1,babel_briefings
cb4cfe82b9f395c3ee90050a744163286dd6235a26758ebc7c67ca0dc77e1a2e,1,-0.0,0.0,news,1.0,2,ko,1,babel_briefings
cb51b8d3a21dd2facc2a1e7f8f7c21b6ca672fd0ca32cfc24cb38630e718f2dc,1,-0.0,0.0,literature,1.0,2,hi,1,hindi_discourse
cb662dde294d08acfdd23cf9cab245c3c430b81b71dd0cbb37b21fc1fcaf8b11,1,-0.0,0.0,social_media,1.0,2,ko,1,exorde
cb6bbd26d7fc14e8c5c5f2dc16996e6dc9b40bff6164341c8d2172cc1d399396,1,-0.0,0.0,media_reviews,1.0,2,zh,1,douban
cb734425bc62f5f371fe26c9681a35d3f36e67ea993056ba29a0dc42fc12d67c,1,-0.0,0.0,media_reviews,1.0,2,zh,1,douban
cb8dc67a9fa2817fcf7603fb9a8b06dcc0b9076b1b0068aaadccbabf9ebd976c,1,-0.0,0.0,literature,1.0,2,zh,1,wikisource
cb9223bd4a9fa0e03c2d03ea8052907fe211ea20b26db57ebdf95bc0fc641eef,1,-0.0,0.0,news,1.0,2,ru,1,babel_briefings
cb969b2ba8ff346187ab4f5aa86a3b55c98b706b30dab90ed2f71522c9c9abb3,1,-0.0,0.0,poetry,1.0,2,ar,1,arabic_poetry
cb9c905ae06d14e9ec4a7c0c8066d7dc89bf1df681a96c1c99262299234a40e6,1,-0.0,0.0,literature,1.0,2,de,1,german_pd
cba3b61e3eb9e6d78e4aa94c8049aa6ee911d6d1271e9db68833a0be597f295d,1,-0.0,0.0,literature,1.0,2,fr,1,french_pd_books
cba82a8a0314150beee54476baa1e0275960e8ca5e020d84a6c1a8c8dce328c8,1,-0.0,0.0,literature,1.0,2,ru,1,russian_pd
cbab451a7ea719d5a03e6ae32d68295bdd94b54d75f74496850c01b90832bacd,1,-0.0,0.0,news,1.0,2,ko,1,babel_briefings
cbbca8f38862044bb6d61defbaa15788a25280a6f2847f599d2a2d982037297d,1,-0.0,0.0,news,1.0,2,es,1,babel_briefings
cbce0da8b75e8473550e3a71d97b397fc009b8f3ce3d96b06b4872c02782b72d,1,-0.0,0.0,media_reviews,1.0,2,zh,1,douban
cbdcafaa266119abbf516bb4de51a8629173b15623aee3465c3e94adaeef9b06,1,-0.0,0.0,news,1.0,2,en,1,babel_briefings
cbdd408ccc07b5043edfef51a90ce1d4b90629ff5f020e38398a5e57a76d2941,1,-0.0,0.0,poetry,1.0,2,ar,1,arabic_poetry
cc0bd7a20970f19275d3a32e57e89cc9eca1707441d1e89002d3b0ceceb2c3a2,1,-0.0,0.0,poetry,1.0,2,ar,1,arabic_poetry
cc0ffc94aaa958f3a9d3d792b7fbf18f8ef45d8143a8aaabda89c4537166eed4,1,-0.0,0.0,literature,1.0,2,es,1,spanish_pd_books
cc135ee29490ecc3024d541815887c841ef9d4a5a4d39d377cf67f138dfbf3c8,1,-0.0,0.0,literature,1.0,2,es,1,spanish_pd_books
cc147abcf43a9e9ae679b8ee80e369c5eaa82ca24f421c01056d59d38551e056,1,-0.0,0.0,news,1.0,2,es,1,babel_briefings
cc4a796715c124d338e70c0b2036266745cb5143dd8534fe17389510c2a05243,1,-0.0,0.0,news,1.0,2,en,1,babel_briefings
cc572a76830f566b130be6bfb48cdf54bf39ef6f3f9f2a68d7ae2d1ad1bab6a9,1,-0.0,0.0,social_media,1.0,2,ar,1,exorde
cc5804119776e72b2ac863488fdfe1de09502142cc7b6b18d2d4091dd0fb0d91,1,-0.0,0.0,social_media,1.0,2,es,1,exorde
cc686243bfa5aaf74eb51e76fa8ec66e034fd54f3898068c581ccd848baaa6de,1,-0.0,0.0,literature,1.0,2,es,1,spanish_pd_books
cc704a7185a94962d3ccb56c3744f4b3f304cea276087fd2aead1960b10970cf,1,-0.0,0.0,news,1.0,2,ko,1,babel_briefings
cc782b573a24c3b869b9cccf71a7f87c90f2a424576d6380fa54ff13d4070194,1,-0.0,0.0,media_reviews,1.0,2,zh,1,douban
cc84062b9d8ff1c2c5eb42d8ba7ab1466d5f0aead618550dbc1abb8c53483217,1,-0.0,0.0,media_reviews,1.0,2,zh,1,douban
cc8b28a31dab598f3da83d8d1e22c29cda6a68a42fa5680b026950942d2eac6d,1,-0.0,0.0,media_reviews,1.0,2,zh,1,douban
cc94ce7b252ca0a783e0d4e2a82ac726aab97d28668c57bd79c4b9a59b4118bf,1,-0.0,0.0,social_media,1.0,2,de,1,exorde
cc99d3763f9368ab56f3e88a628efb5d0ddb496d85b4cc413193fc07b2071583,1,-0.0,0.0,blog,1.0,2,en,1,blog_authorship
cc9fe19c03672e26ebc3043f12e58625451faffc1c7818d9a71f9f3f6f2ee88a,1,-0.0,0.0,news,1.0,2,ko,1,babel_briefings
cca4beaba175e498058525ee01547d9320bc7c35ec6cb43b33e32f324c1f35fd,1,-0.0,0.0,poetry,1.0,2,ar,1,arabic_poetry
cca7aff28c0fdf5fc920182c03079d343f54a75bc2c07b0d9559618738c01ca5,1,-0.0,0.0,literature,1.0,2,fr,1,french_pd_books
cca9213e8c3f868dc3ffe7e89f1e3c1f34e6e1a45e76e194a0e4fb3aa5da6f43,1,-0.0,0.0,news,1.0,2,fr,1,babel_briefings
ccaad2442d0509d3fdff3cc4c4f6e345dad89901993b8c5ba2071de2fd995cc4,1,-0.0,0.0,literature,1.0,2,fr,1,french_pd_books
ccbf4397cba361a2aa5a6244684574d87c9cff76c45d58d4fba450b7c21bd9d4,1,-0.0,0.0,news,1.0,2,ko,1,babel_briefings
cccab53c5aaeeb4e11dc16482072414e7b53884732477870ed40f1be911beffd,1,-0.0,0.0,media_reviews,1.0,2,zh,1,douban
ccd256be80d6be4af54f4c70fe51878e0768b2b3e2bb5afd91601401d9655b44,1,-0.0,0.0,news,1.0,2,de,1,babel_briefings
ccd9f2bb154051cb3519c04fff28dcba0ac3a01a8b690b696b2f663a0ac13c93,1,-0.0,0.0,news,1.0,2,zh,1,babel_briefings
ccdadc2c5e55cd89808463859aaa4a2cb2736a9047edcc29044c59678e5a6bb6,1,-0.0,0.0,social_media,1.0,2,zh,1,xiaohongshu
ccddfe8ee93eac609ce458a16084b56ef47d781b03c0f0298de8538db22d8be7,1,-0.0,0.0,social_media,1.0,2,hi,1,exorde
cce153a7e90851414731237b25249050f12cf283ebe41678b51b20a92c48c364,1,-0.0,0.0,literature,1.0,2,ru,1,russian_pd
cceeeaf13d8beac645837faa29f474da0c78f8f040f2e4b2e5fb94abb602e067,1,-0.0,0.0,news,1.0,2,ru,1,babel_briefings
ccfb12062dfe787fb924eee323f89ddde26723eb866fb6d6513440e6d79fcf79,1,-0.0,0.0,social_media,1.0,2,ko,1,exorde
ccfcb6480344e538a3c4b96a71c1009c166b8822bef931e165db1840a662214e,1,-0.0,0.0,news,1.0,2,zh,1,babel_briefings
ccfcbece153b055d3f4f6399914e70cc97bfe5b9439d7638477814a651ded050,1,-0.0,0.0,news,1.0,2,en,1,babel_briefings
cd0951d329b4d678588613d4167e40c115456681846d80399d30b17c82773335,1,-0.0,0.0,literature,1.0,2,es,1,spanish_pd_books
cd0de27257f5f940c992610d98fe7a7030eb4ddf02c5083492c4b7a318174a97,1,-0.0,0.0,literature,1.0,2,es,1,spanish_pd_books
cd14895fa1e03ce42fae29ab0161a7af81e8128960f6c818290ee432e4e77f9f,1,-0.0,0.0,poetry,1.0,2,ar,1,arabic_poetry
cd14aa107142271fac6f8f2034ff3da44b0f4dd1dfb29525aa94c86e0eedab81,1,-0.0,0.0,social_media,1.0,2,ar,1,exorde
cd24654c4c8eee3e421f002a2455eef6d48dc31df5fc1592ad5ca659c5af4a90,1,-0.0,0.0,social_media,1.0,2,zh,1,xiaohongshu
cd26a78c1078f087c4f5ccc7bdeccf18543e4b6f44bc8c919dc4aca0510aa130,1,-0.0,0.0,news,1.0,2,ar,1,babel_briefings
cd30efca64da95b8f5713eac9ebb6b03ee899c1bb9d6a950a35d5bf8f1383690,1,-0.0,0.0,social_media,1.0,2,ko,1,exorde
cd33b4b86d0cfe4f004edece4dcb6cc1a0d2f7e3ad16f43f4e177e26ae6fd090,1,-0.0,0.0,poetry,1.0,2,ar,1,arabic_poetry
cd350c444252da78cde39e41c63455621613a045978827f0bd6668d427f476f4,1,-0.0,0.0,news,1.0,2,zh,1,babel_briefings
cd38b86e599c9e92f672dfac5ad5f14699a4dc69a5e7e1f2b655e2554e2f939a,1,-0.0,0.0,social_media,1.0,2,ru,1,exorde
cd3b64474b84fe545812b1f4e0a564d562f7deb5e580289c228112beb55c70ae,1,-0.0,0.0,literature,1.0,2,es,1,spanish_pd_books
cd3bea8cee1fa3d68d209d4e23593c0605277b3142a6f54b92a12d72ea8a8ab1,1,-0.0,0.0,social_media,1.0,2,ar,1,exorde
cd431da009b3f8b070c0685ec4d6a56ae64a4fcc114fe6281c0bbe790445d7a8,1,-0.0,0.0,news,1.0,2,ko,1,babel_briefings
cd48a3a499d2e35a6d79821369c338115b7150dfbd2397498c408afebd1f0afa,1,-0.0,0.0,social_media,1.0,2,ko,1,exorde
cd48c59d6182def5e7ca36bd101745a52950135346c7801844f7034b6bf77933,1,-0.0,0.0,social_media,1.0,2,zh,1,xiaohongshu
cd4a8702986377431fc950a6ed08e6efd68b0b3799fab21005c3efa54d03c9ab,1,-0.0,0.0,social_media,1.0,2,de,1,exorde
cd73f1ba7950b854b520fccf7e4305f4dab4ea6a2833903f4a72c14a3f5e41a8,1,-0.0,0.0,social_media,1.0,2,ar,1,exorde
cd9ee7c8435ccb21a7fc9e44a435f211af0ca13d4312941c9e32af1e45c9d308,1,-0.0,0.0,news,1.0,2,ar,1,babel_briefings
cda2899f01d86f131632ef93f9520b14269a539dcade1ba96a0711e44f64713b,1,-0.0,0.0,literature,1.0,2,es,1,spanish_pd_books
cda44fc150df8cb923990e79927385cf90ea1316cfc84062a451da1bb0a7ebff,1,-0.0,0.0,social_media,1.0,2,ru,1,exorde
cda5e000838a3515a5be524c69677bc816e7857ced0885d47baff15c60580232,1,-0.0,0.0,poetry,1.0,2,ar,1,arabic_poetry
cdacea5a56be1c6325ed47c7a8364e4853483f67efef8922bf4e2122f1d753ef,1,-0.0,0.0,social_media,1.0,2,ar,1,exorde
cdaf241893924d94350c9ce61d819c2e7a61082ffc9d3ebecd5232344432565c,1,-0.0,0.0,social_media,1.0,2,ar,1,exorde
cdc9acd35a2787ef8856b9a768ab3f954f61c93518bf9c1c9ab034bd04e9ecb7,1,-0.0,0.0,social_media,1.0,2,hi,1,exorde
cdca2542d5cfcc4464ca9eb04a6e3e9c253977b219f14b2dbc441e882c0a3b56,1,-0.0,0.0,social_media,1.0,2,ar,1,exorde
cdcf728ec8171e09963130584ad5fb2b679c3c1082302bb035771a1d11fffaf4,1,-0.0,0.0,news,1.0,2,zh,1,babel_briefings
cdcfdbac1f4edf914b796b5f204bf7a68eb5eac6b386f54ada1a1a0b96cf4320,1,-0.0,0.0,media_reviews,1.0,2,zh,1,douban
cdd334bcfb034b8b64f44fbc17407cf3353a705964f527285006b899fd0fce6e,1,-0.0,0.0,news,1.0,2,ar,1,babel_briefings
cdd3cf036b88b7cbc8ba8680c24ab3c54632eca1abb96748d269fc0b00bc4f61,1,-0.0,0.0,news,1.0,2,ru,1,babel_briefings
cdeac46dcd184f970188deb12f72a762891ef97edb7b6c4a1f567b26f2d06299,1,-0.0,0.0,news,1.0,2,ko,1,babel_briefings
cdec023452017880c90a606570e2dec9cc0e29e157281af9bafd27ade6fb1e39,1,-0.0,0.0,social_media,1.0,2,ru,1,exorde
cdf93b4931b162b6b845c00220cd9af98cacd9557a7994c552d7638800214a25,1,-0.0,0.0,news,1.0,2,ar,1,babel_briefings
cdfc49dfdb937c29325261e1fd189698fe3f8b3af2785142fe0dbc1e7e8748ba,1,-0.0,0.0,news,1.0,2,ko,1,babel_briefings
ce09be7e1b6d590d5d99b9f422530e1e7b0b093caea0112ab4873cbdbb70a607,1,-0.0,0.0,social_media,1.0,2,ru,1,exorde
ce0c1430ce7f5359ce051dd3f1cc1a6afd58a0100bcb35bd96d33d9433563427,1,-0.0,0.0,news,1.0,2,ko,1,babel_briefings
ce1209ed612167dd26d615a2893d93e7c1a512edbd0ec3d0aefb312d0da5909a,1,-0.0,0.0,news,1.0,2,ar,1,babel_briefings
ce127d7370e8b2457aeea36d25f688e50e8261af4bf8eca1c77cbaadacbf7936,1,-0.0,0.0,literature,1.0,2,ru,1,russian_pd
ce1685ce4ccebd999d6cf9e9bcd690d0d2f4f79e3042dd0e78faa2d45f324998,1,-0.0,0.0,literature,1.0,2,ru,1,russian_pd
ce176a9ffac5643afcb2bd29e63d28c0ba6180548c7f27d2e3d8f514a71cc652,1,-0.0,0.0,news,1.0,2,ko,1,babel_briefings
ce19a6de72f2fc3284ec1451ddaec3eabd9776d448b9cb1b1cf95f2203d9fc85,1,-0.0,0.0,social_media,1.0,2,ar,1,exorde
ce25218f62b2fc6a57c52f19187744651e9e349cc2400c450d6fb0355fc249e4,1,-0.0,0.0,news,1.0,2,ar,1,babel_briefings
ce3a0e59880052a0ae0ff7e92ca6c59735f9841a267eb18d17907894c0eccd3d,1,-0.0,0.0,social_media,1.0,2,ar,1,exorde
ce48c8c7218b6413298bd3a576206d194a4ce05ff3e93255997b6776b7f6f9f1,1,-0.0,0.0,social_media,1.0,2,ko,1,exorde
ce5d7293eaa46650b9c4179d454005f6103a3868f76ba0d92b78fc2c29736247,1,-0.0,0.0,news,1.0,2,ar,1,babel_briefings
ce68093ef0165406e085f66426cc2d6bb73dc96b765d1ad2b7a43d385a3a3e99,1,-0.0,0.0,literature,1.0,2,es,1,spanish_pd_books
ce6cd669cb180efa1b7d781d42cd73b03eccd60d7d1d80caeb4ad252363cbd67,1,-0.0,0.0,social_media,1.0,2,ko,1,exorde
ce73b75c49eb48381fb337c58b17b1a82661c48c3668465901c277e11357f407,1,-0.0,0.0,ecommerce_reviews,1.0,2,en,1,amazon_multi
ce7c184fee94d1ada1d5836714bdbaf0449fb4a1540f7e15558ee8a7839071a3,1,-0.0,0.0,media_reviews,1.0,2,zh,1,douban
ce94e0f493a59ca16f1e62f8d19fa5455093ece172c4910f60fbe00f0b97d29a,1,-0.0,0.0,literature,1.0,2,es,1,spanish_pd_books
ce959cd1af499ea8414e2f4ac9a7ee0e07bd180ccb052a2708150cb1f407e442,1,-0.0,0.0,social_media,1.0,2,ar,1,exorde
ceada52762e165732a8c41e59c076f6d9c0253d1e68e8e3a63b6d0d69373d57a,1,-0.0,0.0,literature,1.0,2,es,1,spanish_pd_books
ceb73419e2f962031b33a32b0545227dfd30fc25a59b098a0a32cd52a82287e9,1,-0.0,0.0,news,1.0,2,zh,1,babel_briefings
cec5983a47f437fe6389ec354a0b467b1c3c92308f09fb150a222c068737a3fd,1,-0.0,0.0,literature,1.0,2,fr,1,french_pd_books
cec61644abff585ef5c381a9dab3f3087b574f4207e890ed39cdf04899ce38f0,1,-0.0,0.0,social_media,1.0,2,ar,1,exorde
cecce256376d682d148e1b6a3e3b8602f55d9cf3b72cecf8b87df955c386cd69,1,-0.0,0.0,news,1.0,2,ar,1,babel_briefings
cece8f7f841f041107c3e526e9616dca14c8543b4757a036dd9903dd714cd785,1,-0.0,0.0,literature,1.0,2,hi,1,hindi_discourse
ced097e435b3990db4502aa646de3a3e24ccc24ac60a8d1aae27beb3c534a491,1,-0.0,0.0,literature,1.0,2,es,1,spanish_pd_books
ced3b85cbf336d4f1f8bd9cd4b1dc30327abebfe61cbeabb8f7a7551d9d137c6,1,-0.0,0.0,poetry,1.0,2,ar,1,arabic_poetry
ced60238fc9d3c189401f8b29fd66a0cf27fd58c779106e479d2e702963ca022,1,-0.0,0.0,literature,1.0,2,ru,1,russian_pd
cee1340decffc3920672546565a86be3bc05ea57b989f56b8616f5d2f8a947b8,1,-0.0,0.0,social_media,1.0,2,ru,1,exorde
cee75ac07e40640c99512daf4d825c55a68c80b904395c8524844cec8928be50,1,-0.0,0.0,poetry,1.0,2,ar,1,arabic_poetry
ceecb128945b67eb9a1b0cd3ebe467c426329a4c15afe8d487ad0c6796791354,1,-0.0,0.0,media_reviews,1.0,2,zh,1,douban
cef2b87a58b2ae75a0b6e1f7cfd77df8bbcd42f3a3a86a261c9d50e857e78aa3,1,-0.0,0.0,literature,1.0,2,fr,1,french_pd_books
cef35bcc373581a99fc025620bd259dc754d82a22a36bc5e56b8a6572ba6c1e3,1,-0.0,0.0,social_media,1.0,2,ko,1,exorde
cefe656d267c71f4014ad8d3ed53d1e3bdf204c9400ff06014fc6a1dab5008e6,1,-0.0,0.0,media_reviews,1.0,2,zh,1,douban
cf01dd70c3311847954e9e61c7e410662fe8f5424ac24a7a18f6feac97245fa0,1,-0.0,0.0,social_media,1.0,2,ru,1,exorde
cf0703a5041edc7eff3af08f16546cd0e1f4e370938b3d8109842a6a90db8463,1,-0.0,0.0,news,1.0,2,ko,1,babel_briefings
cf0b842c505e95f53fa02c8b97f1c208af9bcb79a355de56f611f85e4a2a7e71,1,-0.0,0.0,news,1.0,2,zh,1,babel_briefings
cf0d28c94b0824e5e6fc5668fa5c8078358f111fb7861cb567d1d737efaf5842,1,-0.0,0.0,media_reviews,1.0,2,zh,1,douban
cf1a04bb01e5c039e96b7d80eb54abe96aed5611c8a1de2835d473665837dd12,1,-0.0,0.0,news,1.0,2,ru,1,babel_briefings
cf2ce9da664e8f8125c35efb2626e1bcfb5903dca95287f676c64470a82f929c,1,-0.0,0.0,news,1.0,2,ar,1,babel_briefings
cf3ac39297e17e60b767b2343e0e4d43b9cf869866c8b4b99df703e9d6796adb,1,-0.0,0.0,social_media,1.0,2,ko,1,exorde
cf56c64fe14bc58515c363ff6ff94b6106ff8b3210ac887cfc3a71cff4257a18,1,-0.0,0.0,literature,1.0,2,de,1,german_pd
cf57665c60aac136412871af6d34baaed78645837bf90ccfbd3f283727051435,1,-0.0,0.0,news,1.0,2,en,1,babel_briefings
cf57a9a5dc1b7c35ff4eced272c4752bd7c8d3fe1fe302aaa204a4b6f41d5d32,1,-0.0,0.0,news,1.0,2,ar,1,babel_briefings
cf59ce53433a57bc4bbc79b0f18a3cf5a9cc06ee98a888b028642d63fa56eb17,1,-0.0,0.0,social_media,1.0,2,ru,1,exorde
cf5a3124fc181f76b96d114b558781e9362071a05909fffe8332948d2a4f7dd0,1,-0.0,0.0,blog,1.0,2,en,1,blog_authorship
cf6913d0e186a3bb8fcbd5d33f5118ac34f06d4ff18dacdb7090a0d40f054656,1,-0.0,0.0,news,1.0,2,en,1,babel_briefings
cf6dc5a5184b12dbf47466e9a6acfa8415568a9cfc6afbe52aa8ede331e83d49,1,-0.0,0.0,media_reviews,1.0,2,zh,1,douban
cf722a99baa9a757fcc91172e6fd5d27623c7187f6f3fc65bef272862561d7d2,1,-0.0,0.0,news,1.0,2,zh,1,babel_briefings
cf73507e90b825f3dc23dc2c5050a6be165edd449743a3fdd6764063469e7f47,1,-0.0,0.0,news,1.0,2,ar,1,babel_briefings
cf9905883266e48ed20cef5f41eac13beedcd01050632c39d80ad45515a3c0f1,1,-0.0,0.0,news,1.0,2,ko,1,babel_briefings
cf9c5c439fd137103238e58034f333e353dd7efc39fe8d91a210555a2ea7464c,1,-0.0,0.0,news,1.0,2,en,1,babel_briefings
cfa2198994994e1b63c103c13639e0809b223087e49d563acf8ca6c973af6f7e,1,-0.0,0.0,literature,1.0,2,es,1,spanish_pd_books
cfa6dbc1c61ebb72027c4de75562496a55b83a007a9e66786ce1da823bd2c449,1,-0.0,0.0,literature,1.0,2,fr,1,french_pd_books
cfab2f69b58b99be680d730a963884d8d21a30ea8d77df02f470bc2b608293aa,1,-0.0,0.0,social_media,1.0,2,hi,1,exorde
cfb57e0d5f5e90122171674efa6e636f985f8a3e3ca1d5726934c30fad08ceb7,1,-0.0,0.0,news,1.0,2,ru,1,babel_briefings
cfc664768cbc26dfdac954bbfd48622462d767a898beac0fc2c7103f0b5a7670,1,-0.0,0.0,literature,1.0,2,fr,1,project_gutenberg
cfce0a1475d147bd9e584a4f99735ae78c6380a2ea05e3fa0f91e95cf1d9784f,1,-0.0,0.0,news,1.0,2,ja,1,babel_briefings
cfcfc37392a2abf92acfefe493f57cfe809b79eb3a1b1027374e337c1b949198,1,-0.0,0.0,social_media,1.0,2,hi,1,exorde
cfe9854b50f0331e16e5c3a0e0cb49237a1b0eec6776cef56ace9acf6e5ad5dd,1,-0.0,0.0,social_media,1.0,2,ko,1,exorde
cfee0947b393f7e4ab906a8e4d729e726479bff2c86b828bd93e3a71d1251878,1,-0.0,0.0,media_reviews,1.0,2,zh,1,douban
cff7c63bfcef572bf8a7d184cbe130c4d464a3964d575513adffe5a070c800f2,1,-0.0,0.0,literature,1.0,2,es,1,spanish_pd_books
cff87e7de4da5abccda7cd241b88586abb1ac8276703038fc39a8a64cf13103d,1,-0.0,0.0,news,1.0,2,ko,1,babel_briefings
d0054eb4bface97bce0cc854f7a345bbd8b243a736d1d01af7a61af8e54c267b,1,-0.0,0.0,blog,1.0,2,en,1,blog_authorship
d00955ce1ff13d1a93d0e70a82db6f0a335c611592fbc477b9543b66520a5136,1,-0.0,0.0,poetry,1.0,2,ar,1,arabic_poetry
d01cee3d684a89ae3ce9e008eb44236e011aa45c93de59c25a5229fe2df3a8e7,1,-0.0,0.0,news,1.0,2,ru,1,babel_briefings
d027d88553f32b56fca37a05c09541dfefc21d0aaab515892d6aeaec3019d436,1,-0.0,0.0,social_media,1.0,2,hi,1,exorde
d028511c59b9b8b67b485dc7320e26d65a7c70bdda5c1db7edf6da80e333e532,1,-0.0,0.0,blog,1.0,2,en,1,blog_authorship
d02b92b97f1297c441dbdcfc209fed7e2e1d7f93fcb554352b91750ea8ddfad4,1,-0.0,0.0,news,1.0,2,ko,1,babel_briefings
d04e96c661a0ffcd35281123bf54eca6388dc005ecb4118e966b813b2978ad86,1,-0.0,0.0,social_media,1.0,2,ko,1,exorde
d0556d1e0f7b988556bc2119b42d38f1f77383854d6e2d81ff790bc1874b974a,1,-0.0,0.0,social_media,1.0,2,ar,1,exorde
d057b0999c64a7d2f30571f5ccae56c09a1b8930601002f6d021e66110b9707d,1,-0.0,0.0,literature,1.0,2,es,1,spanish_pd_books
d05f0d76a36c086b0f11ebf500e38482a537ba630eb9046310fb19fc61311c82,1,-0.0,0.0,social_media,1.0,2,de,1,exorde
d0658b3392ab4f3f98351818cb4eff23028cca16fb0e918ab55d26790a5ae49e,1,-0.0,0.0,literature,1.0,2,de,1,german_pd
d070dfaa107ace27a6227af514d2976de4f5e455ce1b085e29362cd018183ff8,1,-0.0,0.0,social_media,1.0,2,ko,1,exorde
d07ce3b106bcba9e007365bf043eb31eaba458991fa2627f7980f8773b9077cf,1,-0.0,0.0,literature,1.0,2,es,1,spanish_pd_books
d080e0943c43a6fd8f245d01682091b9fea2da2e2da689534a14e71440c778f3,1,-0.0,0.0,media_reviews,1.0,2,zh,1,douban
d0811386af4b417d3c547bd94af04fb65777cdfbf3f848908386846b7a9b0b36,1,-0.0,0.0,literature,1.0,2,es,1,spanish_pd_books
d084676752e3282ac72046beadd7590ac2c3231ca8e787646c9df1bcad219314,1,-0.0,0.0,news,1.0,2,fr,1,babel_briefings
d0863ff005b71089bbb7e504dcf4afa4abbbe282e34a9cad9611b9c249329320,1,-0.0,0.0,social_media,1.0,2,ru,1,exorde
d08d892f29d85f0f0661ce791728d5531a77e9910598b8b9a9fe0f244d1879c2,1,-0.0,0.0,news,1.0,2,ko,1,babel_briefings
d0a1c1fec15755042be39cff10aac0f823ea9789a1d4453288031c73d52583b5,1,-0.0,0.0,social_media,1.0,2,ar,1,exorde
d0b62cfd302fc58263559e674252aa274b45a1d9ae70c80f5a909d537eab07ab,1,-0.0,0.0,news,1.0,2,es,1,babel_briefings
d0c2e855bb21d5aba011e2eed6088698bd5fd4516009deb387f051c3a2dbe968,1,-0.0,0.0,media_reviews,1.0,2,zh,1,douban
d0cce35292fa63cedc114ee05047e2fe2831b2c30b9602ba78c408562e35c74f,1,-0.0,0.0,social_media,1.0,2,ko,1,exorde
d0d23a574f005bdb46cd9eadc24e191e1de369207f9868f8e04f396e03ee6771,1,-0.0,0.0,news,1.0,2,ko,1,babel_briefings
d0e34b1b383eac3373b2255519d4e88099ef625898bfcd7b4d359a501776f51f,1,-0.0,0.0,media_reviews,1.0,2,zh,1,douban
d0e7e723e1c208b2195fe5d9d5605dce7cf241387e920e9dfadb7301af8b103f,1,-0.0,0.0,literature,1.0,2,ru,1,russian_pd
d0ec21873d94bd661c1fec88591241f8dbc243b934a092204490e90a5baef474,1,-0.0,0.0,literature,1.0,2,ru,1,russian_pd
d0f0a987232fd340ac8caecddcda9088e587aef63a85a93443f967fb427edd34,1,-0.0,0.0,blog,1.0,2,en,1,blog_authorship
d0f32cba57283db48d3ffa5ab32d03c8a43ea4177b73958ebba021c8ece868e5,1,-0.0,0.0,social_media,1.0,2,ko,1,exorde
d0f3be4cc4072dafe993eaf9a9dd4991cc210c4369d60a843aae7d06ce179790,1,-0.0,0.0,poetry,1.0,2,ar,1,arabic_poetry
d0f899bd96777a55e7e32245dfce1bb318ea74eb6fd0fda45e1e11087a19ba39,1,-0.0,0.0,social_media,1.0,2,de,1,exorde
d10fb263d45e7c91b072e3efb82b72ffb065caabe64af3f84b9ba19b6bde7d31,1,-0.0,0.0,social_media,1.0,2,fr,1,exorde
d1106b52255797409ee4c04b271a9894582bfe15beccf24faf2a89da8e7519d8,1,-0.0,0.0,literature,1.0,2,ru,1,russian_pd
d1430370cfc3ce37d7c504896470711ff4b17f49981373b2bec74aeef07bfd96,1,-0.0,0.0,blog,1.0,2,en,1,blog_authorship
d151e1dd987eb59c9f90db67288f27423fccff6d186da3439471b4fc7056f070,1,-0.0,0.0,literature,1.0,2,ru,1,russian_pd
d156ea07b537d99294b586f15e7640402da613722432a9ffd0f06ad24b08eba6,1,-0.0,0.0,media_reviews,1.0,2,zh,1,douban
d15ef89e4eedf8bc69902d3c2208a94a1b34eac540d93a5054637be144056d12,1,-0.0,0.0,news,1.0,2,ko,1,babel_briefings
d1614cf5bb40ee5056cc4dfd687f39a3d6c9a39b8642d26b68285584e5b674f8,1,-0.0,0.0,social_media,1.0,2,ko,1,exorde
d17125e0f1be9e2095d81b72764ab0ca607aec8907c3cd5e02eb398183d4fcbc,1,-0.0,0.0,blog,1.0,2,en,1,blog_authorship
d173ef6895e36daff1727e69abd252428e8691788920ff0a9d02eb335da29a27,1,-0.0,0.0,media_reviews,1.0,2,zh,1,douban
d174f9a5cf909bdaec880784087f6d0a6dcf206ef0221bad8e5e99ec042b4263,1,-0.0,0.0,news,1.0,2,ar,1,babel_briefings
d17522de5ef7a1c322953bd46a11d86b35865709b091cdbaea29d44daa3f3fb9,1,-0.0,0.0,social_media,1.0,2,ja,1,exorde
d17aa383c93031810101e7c2b8ae707caf7cb04973782209f9fc16e5a9af7798,1,-0.0,0.0,social_media,1.0,2,hi,1,exorde
d17c222a2746105b31f5126a5ebeef10d5c64d3859ee22020c20e6465e7ece6c,1,-0.0,0.0,literature,1.0,2,de,1,german_pd
d183cd783b362c0ac02fca5ec5ddf0fbaf38818c1df94318f839c012d8ee919b,1,-0.0,0.0,news,1.0,2,ar,1,babel_briefings
d1891706a40e1502239e96fcef0f3e756f1186c453664e2c40e925ad8c57f3a4,1,-0.0,0.0,news,1.0,2,ru,1,babel_briefings
d1a133109c83de4d36d5999ea2d9660a663dde74a1d3df87b3e1d43ec54c3cfd,1,-0.0,0.0,social_media,1.0,2,ar,1,exorde
d1b8b59368af6fd7dc4c547a8c5cbb24554312a87af2642f9961f0845dc7a0fa,1,-0.0,0.0,poetry,1.0,2,ar,1,arabic_poetry
d1d606e48a58fa0151c76bc16cb3478480fdf872df033a20022125087707dc44,1,-0.0,0.0,social_media,1.0,2,zh,1,exorde
d1e2835350bcc6e388b5d15250c1eafb857b34e620f03facfd871c1959b2d844,1,-0.0,0.0,social_media,1.0,2,ar,1,exorde
d1ebdd9ae07120fccb28dbd8d52170b1f18f7a0efbf971d4e9dddf2295f208a6,1,-0.0,0.0,literature,1.0,2,ru,1,russian_pd
d1f2c120297c1769c81ee66c99962fdd129b7477704901a4d575b32c9e81ea44,1,-0.0,0.0,literature,1.0,2,es,1,spanish_pd_books
d1f5ed151e5894454ed46fc913722d6296a26d86193179d79599b64fabf712d8,1,-0.0,0.0,poetry,1.0,2,ar,1,arabic_poetry
d1fbb38adf14bd2076acf24c6e24a4c317bdb676307c249b615ab8ed34dd1041,1,-0.0,0.0,news,1.0,2,ru,1,babel_briefings
d2029ba1425df28e1d437073ca5b51da5dc725409f055286b376b6727dbcd1e5,1,-0.0,0.0,news,1.0,2,ko,1,babel_briefings
d206d2163ffcdc16890d46215691299650d3c30ad6161c6d61d9708683490295,1,-0.0,0.0,social_media,1.0,2,ar,1,exorde
d20acd87369997cc67e4394dc71c4bddc73fac7dbba7e52ea2bc3766f5468f25,1,-0.0,0.0,news,1.0,2,ar,1,babel_briefings
d20fede440f79c22a6f1d5c520ba8e3caf534e7f560cf0db3d174f1e6dfad2cf,1,-0.0,0.0,news,1.0,2,ko,1,babel_briefings
d21270f98993974c682641bef89313bb90a8aa3c35f0a2687160b5809d92bc33,1,-0.0,0.0,news,1.0,2,en,1,babel_briefings
d21274b304f44571ebe302bdf0037ba3375d11f9a4e13371bb7daa69c61440da,1,-0.0,0.0,news,1.0,2,ar,1,babel_briefings
d213c673fb490c28fa9b1ddfa79f4b85db154f7f3fe612267a7a92dc17d0451f,1,-0.0,0.0,social_media,1.0,2,de,1,exorde
d2198e8bd6c490f6c056109faae8aaff52700391cc1f29c57cc605b329c85768,1,-0.0,0.0,news,1.0,2,ar,1,babel_briefings
d21b41342ed5185f71ac9f3d16bfede1f01131d4cd4d0c8c7d339682b987857d,1,-0.0,0.0,poetry,1.0,2,ar,1,arabic_poetry
d22a80405acfd8d0aa0267e9d0d72b179e19c1967032b371a7e338e9f2149e93,1,-0.0,0.0,media_reviews,1.0,2,zh,1,douban
d23d9787232508ee8d79635bce625f9df75f34225a6a1195a90a82794b26842f,1,-0.0,0.0,literature,1.0,2,ru,1,russian_pd
d2566b70d5e5817c11332b7bdd13d0d67e0227e05e1b3a3291b304a3fb052b45,1,-0.0,0.0,literature,1.0,2,es,1,spanish_pd_books
d26a38ea66bbe20b9c00f95ad83c7d2140952cd0a26bdf1a43eae8b94b04eecb,1,-0.0,0.0,news,1.0,2,ru,1,babel_briefings
d289bbe05208c1b1aa1e797e6a141a3cdfa707daf0a8f6028ed591e354362587,1,-0.0,0.0,blog,1.0,2,en,1,blog_authorship
d28b9879bdee5803bedbc219935beb50e2c026818c0f6f053b0991a6be8289e7,1,-0.0,0.0,news,1.0,2,es,1,babel_briefings
d28c5627a8091e127226bf24a0224e4d269f35c61944615ff58843c12bb6c819,1,-0.0,0.0,social_media,1.0,2,hi,1,exorde
d28f4eec825db6dfcc2624766627b6a2f05a88978219607bdebd24b3a292d73e,1,-0.0,0.0,news,1.0,2,ar,1,babel_briefings
d290d41632f6b9bf1c500c3df56b39dc4653f32596872977b38d33bb1db941b5,1,-0.0,0.0,literature,1.0,2,de,1,german_pd
d296471d8ef05d6f3859f611c5b6fb2d41dc46689a62b64efcdb0ba332a9d4e8,1,-0.0,0.0,social_media,1.0,2,ko,1,exorde
d2991966f021079a075372bd81fa574e125559b3cca8d969139011bc4258639f,1,-0.0,0.0,social_media,1.0,2,ko,1,exorde
d29aaf6cb6aa3be7557159643cbf60ab77212c99d0f79edd90923767d7c3897c,1,-0.0,0.0,blog,1.0,2,en,1,blog_authorship
d2a10e0d6a7b1fc962fd92199e082adc94541caef8be7abce6821069a7da48c5,1,-0.0,0.0,media_reviews,1.0,2,zh,1,douban
d2a33d4c8422184e4875c6ecc3cc49d20e3430e910dcc8fbaec7f61bbe7e68a3,1,-0.0,0.0,media_reviews,1.0,2,zh,1,douban
d2a86c0ee7b9883a6f48495818ca2dd34b5819a11eba30e2579fd4b2cbb5cb2f,1,-0.0,0.0,literature,1.0,2,ru,1,russian_pd
d2aec030e3e2c370fc2eed1ac0b051458a3f2fadf97d6a56e46ccba67ac1de33,1,-0.0,0.0,literature,1.0,2,fr,1,french_pd_books
d2c79cb69bc93fd238f20aa62a7029eb01bda8970acedde77e86ee85cba8e755,1,-0.0,0.0,social_media,1.0,2,ko,1,exorde
d2c87780a6f909426d9911080a33ae2e904418cb3c6860a1b80e259541576977,1,-0.0,0.0,literature,1.0,2,es,1,spanish_pd_books
d2d55423f0e848237b42777cf52107990cb8931389825de380005980661bcd4b,1,-0.0,0.0,news,1.0,2,ar,1,babel_briefings
d2e50cf4d3bdc65b56d35306de9a8a372d89392745f7c9660e3167fd099cd9e9,1,-0.0,0.0,literature,1.0,2,es,1,spanish_pd_books
d2f03f7f591aa55f3e6928976af8d86c89692b35eee334b698fb05fbae0fdc68,1,-0.0,0.0,media_reviews,1.0,2,zh,1,douban
d2fc650b4e20b0f672b12cb0dea3a0ed400e78cca43d9e34638ad6cc2e50bf5a,1,-0.0,0.0,literature,1.0,2,es,1,spanish_pd_books
d31f935e11a5c0c221489a9b65667b900b6ca908f221f5984288e2f9c5490fdb,1,-0.0,0.0,news,1.0,2,ja,1,babel_briefings
d320473316d0afb1462c9a2b2478cae10d3132f8b8f1e867798abab8531dd190,1,-0.0,0.0,news,1.0,2,en,1,babel_briefings
d367e9f371e126c5d6f0ae55a46732917aa0516d50d1f8e59e275c54bab4803a,1,-0.0,0.0,social_media,1.0,2,ar,1,exorde
d36bd811af2b73aee5997656b0322e60f46a40b9d1be776989bda419e840b17b,1,-0.0,0.0,social_media,1.0,2,ar,1,exorde
d375921f6d01ad91c19206a21b68e267caa6bff484aa03aed74f978e938441dc,1,-0.0,0.0,media_reviews,1.0,2,zh,1,douban
d3781c3ca96044f06e315fc3adc8dcb748168aab4921e67d40f06e354a6a8c3f,1,-0.0,0.0,literature,1.0,2,de,1,german_pd
d37ce6861e8d3ea3b5a0f09cd1967346bc49153fb40eab568c0cb0933aebc08f,1,-0.0,0.0,news,1.0,2,ar,1,babel_briefings
d3865a1c037b33738fe137dbe5157b5899fc8f88e6974b7eedd38842cbe83cf5,1,-0.0,0.0,social_media,1.0,2,ar,1,exorde
d3906f88020cfdd19a98af0bd4d17df350dc6e6e4937d7f272f9fc80664c7c2d,1,-0.0,0.0,news,1.0,2,en,1,babel_briefings
d39516f682d90c26d06b9885407e2ed96e1abd099de4f4643f103e2bde7043df,1,-0.0,0.0,literature,1.0,2,ru,1,russian_pd
d39680e1d1889f4e34e6471e82273786d4714f47c8ad8b45065506594a1abaf9,1,-0.0,0.0,news,1.0,2,ru,1,babel_briefings
d39abe5f260f9b41b8239497ff75f547d9f7467d14ee5ce213ddf96a65f7bfbe,1,-0.0,0.0,social_media,1.0,2,ar,1,exorde
d3a209a056220826b33bdb8ca1f1d9e58b39cfccc56cc526ad15d6f42728f3bc,1,-0.0,0.0,social_media,1.0,2,ar,1,exorde
d3a9ec808e7e7f749a0a307ba048a92b9035ece562ac4e42c25e6ea72f06a011,1,-0.0,0.0,news,1.0,2,fr,1,babel_briefings
d3aa6fb676d1d9a05ee6d4af3a13cf9c9d0003da3fe00700dd721fed54fc71f4,1,-0.0,0.0,blog,1.0,2,en,1,blog_authorship
d3b1a05910c4ac0765f1a054137356222453667e9f9b785ed310a79eb0bb0ea3,1,-0.0,0.0,literature,1.0,2,es,1,spanish_pd_books
d3bba4cbe8d029a1c7db733b4af84548283a8152b821fa167c522687aaf28bfa,1,-0.0,0.0,poetry,1.0,2,ar,1,arabic_poetry
d3bd2ac43147e16ee969dce4f8c92678b6c155c199100835c8f9845a12c5f4df,1,-0.0,0.0,media_reviews,1.0,2,zh,1,douban
d3cb08d1ee7a4838160f839d3bd522859eaf2b811d371d599c6a305ecf30f477,1,-0.0,0.0,literature,1.0,2,de,1,german_pd
d3de0fc6992f447fc624034cf764157d3cf66a644223ab08f5a49fff17123069,1,-0.0,0.0,news,1.0,2,ar,1,babel_briefings
d3eb5cdde9243181ce6e88d2478c254c011eff9b101ff7331bfc23f8d36ec058,1,-0.0,0.0,media_reviews,1.0,2,zh,1,douban
d3fb37b11c9b5b71c01e8aa5de5802f07d588f1c2ba721be759619943fb9bcdc,1,-0.0,0.0,news,1.0,2,en,2,babel_briefings
d4035eff9eb515581aa735dd6c03ba4ca01ecf0b5e13da455daa26345ae64b86,1,-0.0,0.0,social_media,1.0,2,de,1,exorde
d40a826e6f19853625871ebd62e742671f64fd4ed12301fbe92c5ac840276f79,1,-0.0,0.0,news,1.0,2,en,1,babel_briefings
d4148f250b289655141c3d09bb29aa8d95c286a556aa5443432b67739c9ed3f8,1,-0.0,0.0,poetry,1.0,2,ar,1,arabic_poetry
d416d57831c8e499b514bd3c750885834c308806f5eb88cd689c8a4a25db6d28,1,-0.0,0.0,social_media,1.0,2,ko,1,exorde
d418c131dfab720585b66ac6612fa5eee58341e9d92a2f5a143eb5ee64fc4c98,1,-0.0,0.0,news,1.0,2,zh,1,babel_briefings
d419507b3343e9947bca213b115e36a9d723ce2735d1b85ec7047bb1f6ff2795,1,-0.0,0.0,media_reviews,1.0,2,zh,1,douban
d41c4122aa6beeaa9dccc46eb5ab9fe390e595e6de4b8d88c98047491984828f,1,-0.0,0.0,literature,1.0,2,es,1,spanish_pd_books
d42379d36d602a32fa442eafad8b48b3fd08cc04fbdff74573e45b5b6bdc8121,1,-0.0,0.0,news,1.0,2,ar,1,babel_briefings
d426170be7abbb514e8c607b78745819cac05d8194b9e6349213fb79e62cbe88,1,-0.0,0.0,social_media,1.0,2,ko,1,exorde
d42ae068f6ff1144b7229ac9cbb7b56ae3ebc677c6af1031bad824ee0d4aa12c,1,-0.0,0.0,literature,1.0,2,es,1,spanish_pd_books
d42e6d756142b59aaa106282ff88be3f2113bff7d6bd8dbd393aa7e2699dcd7e,1,-0.0,0.0,literature,1.0,2,es,1,spanish_pd_books
d43f660b79999f35c15c84beee0463bcff459c7548b47f2b1e7cdcbfc3fb748a,1,-0.0,0.0,social_media,1.0,2,ko,1,exorde
d444ed131641781a59c9753d4d3848eb42a2e77f5db159b9eb4191de03d52bff,1,-0.0,0.0,social_media,1.0,2,ko,1,exorde
d445cd9774eaee8b7200bd4e0d3075072bacda5d170cf56288d118cd4ceeac91,1,-0.0,0.0,literature,1.0,2,es,1,spanish_pd_books
d44701262d6f045fc6b793ef5cd89358831ba4f22c12975653714ec9760f26c1,1,-0.0,0.0,news,1.0,2,ar,1,babel_briefings
d4548b3f8e11d86c6cc57a21c35bec42b396dab9a21803c6bb3030b4d6c016a6,1,-0.0,0.0,media_reviews,1.0,2,zh,1,douban
d4593cb6bb03f170f477e6b468ca8b918209e457fcc5160e03d4cdf3cf84113c,1,-0.0,0.0,poetry,1.0,2,ar,1,arabic_poetry
d468f5c7073997827cd002eea38d988abe2d3e547b76e8a2437a682710177540,1,-0.0,0.0,blog,1.0,2,en,1,blog_authorship
d470e134ee578a6e30d11b739184f095214c9c7dff77a260d05484473b078536,1,-0.0,0.0,poetry,1.0,2,ar,1,arabic_poetry
d47256f1aa7706431e3e17b4216786cb97dc3711d959857f8f5f0476167b5367,1,-0.0,0.0,social_media,1.0,2,ru,1,exorde
d474cf67b034021a8301aa29e51f07818fab0237360fd199a8946577bacaf773,1,-0.0,0.0,social_media,1.0,2,hi,1,exorde
d48817e8f3b380677688786ee18c6dd633e31aeb28e2b822fca6166562d4676d,1,-0.0,0.0,social_media,1.0,2,ar,1,exorde
d48af552eb635b29b5b392d5fe204f6bf787278f736eb8ba74395db5c1dfc374,1,-0.0,0.0,social_media,1.0,2,zh,1,exorde
d49459e0f700a62e4d212d114a396a624e2df1c32e46a5c6365b40b0717c22e3,1,-0.0,0.0,social_media,1.0,2,ko,1,exorde
d4969965f91b5deac3fe83ffdbf19990e94dca133e5d4c1866298ff99e5d2084,1,-0.0,0.0,social_media,1.0,2,ru,1,exorde
d4ab8c5ea62534666449c425136d45a2b397f1078b6a7aa9a6a1fff7152ff363,1,-0.0,0.0,news,1.0,2,ko,1,babel_briefings
d4ae05fb94d25bbd9861a93a91d67673caeb66fdf5a3aa1d1e6a323165ec19a1,1,-0.0,0.0,literature,1.0,2,es,1,spanish_pd_books
d4ae19c0a979bdc8282e6e5cdcd52850529aa27ace5e6ea1c6781f98bebddd8e,1,-0.0,0.0,news,1.0,2,fr,1,babel_briefings
d4b284c1ea23ce5f5a49cad40a479d68528f459ce852e4fafe50362941fca412,1,-0.0,0.0,social_media,1.0,2,fr,1,exorde
d4ca0ebbbf6a9962952d6af8f9c45d75d69da7f2aaa9c4f2abeac709bd4f3fcd,1,-0.0,0.0,news,1.0,2,es,1,babel_briefings
d4cf05b8ad8ce4f45bab07cb7f6d03f52e4c4dfcb13c4576bb3dd9776ae7b47b,1,-0.0,0.0,blog,1.0,2,en,1,blog_authorship
d4da63a53bf4d2c6995b92c01a31997618a232e2fe8ceba72d615e39d31170c9,1,-0.0,0.0,poetry,1.0,2,ar,1,arabic_poetry
d4e8d07e89c0fa0f08751d771f5e658c7654a9c4af026ee941d30220ae1190db,1,-0.0,0.0,social_media,1.0,2,ar,1,exorde
d4ef13b096862f55411b9fc84791a066972a47f47df92f826d04b729c542bfa0,1,-0.0,0.0,news,1.0,2,de,1,babel_briefings
d4f2bc24f9212507f88bc04386e692432c34e9e782b72fc2ec6c1f0a2441d834,1,-0.0,0.0,social_media,1.0,2,de,1,exorde
d4f9c22206e8d8e5e16b207f23fddcf961aff3052a6eaa75a2135d0412e62862,1,-0.0,0.0,media_reviews,1.0,2,zh,1,douban
d50bbae297daa8f6b8dd062525142b9e0b6c844db1d894151944ebb99ee9a1a2,1,-0.0,0.0,social_media,1.0,2,ru,1,exorde
d50ea8d44b6ae2470c6b3681664d3e163f98f284d7964a27e8d76eff5c956163,1,-0.0,0.0,social_media,1.0,2,ko,1,exorde
d516901350d2d4c24ef3f7fe181fe1a2148317f11796ab9d1376993f551f8ee4,1,-0.0,0.0,social_media,1.0,2,ar,1,exorde
d51ef99cc312662d90fcdca0758de040746d97499552f88e8c80199a8050bb68,1,-0.0,0.0,news,1.0,2,zh,1,babel_briefings
d5207d288d79d9b7754eecd8a40268db27575e6f7b3fa3177c5d8c4078c2c8eb,1,-0.0,0.0,social_media,1.0,2,ar,1,exorde
d5229058eeffc75852fceef222b7c4fe280d42a52a64e7289a8cb8c9e769a7b7,1,-0.0,0.0,literature,1.0,2,de,1,german_pd
d52440bfc351cee730b02eb39f339edc15986730eded56eecad25437158d29bf,1,-0.0,0.0,social_media,1.0,2,de,1,exorde
d52d0bbe6e26c711ac9c6685033baa0b76a88b2db2ee9317fb4107062329a401,1,-0.0,0.0,news,1.0,2,ru,1,babel_briefings
d53affffd55a858e090457b663a0a59fc86a37b1b480d60242145d033937606e,1,-0.0,0.0,blog,1.0,2,en,1,blog_authorship
d54a3118236bf3e3faae4e0f796f52b54e6fddfe4e075105232755a8ecc995ba,1,-0.0,0.0,social_media,1.0,2,ru,1,exorde
d54f639b8630321b268b8bc52c70d3287b56c005ec9d37ad518d446f817cdebd,1,-0.0,0.0,social_media,1.0,2,ko,1,exorde
d551b44d6726966d199af0266577223cd99056fbacf005e863b0b4e40cf2ed51,1,-0.0,0.0,literature,1.0,2,ar,1,wikisource
d556f9e8d7268fc505909c69367c3a1604b80b7428be363b70000d10afd4fb3d,1,-0.0,0.0,social_media,1.0,2,ru,1,exorde
d55e8921d54f3dadb29b38732edc498352d87d2db28f4386579c8f034e07381d,1,-0.0,0.0,social_media,1.0,2,ar,1,exorde
d58aedd6b3e3638270900cb460c207adbb44f6fa343aa4a1403a204563c89e3b,1,-0.0,0.0,literature,1.0,2,es,1,spanish_pd_books
d591dabf25ec33df70da879711269c2e817edddd42e4f1c05c51d89a8c91f5e1,1,-0.0,0.0,blog,1.0,2,en,1,blog_authorship
d593c573d3a4dd52291003e7dc34497796d707e54c1c73ec5113ba61220afc48,1,-0.0,0.0,social_media,1.0,2,hi,1,exorde
d59ed93894146a40504f6aeb7838eea6f933fa60862b871f0b01c060095d1479,1,-0.0,0.0,news,1.0,2,zh,1,babel_briefings
d5ba3f876f848e7b2431eb7c2e543aeb78e1598b92cda9b81be13c2ef2970193,1,-0.0,0.0,media_reviews,1.0,2,zh,1,douban
d5be009323b343ecb11db34604cb2c1384f49927f4c4442d4a26db39efafcc03,1,-0.0,0.0,social_media,1.0,2,hi,1,exorde
d5c09526e267c5c0f9658e475d2b2b33f2e0f2aad7e418fd81195746c1379a10,1,-0.0,0.0,literature,1.0,2,es,1,spanish_pd_books
d5c6db947e797ab66846a59871a3b60502a6449464847ac4dcf3861b01b303f5,1,-0.0,0.0,news,1.0,2,ru,1,babel_briefings
d5d41b9704f259029afdc8243af1ee8ffc8a88a54fd254842012071e344c2927,1,-0.0,0.0,news,1.0,2,ko,1,babel_briefings
d5d4b18a221333996abe7b1e4d1378fe990435f647b9c1ae08c84a6610065e11,1,-0.0,0.0,social_media,1.0,2,ru,1,exorde
d5e1c1787183282fe124f7fd574dc569557fd31c3b22a52fabd7abb32b0f7ab7,1,-0.0,0.0,literature,1.0,2,es,1,spanish_pd_books
d5e35e7287e379c42bd37cd0c5ba5d90e728a7130158e0c10723d01373a392cc,1,-0.0,0.0,news,1.0,2,zh,1,babel_briefings
d5e4d69b07fb3a7bbc49d05c75fb7fac759a882bac10c902294bf30ae464207d,1,-0.0,0.0,media_reviews,1.0,2,zh,1,douban
d5f05dc27722ef3c349a790b1204f54514a137d976e2dd81c692a3ef5276ec0c,1,-0.0,0.0,news,1.0,2,ja,1,babel_briefings
d60bb4dd5d05c5b473118e614f96303ef1df8c6e54e98d1d1ceb72731967d728,1,-0.0,0.0,news,1.0,2,fr,1,babel_briefings
d62dafb464a4b839fdece039bfa56872e9ba09748206750d71e234ba0a638a41,1,-0.0,0.0,poetry,1.0,2,ar,1,arabic_poetry
d6337edd7d2b33cfc47e1939b715bedfab79a5dccbd0d1cad5e73c72fd4a63b8,1,-0.0,0.0,social_media,1.0,2,ru,1,exorde
d63475fe88fb8c9e1e89544905dc0d19c1ac4dede13c0fa3e38d57cec102b0f0,1,-0.0,0.0,social_media,1.0,2,ar,1,exorde
d6353518e179c957d245e537a7f866d78eda1d34c7a6d6d51a038af85413a335,1,-0.0,0.0,news,1.0,2,ru,1,babel_briefings
d64f96caf3d400db152a7a1cfc32812737df6566189544f0bb58f8a670dad63f,1,-0.0,0.0,media_reviews,1.0,2,zh,1,douban
d6510dfc858d120eb9a58818cf4c978235c7cb52245c48e40f3787230707cf11,1,-0.0,0.0,ecommerce_reviews,1.0,2,en,1,amazon_multi
d65b1cbe4588837b6ba91bbacc3fc5400aebcd1a45e0511fdbf361d1b2790042,1,-0.0,0.0,news,1.0,2,en,1,babel_briefings
d65bdd69ca13765bdd97f55b8ba0124fc1e57b96f63215062af6cd89db4a1a92,1,-0.0,0.0,social_media,1.0,2,es,1,exorde
d66171c0ed4581e1a719299ce7d5facbeb4bb5a16afbf13f087b419e68074bbd,1,-0.0,0.0,literature,1.0,2,es,1,spanish_pd_books
d66a551c8e611ee02677742b7d84ee137bfa15b741bd20a6db73a0e13fc9b3e4,1,-0.0,0.0,social_media,1.0,2,ar,1,exorde
d67208867c7b3d56214dc3d9e824f3f24272d1e6b5c7b994b9be17b39a7dbbf6,1,-0.0,0.0,news,1.0,2,ar,1,babel_briefings
d689d03b54c641a14053e10f7e712aead87e6afec8c6fa1e0644ca431a66eb0f,1,-0.0,0.0,news,1.0,2,en,1,babel_briefings
d6a378db0fff5cc95b620d0777bd12d433aed329e083300b6f1e02e01f691f10,1,-0.0,0.0,news,1.0,2,ru,1,babel_briefings
d6a604a9c5973637d904673c968669dcd2d75c2831d11f994d72db0f219a5b2b,1,-0.0,0.0,news,1.0,2,ru,1,babel_briefings
d6af05c8900097b9e10f11204fd4722d00e9df3edf04d86926e4011a3980c207,1,-0.0,0.0,literature,1.0,2,es,1,spanish_pd_books
d6b178b131bbb8118b20abefccec7b73425372dd8e780faac834ef0597004b69,1,-0.0,0.0,blog,1.0,2,en,1,blog_authorship
d6b436cda2310675fc9f5c714d6b6e3aea11588a91b11fda4e50a880fd751370,1,-0.0,0.0,literature,1.0,2,es,1,spanish_pd_books
d6b5d9cc518e973a78f9f80923a7b58c9875678e9f1b906b244ea634a70118fd,1,-0.0,0.0,news,1.0,2,ru,1,babel_briefings
d6b6bf0237ca118e8ae33e85b92ea1124e3d03950689022d2361f0d0225ed7c5,1,-0.0,0.0,social_media,1.0,2,ru,1,exorde
d6ce781b3e08000924d8db8c421e0bf5915dfbcec04e6afd3297a9c2f0b93fd3,1,-0.0,0.0,news,1.0,2,en,1,babel_briefings
d6d30d48f105099dd76450cfb499d0202e6226cd429614c50e0553cd57e1e6b7,1,-0.0,0.0,social_media,1.0,2,ar,1,exorde
d6d7066a8c0dfd0957ba57fcaffa0372fc749bd1d470f0eb0ea5ceb82d4fc63c,1,-0.0,0.0,social_media,1.0,2,ko,1,exorde
d6da2387214d9b00cf261f44576bde88a988bb67d1af8e2e9731ce659f093b64,1,-0.0,0.0,social_media,1.0,2,ar,1,exorde
d6e0a22ccd6dd4121956acdaaa5eb91c4cfca1763ea057c5e94a310416b0a528,1,-0.0,0.0,literature,1.0,2,ru,1,russian_pd
d6efebd93d4612249b6994196046bf5624af187f7dd6cd9ac1f3a2c8d9eb0fb6,1,-0.0,0.0,literature,1.0,2,es,1,spanish_pd_books
d6f4ddf9de9e2fa9f12e6b66f90e748798f16e97588d850c06757286cf5c41be,1,-0.0,0.0,news,1.0,2,ko,1,babel_briefings
d6f9b9f97633d800052be17c5a586555da3dc393e5679ff46da9027aefd1c9a5,1,-0.0,0.0,social_media,1.0,2,ko,1,exorde
d6fcfe5ea9fcb3a0579b79b51d9c1112d0321f7f96a6420907830184ac816d67,1,-0.0,0.0,news,1.0,2,zh,1,babel_briefings
d701855d964e68ca959b51c267b70150bdea98d51478531eaa8d373b86e410fb,1,-0.0,0.0,social_media,1.0,2,ar,1,exorde
d70dfeb31a9d2bbfd2fb0d3c9251395e8deacf48175ec673f5a5c740fae64d98,1,-0.0,0.0,news,1.0,2,ar,1,babel_briefings
d71077a31fa6885ba3438dfe461d420d9bc338cc855988e7f7484b37548b9bbd,1,-0.0,0.0,poetry,1.0,2,ar,1,arabic_poetry
d71cf1e1430c088135e57896b4ef5998a54423ca4fb69867e91cc108aaa42a88,1,-0.0,0.0,news,1.0,2,zh,1,babel_briefings
d72202c2d56a9ac891d1f024e9f346c6bd943613a1ed3b5f33db2d8ddf9dae49,1,-0.0,0.0,literature,1.0,2,de,1,german_pd
d73cdde65c29d7b7dceca0b572ee9d7b3c91d009d75f2c296072fe1b418fb25e,1,-0.0,0.0,media_reviews,1.0,2,zh,1,douban
d74e0907339c7550b31319acaae70f8926d1ac2a98d2f8fefdfe689514a168ff,1,-0.0,0.0,news,1.0,2,ar,1,babel_briefings
d75809f23d68f41ab01d4a164b0c29e12b50ac00641c51cf5b8d1637338e7400,1,-0.0,0.0,news,1.0,2,ko,1,babel_briefings
d77ee5815cc96e1b603a841cada43682006e2c48746dc02de189f3b4be7b9326,1,-0.0,0.0,media_reviews,1.0,2,zh,1,douban
d783a47e5ddc53fd417a1a525121ff95253f71ee925d74c191feb4c9753f462f,1,-0.0,0.0,social_media,1.0,2,ko,1,exorde
d799c7b5b2663386c9bbe3c1168c8368c5c962be41c093b1a95d573a6af8606f,1,-0.0,0.0,social_media,1.0,2,ko,1,exorde
d79de476f68564384365802b7d5f5238c69da415b445e50351806e8a804558fe,1,-0.0,0.0,social_media,1.0,2,ru,1,exorde
d7a2a4491556fe1e50b2d3511a6cbcd4faa90a9cf71e679df931b809942f7acd,1,-0.0,0.0,news,1.0,2,en,1,babel_briefings
d7a387d41f6a78c3bcbc666d88fe54c230ffd7f22f1c853268d06856b99f9136,1,-0.0,0.0,news,1.0,2,ko,1,babel_briefings
d7af21d0cd4dead6ffaf0573cf48bd16f5865486b356679afce1fc6681f5cf18,1,-0.0,0.0,social_media,1.0,2,ko,1,exorde
d7be6c2148487df3e80c1502b7abb5a66862823d9f6d95054055a082841d9051,1,-0.0,0.0,social_media,1.0,2,ko,1,exorde
d7c029394f8cbe3030df00893b828fb317ebeb2802831180b0d657e54a9a3660,1,-0.0,0.0,news,1.0,2,ko,1,babel_briefings
d7d6137f6c27cd0d2de94bb2389cd6c5346dc7cb7712a67fe69fc4a662b3a731,1,-0.0,0.0,news,1.0,2,ko,1,babel_briefings
d7d9163dce2f02e4257305ad09b893f63bd2e1a60d84a289ac27d314a0cd9c14,1,-0.0,0.0,literature,1.0,2,es,1,spanish_pd_books
d7ebd05915d5041132822a163d7cea4976d00582ff99b97f4d4cc81816695a34,1,-0.0,0.0,blog,1.0,2,en,1,blog_authorship
d7ee3299c654c90160bd407bcf3647e9ca6af8c582aea57a9c0068ebbaeecc4b,1,-0.0,0.0,literature,1.0,2,de,1,german_pd
d7feb1dd86d0111ea96ed39ea5734ea8df98d5bb5d71764fceca3c589672cb75,1,-0.0,0.0,literature,1.0,2,es,1,spanish_pd_books
d809bde73299059fa54e47d8f0eb96d508e483bdde6d0141f361694b327cb7a7,1,-0.0,0.0,literature,1.0,2,ru,1,russian_pd
d810ecffe5d620f8eceb2fb4bdd0359950986099fa784a47d367c582b2a1eda9,1,-0.0,0.0,social_media,1.0,2,ar,1,exorde
d811fd796656b40a8fc8ab90776ab10fbd1e8a141dc29f2b051a6b7ee15f43e7,1,-0.0,0.0,poetry,1.0,2,ar,1,arabic_poetry
d8124ec05620987a30c4760376e829511e48b291c3bbc45c9a425227f46b8c50,1,-0.0,0.0,literature,1.0,2,es,1,spanish_pd_books
d81670a427cfcd7c3ea64e05e394abc400d1749d459dd5f1184b87f6da8eaad2,1,-0.0,0.0,poetry,1.0,2,ar,1,arabic_poetry
d819aad15bdc030b7b8ac9d747901603e7465984ec076428ea62ca1665f682c2,1,-0.0,0.0,literature,1.0,2,es,1,spanish_pd_books
d81bc3f377f1f7bfd7a1d3f2c6580f5035add30ca14dd97a7368a572d92bed51,1,-0.0,0.0,news,1.0,2,ar,1,babel_briefings
d824b8e177f645f761359a8fdfb989ecdc90248b0231755e689f027ed136aa3f,1,-0.0,0.0,literature,1.0,2,hi,1,hindi_discourse
d833202b91059d637d3004d60c97831416dc115a27eb13386cd177c97a0360fe,1,-0.0,0.0,news,1.0,2,ko,1,babel_briefings
d840f990d91448a50aada1f0e4f4bb47496705e62d3392cdcbd69fe7ff118ca4,1,-0.0,0.0,news,1.0,2,ar,1,babel_briefings
d84b5a61132288b95cadffc50c9b0caab2f3988b90c9db53c0e9109b11918eaf,1,-0.0,0.0,social_media,1.0,2,ar,1,exorde
d858be43c72c07946c65a1fe8575beb995b84daf964339c527d8308ae605b0ea,1,-0.0,0.0,social_media,1.0,2,hi,1,exorde
d86d8db1efd86e8de253ab616480742efcc13a0453fcf3f63bbf58f0c2a6c59e,1,-0.0,0.0,social_media,1.0,2,hi,1,exorde
d87738b79a458156bb44647b38e3845ec0657fac541ddad7db470830aea329b6,1,-0.0,0.0,news,1.0,2,ko,1,babel_briefings
d87ddf5026685bc0f660c86431c04ca639dbcbb3fdba590fbc93a5784dc4c099,1,-0.0,0.0,social_media,1.0,2,ru,1,exorde
d87e609702f04e30ef2af533c0b67b415d68a834b351705248b9d7e0be3a9076,1,-0.0,0.0,literature,1.0,2,hi,1,hindi_discourse
d891740323eea2e0a2747744293a84b7263443f3e3ba012262bf2299eea4e3ba,1,-0.0,0.0,news,1.0,2,ar,1,babel_briefings
d8a0405b7dda2524008dbe4229f6bbb89d883476b6d4091f5b89c63809ccdea2,1,-0.0,0.0,poetry,1.0,2,ar,1,arabic_poetry
d8a8aad589c5b4333414baed5ca71bd3e0a1e2a52f89236905c61a1a1382ca20,1,-0.0,0.0,social_media,1.0,2,ar,1,exorde
d8b361387b282727a308731f3421d0331956c53041a211d7d471cd94fa7413db,1,-0.0,0.0,news,1.0,2,ar,1,babel_briefings
d8c0beb90400d3cd19727967ceaeec9efaaf37396d963e553cc632c1c4351897,1,-0.0,0.0,news,1.0,2,en,1,babel_briefings
d8cccab9b63861d5681c4b0bdff606106f793cea6601fd4274b6c0b19e88741b,1,-0.0,0.0,blog,1.0,2,en,1,blog_authorship
d8d41e2c143a4018eb8a71d267ac637ce05f0fde9891e2276942e1f308b6c7fd,1,-0.0,0.0,social_media,1.0,2,ko,1,exorde
d8d68c01dfb24967eb577a2f30cd27cf9e45929cd7cf0c9d377b2694d12ba081,1,-0.0,0.0,media_reviews,1.0,2,zh,1,douban
d8d8c3d09b2c1cc0d8e85178bee2116e5be58a9a18b3530d5ce8e5e37f83ee11,1,-0.0,0.0,media_reviews,1.0,2,zh,1,douban
d8eb24c416b60f8964104e945f73b337f6a424daddbfd21098c26a4457b35dcc,1,-0.0,0.0,social_media,1.0,2,ru,1,exorde
d8f7743d0ff9db9af600f3190a71e9eb71dc316e850a8e7da7d60ddb5793b1d3,1,-0.0,0.0,social_media,1.0,2,ru,1,exorde
d8f7f0db70bbced014cb80ccfb916fdb4a9d4d9c2b07b874252cab5549a1f6dd,1,-0.0,0.0,news,1.0,2,fr,1,babel_briefings
d908c119919ff63a401786bbc811609b6d238a78e38b6f3878c173c019cf19a3,1,-0.0,0.0,literature,1.0,2,es,1,spanish_pd_books
d90918e9a55a6c9761735f128668a5670208b7113a0e5aa0a08f61e516747114,1,-0.0,0.0,blog,1.0,2,en,1,blog_authorship
d91a458d2bdd6c5b80e84ac2e3d6810ded6f2ba516f041b11657757dba6479ce,1,-0.0,0.0,literature,1.0,2,ru,1,russian_pd
d91dd9f8cbeec659ab311a92683905af615f8e3f5279f7fdd11528e6c4d4064d,1,-0.0,0.0,literature,1.0,2,es,1,spanish_pd_books
d91fd1c5c39536c258db360e9f4d3583ca184caa5f510320940aced42360a82f,1,-0.0,0.0,news,1.0,2,ar,1,babel_briefings
d92498848b9d5a5e76a43cdc86efaf2624f250973736802f684eb153be068904,1,-0.0,0.0,news,1.0,2,ru,1,babel_briefings
d935e9468c3d0ea844ec7f0f3968b72e7d73fa76eb2e67950efd5b8a31034130,1,-0.0,0.0,media_reviews,1.0,2,zh,1,douban
d94107d8daed2756b518704042cd095008cbb8562f324d1d22490dd6c572c75a,1,-0.0,0.0,news,1.0,2,ko,1,babel_briefings
d941ab171c17f702eb060dc8fa5a8c86728af195c695d146961ef67f3bf8b92f,1,-0.0,0.0,blog,1.0,2,en,1,blog_authorship
d94a2ee5ef5f55e23185ca1acb0d54f9f05bed255e82572311c6b14dd85a92ed,1,-0.0,0.0,social_media,1.0,2,ko,1,exorde
d94c3fdce7a14f9e156401bf5f650c1c40e287c7edaed19d0db1361840f3ade3,1,-0.0,0.0,poetry,1.0,2,ar,1,arabic_poetry
d94c64c9e12fc725f9cea910db80c5094aca359c20ba57f2cdd19efcab6f99d8,1,-0.0,0.0,literature,1.0,2,hi,1,hindi_discourse
d957a5e7e4d3d811530a8f382821f2578f03b943a25124532e005fa541722b46,1,-0.0,0.0,literature,1.0,2,de,1,german_pd
d95c55e4a94b33a74d672b98f4d6fac5544f54b42fa32ee3d8dda65c496a73b3,1,-0.0,0.0,literature,1.0,2,es,1,spanish_pd_books
d96b13555d83eab6fad75ddcf9eba983520666afa3951f63f8bfc7faf98636e2,1,-0.0,0.0,literature,1.0,2,ru,1,russian_pd
d96d39c6572bc9c073eec73a2c2e43fcab0faf4b50d44020e5adca3727d05931,1,-0.0,0.0,news,1.0,2,ja,1,babel_briefings
d96f9965157e934c97649e7f68eb9956de572fe5c74e8f951c3c7e50dc5f62a8,1,-0.0,0.0,social_media,1.0,2,ru,1,exorde
d97c1f01f5bf385cf414f5d9f9a98b91b6552a4fb9b80437b56c7e538808dd03,1,-0.0,0.0,social_media,1.0,2,zh,1,exorde
d984539201bf826223475a5f949d7a2ab7fbba74c1cee8fd6ea1d35df5e4cc41,1,-0.0,0.0,poetry,1.0,2,ar,1,arabic_poetry
d99c4f55869a772f55083263bb8c9d9341705525fb3b2fc6510ab7253ea2b54a,1,-0.0,0.0,literature,1.0,2,fr,1,french_pd_books
d99d7bd95908ae47dca0c8af5f0eb0d7d8b6ad0c2558759bc09ab0582c3b8a67,1,-0.0,0.0,literature,1.0,2,fr,1,french_pd_books
d9abbebd900d8ccf0d00d7522c837b922e7e4d4862c23bf53de4fe849a4ef1d9,1,-0.0,0.0,news,1.0,2,ko,1,babel_briefings
d9af9dd8d1c03e12cae592e9c1851f438ea6c38ce22468f18f71a7b34ec489dd,1,-0.0,0.0,literature,1.0,2,ru,1,russian_pd
d9b0167410c535008d41a4b042653b99cf69bc8b369f64a3c37f394c229a73e9,1,-0.0,0.0,literature,1.0,2,fr,1,french_pd_books
d9b0799bc920f458bb9306d0941e8af90ec433a88a22aa7c21d1677e5fe6af92,1,-0.0,0.0,social_media,1.0,2,fr,1,exorde
d9cb35749f356ec524c50bff59659846c52380703a959cbe257eb4c854b14cd2,1,-0.0,0.0,social_media,1.0,2,ar,1,exorde
d9d3502d3ffcfc37eec1daec2f22a184c5d3c8cfa72932992baf63dcd606b875,1,-0.0,0.0,media_reviews,1.0,2,zh,1,douban
d9d880d954ad1a74ae5fd18372411930bbba72bb2fa69656aac21203e40699ea,1,-0.0,0.0,media_reviews,1.0,2,zh,1,douban
d9dbfd6f612ecb2378680b4fb3a079088b1c06259d537c2dde6a98a502e4a967,1,-0.0,0.0,literature,1.0,2,es,1,spanish_pd_books
d9f7a62dbe6911d6be1a6332d7cbc9f945b5fa7fa28194cf1be3fe8c8c141974,1,-0.0,0.0,literature,1.0,2,es,1,spanish_pd_books
da113f04d6aae90518dc5d26da215420364bf650b0fb189f64ad95193134d8e0,1,-0.0,0.0,media_reviews,1.0,2,zh,1,douban
da14371b2ac64ecfb99f8f6000b7a07be55f9224eed564e8921677e808860442,1,-0.0,0.0,social_media,1.0,2,ko,1,exorde
da157ef1270a6cf49dec4847d6ef20a0779b419874101c8b5c74fea6a3fe5988,1,-0.0,0.0,literature,1.0,2,es,1,spanish_pd_books
da16532e735f3e37b46f6aa3aee9086f5579152757f1ade594a9dbfda6fe115e,1,-0.0,0.0,blog,1.0,2,en,1,blog_authorship
da277e48cece70b2be05185376c4486180f9993b43b50ec2d59bd61fdb1af2e5,1,-0.0,0.0,social_media,1.0,2,hi,1,exorde
da34a2401184c1aed9d5fb39ae0247151541441c8f96015cf864aef84ad32ec6,1,-0.0,0.0,literature,1.0,2,es,1,spanish_pd_books
da3f26416004783d518d13d8d6e7c69e1a0b06c03e1a9eed5e15284b382e4e7b,1,-0.0,0.0,news,1.0,2,en,1,babel_briefings
da4b1ef00c26bd679688c47a7fa7a04326e2c270ee7cbc72557c49138c5cf8bf,1,-0.0,0.0,literature,1.0,2,de,1,german_pd
da6e0c34fa373004ca3c625a0b5587e162d1707b9b0f13fcf0987054ebb1a861,1,-0.0,0.0,social_media,1.0,2,ar,1,exorde
da7bef2455c126a681d5562cba6ec5e7aa1a1ca07a7a56a56cdc707861f054d6,1,-0.0,0.0,blog,1.0,2,en,1,blog_authorship
da96e42b692417bfb0961fc0e9dc8b66519c8add5ec102a7390965a5f1cdf1c2,1,-0.0,0.0,poetry,1.0,2,ar,1,arabic_poetry
dabe8d71d3394da92c6f3df1402f24699fea46a34971df8bf3984bebcef14c01,1,-0.0,0.0,social_media,1.0,2,ar,1,exorde
dac29cefcf19da6d4e4877c0ecc3109ffc292d27afc65539981935cb6c2e5d55,1,-0.0,0.0,media_reviews,1.0,2,zh,1,douban
dac669ff2aff27fa950e1e3d89a46fd9b849cbc94270a148b65a19de61ba8164,1,-0.0,0.0,social_media,1.0,2,ar,1,exorde
dacd1516f90dc2b01edec5c45c5f0a7a36433aab5f4707912ae26519d5b8164a,1,-0.0,0.0,literature,1.0,2,es,1,spanish_pd_books
dae235ee2c380795d8a10f6a5fed5c7d287b890a660408dcd736f14f1ad5f5bc,1,-0.0,0.0,ecommerce_reviews,1.0,2,en,1,amazon_multi
daf0f2d6c5b6159453c987d88dc33c5796ac7c3608ac2e178c6771b8df12115d,1,-0.0,0.0,news,1.0,2,es,1,babel_briefings
daf7ec0d40e296a6df49b56083c24c9c3f875e28e7fb471f668715dfc9789cdf,1,-0.0,0.0,news,1.0,2,ar,1,babel_briefings
dafec6aac9d8769ac80f8fc4f62ebeba83bf93bb8fdb53520e9e8ba0b8fe0175,1,-0.0,0.0,news,1.0,2,zh,1,babel_briefings
db0b91de832851f20a47ca9ab9f95826ab34ac45c40b2ac770bda305f10f47a4,1,-0.0,0.0,literature,1.0,2,es,1,spanish_pd_books
db13a95e78f0e4f11941176ee3ca9888e1908df2f184d92a6ca45048001702ee,1,-0.0,0.0,media_reviews,1.0,2,zh,1,douban
db17aef4e3c490d81c150ec2143989cc8eae7ccd0bffefa6d14c1b6362f602a9,1,-0.0,0.0,news,1.0,2,ko,1,babel_briefings
db2459ea386e4e3c154d5916077d64604967b71e418d59125db6440d4eae0be1,1,-0.0,0.0,news,1.0,2,ru,1,babel_briefings
db2729a549022f81822aa02089bbe7a0efbec07b104dac0751dea41c481d82f6,1,-0.0,0.0,media_reviews,1.0,2,zh,1,douban
db2a800c0cb774693c42eac5970625b963603f628a696dfc39309bf50dc5df95,1,-0.0,0.0,research_paper,1.0,2,en,1,arxiv
db32989b984e000433bd1ffb1811c4f2e1ae07e640736d7bf60bdb62f322d0b9,1,-0.0,0.0,social_media,1.0,2,hi,1,exorde
db3eee112aa6d9a440a06c773775e8ffa84299138d8435776a00d67090555ef2,1,-0.0,0.0,social_media,1.0,2,ru,1,exorde
db4ac463efbdd805be58690b980b1039378ceb3551807dd9e2a3a66748c462d4,1,-0.0,0.0,social_media,1.0,2,ru,1,exorde
db56db178895a2d083f2fd308b885649d27c73d2da5d9eacf321a38e3ab6fbe6,1,-0.0,0.0,social_media,1.0,2,ar,1,exorde
db5f04775acd0a6a0a71ae925a800dbf8dadb8490fb48d920fe3138310c18537,1,-0.0,0.0,literature,1.0,2,es,1,spanish_pd_books
db60ab6cdf85f8fa33530f88ad177efb4691a08ebd8b1d99b71242f79dc08020,1,-0.0,0.0,news,1.0,2,ar,1,babel_briefings
db75ae79fa5588b25286b8877425f4d8b741e9072585d762465b2ab2a0d349ff,1,-0.0,0.0,literature,1.0,2,es,1,spanish_pd_books
db7b628bba565f23203cdf4619c8b25f611fe485580c7553e047f3af92f7bfe9,1,-0.0,0.0,literature,1.0,2,ru,1,russian_pd
db7f78557e13f109a2c9c4c5c82bea95a45f5cd50ef409233caed020e79ef334,1,-0.0,0.0,literature,1.0,2,es,1,spanish_pd_books
db83ad8e0f642178fea2424cbc8c5e39b89f55ff11222ea19a6733caaed2376f,1,-0.0,0.0,literature,1.0,2,es,1,spanish_pd_books
db897f1c585f5c02eda8ad21a78f79039186e4fd72434d378a19be24959228ab,1,-0.0,0.0,social_media,1.0,2,ko,1,exorde
dbaca619bb0fdfab46429160b3056e274af5b7d93c8f57aa097987d8161361d6,1,-0.0,0.0,social_media,1.0,2,ar,1,exorde
dbae0481cb97a28bb421c4f291297ad6ac0660af57fff6e413fec0967c8875bb,1,-0.0,0.0,poetry,1.0,2,ar,1,arabic_poetry
dbb9ad8969341f3817fb5cdc72c6ccd27c129a5afd764bd56f0dd9af41be23a0,1,-0.0,0.0,social_media,1.0,2,ar,1,exorde
dbb9d2b78bd14c1a442e2e3e0c320fdb91fd7ccaa0dbb78383e42f5cf4f048d0,1,-0.0,0.0,news,1.0,2,en,1,babel_briefings
dbc96f425de938f4de83aba21143eec735045e1e584683752a0c4cb007cf805d,1,-0.0,0.0,social_media,1.0,2,ar,1,exorde
dbced540aaa8083b3b3c99ec18e77b0cd4037c8d3af4dc16522c532a00c2e17b,1,-0.0,0.0,social_media,1.0,2,hi,1,exorde
dbfec6fa3476358e8a815cdca8f22ab21b6bd9e54e7095cb6094911e629df1e2,1,-0.0,0.0,social_media,1.0,2,ar,1,exorde
dc044563d9c680b8a5a379d333403d564388f0c92d5d3bd019f694d6850f3d1c,1,-0.0,0.0,social_media,1.0,2,hi,1,exorde
dc08e53c33eff4cc365991890eaca51cdef82af147ed7ee82626ba23adc39ad5,1,-0.0,0.0,news,1.0,2,ko,1,babel_briefings
dc0ba62c96c2c89da925e00f1ebf08b721bae3f196a00a3046670916362a213f,1,-0.0,0.0,literature,1.0,2,ru,1,russian_pd
dc0bd66859bd1a9fe12af6227f5a100bba2209bca0e174ba1787ac658a3a3ce8,1,-0.0,0.0,social_media,1.0,2,ru,1,exorde
dc112265512a236ad8c30f62c8d35e40c96f95a85f8122d5884535f7b50c727e,1,-0.0,0.0,blog,1.0,2,en,1,blog_authorship
dc1cf4b37d1f17d1387c7f7ed6fb09e65cc2cba27e820f6a7474145ede531174,1,-0.0,0.0,news,1.0,2,ko,1,babel_briefings
dc264d121c967083d4b3942d6a1d522bd0c963713d282a0bd3cd5d7f52970bc7,1,-0.0,0.0,literature,1.0,2,es,1,spanish_pd_books
dc4652a373c84c951165448eaf1c9e1f899472289f8018c403779837a26953dd,1,-0.0,0.0,news,1.0,2,en,1,babel_briefings
dc475d9096a9abd7c36ef4a50b96203206133ed65bc5b27a11af36531c938e19,1,-0.0,0.0,blog,1.0,2,en,1,blog_authorship
dc48b31c774633f5039de79630664b3eef929f1305ae65deb987f25301f3d024,1,-0.0,0.0,social_media,1.0,2,ar,1,exorde
dc4fbf809389f378273c5b889016543391bed37a88893342d8bf40ea1bbf6a69,1,-0.0,0.0,news,1.0,2,ar,1,babel_briefings
dc5ed19cedb60e1347fd098f2724e2489500bb88639d1a6042d52238e97fc79b,1,-0.0,0.0,news,1.0,2,en,1,babel_briefings
dc71db2a8723793199939578f54d1015aebdcc4d19a1dc730ffda498d8180cbb,1,-0.0,0.0,poetry,1.0,2,ar,1,arabic_poetry
dc7744fd176852443f992e152218ac57dc2b05cd7f0264c0c80fc78498f3a0f8,1,-0.0,0.0,news,1.0,2,ru,1,babel_briefings
dc8f344a7ed1a0920c9f9b01ca40cc3fb35140ffdc3e145e5c43690b4c7282d9,1,-0.0,0.0,blog,1.0,2,en,1,blog_authorship
dc9279d51aecb60feb79f2e6476aab21d50d69d0c3808a62a845e3e0ed286572,1,-0.0,0.0,news,1.0,2,ru,1,babel_briefings
dc94bfbfdadb0cf56b95a3d44447894bb4a4c5fcdadd4b845c153377bc882548,1,-0.0,0.0,social_media,1.0,2,fr,1,exorde
dca0da0cdec8095fa477e1b4f8fb0650d98a62f49393bc10fa395cfc307fca6a,1,-0.0,0.0,media_reviews,1.0,2,zh,1,douban
dca1997e14f967d9375bdaf7f80c56ca5c7ab34ea98a03282f906f12529a7f9e,1,-0.0,0.0,social_media,1.0,2,ru,1,exorde
dca2c458980c751ee4e2335a7376a9e0dbdd34b2fc237ce3de55a7177e86e0f3,1,-0.0,0.0,news,1.0,2,ko,1,babel_briefings
dcacd2fc270bf3ca01640c40f3563f3c9027a75f73401314ae8a268d3aa03eb6,1,-0.0,0.0,social_media,1.0,2,ar,1,exorde
dcaee689dfb15106a25efb5f3a9964aeaad1a8c6aa862f445ab923b4e95f7c93,1,-0.0,0.0,social_media,1.0,2,ar,1,exorde
dcafbc3995ff3e6f712371b7d1e35411280a3833dc0e01b8d3b571b34ad527c0,1,-0.0,0.0,blog,1.0,2,en,1,blog_authorship
dcb10551df28f73e4dcc86601ea998646a8bfedc5f4e50f0145f07d172a5ab35,1,-0.0,0.0,social_media,1.0,2,ar,1,exorde
dcb485c07b1dda0b48547be4605004e09a91543fe776f2e4eb8c01977408de92,1,-0.0,0.0,social_media,1.0,2,fr,1,exorde
dcc8d5da21055d06c93be1c2c55772e314869d84707cd68259956b14a538d8e1,1,-0.0,0.0,media_reviews,1.0,2,zh,1,douban
dcca6b84ab21c4329c402f705f4b273d20992f3d0148828c9c380b20f6aa1a9a,1,-0.0,0.0,media_reviews,1.0,2,zh,1,douban
dcd3ba7f74cf870e50eda57d837d73ca7a3c88ee871d639b41b43d51dfd33897,1,-0.0,0.0,news,1.0,2,ar,1,babel_briefings
dcdd084a8253b5a2695f9072d1ff200a095f8fe1c542f450810f0aea47bde027,1,-0.0,0.0,literature,1.0,2,fr,1,french_pd_books
dce079866fe5df656415ca78f06932a21df26542e6e7efbc451e86025c091eaf,1,-0.0,0.0,media_reviews,1.0,2,zh,1,douban
dce7dc181d2a60cb113f126b663e6b12b3ee7b20d8ceb006c8058f093d261614,1,-0.0,0.0,media_reviews,1.0,2,zh,1,douban
dcf50997c15f734bab31736095a9a5f8d8b9f8348cb08640f55275363e95b378,1,-0.0,0.0,literature,1.0,2,es,1,spanish_pd_books
dcf5883c9ad635dc57020153675840e7e14bbe681e988a79a066414facfa3ab0,1,-0.0,0.0,news,1.0,2,ar,1,babel_briefings
dcf64d3454cf2de07364952f347f1d1ad4313c71982997ee8679bd2b7391a549,1,-0.0,0.0,literature,1.0,2,ru,1,russian_pd
dd06e245fc6e7c861574251be31127ab0b7479fa7475ba99740e17e4ee6a219b,1,-0.0,0.0,social_media,1.0,2,fr,1,exorde
dd0eb51678a760c23c4bf1babca5e977f19e8736de586531730030f315de9140,1,-0.0,0.0,literature,1.0,2,fr,1,french_pd_books
dd1bd1b1101ec22d21337a9f8b3b4e255a531defd067e14fbceb35de6b137c60,1,-0.0,0.0,social_media,1.0,2,ar,1,exorde
dd1eb2756f88cedf256200d350c6cc91bbdd61d04bd8c92a71c7b977e1448f36,1,-0.0,0.0,news,1.0,2,ko,1,babel_briefings
dd2058091ec0bcec5b3b045eef2b9e9b6ad9e1ddf501e4adca1aa07ef6d90fe3,1,-0.0,0.0,blog,1.0,2,en,1,blog_authorship
dd258cc95b4ac9b94259ed43c135cffe9385f47d4ea41e954d8902b8c1e31ca3,1,-0.0,0.0,news,1.0,2,de,1,babel_briefings
dd35456e1930e0970ec09ac124347e14f33d039db34270c09ea44017420a6048,1,-0.0,0.0,social_media,1.0,2,ar,1,exorde
dd3bae4607e24d3cf97fdeb99e85a114b0208914c3b7a54f992b1befc514f5c1,1,-0.0,0.0,media_reviews,1.0,2,zh,1,douban
dd4c78bb5176048a242f29e1d39c7d212a00b6a2bbf5cad37338b0e297a59946,1,-0.0,0.0,news,1.0,2,zh,1,babel_briefings
dd58d19b4b38a2127c7a05ddae08961b98880bc6196d60dc8b3d685890e8ef26,1,-0.0,0.0,social_media,1.0,2,ar,1,exorde
dd5d44dd77325e9a7b8c59223fd4036865038fedf7ad67a301d2041878e88762,1,-0.0,0.0,news,1.0,2,ar,1,babel_briefings
dd7c43a2f1b48286b0a07ccb623c0eb101e94e6b52b7892ac41da42bd24caa66,1,-0.0,0.0,news,1.0,2,zh,1,babel_briefings
dd80deddc0c1ae4db3daf29c986a1243e6216fc6bfe6a6b2484f57a30e535f4c,1,-0.0,0.0,social_media,1.0,2,ar,1,exorde
dd86baf636cb73931841626f837209e23a5c5131cf03ec138865a339649f37e1,1,-0.0,0.0,news,1.0,2,zh,1,babel_briefings
dd892137ae0296e2a0780c2df27c343fe6fa1b7d7768a154c16d641aae2a98a8,1,-0.0,0.0,media_reviews,1.0,2,zh,1,douban
dd972633240bf17cecdf6913eb810c6184138a57e16001f64e30e49ee19386f9,1,-0.0,0.0,social_media,1.0,2,ar,1,exorde
dd9a8f422ba5fcd8a36d8229d8e0927649f8dbf0be6d193f52bdb3eadb5236c2,1,-0.0,0.0,blog,1.0,2,en,1,blog_authorship
dd9e61ea88f57cfdefb3dfdad0f298ed7c8f062d1343bc428efc833cc4c6a791,1,-0.0,0.0,social_media,1.0,2,ru,1,exorde
ddb1ff2fd97725f0b76238a513312f23f19d58928fb65f991910f856d4d5b22e,1,-0.0,0.0,media_reviews,1.0,2,zh,1,douban
ddbaf6056936a3a90129e247ceef8edd12d494f4e8cd8cbf8a93ca2b00fb25f1,1,-0.0,0.0,news,1.0,2,ru,1,babel_briefings
ddc956ac48bd6b5c9fbeb93c1b3c8ba99a92eb4bdb5e725c1ccc72a1e3e6c215,1,-0.0,0.0,social_media,1.0,2,ko,1,exorde
ddcb18b216ad5f7566c1e3b97b89919655f53f51d73dcb34fad0d0b3358f7446,1,-0.0,0.0,news,1.0,2,ar,1,babel_briefings
ddcd2aa5715039b40e35be735072e053b177aa16529f63135bf968ade5afac97,1,-0.0,0.0,news,1.0,2,ru,1,babel_briefings
ddcdf5e868ef1c19d6b48bba408ae537432d2a65bdf742d779e333c673b5129b,1,-0.0,0.0,social_media,1.0,2,ru,1,exorde
ddd4c2acb99d2f24de78a8615767eab9591495af27f8d2ec7c603e7ff7776b99,1,-0.0,0.0,social_media,1.0,2,ru,1,exorde
ddd6087204d529e4cfe68a21f3991a8aa410c93b4bde7982befee87e765a42dd,1,-0.0,0.0,media_reviews,1.0,2,zh,1,douban
dddfa0bb512e0434167b7a7b38c11dcfbe5103f3af65bb7db7d033c240ecbd31,1,-0.0,0.0,poetry,1.0,2,ar,1,arabic_poetry
ddf8043be5e34d24b53cca9f70c1ed95ef104f0364613d788aa9549a3ac7bcc3,1,-0.0,0.0,social_media,1.0,2,ko,1,exorde
ddf953b4bde9ee0ebbd157a1c8ffdbc218c98b28e9d075b2c456cb952b43798e,1,-0.0,0.0,news,1.0,2,ja,1,babel_briefings
ddfe1debd8b929afe3f61d421d1c401fdacef702fc837f3ff5414a2bf60d52dd,1,-0.0,0.0,literature,1.0,2,es,1,spanish_pd_books
de0bdadde90a823ca45763f88b72a77d9019621c183d4686a3a01eabb7f95a07,1,-0.0,0.0,social_media,1.0,2,ko,1,exorde
de2cba445ac04c9023e5d6a7ec9abf7f7ab733057868e05aad73921e06f2cc01,1,-0.0,0.0,news,1.0,2,ar,1,babel_briefings
de4f126a05f04009582bc68a52807d5daf250010a02f76c2013b22866487f277,1,-0.0,0.0,social_media,1.0,2,hi,1,exorde
de68b6e4694be02383609f009ff4d4ae1612417e519277e370ef5c7362334ae6,1,-0.0,0.0,social_media,1.0,2,ko,1,exorde
de6df5dd56c5a3dd6c6b79b467394f0fbe46cfe80097d83e0c5821a2a57fb399,1,-0.0,0.0,social_media,1.0,2,ru,1,exorde
de6f35ca292f7fc03fb401c4c497d1d9dbf818878b0ff819c408a151e61faeaf,1,-0.0,0.0,social_media,1.0,2,ar,1,exorde
deb255d25467fe43c35dd9a4d314917743bf13c7eb4d9669caa1591e47db1863,1,-0.0,0.0,news,1.0,2,ja,1,babel_briefings
dec5b02377f4d821e9e8717e167ff6099f862fb0488bfe2137a5433778e11163,1,-0.0,0.0,news,1.0,2,es,1,babel_briefings
dec8c7dc3a6acd7a0c8754f4e4172e7b53999249b09a446430d9e91274b29bd1,1,-0.0,0.0,social_media,1.0,2,ar,1,exorde
ded770d5541642ac42acfab018c4eafa9a957a7cc53bce5292a59bf09a43f4f0,1,-0.0,0.0,social_media,1.0,2,ko,1,exorde
ded7f20da6d802b6b2c09aa37103b114d2bffee855f647d4c78501bfd4893cb1,1,-0.0,0.0,social_media,1.0,2,ru,1,exorde
dee4825ab60190994afe92f54541acabfa7f191af94c3f607dfa9ca92411b1d3,1,-0.0,0.0,social_media,1.0,2,ko,1,exorde
deea4e7f8d5b93e28c7b44d9e2e6167eb5adba9be2053bf792bf05b47da94d58,1,-0.0,0.0,news,1.0,2,ja,1,babel_briefings
def6a8356a8edfd33205188ce499a4d65bff45d640fd8829f78ed8f75a662b93,1,-0.0,0.0,social_media,1.0,2,ar,1,exorde
def7777afb75b5d4d31ce8194fba46d4850ad75bb5e6a4621f38e84a96f91985,1,-0.0,0.0,literature,1.0,2,es,1,spanish_pd_books
defd27525b63323f876d9f29d299b51a744c1e764da655d49d54501aca993829,1,-0.0,0.0,literature,1.0,2,ru,1,russian_pd
defe590964f8f09b18609ec719849f1ea829078e2c52700fed3bb6858ceb3e9b,1,-0.0,0.0,blog,1.0,2,en,1,blog_authorship
deffcfe29418fbc5067774dc3481ec4ab9348f4d409bd5636b4ab3c3abb88de8,1,-0.0,0.0,social_media,1.0,2,ar,1,exorde
df09d7ad33fe27f6be06e1110836bc167f1b871d96fbdd737b8d0a714e1ad025,1,-0.0,0.0,poetry,1.0,2,ar,1,arabic_poetry
df0bea64c58c6f19b81a286481d90738dc7f301534faf67cf194df18f052ba15,1,-0.0,0.0,social_media,1.0,2,hi,1,exorde
df15b1ce5bda418a35aa17dc0a69fa95a147d3e02b3bb5ba2b688493fedd94d9,1,-0.0,0.0,literature,1.0,2,es,1,spanish_pd_books
df446fd638e641af9b31abd55752528c38634ea88e7c2e960b4d9f618f7f2879,1,-0.0,0.0,news,1.0,2,en,1,babel_briefings
df489013003b2f080e954a674e106cd7d2c70a3f6ad545bcdbde63bbfcf4b406,1,-0.0,0.0,news,1.0,2,zh,1,babel_briefings
df54d9077edfecd00c713cc7e64dc0ca3de6e851b70329f5c9bc52963a760952,1,-0.0,0.0,social_media,1.0,2,fr,1,exorde
df5aea80a5a397d5f17de0384a5cfe81020ab4808d3add3854f18435e2f5c224,1,-0.0,0.0,social_media,1.0,2,ko,1,exorde
df5e360fc1d3889a79f4f943c0202d8d76162f313d354738d66a9f4e74d6cb2b,1,-0.0,0.0,media_reviews,1.0,2,zh,1,douban
df61f49dd5a64281f78c5e12129018c0eaaf3eb5e3bd76a1bc1ec1d06f57710d,1,-0.0,0.0,news,1.0,2,ko,1,babel_briefings
df680800b0d925ea654fca5d7fce0f204c50d67425fd568f7ee29876493ca22d,1,-0.0,0.0,poetry,1.0,2,ar,1,arabic_poetry
df7734a0e3d50a1b193367ad157dc26da7335d9291f82c063833ace96caf09f2,1,-0.0,0.0,literature,1.0,2,es,1,spanish_pd_books
df7e56d09d5c78da9af6d0c5794cbf878f2893744a957ecc6ac3feb73f91759f,1,-0.0,0.0,media_reviews,1.0,2,zh,1,douban
df8128772e56b4e5ff732dff60be600141700ea9a21c8f84e6a4768e8cb75b4d,1,-0.0,0.0,news,1.0,2,ja,1,babel_briefings
df85b8f1f13a7d19a334f1cce91f3d8c56ba07ac23efaa47879380b76ff10835,1,-0.0,0.0,social_media,1.0,2,hi,1,exorde
df8ad4e0617839e5df7e16e4a277aeace7a8061a829ddce93add9768d72fb932,1,-0.0,0.0,news,1.0,2,ru,1,babel_briefings
df99c3d622171632eeb665dd8a0d239ac7fe1c51488340f6700dd2df77446f0b,1,-0.0,0.0,news,1.0,2,en,1,babel_briefings
dfa53411f1b6952b1f6b81864f5a69ca52a2040c8225c64762f2e11d91b9a32c,1,-0.0,0.0,social_media,1.0,2,ko,1,exorde
dfbf7e1dd463cf212e241249019af251dcb5f7f96a42b7e6be227a1f850aa032,1,-0.0,0.0,social_media,1.0,2,hi,1,exorde
dfc6f722132e6aef5d9682abeb8f2b68776f4672181192a1fa07c3c8e532b206,1,-0.0,0.0,news,1.0,2,ar,1,babel_briefings
dfcbd37484300cadd5899da73d42dffb5457516426e8699eb41935c6db755d40,1,-0.0,0.0,news,1.0,2,ru,1,babel_briefings
dfd118cbe92852377243da3a7dabac93386800e6deef5aea8e43a3d0889443f6,1,-0.0,0.0,social_media,1.0,2,hi,1,exorde
dfd137466e6ad2a7345b150e930ddeec911af05f55a5e1842c51b7c1a011f185,1,-0.0,0.0,news,1.0,2,ru,1,babel_briefings
dfd745d8a0f659695e0694978729cf80d369730d1f6b56e820cac41903ae2302,1,-0.0,0.0,social_media,1.0,2,ko,1,exorde
dfdf98d8760249bcfa93ff476e55e1e1370eb0dea7a9bb0c9c8cc6518d47e519,1,-0.0,0.0,poetry,1.0,2,ar,1,arabic_poetry
dfe1a40616f471ab9f963391904ea21b6a1e4780426e1edd2bea008c76d7ef61,1,-0.0,0.0,media_reviews,1.0,2,zh,1,douban
dfec3cae4a3b597c422b7d3ee3071e4402ebfca55431f49728b2df4de2c500aa,1,-0.0,0.0,news,1.0,2,ko,1,babel_briefings
e006ea2b6dcb67efd56d2e5203763e76fb2ed09b3ada707bf867212254204aae,1,-0.0,0.0,poetry,1.0,2,ar,1,arabic_poetry
e00ac01563f0945a349da1e7c053971d6e8cd7d02ddef87b27ff72cc1d15444a,1,-0.0,0.0,social_media,1.0,2,ar,1,exorde
e00c3c10be0ebee66815e35f7751a35ae28b52bfbf9594f6dfe144550c1dc668,1,-0.0,0.0,news,1.0,2,ar,1,babel_briefings
e01219859873f14ef548151778ef0a56ec0dc5e90f91b86f3bfa9b7f8246705c,1,-0.0,0.0,literature,1.0,2,ru,1,russian_pd
e0184c3da9905d23ae56e299cd25ca7fde8516c46ad7ffe16e9c8d0ea8a3b180,1,-0.0,0.0,media_reviews,1.0,2,zh,1,douban
e01d75c94ac949b5cf5cb33c1997e9f0b06431711ec100b9e525b4f1aa130aba,1,-0.0,0.0,social_media,1.0,2,de,1,exorde
e0244597efddc1a0307e04e7b538df5ca64b6138ef680a19786a0fa70ec9a26a,1,-0.0,0.0,media_reviews,1.0,2,zh,1,douban
e02cbef4a04ea8c51315ebc0a40c9c6e4b97fcb7c6b3e7469c666b5d9ced5ce3,1,-0.0,0.0,social_media,1.0,2,ar,1,exorde
e0303c48573b7d29c7910c3ddc30379fdda959ce581237d9b43160ebf58ae38c,1,-0.0,0.0,news,1.0,2,ko,1,babel_briefings
e0354278fc487813a185912d06578506bdc26e753c82078a6404da4788b8b899,1,-0.0,0.0,news,1.0,2,ko,1,babel_briefings
e03ce91e713992b833ce6beecf9a252834e678aad898babf762a34ad5d06c891,1,-0.0,0.0,poetry,1.0,2,ar,1,arabic_poetry
e04ffa76a7dccb5399ba3de120cc646fc36eb32d8f560106cac051ec998c7676,1,-0.0,0.0,literature,1.0,2,es,1,spanish_pd_books
e054b48d4aad1490c581b73ceeb6660d9492ec73871da7e269d9e2fb117bf3cc,1,-0.0,0.0,social_media,1.0,2,fr,1,exorde
e062af0485999537c0b7ef0002355a35651bab5ade037be8a8fae2113bb95362,1,-0.0,0.0,news,1.0,2,ar,1,babel_briefings
e0646a793f32a20fce4246fe6a7ef6f67954e57bc1072d7f445661741e3cced6,1,-0.0,0.0,media_reviews,1.0,2,zh,1,douban
e0758a8738ad90abad481980f2cef1a0e765684a3b3ba5203604b6e66b83559d,1,-0.0,0.0,literature,1.0,2,es,1,spanish_pd_books
e0834eba66bcdef94e439b4a33e45158f1ca033678e2cbf3ad61925ab4f3fe3e,1,-0.0,0.0,social_media,1.0,2,ko,1,exorde
e08acca962ef1d3ebae84846a18a744650812427e7a30d6dc481ff329c4333c0,1,-0.0,0.0,social_media,1.0,2,ko,1,exorde
e08ae2a32409c9f0c4ab52ea7e9ae22ae99829cad51b5cedac13b8ebc8fe1d5b,1,-0.0,0.0,news,1.0,2,en,1,babel_briefings
e090927752affbd6e7030fcdaee821334d4271341f36006363f28c4b7e8db772,1,-0.0,0.0,media_reviews,1.0,2,zh,1,douban
e0a02485c95beb2bfe458e81af93cfdb6056b6fc3313ce5f5396dafcbf576302,1,-0.0,0.0,news,1.0,2,en,1,babel_briefings
e0b22fc23b0376d0fb182e1c49525a57f8b47aebcf0a65a98a62876f3805e94b,1,-0.0,0.0,social_media,1.0,2,ko,1,exorde
e0babace8fb89730be2d5a76ca202c4f8e9a14fb1088717e40295685afb13415,1,-0.0,0.0,literature,1.0,2,es,1,spanish_pd_books
e0c8c8e82cccf48e811ca6d35b12bc85c198fc325770193a53cba8f07a83b2c0,1,-0.0,0.0,news,1.0,2,ko,1,babel_briefings
e0dd393852b8ad6a05f5d00fd860ee963364d3223715e224e60f6b21654529ef,1,-0.0,0.0,social_media,1.0,2,ar,1,exorde
e0f497ceab68f08f0d88437e487927f47d9be2906449836eb61ed63cc50c3cf2,1,-0.0,0.0,media_reviews,1.0,2,zh,1,douban
e0fe3ee0709a648143776b4bdb05ba768dbd97fdc7cd0786ad8d94918c12c256,1,-0.0,0.0,blog,1.0,2,en,1,blog_authorship
e109c6b55f11f11d9cacc08aa7cf4bd1e8991a33c4e92de76c29d0d26ff3cc3d,1,-0.0,0.0,literature,1.0,2,ru,1,russian_pd
e10a1bd4e27159fed7537d76af981b265b107be56832434b6625870e2cfb69cf,1,-0.0,0.0,social_media,1.0,2,ar,1,exorde
e10e50f2d0d1e0d5b1eb448e22e37fcb6cc0e89d8f205bf239091c40ec4e9f0e,1,-0.0,0.0,social_media,1.0,2,ar,1,exorde
e113527826ca554c71c8b76f20d9a3307d1b597347ce1bf94a3c4e90a6b9ccaa,1,-0.0,0.0,social_media,1.0,2,ar,1,exorde
e1158277529255099b2411f082e559f042a29b29d02edadbc843969fd25ec8bc,1,-0.0,0.0,literature,1.0,2,ru,1,russian_pd
e11df2cff5792605c07a3c086fd44f6fc9bc2a106a75aaf6cf8b584cae89a72d,1,-0.0,0.0,literature,1.0,2,es,1,spanish_pd_books
e11df6b3d007b97a2a93c0b389c45b87f1327da376a00cbc303d0116ce639629,1,-0.0,0.0,news,1.0,2,en,1,babel_briefings
e12ff8cb551e88c9b0b07ec9c06ea649607f4335ae5516e51a76508281a5377a,1,-0.0,0.0,news,1.0,2,de,1,babel_briefings
e1314112f83f92fdef8a769986afdf6ab0f009382f8d3368dd705c3c4e634c2c,1,-0.0,0.0,news,1.0,2,es,1,babel_briefings
e13186dfd9ab9eef7661b2ab1f4cfc5e07f1335cd184d789a794e7dc1657d754,1,-0.0,0.0,social_media,1.0,2,ru,1,exorde
e1409153f86e902da56218397e9d09b4ad8eed7469a833e671ad95d208bae533,1,-0.0,0.0,social_media,1.0,2,ar,1,exorde
e1458202afd15bca155bf3b9bed3c44731250245275132dcbdd5ac9ba7760bf8,1,-0.0,0.0,social_media,1.0,2,zh,1,xiaohongshu
e1476633b66f5e9c899466f3a309560217fb84362408e86bbebbab7c9fadeaaf,1,-0.0,0.0,media_reviews,1.0,2,zh,1,douban
e154e509788914bf51fb9bde5e404c7aeb3cd2998b5b8205251ea104965add0f,1,-0.0,0.0,social_media,1.0,2,ar,1,exorde
e168b06aadc548802c8fe074097349bb49b7d05204f2902bccfff6ce133c31c6,1,-0.0,0.0,news,1.0,2,ja,1,babel_briefings
e16a602c30f4ffe3b9ed16a90d393708f5873924c8ab74528a40e91d3c2f9506,1,-0.0,0.0,literature,1.0,2,es,1,spanish_pd_books
e17c4c11a710f515475ef416d7011c78828affb33e14a66c28379a824de01f21,1,-0.0,0.0,news,1.0,2,ar,1,babel_briefings
e17fa1d6c32c625571a6fa6c56804d74bffd93a584baa92247e1b8582a561ff4,1,-0.0,0.0,social_media,1.0,2,ru,1,ytcomments
e181797dede827d8bf65be69f71acd31e24653e2563b0a62ec44cbe126b893a2,1,-0.0,0.0,news,1.0,2,en,1,babel_briefings
e18f01fc7054811b094be2c540f0fbb9bfe2475353d99845f384a4e59f14d428,1,-0.0,0.0,news,1.0,2,ru,1,babel_briefings
e1accc6d71c905e811eab3c1d7d9642d71615f59ff13f0a114ea9a9147c88107,1,-0.0,0.0,social_media,1.0,2,ru,1,exorde
e1c341fb8996479e53ff84db1bb0e26cc734324b6696e3a2066395c139cf428c,1,-0.0,0.0,literature,1.0,2,es,1,spanish_pd_books
e1ceca99ebedf9adc650bade0ef66cc0e555f0daa3372dbf7f5989c23157da67,1,-0.0,0.0,social_media,1.0,2,ru,1,exorde
e1d3e4f8c79f37c5cd619c8923cc2d40285b76ec8b7fba53aacf6e4cdd5600b2,1,-0.0,0.0,news,1.0,2,zh,1,babel_briefings
e1e64196fef42a518fa3ceed2f6086e285fe0e14df42e70425eb31971e1236d6,1,-0.0,0.0,social_media,1.0,2,ko,1,exorde
e1f08d2121347d32ef5e7061051e659bae1faefb61b13a575df273a9e5f82d1a,1,-0.0,0.0,poetry,1.0,2,ar,1,arabic_poetry
e1fded49b0a8021588323f446a7a53f031a6a535be5c8a8d098bcb39717f09f5,1,-0.0,0.0,media_reviews,1.0,2,zh,1,douban
e20358850b91d13f3a1627625fe8260d77f460815a52669426eb11be4d008277,1,-0.0,0.0,blog,1.0,2,en,1,blog_authorship
e205618e977a936b11b320a980e6f8235f3ec91af06896b237267e9f0e3063db,1,-0.0,0.0,social_media,1.0,2,ru,1,exorde
e2063b7550effa407bd5f280c2a99dfeff8066ef4b835451da4debe67cf4a477,1,-0.0,0.0,blog,1.0,2,en,1,blog_authorship
e209cb119298d2adc9a2931017c04ee1841d6443f829ca65cda2c241842d373e,1,-0.0,0.0,news,1.0,2,ar,1,babel_briefings
e20e49893bf62312e7e544fc2e4cdee7f8bbb6da1e80e359e658f7bade9c5b0e,1,-0.0,0.0,news,1.0,2,ru,1,babel_briefings
e20f0a21bce55fc59865affb330887fdd4488555680ce6f91c6e45fd70bf0310,1,-0.0,0.0,literature,1.0,2,fr,1,french_pd_books
e2191f6e15cf86ef38da0a6c0c5e280b9a6cd004b5ef1025f68c47700909ae7c,1,-0.0,0.0,literature,1.0,2,ru,1,russian_pd
e2196941f0a63c39f5a37a914f71431509daba69900963a7e8542f4726026854,1,-0.0,0.0,social_media,1.0,2,ko,1,exorde
e234acfad8c128337129d6c54460c44015136f58511692a414010768b3e7fdbf,1,-0.0,0.0,literature,1.0,2,ru,1,russian_pd
e249fe0e4f6a4a6897e0e965312da2b209538ac77bf8febc53079a1366478a7c,1,-0.0,0.0,media_reviews,1.0,2,zh,1,douban
e24b064ffc39aecc7d3cc4ad05cc984683ab3789e932ffe3d2e171a74cf350aa,1,-0.0,0.0,social_media,1.0,2,ru,1,exorde
e2516fcce527ea0e6bc0aeead9fb1a5cc70cad3c5ffe1183a0c4dee57ffe17fd,1,-0.0,0.0,blog,1.0,2,en,1,blog_authorship
e25e93ddf5a56dadb3e385590dbc2ebfe9f63030319a7c444392bc950fce5190,1,-0.0,0.0,social_media,1.0,2,ar,1,exorde
e26d28881e415f60159b3acf1f3e1b3a28f85ed481985fcae05faae8fc9fe61d,1,-0.0,0.0,social_media,1.0,2,ar,1,exorde
e271425dd8a69d117acde38b308badd84cfcfd3abf193ae3779698eabc48cdb0,1,-0.0,0.0,poetry,1.0,2,ar,1,arabic_poetry
e2723785441554123f8213895803f1dbc5d965aad318ba7a2ba82b5b78370a85,1,-0.0,0.0,literature,1.0,2,es,1,spanish_pd_books
e277143f10cd35eccb2d8e91382a191fb5122313df0e047a80ae7bbfab200c35,1,-0.0,0.0,literature,1.0,2,es,1,spanish_pd_books
e27b8698fd5feacd6f1879b85c3c49d084ca6db87b8ff8f544b4641201c945e4,1,-0.0,0.0,social_media,1.0,2,ko,1,exorde
e28529887f1479d89188f1f9f790435b09b349784221ab93e153d5942989d38b,1,-0.0,0.0,news,1.0,2,ar,1,babel_briefings
e295325587118079a1d70c5679da2a07ef8567568e9b67c2ba97698ebecc2104,1,-0.0,0.0,poetry,1.0,2,ar,1,arabic_poetry
e2a1a099c96fb5bb243285014a17e53aa9c5e54d3c2607d80a140963fb4046a0,1,-0.0,0.0,news,1.0,2,ja,1,babel_briefings
e2a2daec556cc81b6e78842e5d6083bde625050485c695bab82d139c50e53e6b,1,-0.0,0.0,poetry,1.0,2,ar,1,arabic_poetry
e2a9968308f4ea3fac7f2a15730fc2579652687093144e9607608a9face74799,1,-0.0,0.0,social_media,1.0,2,ar,1,exorde
e2c33259655beb79f3ce8c6809e63a8f05e368d536c319f8e8ab790c9eef5379,1,-0.0,0.0,news,1.0,2,ko,1,babel_briefings
e2ce7e281f4f8537566e952aab58aba8f6aab38f1fe4869db91cfdde2ae88d15,1,-0.0,0.0,social_media,1.0,2,ko,1,exorde
e2cf48428d8dcfbfc76ea80238765de2cf773a4d4ee220ca4b14c6231dc2db9a,1,-0.0,0.0,news,1.0,2,es,1,babel_briefings
e2e66bf95994b752724ae7e2b316d7504890da9fe27306287dd878e4a565fca3,1,-0.0,0.0,news,1.0,2,ru,1,babel_briefings
e2e9737adc821779f11fa2721322857f43b0feb85419b66192d61fb91748cb65,1,-0.0,0.0,news,1.0,2,ar,1,babel_briefings
e2ea7730e3f36dc0631d3d545e9045d9c23d85b81b26df1b0256698260583c50,1,-0.0,0.0,social_media,1.0,2,ko,1,exorde
e2f176db461279b64ddf4352ad3a7793584c71bbb1c0ef9932d27f40f47dc132,1,-0.0,0.0,literature,1.0,2,fr,1,french_pd_books
e2f5590d7565a395e7d8da30291b1486a7d25fcc4e0755e454fd1fa6f5643cdd,1,-0.0,0.0,social_media,1.0,2,ar,1,exorde
e306e756cf54662ddbd7513b2b4ad67bfca59ff7c25b75b5d20d747de842ef86,1,-0.0,0.0,news,1.0,2,ru,1,babel_briefings
e3088afe6ed143d4968823a4cde7193a8a7bd5008accf17b063a494b8a63112a,1,-0.0,0.0,literature,1.0,2,fr,1,french_pd_books
e338c7815c1fa69faa5ddcfbd5c826e56ddff9d947b47c6f34aba9333cf9a25e,1,-0.0,0.0,social_media,1.0,2,ko,1,exorde
e33d5231a3e138c7f3a4c53ba34c7564d6202621317637b6fa1bdd5f4493ebdb,1,-0.0,0.0,blog,1.0,2,en,1,blog_authorship
e340ba8e8ade25facc30f8e7cef69f5c247787436debea8f189da28a0dc806c2,1,-0.0,0.0,news,1.0,2,en,1,babel_briefings
e344a2b2ff4ab2dcbb4f3039b86d497a0018162630cbb4edd6b2ccbec0d25e8a,1,-0.0,0.0,literature,1.0,2,de,1,german_pd
e3457b505ca20fe28e93989e52cdf5651ac23674a898e6348b0a90948a46cce0,1,-0.0,0.0,social_media,1.0,2,ar,1,exorde
e3459b5652781b4171541b26d0d8035a5c015e9e932182684feb16a501b99078,1,-0.0,0.0,literature,1.0,2,ru,1,russian_pd
e34de0e19a149eaa4ec32f34baf2a1a8fefb34d5b31d65076f0b2ba13790e0bc,1,-0.0,0.0,news,1.0,2,de,2,babel_briefings
e353270df60bbd86cc1669f29e95e65a2d50e3e3a6bd9d4afbe1c1e2ace2014d,1,-0.0,0.0,news,1.0,2,en,1,babel_briefings
e357423f7026d1ab2718dd162d9ffe23e0a685b24bf8020125223602dee146ff,1,-0.0,0.0,social_media,1.0,2,ru,1,exorde
e36aa12f8ee570aff10498f0024632a13664602b631581ca9294fc53ef86dc61,1,-0.0,0.0,news,1.0,2,es,1,babel_briefings
e36cb4e3610bec7cd964558a1e0f920fa7cc3d029c1fc557c916535d37cc2895,1,-0.0,0.0,literature,1.0,2,es,1,spanish_pd_books
e38033f51a5ea7e883947145d908ce001ffddd4fb9fb15ce0698c694df127add,1,-0.0,0.0,blog,1.0,2,en,1,blog_authorship
e384c4bbcaa39683e0ead47aa124411b91172099e4f8529da86b462d655aeb2b,1,-0.0,0.0,news,1.0,2,ko,1,babel_briefings
e389bd95840dd69526db3817603a9fa3966f0e9c0a571c52fa8af45535d82257,1,-0.0,0.0,social_media,1.0,2,ru,1,exorde
e38b7437f31923c1044225f9a51aa1833d60eddc032d0b565f40c2a678c10c9c,1,-0.0,0.0,news,1.0,2,ko,1,babel_briefings
e39245c58ba3f2afb2b0274be5ea00d751c1ab0e448273dfe50150067fda44a1,1,-0.0,0.0,social_media,1.0,2,ar,1,exorde
e392b9f558e017c0a5fb762fb2213a622fd54ecd5f6f51b8bf645de8f1a35411,1,-0.0,0.0,social_media,1.0,2,ar,1,exorde
e3a609273f6417df239506ad1a1d1f8d1a31be0dba61288905b3affbea783c93,1,-0.0,0.0,news,1.0,2,zh,1,babel_briefings
e3ad0b1136942c9c780e761574c98cb7348ec69b5c4114d3d4b0c1a9f1c7e41a,1,-0.0,0.0,social_media,1.0,2,es,1,exorde
e3b2467ca0e6df9c0f702d42ad6cf2e9b3f0821b20a6a3e823da79cc87136919,1,-0.0,0.0,social_media,1.0,2,ru,1,exorde
e3b2eb76d28c40919771f84b71ae8240b934390cfea46212f1fdd3f384c1e2cc,1,-0.0,0.0,literature,1.0,2,ru,1,russian_pd
e3c88f0063902ed0c93f0172c8f88c1ae9e2662ac533c51d955aff9cb33a199e,1,-0.0,0.0,news,1.0,2,ko,1,babel_briefings
e3e0ecb60652ea5f82caaddb198cf28a596d55875534b24808e63999fead2efb,1,-0.0,0.0,literature,1.0,2,es,1,spanish_pd_books
e3e1d06546618bc874ecc8abd69478a3d76a7d25e6f0e0ad021a422cfcbd5055,1,-0.0,0.0,news,1.0,2,ko,1,babel_briefings
e3e2c70314e29697e2a8628c30b09e2bccead8b797fea99c777dc6f318e4f003,1,-0.0,0.0,literature,1.0,2,es,1,spanish_pd_books
e3eae239d495ae8a7cceb344d9dfee0c4ee1211eea185adb6b2ad0dddb58b89a,1,-0.0,0.0,poetry,1.0,2,ar,1,arabic_poetry
e3f66104b1b9ac6508941da490f1c3bd1567f6deb98dc5876cc001998a953ce9,1,-0.0,0.0,poetry,1.0,2,ar,1,arabic_poetry
e3fcf502ad97b8fdb0c5446ede9ad0339396f08b7c97f2b76e425803f95754fb,1,-0.0,0.0,media_reviews,1.0,2,zh,1,douban
e4153450fb2ea14bdeecaa008fc7bdb472b2d78beb6bed1f1ca988165455f8d4,1,-0.0,0.0,social_media,1.0,2,ru,1,exorde
e415db69a9bf359b7095214abccabfd6bac13020641ce4be89ed88eafd7a7512,1,-0.0,0.0,literature,1.0,2,ru,1,russian_pd
e4166483c2bbcb9bf043ebd8f52b05852533eb6563162cd556f35170fcdc3c67,1,-0.0,0.0,media_reviews,1.0,2,zh,1,douban
e41923fdd3dbc66163c1c31a8e1f0ddc7335166b0f95b01420a6e533465fe81d,1,-0.0,0.0,news,1.0,2,ru,1,babel_briefings
e41c775a305cd5f7e3b44e1b85328c990f12400d019d336818350c2dcd935203,1,-0.0,0.0,poetry,1.0,2,ar,1,arabic_poetry
e4368437194b2ba3fae8c5b136befc58b14ecbb4b726d3fd5c0b3222a21bd4da,1,-0.0,0.0,literature,1.0,2,ru,1,russian_pd
e4379d568898c8bcf8c49939d97c86a04f5a691601f08885d9ed349f1ac26ca2,1,-0.0,0.0,blog,1.0,2,en,1,blog_authorship
e442ff5e7f56783e3382fdd42ae34ecb53e8734d71dbfa27d3c134c013ad4753,1,-0.0,0.0,literature,1.0,2,es,1,spanish_pd_books
e44bc898236f884fabce73499f19fa09ff8e3becfba2eecdd4ca89792a976d78,1,-0.0,0.0,news,1.0,2,ar,1,babel_briefings
e4517ce423f109999631e8e521fb434d438eda0fe095c7c977e893891bf7b304,1,-0.0,0.0,news,1.0,2,es,1,babel_briefings
e454b47b4d56239c973a95e90fc229121622d7d6adc436b7e75b35f5c9abee0c,1,-0.0,0.0,news,1.0,2,ko,1,babel_briefings
e46171a1f4c87dd40322c162f973f69e59f48f4ecca7876d4d3862ed648d16c5,1,-0.0,0.0,blog,1.0,2,en,1,blog_authorship
e466b2c655382b6cb68accb94b6d020d3dda9196c875a5f46083734e42548a19,1,-0.0,0.0,literature,1.0,2,es,1,spanish_pd_books
e466fc46157439d2df352c7bfb127e800fe9d889b9055840254c4c972e836477,1,-0.0,0.0,news,1.0,2,ru,1,babel_briefings
e47dee0a6dbbf14c068b21c34a85ce2c83dc487983e2746d24414e9ba7f3550a,1,-0.0,0.0,literature,1.0,2,es,1,spanish_pd_books
e48d3092a0288d37b8652bdf266c4d1184c234644ff32ffb8a409f8ecd68b9a4,1,-0.0,0.0,media_reviews,1.0,2,zh,1,douban
e4a22df2b10497bac32519e8d2572b91f8c6d3efb589e4191b46eedce4c76d05,1,-0.0,0.0,social_media,1.0,2,es,1,exorde
e4a9c17cc552d7be4d6c48b6e4566aa5fca01c3638fe6a3ca63502c0efaf86f3,1,-0.0,0.0,poetry,1.0,2,ar,1,arabic_poetry
e4aeee38bc0aae7d3a1e5882261765ff778f4a2fde54445a03ea3a898d4a91f1,1,-0.0,0.0,social_media,1.0,2,ar,1,exorde
e4b4d7f90690beee8190cb5076f1cfa69725db4a680bb030919ddbd33ed37586,1,-0.0,0.0,news,1.0,2,ko,1,babel_briefings
e4c0e9cd1d57d734c492aa82aa1dc011cd64b248c1126aaf16727d97eed45ebb,1,-0.0,0.0,social_media,1.0,2,ar,1,exorde
e4d3f8ba6d06550f4332ecd867883709a5dd66cb09d1a5f7ee3b3cfa26dea5d3,1,-0.0,0.0,news,1.0,2,ar,1,babel_briefings
e4d5941570c8a38a157cb3afc864594760bae6760af5d0e00a041ee6cd2e7185,1,-0.0,0.0,literature,1.0,2,es,1,spanish_pd_books
e4e10aab10df4d0d850f2cdee60f3d8d52cc6ee3c125fd167e2d269c43ebc2ae,1,-0.0,0.0,social_media,1.0,2,ar,1,exorde
e4ea9c3574103177d41cf51fd41767ab88a11a90d775631f0411790dc8a1e36d,1,-0.0,0.0,news,1.0,2,ja,1,babel_briefings
e50fd70cdccccd4f6eb40272bf3354007ae7d2f0b059d9ad974744943c693f5e,1,-0.0,0.0,news,1.0,2,es,1,babel_briefings
e51e50734fcd44085a87ec9408ef92a678deba75c50dcef0ef88f8fbe37c8a01,1,-0.0,0.0,literature,1.0,2,es,1,spanish_pd_books
e52b65c7db158dd73cd4dd974392c4acef2bb05c1642c3196bb3d8c0e69176be,1,-0.0,0.0,media_reviews,1.0,2,zh,1,douban
e541af0fafdbbe1a28cf7d84ab5fe22d2104291a028b2839f99c47de26a7a989,1,-0.0,0.0,literature,1.0,2,es,1,spanish_pd_books
e543b8073e5942c8ed528b8017172cae291986643d8e1454cd1cbcfbcba779ea,1,-0.0,0.0,media_reviews,1.0,2,zh,1,douban
e55094f93a5da4a49b702548b5657f944fc26f054b686da915660bdd2308a768,1,-0.0,0.0,social_media,1.0,2,ko,1,exorde
e55c8ac188bbf9a9bb60889f6c01bd4bec6224b264205572fcfc88ab2446189e,1,-0.0,0.0,literature,1.0,2,es,1,spanish_pd_books
e55fa80942faaf26574d3ed52e410a0d87b7ad406ea940720a8564b4455d38a3,1,-0.0,0.0,social_media,1.0,2,ru,1,exorde
e56d75b94c78e8bc1de89965819a418f1ac8f2361178095c27e046274f5d9967,1,-0.0,0.0,literature,1.0,2,es,1,spanish_pd_books
e56ea43f7f0e33d0c5331804e9909346f65ee3e797ae65ea9fd1970fe7449905,1,-0.0,0.0,social_media,1.0,2,ru,1,exorde
e56fc0b8765d4b8426a4c39432a53c227d71880aaa622f46e12bbedf6a2d1350,1,-0.0,0.0,social_media,1.0,2,de,1,exorde
e5724ea190d21ddd65ab7896e253be3d8d651a9e419be43debbfa5c86b6d1767,1,-0.0,0.0,social_media,1.0,2,ko,1,exorde
e57bef3d17d9a12425471c831cebf2e5301d39dd20f8e0ad6471943d6ec10b07,1,-0.0,0.0,news,1.0,2,ja,1,babel_briefings
e58324cc2fd3b23efe9263938debc14f35c00325a7064467f45ead91dbc1917b,1,-0.0,0.0,news,1.0,2,en,1,babel_briefings
e586843c3bd2bb22c3120e67c78f2201da072d080b776d2f8705bd881f9b85b3,1,-0.0,0.0,blog,1.0,2,en,1,blog_authorship
e5d7323ecc1ca29189fa5bdb2a0137a1de60c1a3bf28a1ab1497709e39edaed1,1,-0.0,0.0,news,1.0,2,ko,1,babel_briefings
e5e07d137ed214edb362765325b692660e150618880034c3a8655b8d322ec916,1,-0.0,0.0,news,1.0,2,ko,1,babel_briefings
e5e9a0b2065d621ec2e575c87bb8429aaf5863b4af3e74ba10e23fb24f3ba831,1,-0.0,0.0,news,1.0,2,ar,1,babel_briefings
e5f2fe361ea9e0b36059276e1ea20ba17a0f3195f898f7970719216138c8731d,1,-0.0,0.0,social_media,1.0,2,zh,1,xiaohongshu
e5f5ce1efe0106c47a704437a939276a621923a590b1aa36cad691a0df353c33,1,-0.0,0.0,media_reviews,1.0,2,zh,1,douban
e5f8e1fa42a2f1843acaf06481d56552ee5775a655b0af33159c0e74f0d9e579,1,-0.0,0.0,social_media,1.0,2,ar,1,exorde
e5f91f5b4c9cdb1ae06e42d6bdad797fea4b0b9dc1a3d0a9ffe91f10e82929df,1,-0.0,0.0,social_media,1.0,2,ko,1,exorde
e616dfae644691635ecd4fa3b91db82319ecf457564658f6633840be57de1cf2,1,-0.0,0.0,media_reviews,1.0,2,zh,1,douban
e6171f2c75df1672c2bb5d57156ed633ae1dc45e704f57326c32ca19d07b707c,1,-0.0,0.0,news,1.0,2,ru,1,babel_briefings
e6265bbafa4f05ac9ee90cc3325842b13bb8ba18fd7c6435725f7b85c1698ba6,1,-0.0,0.0,social_media,1.0,2,ru,1,exorde
e659ea256801c44e2cb8da5b309ad8654e39029b22c5fb8a44256761fb7dbf2d,1,-0.0,0.0,news,1.0,2,zh,1,babel_briefings
e65d850250ae9f072cc9e509c2ec4e7568d03578854e6206e4e4b7931cd66ff1,1,-0.0,0.0,blog,1.0,2,en,1,blog_authorship
e65f0a2088bb33d5af08330554fbd5c7976a4d552c7a5e00a945d918a6236de3,1,-0.0,0.0,news,1.0,2,en,1,babel_briefings
e670ae688c0a56cf6d6efc5564283f3d7bf294b65f6a9b61c80e88799a2031a5,1,-0.0,0.0,blog,1.0,2,en,1,blog_authorship
e673c9a623bf96f6934f029fe5a43c97ecc7703dd6b844ef2b50613fd1ebf2d1,1,-0.0,0.0,social_media,1.0,2,ru,1,exorde
e674a5b1fef56e3344aedf15930da07743c9cbbd4742b413ea36fb0059caf348,1,-0.0,0.0,literature,1.0,2,de,1,german_pd
e67d9bf3f4929cf2bb3b6c15dd69860126c81705d09058c113d33855dc50edf5,1,-0.0,0.0,social_media,1.0,2,ko,1,exorde
e6889f88f4c81ac5b8df64152d79bcbd6f711cf8f4985939894f3379209311d3,1,-0.0,0.0,media_reviews,1.0,2,zh,1,douban
e68b64d73be9d4ca0b3cc762bcdd274c2f5586508180860edc4aa6acd9c69f35,1,-0.0,0.0,social_media,1.0,2,ar,1,exorde
e68c99f45965a364ad88453ed4ad6253120c99e8c2dd81df4e50a0b3640cb5f7,1,-0.0,0.0,literature,1.0,2,ru,1,russian_pd
e68e45b60134c58a64fee4d8bb0c20e691c53883cf2488b0878c948ab8f2de37,1,-0.0,0.0,news,1.0,2,ko,1,babel_briefings
e69724b72b32dfbc44a3d58ccee746654a0e8dd0b368f3a30efaf0cd136a9ec9,1,-0.0,0.0,social_media,1.0,2,ar,1,exorde
e69b1feffa2c000d8a4186d8accde02669ff93f4c82b6da76b1900ee71bbe0e1,1,-0.0,0.0,news,1.0,2,ar,1,babel_briefings
e6a8a5a804a1a795435e4ccecdbeeecea12298cf71487cef6146c0d5a8e8bf73,1,-0.0,0.0,media_reviews,1.0,2,zh,1,douban
e6ae5f69955921228a7918119b0c8cbc503feb68026498f18821baf348e3e51b,1,-0.0,0.0,literature,1.0,2,es,1,spanish_pd_books
e6af809f8359bf65ddc36495e9e6b209d5b99d35cc7d816d27227e15de7da925,1,-0.0,0.0,literature,1.0,2,es,1,spanish_pd_books
e6b1a63398d581d496097891fe653b642d5bc104253f3ccd0a62bc6bb863d746,1,-0.0,0.0,social_media,1.0,2,ar,1,exorde
e6be4e98e1c71e077d618297f6e8b1670b7ac5d7b5b1a76042a6d75fbe2c363b,1,-0.0,0.0,news,1.0,2,es,1,babel_briefings
e6c413778be6069577242ad85875a753ee4062b46b1927d05d5c1941640d8196,1,-0.0,0.0,literature,1.0,2,ru,1,russian_pd
e6c4aec54b683c43d900610782fb5e0c08cfc36a7cc3f4a269ec2c0ac575e6c2,1,-0.0,0.0,news,1.0,2,es,1,babel_briefings
e6d5fbeec46fb8737373d775e4dfb7ccde7200013166c2f4cb6d4008bde310f2,1,-0.0,0.0,literature,1.0,2,ru,1,russian_pd
e6ddcdd0dd1a1a200c7a00103b861d90a0e011a703e9f36c9a95880ff6986e6a,1,-0.0,0.0,literature,1.0,2,ru,1,russian_pd
e6e7f17a7de26eb38d8f125b5a5768745d7741c8e85a9e1165e0220f61894cf3,1,-0.0,0.0,literature,1.0,2,fr,1,french_pd_books
e6eeb65675d82d4433c177ed2dfe7d6d79357ff0e11ac1876489c1c73dd2967d,1,-0.0,0.0,social_media,1.0,2,hi,1,exorde
e6f57bdd734983932ab1765dd12c5cff3e36e9ebcf33dc76c1077ed21adbeebd,1,-0.0,0.0,literature,1.0,2,ru,1,russian_pd
e706f31c373b98583e48eac1374bfb4e38a5527d0e594aa9361c0384eba67ac3,1,-0.0,0.0,literature,1.0,2,es,1,spanish_pd_books
e70f8d78989acd3aeff75ebb670a662340059a70db3a017fe5de840479498b1c,1,-0.0,0.0,social_media,1.0,2,ar,1,exorde
e719785549f9a635c1b7675b3daab66154132606aa73a0f48ea22505ab61d3da,1,-0.0,0.0,literature,1.0,2,es,1,spanish_pd_books
e7224f1beb4d1a54a977b1d5d74fa028b8d0bceae8f04099aa0e7a60a3e6002c,1,-0.0,0.0,media_reviews,1.0,2,zh,1,douban
e725a6616fb564be7bb9af791e0bc015cc954c898dcecd93c1c117d2f136d8f3,1,-0.0,0.0,news,1.0,2,en,1,babel_briefings
e72d84f8add59d6ca3efb52c0daa8979c36123b53e62eeccd28156fe39515ba7,1,-0.0,0.0,social_media,1.0,2,ar,1,exorde
e7363b9bf5733ccc5db405f477df563fbd1877b5c7f44cac25d6aea7febc08c6,1,-0.0,0.0,literature,1.0,2,ru,1,russian_pd
e739798d0ae0b66c132eeca84228f0bb2bf5b13ec915148067db1d1bc2032346,1,-0.0,0.0,social_media,1.0,2,ar,1,exorde
e73ee553b827f041483375fc22ffc3c1dbdce4c08088a0ed7be9a31cf68ef613,1,-0.0,0.0,literature,1.0,2,es,1,spanish_pd_books
e748f9142fb22cd8e67e2214acccb2957111817194840e05203a0043ea09d5c9,1,-0.0,0.0,social_media,1.0,2,ko,1,exorde
e749f799d1ff84805cebb3f4265b8e1950efa7ed2037498288005d28a33d23dd,1,-0.0,0.0,social_media,1.0,2,ar,1,exorde
e74c7e6277ebe5339df0ae8c9d399ee8579d80a7ab48592ccb30ca2ff8fd2349,1,-0.0,0.0,literature,1.0,2,es,1,spanish_pd_books
e75969f6872122e9bde95f45b2f8cfe6b37a1f8537a3ed501245c5fdbdbcb892,1,-0.0,0.0,news,1.0,2,fr,1,babel_briefings
e76bf8840a6e8e622f42ba50bf3c984d32fad70252f82d7d19b6464e148296e4,1,-0.0,0.0,literature,1.0,2,es,1,spanish_pd_books
e76c76351b56246edf9dad825ea44fc9b0e3fbe80bfc37d2bbab324818e264c2,1,-0.0,0.0,social_media,1.0,2,zh,1,exorde
e77b22a90830fbb4f79dbba321907296c03f8b37ce69262c4e98e57f3b7f6ea0,1,-0.0,0.0,literature,1.0,2,fr,1,french_pd_books
e78c678708635e389bd94865903f1a1f0e5e73445cdd1bfca12f7c308e480d02,1,-0.0,0.0,literature,1.0,2,de,1,german_pd
e793e535fe6b7444e2760f79c1659c91f18198ba645d3b8394b5142a6270412c,1,-0.0,0.0,news,1.0,2,ru,1,babel_briefings
e79e6ed321f96eab531ce4d7ec2d2ad088c45d1fa554266711178905fbdb0c91,1,-0.0,0.0,blog,1.0,2,en,1,blog_authorship
e7a366e66875baabee0f87830bb342252552bd42cad884829ad9c60f70d3b1cf,1,-0.0,0.0,social_media,1.0,2,ko,1,exorde
e7a42db7eb0b63b140ea69cc7151882407995da598e56f9680694021f1449d11,1,-0.0,0.0,media_reviews,1.0,2,zh,1,douban
e7a453398fed026127451150f2910221c4a4c84ff8004267b876a0988c395e55,1,-0.0,0.0,literature,1.0,2,es,1,spanish_pd_books
e7a8f13a89f66f95cb04bacb06de7f319a4e26b3f949b2fe5ac2b09335cc9eb9,1,-0.0,0.0,social_media,1.0,2,ar,1,exorde
e7ac5a06fcbff42d097a2ddbb7e3015a5891b467912334adabce611fd61cb302,1,-0.0,0.0,news,1.0,2,en,1,babel_briefings
e7b6baee6ff098a684d78068beb9221d2a12a3278986d8c8cf74ebfe85e6632a,1,-0.0,0.0,poetry,1.0,2,ar,1,arabic_poetry
e7bba7fd8723bb78fec04593dd11ee377b5f040d0cbebb239d464bc6cf7a160a,1,-0.0,0.0,literature,1.0,2,es,1,spanish_pd_books
e7c17f15c803056c68cf590a824582394d4c633c96c3cce51af721eb955a9363,1,-0.0,0.0,news,1.0,2,ja,1,babel_briefings
e7ced7c94dbfb4f0f4ef037a6e0776684fb7100b55e4b136cd4c80e1217fc409,1,-0.0,0.0,social_media,1.0,2,ru,1,exorde
e7d5d002d2653ca54ca69c6b4ef97ce447089eaaa90a40f2905efa08140e4c1e,1,-0.0,0.0,poetry,1.0,2,ar,1,arabic_poetry
e7dde431b0bb96deebb5243c4ea20301fcf0c6079f33e7a1e51c536fd88450b6,1,-0.0,0.0,poetry,1.0,2,ar,1,arabic_poetry
e7e0cb10248091e2ea789a611e3c44932bb627ea79c8e4a620c76d3c09fb4a23,1,-0.0,0.0,media_reviews,1.0,2,zh,1,douban
e7e3a7be67f47cd9ff49cbcc8bad7f3be6044d9de10a53f236f6cabfbc986440,1,-0.0,0.0,ecommerce_reviews,1.0,2,en,1,amazon_multi
e7eaea7652eab1bd2ba1fd949f775d8ec6693a2fa470a4552b1bb04d2d603383,1,-0.0,0.0,social_media,1.0,2,ar,1,exorde
e7eb52b93b26c0123900cec83896471b5814db64585c99ffd9e08cf75ef0737f,1,-0.0,0.0,news,1.0,2,ru,1,babel_briefings
e7f811ca7ceb33c4fb0af7e5d228e1c9034237597990676e24d4bb32b2acd3bf,1,-0.0,0.0,literature,1.0,2,fr,1,french_pd_books
e7f9bfb4207fae8a3281c1ee1c12217ca1412c1c8116a7db63db12845dd78f3e,1,-0.0,0.0,media_reviews,1.0,2,zh,1,douban
e800e0fea9e1d2d90c2fa962107ef33fc7b772342809fc3bc7cbcd6bb252dae5,1,-0.0,0.0,literature,1.0,2,es,1,spanish_pd_books
e8061d65301f83551230143fb64dcd3f71db9b84a9b0f96c115f3c7d5cc7d1d8,1,-0.0,0.0,social_media,1.0,2,ar,1,exorde
e80a03b8bd37ad5515ce82e80855c83158e734c6c27f778cda87ad1731052d4c,1,-0.0,0.0,news,1.0,2,ru,1,babel_briefings
e81244c7266c248b814670b2d29fda4d3ca6609c48974a95e63ed76fe70ce04c,1,-0.0,0.0,social_media,1.0,2,ru,1,exorde
e813e60ac42672772de5cfb4dbb245b32bf506d11b0dce86c5320af1429ff63d,1,-0.0,0.0,literature,1.0,2,es,1,spanish_pd_books
e81d4537363f23b3777edf8c4f7e9b184a9191e35e0732c7b379bec276f98d37,1,-0.0,0.0,social_media,1.0,2,ru,1,exorde
e822b9091a43955fbe357081ea522b245f122256afc9a7ee7a8bced486676ef7,1,-0.0,0.0,social_media,1.0,2,ru,1,exorde
e826a0148b0ee195655bdcacbf19b53e4d53da7d4c054b3fe123cefe9fa0c0dd,1,-0.0,0.0,social_media,1.0,2,en,1,exorde
e8388d4c9cd404bccfa739e981091295c0837ae691093069b6bdbacd6673cee5,1,-0.0,0.0,social_media,1.0,2,ko,1,exorde
e839adf95d7662b123f1b7cdefc3b446925b9b2afbbcec93666f9f0442750474,1,-0.0,0.0,news,1.0,2,ar,1,babel_briefings
e840d074520dd387be6de89b20c3b5bce1cc17afbcdf11232d5a329d059025c8,1,-0.0,0.0,social_media,1.0,2,ar,1,exorde
e84b83ec9789078e98209a11b297e11cbb29600422b79928c1ef315b701f2019,1,-0.0,0.0,news,1.0,2,ar,1,babel_briefings
e84d66cd5dd984f709dbccb5ee324887e246ca97ded60f7ee232408950a7684b,1,-0.0,0.0,social_media,1.0,2,ru,1,exorde
e8510c29b8c78fa8b5b6c1aba8a0175967c371c3a2d40b68f2a39df7bee7258c,1,-0.0,0.0,social_media,1.0,2,ko,1,exorde
e853971e362400926a0471eceedabf1bb745b6a37a7b4355d4a9c60156fcaeab,1,-0.0,0.0,media_reviews,1.0,2,zh,1,douban
e85fd0b75f8b1753b4c8c6ff724ac91e14a5426f03bcd0c5858faf70484f8b64,1,-0.0,0.0,social_media,1.0,2,zh,1,xiaohongshu
e86357938d92349d9c03ff13d9f646ffb7fb1b25839be416059a5a84e90803dc,1,-0.0,0.0,blog,1.0,2,en,1,blog_authorship
e867e01e895325dbadf0ce7717fa86dd9ba42fe3859208f3e9c937a04127ef72,1,-0.0,0.0,blog,1.0,2,en,1,blog_authorship
e86a6044f8e71cfd626610eb9f33d8e1bf252fbd678e1ae3d6451b468bd5e7c3,1,-0.0,0.0,literature,1.0,2,fr,1,french_pd_books
e870106124e943283aedf1cdd95e24d07e12738b4521fc847e6fd968b4e15225,1,-0.0,0.0,literature,1.0,2,es,1,spanish_pd_books
e873e6bb241a96d38487275d1148696170c31080624cf0d68ff77175365de405,1,-0.0,0.0,media_reviews,1.0,2,zh,1,douban
e876cf0d3894de17cf4029bb80b80caddc9ecf02e74441b0ab309a7a3817d873,1,-0.0,0.0,news,1.0,2,en,1,babel_briefings
e87cc61d4045a4d3c792643a5804965b934d7cb0425412f0e601b18fcb94a65f,1,-0.0,0.0,social_media,1.0,2,ar,1,exorde
e87d71ce5222ea1263e30f921535319cb469c8d30f7a8b84e6b6a29799386c55,1,-0.0,0.0,literature,1.0,2,es,1,spanish_pd_books
e88605f080b9e7db29bfe4caa7c44fa3dc5819b3edde20b731b4dc4f10c82558,1,-0.0,0.0,social_media,1.0,2,ar,1,exorde
e88609a1b2beceeeeed7ca6cf9085ee901f74a1517b8ab815956c195fa1d8e32,1,-0.0,0.0,blog,1.0,2,en,1,blog_authorship
e88852c3280292957eb40ef574b8606fa9f46dd4c6e73dbc985d70d3f37ca100,1,-0.0,0.0,blog,1.0,2,en,1,blog_authorship
e88b48cbd462baf5af041292823c8c0f09aeeca6d04063bb6c929266880b1a31,1,-0.0,0.0,literature,1.0,2,ru,1,russian_pd
e8923c52fa808b3a06ce837f04444203e9744fe91138762d1e5e086725fa6cf2,1,-0.0,0.0,media_reviews,1.0,2,zh,1,douban
e89857790e1663445b9c0dedb60bbb6d201fc0ba75b8133b133fb059e5f11253,1,-0.0,0.0,news,1.0,2,ko,1,babel_briefings
e89d9e17d1b377d72fa5bc158c6fab212d9d18e8030dd2c085bd08245eb2761d,1,-0.0,0.0,social_media,1.0,2,fr,1,exorde
e8a0933e8408785e928cd644954e7e142ba39ebd8f937d8dc090fd2430dfd840,1,-0.0,0.0,news,1.0,2,es,1,babel_briefings
e8a338b79bb6d602745d88ba0aff9b48c575c76510c24c4c63d7de8c92cddde8,1,-0.0,0.0,social_media,1.0,2,ru,1,exorde
e8b416813bd71b4c43a1fc9cff72a567ea82ca60d4306d5c112b6dc101b61403,1,-0.0,0.0,news,1.0,2,ru,1,babel_briefings
e8b6d42ea135faaf3b1de61919438218621c231e637fac9b6d3f4898dc2b1ff0,1,-0.0,0.0,literature,1.0,2,fr,1,french_pd_books
e8c0dbbd678469dc44594c86713ce63ec0684175c50b5a79c864ccea04a93605,1,-0.0,0.0,literature,1.0,2,es,1,spanish_pd_books
e8de8b505dac21966a060698d92b1b7d56fbf2d95fb71c7d7a59b5b7ee4da4cd,1,-0.0,0.0,news,1.0,2,ar,1,babel_briefings
e8e501c923b3542fbfc36d507be44ddf537479e045db0036ed060fd40a3d0104,1,-0.0,0.0,social_media,1.0,2,ar,1,exorde
e8eb1ec3c3414d8bc23f1456242d7835d30112346c81c9fb90397948426f680f,1,-0.0,0.0,news,1.0,2,es,1,babel_briefings
e8f3b9f51a9623a818ad9557fa513c832b0f379299ba8414be053b2a592c1e8c,1,-0.0,0.0,news,1.0,2,ru,1,babel_briefings
e911c452fdb67b11f227db32cc19760101096d07c7c4d4ed816d725a17626f26,1,-0.0,0.0,social_media,1.0,2,ko,1,exorde
e9287f878c8b8ab8686e4ce46223bac444576b1619f4d7169aef8958f34aa634,1,-0.0,0.0,blog,1.0,2,en,1,blog_authorship
e931c2049083d01d5eb880a32a1ce2a1cf7e799540db7e29e74df69f64f03973,1,-0.0,0.0,social_media,1.0,2,ru,1,exorde
e93abe9dbdc3f41a0cc58336409fa3775d38e69ce1677058a9fff2ba27fe323b,1,-0.0,0.0,poetry,1.0,2,ar,1,arabic_poetry
e941a8dc538749d35458d69d64cf1f95f267f4411390797509326f78f895ee92,1,-0.0,0.0,news,1.0,2,ar,1,babel_briefings
e954cfc0ba48309acc9742d636afe41ed18f96fb2377d8c0acfe88eeea8e106f,1,-0.0,0.0,social_media,1.0,2,de,1,exorde
e95937f2e406baf542db5237697db203572eca861366583a4b064248a3d26976,1,-0.0,0.0,news,1.0,2,ar,1,babel_briefings
e95d05ee186a11a12d442533507131ed5c54ed90beffeaad4c2e59ac03fe8809,1,-0.0,0.0,social_media,1.0,2,zh,1,xiaohongshu
e960f9c39ba6715f701b008d7f8ee5fb78a23c25612311f2436b56c32aa08faa,1,-0.0,0.0,literature,1.0,2,es,1,spanish_pd_books
e96637c997d3e54b3ced88ec8b84f4f5ddc2255ded472ef7789d9c62189fc789,1,-0.0,0.0,social_media,1.0,2,de,1,exorde
e9742682eaa94247781cad747fd4ac60286c511edd89aac339d74e6b43aa1cb6,1,-0.0,0.0,blog,1.0,2,en,1,blog_authorship
e9850bb79d3bc1a1663f6c82e4d4fdfacd4e95fa25dae1161d2af20ec35a012c,1,-0.0,0.0,literature,1.0,2,es,1,spanish_pd_books
e9905741600e2bd98c8fc3ed4a87f8a729dffd6e3c837ecd87a108421f79ceaa,1,-0.0,0.0,news,1.0,2,en,1,babel_briefings
e995699369f1ed8d196122281f5dde1e0fae85bb116d157aa2513b870b17fd40,1,-0.0,0.0,blog,1.0,2,en,1,blog_authorship
e9956bc26a0d505d529a71a81ef47d2a9ee8fdc23e2e4695650e78194fc27edc,1,-0.0,0.0,social_media,1.0,2,ko,1,exorde
e9c66afcff202cc010ffe8a1b5b129d0a5d8b9d202c33dd5731534542f00c754,1,-0.0,0.0,media_reviews,1.0,2,zh,1,douban
e9ce36e79d59a81f72aaeb6dfd4ca62ef033b5a5ee3760d445e27610a4b3258c,1,-0.0,0.0,news,1.0,2,fr,1,babel_briefings
e9d1fc0d302d0f7624e53554b26d3d34e8a1433a8b1d4ed762dcc801e67af23a,1,-0.0,0.0,blog,1.0,2,en,1,blog_authorship
e9dd576583ccee1d8971728e3b814aba80deaaabc2b1e8936b579786a45ca2df,1,-0.0,0.0,social_media,1.0,2,hi,1,exorde
e9f14a3acd47708b7970ff11fb65d3fc30737fb072f12d4af4837c0c038ea13c,1,-0.0,0.0,news,1.0,2,ru,1,babel_briefings
ea02b52ec8cab206851c6f263f79800bf95ded14e32c142813d81813fe94ca5e,1,-0.0,0.0,literature,1.0,2,es,1,spanish_pd_books
ea0756781cbbb1e502e67a5e0928a9227cdc59e729f4e39dce031625ec1754bf,1,-0.0,0.0,social_media,1.0,2,ko,1,exorde
ea07dde46ed65e6d06339606592fd325f20359cf52eb17518f9b8ba3098477fe,1,-0.0,0.0,news,1.0,2,en,1,babel_briefings
ea0aba97f178fd1d5635fa746cbeb508569e1fe18ec5e88b747256c8c7726bfd,1,-0.0,0.0,social_media,1.0,2,hi,1,exorde
ea0f7f0726e5a976a6bd5bbaef296f903d7e7cb2507f5984fca019a845fc2528,1,-0.0,0.0,news,1.0,2,ru,1,babel_briefings
ea18080bd31797ae43bc3dfa78a8aecd95f3b0d2cbfcfef3cb42574a8c3d2fef,1,-0.0,0.0,media_reviews,1.0,2,zh,1,douban
ea1a5916e814b396f96b421f1e07f6bff2802cdf361e7731c9a6561116f0392c,1,-0.0,0.0,news,1.0,2,en,1,babel_briefings
ea1ca288c6731406a83a24fe978edf81efb68e7815d4cd2599982941cf18981e,1,-0.0,0.0,news,1.0,2,ja,1,babel_briefings
ea23eadde0346deaea64baf9ddc0260437fa9f436c5c32e471a561d044578fd3,1,-0.0,0.0,news,1.0,2,ru,1,babel_briefings
ea261929b34e9a9f6a886d8198ff3d4816197e9a5f778de7a1cf4d1781c547ac,1,-0.0,0.0,literature,1.0,2,ru,1,russian_pd
ea284634d87b975fa61221054f17f4ed1a75348000771aff96dcc610902061a0,1,-0.0,0.0,literature,1.0,2,es,1,spanish_pd_books
ea35060b91dc023c53b7567eafc7a7ac8df65f9086f57234f82d0016646cf829,1,-0.0,0.0,literature,1.0,2,es,1,spanish_pd_books
ea3528e1a2fe3c43542ddddc74c4b6167714f125718ae2177503bf574def4b2d,1,-0.0,0.0,social_media,1.0,2,ru,1,exorde
ea356912e064473dd809b9b0e9f268d680be24ed15ac7499029cc7e93f98610c,1,-0.0,0.0,media_reviews,1.0,2,zh,1,douban
ea3b0568efac06f5c73f5d0e9f4afb8b34ba0417d7161a4a59dd6b426a167660,1,-0.0,0.0,news,1.0,2,ar,1,babel_briefings
ea3c5dfb279194f629d5d97aa42e481c2c0a289badcbb4b61fefee323df121f8,1,-0.0,0.0,literature,1.0,2,es,1,spanish_pd_books
ea3d9c214fe10adec25fd213da8e24f92e498fddec3541fd12f7bdb8d74bb465,1,-0.0,0.0,news,1.0,2,ja,1,babel_briefings
ea422305eddd31f9e3448a1a3382c7b3b10578b6894c00d139a33cc7f59ecfda,1,-0.0,0.0,social_media,1.0,2,ar,1,exorde
ea5dce454226e1e6c8d793fff1d5be8004c21e5213a2f4a27e85469d3d42b839,1,-0.0,0.0,literature,1.0,2,es,1,spanish_pd_books
ea7ec159c56cf1169939c3880295f04be4b6e4087a8e48057846f1757a3c9ff6,1,-0.0,0.0,literature,1.0,2,de,1,german_pd
ea85e6b5a18df78dfd4de72a63a9e659ea68431d8974385be78d28842bc17122,1,-0.0,0.0,media_reviews,1.0,2,zh,1,douban
eaa2ebb31edcaf4e06bb7fccd73088d263b746dc99d9a6709039d05c6a1cc03d,1,-0.0,0.0,social_media,1.0,2,de,1,exorde
eaae705564cfb2d62b65a6567af1c1d30361cc89eb045b695c205cbc9fbc9320,1,-0.0,0.0,social_media,1.0,2,hi,1,exorde
eabf4e140b8236bd1d5a1a8bd3413ba33acea95f216b2dbebcfece010355f0d5,1,-0.0,0.0,social_media,1.0,2,fr,1,exorde
eac4c74b1e250c7a22b9cf49cac25a679f6bfbd7ad7b466f004e5663e5d5792f,1,-0.0,0.0,news,1.0,2,fr,1,babel_briefings
eac5900e6d0c88fd42008babfe886c5824c572e11203dac46ccbbb8ebe604c44,1,-0.0,0.0,social_media,1.0,2,de,1,exorde
eac87722f1c32741cc3b3ed777fd04acc62f61d9f36497537784cc3e6ac4f2a0,1,-0.0,0.0,poetry,1.0,2,ar,1,arabic_poetry
ead477aa8889c63e7c7f28df80c7102172738f1419f61e6ef85ccc99867c2dbe,1,-0.0,0.0,media_reviews,1.0,2,zh,1,douban
ead7e8b67248cb630eb9d575a80716ba2833bad2931d05f8350f4fb51c6ae801,1,-0.0,0.0,literature,1.0,2,es,1,spanish_pd_books
eb0a662d3347df081247b587a2b3bfe98ffc0d5f7cee0812debea0473ada7ed9,1,-0.0,0.0,media_reviews,1.0,2,zh,1,douban
eb1a68accfbf4094a1bd7fdecdb1ec8e0ae551e6058245b8c958f9348afce55c,1,-0.0,0.0,news,1.0,2,ar,1,babel_briefings
eb1af9b24de7d500883621913842b34f30df8b662352726cfe3ebecb83e12bc1,1,-0.0,0.0,literature,1.0,2,ru,1,russian_pd
eb2595996d2ac2ff9adac9890b8497375e8716f6c1cc154a0e2adf3a258e9c8d,1,-0.0,0.0,news,1.0,2,ru,1,babel_briefings
eb2fd0d1f855f155dcb7b5fc8a795ecf37a8a0c09b4034a9b033d40823413124,1,-0.0,0.0,poetry,1.0,2,ar,1,arabic_poetry
eb30f4f83a7ac5539725a66cc38855f18e65c117c43d2c2a468205b302083dcb,1,-0.0,0.0,literature,1.0,2,es,1,spanish_pd_books
eb3583c136a683d2cb3c31fca0c1852f7178bd6f9fac33b9f6fd67b2ea366d57,1,-0.0,0.0,media_reviews,1.0,2,zh,1,douban
eb3c0d7ac0c7de891670397917c1cb04376ffd7db27e58e480404ded30bdd70d,1,-0.0,0.0,news,1.0,2,ko,1,babel_briefings
eb40a617c259c990d24b5db91344a2c8c61261aa4f5561d8993e72ce7a70392a,1,-0.0,0.0,media_reviews,1.0,2,zh,1,douban
eb469ef849075c5c8911155cb241da89b1eb8776f32aae9d08f8fca1298cbe88,1,-0.0,0.0,news,1.0,2,ar,1,babel_briefings
eb55e36f902940ea7ceb068794d3605cbe2fb11b2c813368d72b92ce506d9144,1,-0.0,0.0,literature,1.0,2,fr,1,french_pd_books
eb5982a9609d5fe5139a96b2db716887cdbb6624905d447dc817c3a3cc1c6f19,1,-0.0,0.0,social_media,1.0,2,hi,1,exorde
eb5d1826232ff3837acc9f92b3cb1cd66ed6ac06821ecb4bc06f46aa07571a6b,1,-0.0,0.0,media_reviews,1.0,2,zh,1,douban
eb5dcf569a183c8e1a94334ee916f811c5fdd1d4392d987054aae34fd9c5d359,1,-0.0,0.0,poetry,1.0,2,ar,1,arabic_poetry
eb5dfa492abd6ead7e2ec6e51c90c12f302044ca7b254146663dbfbba9945cc2,1,-0.0,0.0,literature,1.0,2,es,1,spanish_pd_books
eb5e3b7785bf1eb14ab08e15127bb6a2c0254ab49ed355b979d033308118c0ae,1,-0.0,0.0,social_media,1.0,2,zh,1,xiaohongshu
eb6549a697efdcc878c60c430a43a387bb66a92b88aca6cb69cc75ddd8346e8a,1,-0.0,0.0,literature,1.0,2,es,1,spanish_pd_books
eb6dc3e11ba6018bc016dd8726c6af2a9e3a4ceff19b1e59fae3319b708acb44,1,-0.0,0.0,social_media,1.0,2,ar,1,exorde
eb7689d21a4ac28938da243c47252ae69e30d775c90a8a1506a736c9e6dcf95c,1,-0.0,0.0,blog,1.0,2,en,1,blog_authorship
eb8f1c864c03f22ab4066e053d59c457b64ed9eb025dfb0389488a3a280f2aad,1,-0.0,0.0,blog,1.0,2,en,1,blog_authorship
eb94327a25332c15a4c273b421f47a7df1ec2bfde3b0b012187250133fca2a80,1,-0.0,0.0,media_reviews,1.0,2,zh,1,douban
eb96b43e81b5130cbb6360127f8811b5557535c3a66063c75ffda3f215c7692d,1,-0.0,0.0,social_media,1.0,2,ko,1,exorde
eba046b68122280bf825c3c4c62064d7d81c8531de4bfec40440c353cfae6a66,1,-0.0,0.0,news,1.0,2,ja,1,babel_briefings
eba9073e8160828d5f86e79b6e3d98009903c0bc2cd39ed4acdf5d85dd5bf66a,1,-0.0,0.0,literature,1.0,2,es,1,spanish_pd_books
ebb113d5e9833fb4db2a1b16a99bf74c2d8978060d1613818b889ef87426f468,1,-0.0,0.0,literature,1.0,2,hi,1,hindi_discourse
ebb3b47f9c992073579a3b91b4085f51531be5ffc701efcc6d10c5ba2067a9e6,1,-0.0,0.0,news,1.0,2,ru,1,babel_briefings
ebb723946408597b66d80e2eb8e74caff045050d9bfc5ee6d68220d479c30728,1,-0.0,0.0,social_media,1.0,2,es,1,exorde
ebc9db36613191abbe1a1bc310cf2c3d71cdf09f5c4fa89e08652cc8ff5ff42a,1,-0.0,0.0,media_reviews,1.0,2,zh,1,douban
ebc9fc1e46b570233782163fd89d3980e10bcf7632f5066d816ab5deddf233a4,1,-0.0,0.0,poetry,1.0,2,ar,1,arabic_poetry
ebca94b0defff93f013ac0c99caa7f772aeebf494e69c4335f1c6a394462ba68,1,-0.0,0.0,literature,1.0,2,es,1,spanish_pd_books
ebcca5d9b210141000d4e8c2ac9dfe007e08dd928e23b279356a83528979e325,1,-0.0,0.0,literature,1.0,2,ru,1,russian_pd
ebdae9769cde295dc47d02aec1a9f1fd3d43ddf8a71f5ade3ffc39954335e9d9,1,-0.0,0.0,poetry,1.0,2,ar,1,arabic_poetry
ebde4fd7112c12bc07a0117ebb7c59d6bc9fc043021f8b2fbc7c8ebdaab9c2e8,1,-0.0,0.0,literature,1.0,2,es,1,spanish_pd_books
ebe39d4f77cd5a2f7cb163045ccc811bdcd2811a4d525edc5cb60764a9e539ad,1,-0.0,0.0,literature,1.0,2,fr,1,french_pd_books
ebe65e14f13794d2c178df063054fcfac188e69dcfbc433fa9e90dcb09bae1d4,1,-0.0,0.0,social_media,1.0,2,ko,1,exorde
ec03bfe98d8c8591d4b44633cb41f3e2ac3ebebaa59a650f73c8c4dce6181920,1,-0.0,0.0,social_media,1.0,2,de,1,exorde
ec0474bd426a253d47cde1627fe3ace193cb193b9d9f4d287a8cadf5b4836e0a,1,-0.0,0.0,literature,1.0,2,es,1,spanish_pd_books
ec07666d32763a3fc42b1c9d5d6f65eeb61088c5000dca793bd231d939e046b8,1,-0.0,0.0,literature,1.0,2,de,1,german_pd
ec07a3ba28ab88849ea72a0defa9165d99d18192212dff02cff79106140e3a81,1,-0.0,0.0,social_media,1.0,2,ru,1,exorde
ec1f6588f440dfafb3bfe9cf16422fc40f8bfbc915ad62675b7740b373e3d626,1,-0.0,0.0,blog,1.0,2,en,1,blog_authorship
ec2102db2be3d1abe899e2baf0d4f2b58ac02cf11cfab536d40e569fc06eebb6,1,-0.0,0.0,social_media,1.0,2,ar,1,exorde
ec2a2b14216b5d2a0452f9546cd2ec90127351a1452542e7ed7e3cf0deee8b27,1,-0.0,0.0,literature,1.0,2,ru,1,russian_pd
ec3c01122f96373824a702d2171e390d3a2b2dfffeb081b1f350316df9f40fb2,1,-0.0,0.0,news,1.0,2,zh,1,babel_briefings
ec4219d738f86824d993854e0c900579136279f48234035165a417bce4efa6b8,1,-0.0,0.0,social_media,1.0,2,ko,1,exorde
ec4669d40125cbbf95c7d59e84bf0a46a3f12a1d69a10badd706249e6a855baa,1,-0.0,0.0,social_media,1.0,2,ru,1,exorde
ec66c671e88da494a1dd6889d3d25891dc8189c5692850237c16754d8a2d69a9,1,-0.0,0.0,literature,1.0,2,ru,1,russian_pd
ec6ef67b9892e7c5f015bbb811e3f94cd8433b6494d36f3dbdb603f21e4d45c6,1,-0.0,0.0,blog,1.0,2,en,1,blog_authorship
ec700375a295bc5306091e8ae505a68049ac0aa208c0e9f20340870bc2b8f478,1,-0.0,0.0,media_reviews,1.0,2,zh,1,douban
ec70906fed8785b73360f4cb3ac8d8137c49bb4e527afbc3985ca34f807c4980,1,-0.0,0.0,news,1.0,2,ar,1,babel_briefings
ec70e2276d5759cef4d135726b7b3b46f1b4287fae0b8e13a292154b311ed703,1,-0.0,0.0,social_media,1.0,2,ko,1,exorde
ec768e952db85c0c1c9cea9da001b5f92ea503971aeabade6640e4905e4deb8f,1,-0.0,0.0,blog,1.0,2,en,1,blog_authorship
ec8100efb7e50557f05fa7f72296c964f828056f5bf44aabdfd56462fe0d1111,1,-0.0,0.0,social_media,1.0,2,ar,1,exorde
ec84123598fccd992ff653c0b4c09a858fa5333baf49be834cd4e62099e383bb,1,-0.0,0.0,news,1.0,2,en,1,babel_briefings
eca1f9ecae4c04f7ab75987f46bad9d9d952b7877756fbfbe76a6fea536aa88f,1,-0.0,0.0,news,1.0,2,ru,1,babel_briefings
ecb26b67b3dfd648915c959f04ca94cee5414d9f65f28c02cdc569c12f570d2f,1,-0.0,0.0,news,1.0,2,en,1,babel_briefings
ecb940339366cc566ce52afb492d88d2c19f12515cc4e93c09fcb9ad8ac417a0,1,-0.0,0.0,social_media,1.0,2,ko,1,exorde
ecc30fa877bbff2d67d267cc4a6a1baa1dd512bcd3ea6722fb6898a63d901b08,1,-0.0,0.0,social_media,1.0,2,ru,1,exorde
ecd713495a0c72bc1bca498ab36cd9910614cc9b9a5c372f8425edfec133d16b,1,-0.0,0.0,social_media,1.0,2,hi,1,exorde
ecd936898f5267548ecab18ba6d231b606021121131fad964e04b66b795f9e4d,1,-0.0,0.0,media_reviews,1.0,2,zh,1,douban
ece05f13ae445ff9cec69d8c15175ef0d4ffca492bd37b2760218d0a21a9357c,1,-0.0,0.0,news,1.0,2,zh,1,babel_briefings
ece9c38ceb5294130ee2ccb44b71f2d70e19c7eb802d749033010ded5072c77a,1,-0.0,0.0,social_media,1.0,2,ar,1,exorde
ed039b4d9119ca5125b79986a4ad1794e8abcc97490a3955008490e8b0c9aaf8,1,-0.0,0.0,media_reviews,1.0,2,zh,1,douban
ed04a3271358cc5912a41b3f3cf580520a7f6a428beb04748573bfb574a1d3d2,1,-0.0,0.0,news,1.0,2,ko,1,babel_briefings
ed06ba976e2de0794f21d03d8fd932d6b2efd5a590da4591a5c9beb590dc4d82,1,-0.0,0.0,media_reviews,1.0,2,zh,1,douban
ed071e8f0abd834960e91dc5f9ca245ed34b7d17ae441a26cbef4c55cecd1c2c,1,-0.0,0.0,social_media,1.0,2,ko,1,exorde
ed10fc7d57617d4aac0d966a01c9d6d06a6785ff8f3a65a676289ae160f37aaf,1,-0.0,0.0,social_media,1.0,2,de,1,exorde
ed15042e92d97ac85fc618d451960ac3862376f4f309fbec1859bd698a05aff6,1,-0.0,0.0,news,1.0,2,ko,1,babel_briefings
ed2a205646886e2793c33ba72fea1910180bf740877cd394a0846abb531b0f51,1,-0.0,0.0,news,1.0,2,ar,1,babel_briefings
ed30ff5b8955ad7a52e00a90ec2a6bdbfdf739ffdc2c3bbbabdf1d6d20dc1c2e,1,-0.0,0.0,literature,1.0,2,de,1,german_pd
ed37dd5d16827fa969141f287d367c97ce37c289321c7a622a51d3b37527e675,1,-0.0,0.0,news,1.0,2,zh,1,babel_briefings
ed3de7d709bc3d786f1786ee57c9e9c04c14af88d371954bcce8bfc39c0bd360,1,-0.0,0.0,social_media,1.0,2,ar,1,exorde
ed42844f27b42352b5a8b409bd1179883470fca8688a301ad0d84c51ef8b3018,1,-0.0,0.0,literature,1.0,2,es,1,spanish_pd_books
ed43aba3cbe11e61af388cbbe7aa73ca834eac2cc51dec277767983f3785e154,1,-0.0,0.0,social_media,1.0,2,ar,1,exorde
ed68c5dafa5b48fa51c2147c0468a75b66812e71ae8eed0d35ce6bd757a86be3,1,-0.0,0.0,literature,1.0,2,de,1,german_pd
ed6b926cce7452e0bc9506969ec4232a3bdd78fb6d4731f16e44bf0ab01bc9a4,1,-0.0,0.0,poetry,1.0,2,ar,1,arabic_poetry
ed7724ed90bed4560e1cb32a11c5c339c31f3687e5b695f73ae1509bd41426ad,1,-0.0,0.0,social_media,1.0,2,es,1,exorde
ed77707890ca4d1e2f0d3503f75a5c397aa4dae86b17d86ea39457acc802e743,1,-0.0,0.0,social_media,1.0,2,ko,1,exorde
ed78e2717bda96a9d205cf14a54286f7be96e6377d1724ca83873435cee1d979,1,-0.0,0.0,media_reviews,1.0,2,zh,1,douban
ed85f64e1533b4af4b151b07e73bb2651d16287c5bfbe57b2364aa97cbabfe56,1,-0.0,0.0,literature,1.0,2,hi,1,hindi_discourse
ed93e1c6aa13fee510e684228b2dc3f46913f0a555c0eb4e11a496442bfb4555,1,-0.0,0.0,poetry,1.0,2,ar,1,arabic_poetry
ed999105b382db57770964e95c828403d5d92e37dd8c83dcf52e42d845c75e83,1,-0.0,0.0,literature,1.0,2,fr,1,french_pd_books
ed9d729cafbda196566b75e9ad6f5705ec9646aa8f58e0f344e424e242c7a4f0,1,-0.0,0.0,literature,1.0,2,fr,1,french_pd_books
eda2cd6161e44eac683371a61c46ce19c1a873da2587757036749689324d5df4,1,-0.0,0.0,social_media,1.0,2,ar,1,exorde
eda9cceaa7cf8bc0db958d5870d9865d412548543bcc6cb7184a283c3de90003,1,-0.0,0.0,social_media,1.0,2,ru,1,exorde
edb4449fa0af5cded69e12cfa5d9a7f38d4ebf13c3828477f0d816731a5cd63f,1,-0.0,0.0,social_media,1.0,2,zh,1,xiaohongshu
edb8f8684e10900f1c6b1fd8a32179bd50f146df54d7d86b9cec6b5fa3262f10,1,-0.0,0.0,poetry,1.0,2,ar,1,arabic_poetry
edbd5e6d77c6e7f31552304c2ad8c35e7ec373a235c6d800bf7bc8c938e674c6,1,-0.0,0.0,blog,1.0,2,en,1,blog_authorship
edbec201870cd8a6258669a5178d5c19a4d7f11fb1216b0cef08169507b45b98,1,-0.0,0.0,social_media,1.0,2,ru,1,ytcomments
edc318407837e8fbc392ee34f3db97931da4c4a56909587872e4756f896ec2be,1,-0.0,0.0,blog,1.0,2,en,1,blog_authorship
edc5ffec166bab0628dd7efb5c429cece5e62db6d09f058c155fce144086459c,1,-0.0,0.0,literature,1.0,2,es,1,spanish_pd_books
edd7d73ee7272fc04dd427a79722e40596d82ac5c2d7af16ed6b8479b96eb810,1,-0.0,0.0,media_reviews,1.0,2,zh,1,douban
ede47c6bcb303dc0503643d6d6facf53afc92112036ac5271998f8284c829844,1,-0.0,0.0,news,1.0,2,fr,1,babel_briefings
edebec97c61da28d6feb4a1541586f22f855bfb8e5da0e5be7b4e4a2b7f21a02,1,-0.0,0.0,social_media,1.0,2,ko,1,exorde
edee46683f66ee6dbee4c2a9f5b6abbc971eb7f01e602f924f94c65d3c281d27,1,-0.0,0.0,blog,1.0,2,en,1,blog_authorship
edef7519b89bb16df7c653be33b15794a736cb9dd2cddf310021234ae357f630,1,-0.0,0.0,literature,1.0,2,ru,1,russian_pd
ee0145ea046ad23166bf443ddc2467aea5443025c9b45f5363d4b8d0b5b52021,1,-0.0,0.0,social_media,1.0,2,hi,1,exorde
ee098f8e0325cb9853f895547c5f4f416efda392345f2ccfdd251c7e7f0a57a8,1,-0.0,0.0,literature,1.0,2,ru,1,russian_pd
ee0c6be71710182c88cfbad869941ee612825933aa1312cf901e3929069b8bfd,1,-0.0,0.0,literature,1.0,2,es,1,spanish_pd_books
ee0f6b6b5f986a845d0e26a98a7f6f3a651ef2fa917ad4fe5a6a7fff66a4cd04,1,-0.0,0.0,news,1.0,2,ja,1,babel_briefings
ee2d692bef64ee298175933b7654ecca4505f369ca5bd66644c6270e3da07dd7,1,-0.0,0.0,ecommerce_reviews,1.0,2,en,1,amazon_multi
ee345bbc3ac12d21c9eca0dafd3c9b41a92e232d057cc12b6c616d0ce17dc0b6,1,-0.0,0.0,literature,1.0,2,ru,1,russian_pd
ee4c1b306b4e835110ea1e47f9c0c68b5910d9ff9692e44ebfce6e565d64ad8f,1,-0.0,0.0,literature,1.0,2,ru,1,russian_pd
ee4c69c6d162f0d4ca1bb6f83cffaf6f15b514c1fa07bda1b94bf3e24909ef48,1,-0.0,0.0,news,1.0,2,ru,1,babel_briefings
ee547c83ff6ca0efda1aaa2981b0d3b4ab450edde18b324fe482887e48d55986,1,-0.0,0.0,media_reviews,1.0,2,zh,1,douban
ee722436727b1f8fa886fe2d4dd8da09098af9930af01d954b3f6e9735e6c965,1,-0.0,0.0,social_media,1.0,2,hi,1,exorde
ee731cd12a1f399ed6785073f3081bad56d0e56e775e7cbe2e66c004918f2288,1,-0.0,0.0,social_media,1.0,2,ko,1,exorde
ee7b59c953d2ed9c9da388e1a01bd52d34c536b2f223dd74250edcd454bb2991,1,-0.0,0.0,news,1.0,2,ru,1,babel_briefings
ee7e8cc4a696b634de63a558ccb2d4265c7b8f2876e69b0f35e9730477a4ae2a,1,-0.0,0.0,media_reviews,1.0,2,zh,1,douban
ee8d8f090038e78269e111fc105547508be9cfe1a3c87bcafa561bd7b1f1759e,1,-0.0,0.0,literature,1.0,2,es,1,spanish_pd_books
ee965410312cab61d5ed8b95f9deaec681a65957ffcde6fff0d26f905ce685de,1,-0.0,0.0,literature,1.0,2,es,1,spanish_pd_books
ee9b0b4ea5f0e18a24d48c8237bb7bc5b23130a28a1262bb4e088c73c3de73c3,1,-0.0,0.0,social_media,1.0,2,zh,1,ytcomments
ee9f503b7456022083a623aac5b03c69f0195951707ec045eb33b6e6a80caaa9,1,-0.0,0.0,blog,1.0,2,en,1,blog_authorship
eea4094e3c8904be8fc3645224e5cdaaf6aaab353bf66d5c08e316bb6614b89a,1,-0.0,0.0,literature,1.0,2,es,1,spanish_pd_books
eea596c6dc26ab03aabe6de0b0d84da876f2dcfc697eafdf0b88b3fd99cd96e8,1,-0.0,0.0,literature,1.0,2,ru,1,russian_pd
eeaa7e3ffd3aa5bdc0eb311d878021541059073d05dff4a84ee5de85937ee222,1,-0.0,0.0,social_media,1.0,2,ko,1,exorde
eeb1177db0b52b66ccd83dca042efba8d1f20dc13e9c655987d19739f7429f05,1,-0.0,0.0,social_media,1.0,2,hi,1,exorde
eeb96a5287465669a2bdac33549d109dbd9c7bfc39652726f8a012c62af44f51,1,-0.0,0.0,literature,1.0,2,de,1,german_pd
eebf7b2ef2a76bdbac6f69df24d150880f141c56c80fe2c0aadd043cf638b254,1,-0.0,0.0,news,1.0,2,ru,1,babel_briefings
eec090c211d1ff393f307fdcc8a9ab139597c9a9a793e83ebff71bedfdaf4c7c,1,-0.0,0.0,social_media,1.0,2,hi,1,exorde
eec33ac928d24b51b59deffa4c682e4acc4bc377ffde552c57bd7900485a9059,1,-0.0,0.0,social_media,1.0,2,ko,1,exorde
eec9b67055587baeac4d128bb050b15e862bd6c68dc20552a4c54f7d1d16304a,1,-0.0,0.0,news,1.0,2,fr,1,babel_briefings
eecb84c306b2ae268f9ce04606cc83ce1e480418d33f8025979fbd8dfd9a5a6d,1,-0.0,0.0,literature,1.0,2,ru,1,russian_pd
eecbd35aadee8250ec9eea1a2b6ad0301b393435b13555fe3e53e0dc7179f2d2,1,-0.0,0.0,news,1.0,2,ko,1,babel_briefings
eedea5cfed7091d55e7c6d2d075ddb9888260fb2a37f7b5d63ddf48dc6cb0756,1,-0.0,0.0,social_media,1.0,2,de,1,exorde
eef4e823a3c5f086382b96fc2f39ddfde4a71227e351cb7d5a2f98b27e999dfe,1,-0.0,0.0,social_media,1.0,2,ar,1,exorde
eef7008eee1d9504c5b43ae7d7c50e9393608a8c3b1dc75ea4567c3494cfe192,1,-0.0,0.0,media_reviews,1.0,2,zh,1,douban
eef8f3107091acf589edf7dc2cfe5de469a52720628a1bd129a356fba4e68343,1,-0.0,0.0,social_media,1.0,2,zh,1,xiaohongshu
eeff45fc5cf3737ae500de59216b614772521689306c49d3db855da83d795eb0,1,-0.0,0.0,social_media,1.0,2,ru,1,exorde
ef11fbb8343fd2b7ce9cbf2a6bcb6b46fb535eb84511e188e58576ded67a5265,1,-0.0,0.0,blog,1.0,2,en,1,blog_authorship
ef133657b3e48303931ef7ef9e45743059530654251abb7869c218c9da253b0a,1,-0.0,0.0,literature,1.0,2,de,1,german_pd
ef1c9095c65043cbe4ca8ef17e0c8886577d2bb3f386d23825443188b8547af9,1,-0.0,0.0,social_media,1.0,2,ar,1,exorde
ef20512a3c3c62db9bfdfcd426329d59e694c1e7af26fb321d60859ddbf2edf5,1,-0.0,0.0,social_media,1.0,2,hi,1,exorde
ef2730c75cf0052d371b99dae1b2871d34c39c1e3fa2b613964ae81a85a09c6a,1,-0.0,0.0,news,1.0,2,ar,1,babel_briefings
ef335e25acb1497bfb6a94e0abfa5f589f03cfebfe26ff328b00dfe5414b1afb,1,-0.0,0.0,literature,1.0,2,es,1,spanish_pd_books
ef3f9d7b772b16e577dc0fdfca60fc1ec7dd09438e60b961219fa051465a8d07,1,-0.0,0.0,media_reviews,1.0,2,zh,1,douban
ef466e603ac6f7e57847dae8db865d9eaf02ec6b103c6f16436679bb530ac7bf,1,-0.0,0.0,social_media,1.0,2,ar,1,exorde
ef5d31c42f09b415be6c29380ef0c2136861a1c3efd67040d72a4816a2be52e3,1,-0.0,0.0,literature,1.0,2,es,1,spanish_pd_books
ef626994f783f4d66e8da965217cd5c84630ed6ca6048eda93c81a697c60ffe9,1,-0.0,0.0,media_reviews,1.0,2,zh,1,douban
ef66dd0cc1a37e962bf70003ca610eaa1ccaa04a747eca1365533ff1a3d4a127,1,-0.0,0.0,social_media,1.0,2,ru,1,exorde
ef6aea16664e700116470520d3033b60598d987386001d682ece6b1266b9de40,1,-0.0,0.0,social_media,1.0,2,ko,1,exorde
ef727e2994a9d8e8669966442bd30531564d263cc383502e1b07251476863b3d,1,-0.0,0.0,news,1.0,2,ko,1,babel_briefings
ef88fff7870c33321bfd940243b57b2d31b4cb87aadbd1255ddce46569760c89,1,-0.0,0.0,poetry,1.0,2,ar,1,arabic_poetry
ef8e0b96aa8060f1490d49418b1298021a1eb3da239ecef7d1868ca74d2c4fca,1,-0.0,0.0,social_media,1.0,2,ar,1,exorde
ef9cf1965de9e46917bbac682333bd5e6fe802b8adf7460f48b8e1fca36156a3,1,-0.0,0.0,social_media,1.0,2,fr,1,exorde
efa65aced000275c44b6c9a69fd735d8199ada7f21087e92b5a025228c6f396b,1,-0.0,0.0,literature,1.0,2,es,1,spanish_pd_books
efa95e7df902efb8a394755db24511388f0143574f61e9738f1c5fd5ef5c1fff,1,-0.0,0.0,social_media,1.0,2,zh,1,xiaohongshu
efabf963c45df5e7b423a7c9c42dd401ccce51cc2ece60694464882a596107de,1,-0.0,0.0,news,1.0,2,ru,1,babel_briefings
efac52fb29d713a6919440afbb41b92ad01942f23863640ce884646c241370ab,1,-0.0,0.0,media_reviews,1.0,2,zh,1,douban
efb1100a1a06e9c8dac86f78a6c86ecb7387ef910952dacea613702d7984a9ad,1,-0.0,0.0,poetry,1.0,2,ar,1,arabic_poetry
efc299a48d32dd68aebe2ba9713c16b03d97ce1aa69edd74b47598ad1769e097,1,-0.0,0.0,social_media,1.0,2,ar,1,exorde
efd54fbe93cf90170f0b2ca60d45cd4f45f2fc08924584f44712f429fc5dcabf,1,-0.0,0.0,social_media,1.0,2,ar,1,exorde
efd8af625dc9e322db1cafe9b1cc4a917ccefe85ce2eb2dbb81ddbe7c1b03b95,1,-0.0,0.0,literature,1.0,2,es,1,spanish_pd_books
efe6802226144ef0a6dbad8cacb28fa7c76cd17a121acc4a9228fd548dda0266,1,-0.0,0.0,social_media,1.0,2,zh,1,exorde
efeabcdb26de4fcb6562d3046d940f3e52b474ec9f18cbdd843f81416b49d3bf,1,-0.0,0.0,social_media,1.0,2,ko,1,exorde
f0061966e13dc7f0031a43db2b1fae6bc672d06baac97702d2bfac0c41238c55,1,-0.0,0.0,literature,1.0,2,de,1,german_pd
f0079d5c0315fcbd82c6fd050ba0e429907dc886353e11f087bd69756058dde5,1,-0.0,0.0,news,1.0,2,ru,1,babel_briefings
f010f0303b822e9ba004980a77ec7a7d482e02f1268861c1faf644b2ba5f76aa,1,-0.0,0.0,literature,1.0,2,es,1,spanish_pd_books
f01335cb96376fee1ced8293ead0c19410a965b2fee251e0a7b1b86f71219dad,1,-0.0,0.0,literature,1.0,2,fr,1,french_pd_books
f015fbd7345372f2affa152dc30f27991450b63d243f6cf5086187698a6d7562,1,-0.0,0.0,news,1.0,2,ar,1,babel_briefings
f01803c70f47d315715a15ed9908d693767f10af1888c93bf5d42710c8e484c8,1,-0.0,0.0,literature,1.0,2,ru,1,russian_pd
f0352513fd03f4d61a792a15ae8b7c3ae29e8d322a735cebfa243bffaaaa5661,1,-0.0,0.0,literature,1.0,2,fr,1,french_pd_books
f048082074b4fdc3ebd4e8eb85285b5ed5747a6d8b76d3afdb51d6a6a0417abd,1,-0.0,0.0,social_media,1.0,2,ko,1,exorde
f0483a5d8f3a89431083cb67ab3e45f19dca75c38234b9902c1bf3903288a633,1,-0.0,0.0,literature,1.0,2,es,1,spanish_pd_books
f04eea45c989038a84df2ab234b18b3d1f73076e34d5b202ee68722e47b5e4a3,1,-0.0,0.0,news,1.0,2,ar,1,babel_briefings
f04fb72e362a30d6c897b320cf0922eafde636d329548b4fe5b0c7583450b90c,1,-0.0,0.0,news,1.0,2,ru,1,babel_briefings
f0599a82128cf5cb602fade0ab1aa08b91171d06186846570ceec69603bfa7d1,1,-0.0,0.0,social_media,1.0,2,zh,1,exorde
f05de80eda4e3d9cffffc33ead891385adbadafdcce1fd4feaa410e6b9f62f31,1,-0.0,0.0,blog,1.0,2,en,1,blog_authorship
f06e71a286a29402897fb29645231abe9c06b8b52ecae3019a9a74dcedcf5011,1,-0.0,0.0,literature,1.0,2,de,1,german_pd
f06e8f2acd5d35c7bd253eec419eee681dfb406c49ee754d7c69cd09141cf5bb,1,-0.0,0.0,news,1.0,2,ru,1,babel_briefings
f072630f508040db712ac9c43ff54e93073bd6e9bb99ec364f9146ca6a0ec0b1,1,-0.0,0.0,media_reviews,1.0,2,zh,1,douban
f078becaa537c5d6e241264113d800caa063485daf3050c8d9822a295022c7dd,1,-0.0,0.0,literature,1.0,2,es,1,spanish_pd_books
f07bfe0c5c844805507e4e0c759646c4253cbca586ca8f747bf98730cb2fb74b,1,-0.0,0.0,social_media,1.0,2,ko,1,exorde
f0929ae843d8f68474f5f741b29e94a08ff72d4fe72ea459348a94aeeb6ba028,1,-0.0,0.0,literature,1.0,2,es,1,spanish_pd_books
f09b257da62ee3c17373f3e94d30379d511b4cb8ca924dae7ffd71d679efa813,1,-0.0,0.0,social_media,1.0,2,ko,1,exorde
f0a0dd7295bef91e5d5785e86ff82b939407d4fdf96f8d4710809ca3c5ea9bc0,1,-0.0,0.0,news,1.0,2,en,1,babel_briefings
f0ab9933d6742255b551613ae76c4a6e88d214804bfe6d390a8857a18b4c3358,1,-0.0,0.0,news,1.0,2,ko,1,babel_briefings
f0ad37f56ddf0139d6318f6e691f3bc08ea86352b7246385aa33c64bc819c711,1,-0.0,0.0,news,1.0,2,es,1,babel_briefings
f0bf6526510becd88b395fe86aa004f4d06a4bc6be734b53d8b0e202e6bc5b74,1,-0.0,0.0,literature,1.0,2,es,1,spanish_pd_books
f0da4acbcd4004b3fac0b3ff1a13584b278ed12093e819a9644086abf544d56a,1,-0.0,0.0,blog,1.0,2,en,1,blog_authorship
f0e6354cdc86a7c3cf4db7629056923cc4724c7eac5be02f7a1e43288a03f5bb,1,-0.0,0.0,social_media,1.0,2,ru,1,exorde
f0e8253f7696b3cac72f18b1d74914f1dfb85312cd2b7c8cc8150ceff74b3bcc,1,-0.0,0.0,literature,1.0,2,es,1,spanish_pd_books
f0e983e1b3fedb75e4f518cc837e4d7210ba15f01089c4aa0bb4514f1b75bc47,1,-0.0,0.0,news,1.0,2,en,1,babel_briefings
f0f15533e70e615a51d1d05d592a1999a1077d1ba1a13587b7a0c05ab9ac8e88,1,-0.0,0.0,social_media,1.0,2,hi,1,exorde
f0fe761a1aa70d55c2009c10f127dc73da5f872a7b360dc8ac1b295a17f956c7,1,-0.0,0.0,literature,1.0,2,es,1,spanish_pd_books
f10145005dc27d636a3ca435d425400e220f61eebdb46d74f5a5ed9700736782,1,-0.0,0.0,news,1.0,2,zh,1,babel_briefings
f1131891725e6c05d87fd774dc78180f159167b01668b385b9cad968dfd2b9e1,1,-0.0,0.0,social_media,1.0,2,hi,1,exorde
f12f3e72f21181ff6bb79a58dce614571435866494ecf8a276345f36f922a26f,1,-0.0,0.0,literature,1.0,2,ru,1,russian_pd
f14234fd3cf58d67882cfe214dbb1a4dd53c78f65cadabf73884b68bb03d43cf,1,-0.0,0.0,literature,1.0,2,es,1,spanish_pd_books
f1484a1e9b2a4ea62d808175a11550926a8f9df9f24f2a4ef0f52efbbc115597,1,-0.0,0.0,social_media,1.0,2,ru,1,exorde
f15fbf6f4597ea588d862a4cbcbcc5cfba414c3f7d3427f46c444b089293bb92,1,-0.0,0.0,social_media,1.0,2,ar,1,exorde
f174658c2e45b0404b8f0002033d03198a3adb30b3d9c14528ac031c7231c8c8,1,-0.0,0.0,social_media,1.0,2,ko,1,exorde
f17967acc1a607a7297a2fc76cf0bf70075ce1adf005f81659bd8f2bc462eef4,1,-0.0,0.0,news,1.0,2,en,1,babel_briefings
f17da01ea4f4a0038749a75ea209b620b2e1c0151d6de91f843d53b86ee9f679,1,-0.0,0.0,news,1.0,2,ko,1,babel_briefings
f1a175c7ab57c7d80e356bb82749d818a08623eaa13d90fc466c572540a78a71,1,-0.0,0.0,news,1.0,2,en,1,babel_briefings
f1b6eebbe03dfacbb7dcaeb73b94556d2371f72c614c9af7e0041a70c828a273,1,-0.0,0.0,blog,1.0,2,en,1,blog_authorship
f1ba663ac542817b3b77bb85c84720cc7c22b06715d7716f67783835fec43e0f,1,-0.0,0.0,ecommerce_reviews,1.0,2,en,1,amazon_multi
f1c80369d01d58ce8fc6cd2b29de6f3618c83841976c4fce165eed3efee9b6ae,1,-0.0,0.0,literature,1.0,2,de,1,german_pd
f1c89af6222e38e68a0fadf6c40b3e809eab5813c1baec447b5c006641b99f0e,1,-0.0,0.0,news,1.0,2,ru,1,babel_briefings
f1d01e33ccad43082bf3215555cc388aa7f67c36248ca885b2ef189e2a85a286,1,-0.0,0.0,literature,1.0,2,es,1,spanish_pd_books
f1dcfdf42026ea90c19756eba0a9b6107bd69a0607228267c55fe6bcbbcde4e2,1,-0.0,0.0,media_reviews,1.0,2,zh,1,douban
f1de48ce601aa5992029cee9e44d1af39628640f16efd0a02ebe577763273325,1,-0.0,0.0,social_media,1.0,2,ko,1,exorde
f1de9c03976d7416fdde5b39461ec070e712e395f451eb7929822875b6709194,1,-0.0,0.0,social_media,1.0,2,ar,1,exorde
f1e3bd8aa80507393cc3b940e43d9583a11e6c7866e5c4d19ac90610f2022387,1,-0.0,0.0,blog,1.0,2,en,1,blog_authorship
f1e6fefbfb9474bf219c74d1b4e9a3f8a9eba160d2e4c0b728dd6f5e87198638,1,-0.0,0.0,literature,1.0,2,de,1,german_pd
f1fef732a41f0cdb67b0787b03a7d012326ef4e1a804e0582210a5b9b7edec64,1,-0.0,0.0,media_reviews,1.0,2,zh,1,douban
f201aac1753897e52982a24e27b63b3a6de9dfedad84705c91321806e6cf5ea0,1,-0.0,0.0,blog,1.0,2,en,1,blog_authorship
f218f3ac6fd9ec640b84622e34b3a58782e8c0340d2553ddb99718f1c2e96a80,1,-0.0,0.0,literature,1.0,2,es,1,spanish_pd_books
f21981d4914098096c79167e71c74ec60a2293aaea4778a054509558a85ef74c,1,-0.0,0.0,social_media,1.0,2,ar,1,exorde
f2238823caf0edc6a296cfc633fa3f03d22c4906be2d0c099fbd8ca2c44b31f7,1,-0.0,0.0,news,1.0,2,ar,1,babel_briefings
f22715edc763ec1b1d2c213399df61ed1cf29060aabcbee67e2da9c5eebb5627,1,-0.0,0.0,literature,1.0,2,ru,1,russian_pd
f229633af3580043b2a8157b26ac041fec51b432fcff289ff6d303e6df07502f,1,-0.0,0.0,literature,1.0,2,es,1,spanish_pd_books
f22a1757b4969f495c1e3794f5afddc9d633e2a6cf1e1817e3502ccf442a7d65,1,-0.0,0.0,news,1.0,2,en,1,babel_briefings
f23e362b1e2b7e2c13e25eca98e4be638bfcd8a9e30e4857d2faa91b5b56ec84,1,-0.0,0.0,news,1.0,2,ru,1,babel_briefings
f240495d7357d6a02f2ea359348b4c0acf306f54b032830f84edd2849db76d55,1,-0.0,0.0,poetry,1.0,2,ar,1,arabic_poetry
f24635dc780b885ee7dcae6801bc554cbce29d2d4915287e6e0edb87ecc2d80e,1,-0.0,0.0,social_media,1.0,2,zh,1,xiaohongshu
f248e8fdfeacb6e9143c7bb5686e92a9aa3b2f60e892137ca41c2b56179a4647,1,-0.0,0.0,news,1.0,2,ar,1,babel_briefings
f26823e90652c4726dd36a22747557190fe660c8028db54e70e37268fdf3c1df,1,-0.0,0.0,social_media,1.0,2,ko,1,exorde
f26bbb68911be1c10cfe6c7f98e01d4e262b306ae4f1c90eac503e870ee05018,1,-0.0,0.0,social_media,1.0,2,ko,1,exorde
f288f77739499defda3090ad823ce004f083aa9f86c9c0e5b7693b1b13ee4b70,1,-0.0,0.0,blog,1.0,2,en,1,blog_authorship
f292fd1369b9c0532feab0503090e8db3780a3f9b44a185ec34d69fce68074ec,1,-0.0,0.0,media_reviews,1.0,2,zh,1,douban
f298ced71ebcad20689c511dbd019b1a33fb843bd37a8511806ef20b3f409a51,1,-0.0,0.0,news,1.0,2,ru,1,babel_briefings
f29b0a0b10c00c02e5025f8e1c423f5903735efbda2f45b0e721c93fd81f9865,1,-0.0,0.0,media_reviews,1.0,2,zh,1,douban
f29e4ab36229f67599f742891ace26b1de289c886f753552b69fac7f7a6e72fe,1,-0.0,0.0,news,1.0,2,ar,1,babel_briefings
f2a6196071ee9e52c504eea34ce08c334bc2fb12101697d0e79f35e0d6a1fe37,1,-0.0,0.0,social_media,1.0,2,ar,1,exorde
f2a8b20080e69f65d734667ad6444dc0ef8721f2ddcb0b276941c783526ba76f,1,-0.0,0.0,news,1.0,2,ar,1,babel_briefings
f2afc3d70c56db2b863cc7ad4aa9022984c61c759c82db852467cd14aff609de,1,-0.0,0.0,news,1.0,2,ar,1,babel_briefings
f2b1ed12eeb4b7f10d4bcade6d4376b3ba76062cbd3feb855b1003445c1dae55,1,-0.0,0.0,social_media,1.0,2,ko,1,exorde
f2b54417736f8dbbabe11560372229f8a104eb5eaa3bd87c6134cd238ba57ea0,1,-0.0,0.0,media_reviews,1.0,2,zh,1,douban
f2bae58268f6652a0465f76730c61021abb1c70fe679499273d5d121a2d4222c,1,-0.0,0.0,social_media,1.0,2,ko,1,exorde
f2bce86e95822d43d9410a76f5e16dc7c82b5d6b7193813a29708b5a900f5e5a,1,-0.0,0.0,news,1.0,2,ar,1,babel_briefings
f2d0d885bf48a1abdd18c57268cd59b9b096790de3dbf8f66734f73f022737fd,1,-0.0,0.0,social_media,1.0,2,ar,1,exorde
f2d2a7f423a3bf0f58ab3470f0fafd86b2f086dae92f8bec5e20f52dff2a09b4,1,-0.0,0.0,literature,1.0,2,es,1,spanish_pd_books
f2d99fb6ab37ea14127e787ca0dc9e320fa9186799b05b0050a277038b558f4f,1,-0.0,0.0,news,1.0,2,ar,1,babel_briefings
f2ec5554158ddfc050c1da450f3eea4ae8fa94217e44b709879e0ccf582882cb,1,-0.0,0.0,social_media,1.0,2,ar,1,exorde
f2edcdbf01ee817c4ea4762db8da02f6a94b688a21e684a7599c7b76a28157dc,1,-0.0,0.0,ecommerce_reviews,1.0,2,en,1,amazon_multi
f2ef36e4fbfa5fb175128ea262384c70794c736d953144ac3c2c1433faf4420f,1,-0.0,0.0,social_media,1.0,2,es,1,exorde
f2f178a7b6fec4fa4c4e6161829d0031ee6054194a8ad4a8760e8c22c7ef483d,1,-0.0,0.0,ecommerce_reviews,1.0,2,en,1,amazon_multi
f2f65c3c59da3584842aafad2d8cf8454ad167818337f202f3d4b6890624c29b,1,-0.0,0.0,social_media,1.0,2,ko,1,exorde
f311122498c6840a2857b4f46d36ac0d3b14c936765898f27e594f56dacb9cf1,1,-0.0,0.0,news,1.0,2,ko,1,babel_briefings
f3353297ed7659b065dd4395541a6ccfb0d49595aa3f8be64578b754618b0673,1,-0.0,0.0,literature,1.0,2,es,1,spanish_pd_books
f34adc9a045d6047327978b68eebc7a8eaffcdfe08d10ad45d319f24235bc689,1,-0.0,0.0,news,1.0,2,ja,1,babel_briefings
f35106a79ba7e57260853e1f999cfc4eab40f07a6019686c0a0334deddb83cfa,1,-0.0,0.0,news,1.0,2,ru,1,babel_briefings
f3559807a8d9d35444b56117edafadf1b0b958315d1c9b7eb645abbcce782f12,1,-0.0,0.0,social_media,1.0,2,ar,1,exorde
f3571733dbf0788e5de81ce33ff43c4889c1f3b4ae033e6d66b2391bd6944004,1,-0.0,0.0,social_media,1.0,2,fr,1,exorde
f3574491ad31a6b85b157e21a76e1271b347deaf9218534676a189af846c876e,1,-0.0,0.0,literature,1.0,2,es,1,spanish_pd_books
f35c32c3be1e48f73f72851ef0c476c9cf129bd1c2ed95182e3c10d3dae602cd,1,-0.0,0.0,literature,1.0,2,ru,1,russian_pd
f36f79fb1310d92934b61e6365a29cc315c7dd5b08e56d077b89ab94cd65cab5,1,-0.0,0.0,media_reviews,1.0,2,zh,1,douban
f3b0bdd963088a6476314a27181ee620a9f13bf41fe0a028b27ba10921a029cd,1,-0.0,0.0,news,1.0,2,ko,1,babel_briefings
f3b25964e084dc726c5302a5cde56095017858d4875cbb342ed71e9cc0b71b77,1,-0.0,0.0,social_media,1.0,2,ar,1,exorde
f3ba4c037a761d96cbf4c173dc403017d1fe1b4ef5ef9be0bcb28a7b96a5f417,1,-0.0,0.0,literature,1.0,2,ru,1,russian_pd
f3d58ed7c1b8146b98a538dc182d0cbc3a7c6bbec86bf26fc6d472e3a8c97f14,1,-0.0,0.0,ecommerce_reviews,1.0,2,en,1,amazon_multi
f3dbfd0b09aae2178e68ad58c8fc92f9ec025a277f9768488d2e1b50ed1396ed,1,-0.0,0.0,social_media,1.0,2,ar,1,exorde
f3e155da07312384e148e43aee7bfa962fdce88b71f835155ce1011f298f6a05,1,-0.0,0.0,literature,1.0,2,es,1,spanish_pd_books
f3e6150823d1b1ddaeb94f429f464a0a552ff0bf90d8abca79d9504219730cb9,1,-0.0,0.0,news,1.0,2,ko,1,babel_briefings
f3ec51c357bdeae7ad6d30acee66d449860027888ab799d6e23938379d9ef439,1,-0.0,0.0,media_reviews,1.0,2,zh,1,douban
f3f2b570f69b57cd17999e360054514bebfbd98b13a713c5901e6326fbf31e71,1,-0.0,0.0,news,1.0,2,ko,1,babel_briefings
f3f61d805376f27ff8e1925d9fcc040fcb291fc65821cb306b778fabe40ebd9a,1,-0.0,0.0,literature,1.0,2,ru,1,russian_pd
f3f649e6e7073e8ba46a6c90da211bc40a33e62a039c954913bd50d06da37e58,1,-0.0,0.0,social_media,1.0,2,ar,1,exorde
f400f3940e9c8343903c31140733be852e1647d1d097f8da362e7657db11c864,1,-0.0,0.0,blog,1.0,2,en,1,blog_authorship
f40b7d5a9e3fdf4ae105935c251f03eacc658802e3400951dd00285e4b35b17d,1,-0.0,0.0,media_reviews,1.0,2,zh,1,douban
f40bd11c2f143eb840a07161f3a39d34cc328d9a9e7881ccc02ba5887875a667,1,-0.0,0.0,social_media,1.0,2,ru,1,exorde
f40c307632f0372e6992d2506f3b898d63bd63021f0c88bd973cf07c6ec49f77,1,-0.0,0.0,social_media,1.0,2,ar,1,exorde
f410a8394475a47ad44758be07d263889cd3fbb164c3dcc32b5d8c5f6e7d43f0,1,-0.0,0.0,social_media,1.0,2,hi,1,exorde
f41e9140311cda078a5cecb75922ca58befc62191a55cd9f561b339c444fa37a,1,-0.0,0.0,news,1.0,2,ar,1,babel_briefings
f4369afc46ae055aace17719ace771cc93baa77ad276cedfe42ff11b4455082d,1,-0.0,0.0,social_media,1.0,2,ar,1,exorde
f43c37837cbe4b9caa2f2668401c6d9049858456a6fdb1509640f58b72b49f19,1,-0.0,0.0,news,1.0,2,ar,1,babel_briefings
f43deb4d4e8fc42d30c141f2f181a56b6eed3740a03ebadc8718b74cf170e1f9,1,-0.0,0.0,social_media,1.0,2,ko,1,exorde
f43f25511f1997a3ac52d0a3ffec0ebb1211f8bebfd3a68ff4acf2b6a122874e,1,-0.0,0.0,poetry,1.0,2,ar,1,arabic_poetry
f443ac71798ac50d884cc58ed5373ef5f389f5e2fdcf0abb0666deb291ab9d00,1,-0.0,0.0,social_media,1.0,2,ru,1,exorde
f44ec18ede6951b3e7dfee43bb0db248911a6f203263158eee5bfad1d7e0040f,1,-0.0,0.0,media_reviews,1.0,2,zh,1,douban
f46fc516a19a56fb2b01f738ba50f3ea652dc389cc412b2bc6fe6a5a69dc50fd,1,-0.0,0.0,social_media,1.0,2,hi,1,exorde
f484b1510b7ff457605a2469c747a148ee7c76f8d0c25689cfd1ed34056e2a97,1,-0.0,0.0,news,1.0,2,ar,1,babel_briefings
f494d57fb4eb36dfe091e580aa74b891324b393edb2edf125b76ca4f15a355f7,1,-0.0,0.0,news,1.0,2,ru,1,babel_briefings
f49b8284ee8458fde4a326a5f3c4126fbfaa12a2223112c276735cee9d0bc393,1,-0.0,0.0,media_reviews,1.0,2,zh,1,douban
f49d8192506f2bce48623b343d8fee955e837aaa652d2e970b3602c6db758e9c,1,-0.0,0.0,social_media,1.0,2,ru,1,exorde
f4a880be6087121078cbb8260021e2372a850344cef189d55b4fc3b51af75118,1,-0.0,0.0,literature,1.0,2,es,1,spanish_pd_books
f4ac5a86c0cbacdaa38f503e30bc86399373bfa644346cef34fdc4a59138e367,1,-0.0,0.0,social_media,1.0,2,hi,1,exorde
f4b07109e849d23516a92b9353bbb017d4acacadd26db9863f878f765dadf7e3,1,-0.0,0.0,literature,1.0,2,es,1,spanish_pd_books
f4bc1008e84857bae6e36ea73fab163b98a36579a31cff48a0d41f8953831388,1,-0.0,0.0,news,1.0,2,es,1,babel_briefings
f4cac80ff6175ebe63bb33bea039a72a44d9654f321436d633725b6a61178f7e,1,-0.0,0.0,literature,1.0,2,es,1,spanish_pd_books
f4d61881ec016d8cf4b5549d93c1614845304676e67fdf9c52f307132e3ad7b5,1,-0.0,0.0,news,1.0,2,zh,1,babel_briefings
f4e4b8e638329806337d45de639123fd5dc9db9415442cf7d2f2543789318867,1,-0.0,0.0,literature,1.0,2,ru,1,russian_pd
f4e9aecdfe834b0f5e6fa7825f7f650cb2adf76488a38abe4ab58334f615c71f,1,-0.0,0.0,social_media,1.0,2,ru,1,exorde
f50d3c22c583e0dba4b7b9f371cd086c7bb4a48a50604055cb5672ee0d46a05b,1,-0.0,0.0,literature,1.0,2,de,1,german_pd
f5111bb8224daf8dcbbb68129a3779b648b799dc22dab1031bc116b80e3ef2f4,1,-0.0,0.0,media_reviews,1.0,2,zh,1,douban
f5157a5146a0b2da9f63bb5006cd2cb3c5b7c21c997c47b3e1f68d22d3c6fb53,1,-0.0,0.0,social_media,1.0,2,ko,1,exorde
f51cc61f72b0c6319edc4366d99e60ceeeb52b2d40fb33da05c61b6355c93e46,1,-0.0,0.0,media_reviews,1.0,2,zh,1,douban
f522c08d0103e1fdb46289a35f25eabae5f75ce1633530b9532d0f12a0626e01,1,-0.0,0.0,news,1.0,2,en,1,babel_briefings
f5239c2a470cf805d3a40e580f58c18dc31a820919f584ca174f658cff1988ae,1,-0.0,0.0,social_media,1.0,2,es,1,exorde
f524f70d29d2b51b0494ec323582e09601ab135097527da2c03d3bb805f54add,1,-0.0,0.0,news,1.0,2,ar,1,babel_briefings
f530fdac3d5979a4063152f52fcf8edff86e628da9bc3e0f823cf45c9499bb27,1,-0.0,0.0,blog,1.0,2,en,1,blog_authorship
f533a892a0656d5387018d36c9a50fbcf66e800abd61d636644c61c2d3b03ac4,1,-0.0,0.0,media_reviews,1.0,2,zh,1,douban
f533be440afb2818033ce96df4c323111dd6a3eebc76751849ec2f89aed5f250,1,-0.0,0.0,social_media,1.0,2,de,1,exorde
f54f23bdc94fcd6be53c2bb9d2ccb78497029573825a8dcd0c663c25399596c5,1,-0.0,0.0,poetry,1.0,2,ar,1,arabic_poetry
f5563239d3fe0ddf8ef14d73244bf0dd06524030553d38b3d28406c69a689131,1,-0.0,0.0,literature,1.0,2,es,1,spanish_pd_books
f55e40aae5f8f3c9b124c037bc0381548a4d3795334f44ec95c7003952e33c0d,1,-0.0,0.0,news,1.0,2,ko,1,babel_briefings
f566ca945013b694a086028932abd43823da992f4414912f785974cbf5eb40a6,1,-0.0,0.0,news,1.0,2,en,1,babel_briefings
f56ccde2b4f0a9be39d4200fb206bf8f969ca419f23e80aa5795b63df70d195a,1,-0.0,0.0,media_reviews,1.0,2,zh,1,douban
f57e526fa713bbfa105c1cbf7d526dce11357791ae1e9c2c92de0a44a4f11bd4,1,-0.0,0.0,literature,1.0,2,de,1,german_pd
f58540108ce4bc13480fe7d06904905e55b1c1ee7a309abc45341730126e4758,1,-0.0,0.0,blog,1.0,2,en,1,blog_authorship
f587e23bf831cee4bf9c62894f2d6a9f41574d64eb099dc581e1dc513a0787ab,1,-0.0,0.0,literature,1.0,2,ru,1,russian_pd
f59393bc7792d43b69fabb5be6289b54cfd670958cda4c36eb07d532a11854ad,1,-0.0,0.0,news,1.0,2,es,1,babel_briefings
f5a14f22b67ab10bc24c302b4b6d622640700a2e6e0ab2a074df78996e0edf79,1,-0.0,0.0,social_media,1.0,2,ko,1,exorde
f5a5db8b5643ca376eef3f40a3ff77c767e1e854598db55b339de185b4bca667,1,-0.0,0.0,literature,1.0,2,es,1,spanish_pd_books
f5a750a38fd4e9362f00ce06c13f49e9507b410ce7e430d2412383a66bd3284c,1,-0.0,0.0,literature,1.0,2,ru,1,russian_pd
f5ab34c8204687e3263ed5e26c4ad41dfdfa305445cf4a2254498bddbafe04ad,1,-0.0,0.0,poetry,1.0,2,ar,1,arabic_poetry
f5b05629093ad4674c051378b496db0d8e860f2d28455455f2f63273ff2ae8b5,1,-0.0,0.0,news,1.0,2,zh,1,babel_briefings
f5b2942778d47a8d39737bc9fdda0df69d80b64ec04264ef95affbb05954fb03,1,-0.0,0.0,social_media,1.0,2,ru,1,exorde
f5c253915214f17df9e6f164c3291c8b198023554468620ace4f739bfeb86028,1,-0.0,0.0,social_media,1.0,2,ar,1,exorde
f5d244d9f874f7b58504deb67bd61fbba712407b8e0dad0ad537e5773c735739,1,-0.0,0.0,poetry,1.0,2,ar,1,arabic_poetry
f5d26c3225dbdd601c562e7f8b3335b5dd9f377376925888c0d0da13fdc597bc,1,-0.0,0.0,media_reviews,1.0,2,zh,1,douban
f5d300502b299df2dac4d433bbb142e7ef44c618f4874f668d557d07e9d89289,1,-0.0,0.0,media_reviews,1.0,2,zh,1,douban
f5da1009543cc18ff745fafe2c6b07ac49677c252ad775b6b7de8474f79486ef,1,-0.0,0.0,social_media,1.0,2,ko,1,exorde
f6163f8ddc8db082357c6fd1d2359b2b9d690e696cc42c3e7c663219bfb0fb76,1,-0.0,0.0,social_media,1.0,2,ar,1,exorde
f6165ef9600477a11a2bf07b34452aa9cbb97ffb1e9cd5fcabf048aff6890fbd,1,-0.0,0.0,social_media,1.0,2,de,1,exorde
f61703d4bd2f1b2fd420d098103efe453aab8631e5cc1dacceb2d9ecffb6603f,1,-0.0,0.0,ecommerce_reviews,1.0,2,en,1,amazon_multi
f61e47419c103f71b72f80cfb6d4803b4b0896272b9fa425fac520d40d23d4fc,1,-0.0,0.0,social_media,1.0,2,ru,1,exorde
f629dd1128885ba1ef13b42129df20a1e7e4718f6ece8bbfc9da5a5f0cbe0332,1,-0.0,0.0,literature,1.0,2,de,1,german_pd
f62c00d99d659bbab5fcba5182cb1a917a5659e2ae554764362c24af899cf3b3,1,-0.0,0.0,social_media,1.0,2,ru,1,exorde
f6356ccd3c1aab3bd6e116c9fb34a17d67853b20bcdfffda270c4f86cf92c7c7,1,-0.0,0.0,literature,1.0,2,ar,1,wikisource
f642cab654c147e065d2d8f34dd24176d3bcb83ced51a1b68c2c33c5c65dded6,1,-0.0,0.0,social_media,1.0,2,hi,1,exorde
f65277b2e20a86f9fcbd4341bd8838b612bd4220ff3286cb5aa785d8fd716976,1,-0.0,0.0,social_media,1.0,2,ko,1,exorde
f65a6f0b044ab47b7e79e1d3969f6c0a18c09d204399cea5f36ba77dcb39ddf2,1,-0.0,0.0,news,1.0,2,ko,1,babel_briefings
f65d37f1be2992779c16ad1ec2f620adc51b9db2e4807a79b17d9af701257bd2,1,-0.0,0.0,social_media,1.0,2,ar,1,exorde
f667ef94af44a254863fc1359e335aa5278eb9ef494ac9c7839f824219f9c054,1,-0.0,0.0,social_media,1.0,2,ko,1,exorde
f671460de79e93594de11417d868d5f1e10e586cb8e44d0b0cea6507c8450610,1,-0.0,0.0,news,1.0,2,de,2,babel_briefings
f674e1e55a9b4f06c7f252da30baa438745e9f9914abd60d0e4a1331a0d02596,1,-0.0,0.0,media_reviews,1.0,2,zh,1,douban
f690b8462e711726c76363a9d475337c0fcbbc65b4de83212e614835ccca6cb8,1,-0.0,0.0,news,1.0,2,ar,1,babel_briefings
f6a3df3943c2602193d4ad75ad6f69b20706d0b636482ad8f0a1b518965394e2,1,-0.0,0.0,media_reviews,1.0,2,zh,1,douban
f6b4669d900b6e5b26ab3b9eb2101ffeb6dba32f854cb9bc0b9dce7a6d3ebf9a,1,-0.0,0.0,news,1.0,2,ru,1,babel_briefings
f6b89bedf24809855673e975fe6b19b6df04312fe0b8b59b245b7ea4f9a8770e,1,-0.0,0.0,social_media,1.0,2,ko,1,exorde
f6ba412711a67d64a728bf7bee80656f65f2983676160abed7228361abd29bac,1,-0.0,0.0,media_reviews,1.0,2,zh,1,douban
f6bdfc8f3e0f8a826e31cefba5155339d9f4edfef54b69d2826c42f6e54d58e1,1,-0.0,0.0,news,1.0,2,ko,1,babel_briefings
f6c5713436b2f2ee2d168310272d1c2bf0ff86a77c06e63b732a1a2fd31512c4,1,-0.0,0.0,news,1.0,2,ru,1,babel_briefings
f6d666a7b9750e473b6fdc315c4e0650695307efea48712403964d83d60c3bc0,1,-0.0,0.0,literature,1.0,2,es,1,spanish_pd_books
f6d8dc22780afabd1ba16bfd4d431ac0d9f02210661e63011a5b4890e1814e3d,1,-0.0,0.0,news,1.0,2,ru,1,babel_briefings
f6ea3359eb1304325f4292372c3f490fdca3542c44ffac8853e0401819099997,1,-0.0,0.0,news,1.0,2,de,1,babel_briefings
f6edfbe95e743fe15b6a98bbf50136ac694ac8b71b46f29ad0eaa6042a4ef6f4,1,-0.0,0.0,social_media,1.0,2,zh,1,xiaohongshu
f6f35ae149589bab882b83c9b261b172c68b109a7fdfbfad38a05a769d0300e0,1,-0.0,0.0,news,1.0,2,ar,1,babel_briefings
f6fa73e6082b42f06ba9c67fd4125e3ea3d635a348974ca756caf0381cbb139e,1,-0.0,0.0,literature,1.0,2,hi,1,hindi_discourse
f6fbc3d2373f9ced2143734bb99d017b586bda41234c02cf988d4f735d54f0b8,1,-0.0,0.0,news,1.0,2,ko,1,babel_briefings
f7049b675f5d4d2f238123073d84711b4bf8ff3bfe26f6132cb95ebe68797933,1,-0.0,0.0,media_reviews,1.0,2,zh,1,douban
f70630304e2367bb680feab87a5c0e4b18ae31da3a0fb462d18d1db43b6e5730,1,-0.0,0.0,social_media,1.0,2,ar,1,exorde
f7190d33638583faae8b7ab972d4f6e605b63ec37414a1c4ef8f30c6d0d4bc24,1,-0.0,0.0,literature,1.0,2,ru,1,russian_pd
f71b0ef14c20eed7b30b165694f1c95550862141bf6a060271030d45b6cbb54d,1,-0.0,0.0,literature,1.0,2,es,1,spanish_pd_books
f71c438be926e7180d0a4013914123114fb96e98672b1d791c0aaa471bb95f56,1,-0.0,0.0,poetry,1.0,2,ar,1,arabic_poetry
f71e195c7ebe910569fd65d7b1354fb42b4822e43b1296d2f6a1f39435213d63,1,-0.0,0.0,literature,1.0,2,fr,1,french_pd_books
f728385cd8ef796dfe83caa535a4b13513084bba21e923ca5fbe3724bcc4f8e8,1,-0.0,0.0,social_media,1.0,2,ar,1,exorde
f735fd6d4de4fa88af3b6d565edee2ef47a81a3f9eb56fed1892d061dac932cd,1,-0.0,0.0,poetry,1.0,2,ar,1,arabic_poetry
f74dc230c767295800161345068ac0ee2b53218c97f829794a32a3b8db80c414,1,-0.0,0.0,poetry,1.0,2,ar,1,arabic_poetry
f75e07e822fd75366c2e8b964686c8cf3bd47d8b5ee9d2d336a48047afb0d341,1,-0.0,0.0,social_media,1.0,2,ar,1,exorde
f763469534256d57ba7cc9e90d463b80e46dbf11b7c154acd6d1844380a2ccad,1,-0.0,0.0,literature,1.0,2,ru,1,russian_pd
f764396d670dae07e0d679f162b1669d9b69c415f6d9c7244f65dcfb4b2978d5,1,-0.0,0.0,social_media,1.0,2,zh,1,xiaohongshu
f76e0d0f679c4793e5bebf719c88a4ddfd3b2437e4ae920eb9077ce65ef73c87,1,-0.0,0.0,social_media,1.0,2,de,1,exorde
f770aa76bcdf92f33eb2bc7c5f2bf0e0e4ba6887ab35ba875142106844f2e400,1,-0.0,0.0,news,1.0,2,ko,1,babel_briefings
f77464ed79dc366d80953764520e4f26d9407a2b899d0834b3622632eef77915,1,-0.0,0.0,social_media,1.0,2,ko,1,exorde
f77b9f0b7830c700cda56122fb3dd67414a06bbc02a18425806ebf0c7d86b28e,1,-0.0,0.0,social_media,1.0,2,ar,1,exorde
f780c9d4e91585c7197e9ed367bef7f4e9de7c4106eedfd076826976b37e5a7d,1,-0.0,0.0,literature,1.0,2,es,1,spanish_pd_books
f780e19317e912a418d330e163cd8e9d18cd2dd2f45193dd046027056ae8ad87,1,-0.0,0.0,literature,1.0,2,es,1,spanish_pd_books
f78826c07b500900e5b0d0aacbaf1b5f9a30a510e581c257e1d736d66a3261dc,1,-0.0,0.0,literature,1.0,2,es,1,spanish_pd_books
f789ff1a514c23190b7516d54a53ad9f670579e4bb82f14d441edcbc338d9a78,1,-0.0,0.0,social_media,1.0,2,hi,1,exorde
f78e5d6297d827f2a35c59697fb0eeff8326b6e1b6d42f2d098fd52c6ba07c18,1,-0.0,0.0,social_media,1.0,2,ar,1,exorde
f78fe8c9120122eb6b7f1eddfecc2a7457b537ab574948f3b2b78c24cf0dd506,1,-0.0,0.0,literature,1.0,2,fr,1,french_pd_books
f78ff48118336b1285e553f75c7d38b6d7a7b7bfcf11a563a9b3f85335e20a00,1,-0.0,0.0,poetry,1.0,2,ar,1,arabic_poetry
f79b51b92a97bd3027e3163cb8e089806e1640bf7a37b863a82f67b875654a6b,1,-0.0,0.0,literature,1.0,2,es,1,spanish_pd_books
f7a1e6a77b43c051695186bc6e6c4a86b4ff7f045eb1144c3b8a68c5e9180da1,1,-0.0,0.0,news,1.0,2,ar,1,babel_briefings
f7a9923b738833da8fec623d7dafb88d93955b3ce930ae9af85574d6f75a81cb,1,-0.0,0.0,literature,1.0,2,ru,1,russian_pd
f7b2b3dd6fd551b766db84b789ff99c0d22db8a97701d20ebb26747abe31b5fa,1,-0.0,0.0,social_media,1.0,2,ar,1,exorde
f7da28fc47c4323da3727f058d42f6ba06b39c87158148486552c113c3cc9fb8,1,-0.0,0.0,news,1.0,2,zh,1,babel_briefings
f7e20b65ca9597b944e3b140254a519ff435b9d16a7226da4e0a0f03b47a51bf,1,-0.0,0.0,literature,1.0,2,de,1,german_pd
f7f5e1833adfdc9a608ea99cdac860a3a5e85de256b4a7ceef21c84deb1cbd3f,1,-0.0,0.0,media_reviews,1.0,2,zh,1,douban
f7f74d3cec3068dc5ccbb6591e8e134599bb6c8092d9175c6892c9afd0795483,1,-0.0,0.0,social_media,1.0,2,en,2,exorde
f7fb9e47c8de6a35d014a3a11ccacdc60a17407a13c71c46e10664911c03ce29,1,-0.0,0.0,poetry,1.0,2,ar,1,arabic_poetry
f80732f1ab77bdf7689b9a10e59dafd91fdcda2e51a32163f2d3e9598c891e29,1,-0.0,0.0,literature,1.0,2,es,1,spanish_pd_books
f808003017a0dffa4fb50e7ff05c16e30113f79a54d9bf809dcdbb6772be6604,1,-0.0,0.0,media_reviews,1.0,2,zh,1,douban
f80aba414d4346b5c6eebc44c1df248ee1647a50cd7b72f6e189e306cb202b3d,1,-0.0,0.0,social_media,1.0,2,ar,1,exorde
f80ce7a87f488ade6e9e721ed56c92598704f90aa3a81a7e328442a2eb4d3e29,1,-0.0,0.0,social_media,1.0,2,ar,1,exorde
f81860731ffefde931064f07ce290e28d895544b1f222878d0fb9b57b3278837,1,-0.0,0.0,social_media,1.0,2,hi,1,exorde
f81a7e87561fda6664c00017607299c18d53c99e0fafa27c452db4b2a7927f89,1,-0.0,0.0,social_media,1.0,2,hi,1,exorde
f8354494027c7ab3e51ec2f6fdc65318d1c7655352b953e166fb3470c3472e39,1,-0.0,0.0,ecommerce_reviews,1.0,2,en,1,amazon_multi
f838b3c376bcbb1b6b2543d488e696e8f5920532b9dbe39be460fdd24950b058,1,-0.0,0.0,social_media,1.0,2,ko,1,exorde
f841b0e57d05ed32e64ce1da1d6ddda8cf25744e01988592f940cc04052f18d1,1,-0.0,0.0,social_media,1.0,2,ko,1,exorde
f84342a556f1173d5c8abf68c4dd0cd8f72e30e5f15fb54acd6fc11e4e08f290,1,-0.0,0.0,news,1.0,2,ru,1,babel_briefings
f845c1233a6f3efd7b94c60765d447efe3808211846194bedc78c439efc93612,1,-0.0,0.0,literature,1.0,2,fr,1,french_pd_books
f845d0d36d79ddf15336136b86baab26bca4d093e2dc23aea16165df790994c3,1,-0.0,0.0,literature,1.0,2,es,1,spanish_pd_books
f847348af240fa3b372f09cf0c0a0789107e2188ae8cfedd554b3fb5e2df8183,1,-0.0,0.0,media_reviews,1.0,2,zh,1,douban
f8480420a7648f306fd1772c8c4ddeb41287d41f91c183e4695ce1dcdfd30aad,1,-0.0,0.0,literature,1.0,2,es,1,spanish_pd_books
f84848521371c07111a19ad17f32a0636711a3e41c1c4fa835ede3efa4142d98,1,-0.0,0.0,literature,1.0,2,es,1,spanish_pd_books
f84e813604f65fd29684c90c9b5347721820c3d447182a0082549da24d371ac5,1,-0.0,0.0,news,1.0,2,ar,1,babel_briefings
f8691988418ee449ad301d1fc7b6784cd546d97ebe1eddb77216ecec286371f5,1,-0.0,0.0,literature,1.0,2,fr,1,french_pd_books
f86e31b45f27d604a92186f5f248ba437098e12acdf2842409b69056ab0eae1d,1,-0.0,0.0,literature,1.0,2,es,1,spanish_pd_books
f86fbc49e3c1f255d4896e3fc6f96e990e76eef954d1fc33233358f7bc5a5a06,1,-0.0,0.0,literature,1.0,2,es,1,spanish_pd_books
f878d06f4cef15c784443e333e58dac936d5550d86144ac99cf59179a55ab35c,1,-0.0,0.0,news,1.0,2,zh,1,babel_briefings
f87b07af3a88216fe10315ee355be26605fdf5f8ca080d4bbdd4692efab7f369,1,-0.0,0.0,social_media,1.0,2,fr,1,exorde
f882091da9f3dadaa3f209d62ef35a5561437076f50b4edb5d2173fa6753c7ac,1,-0.0,0.0,literature,1.0,2,ru,1,russian_pd
f882e38489af1b28e7ba6551083a8cbf45e56940a0733fb5816662da7b230d3b,1,-0.0,0.0,news,1.0,2,ru,1,babel_briefings
f8954c1487303b965659c0b5639162a7b3e86f1112d36537c631aaeb5eb37d73,1,-0.0,0.0,literature,1.0,2,es,1,spanish_pd_books
f8a2767cb9a44d49aed88c7b7f572ee483c46617a55668061064536668bd5d6f,1,-0.0,0.0,media_reviews,1.0,2,zh,1,douban
f8ae152ac0ac99713b485b3072c1b610ca9de853b463ad0ad8a3339c4ea48452,1,-0.0,0.0,poetry,1.0,2,ar,1,arabic_poetry
f8c87731b6f6ae08ea3bb6655d8c52f3bfad646fcd6f377d364e1372d48b02a5,1,-0.0,0.0,news,1.0,2,en,1,babel_briefings
f8cbe23a0a6a8b0f40ae84af859707ea4192c29f25d219d6f4bf18562448f4ca,1,-0.0,0.0,literature,1.0,2,es,1,spanish_pd_books
f8d4883192f9f53e16396eec57e3aa15997dd0412b9a1f4ef777fde72acc7f56,1,-0.0,0.0,literature,1.0,2,fr,1,french_pd_books
f8f74daf687a855503962dc921f7936dad17ae954b3cfd69a42a47dad238a549,1,-0.0,0.0,literature,1.0,2,es,1,spanish_pd_books
f8f875e9feb3cf8c30b71166f3fd1e1700860c9653edf783e440d577b3fa4494,1,-0.0,0.0,literature,1.0,2,es,1,spanish_pd_books
f906962a2c9ff017e52521b3e25d0047dd386808dc3d36c91a033da33a379643,1,-0.0,0.0,social_media,1.0,2,ar,1,exorde
f91164e52e479b545c0f5eaf99c405af85154062050be1b0499e2acf131d2a8f,1,-0.0,0.0,literature,1.0,2,es,1,spanish_pd_books
f9120be9d125597948ce5c0c31afdadd5b8ea578c8978abc21e87a6e00c90386,1,-0.0,0.0,literature,1.0,2,es,1,spanish_pd_books
f91bf706f97080d9fcf52a13a9a89a7f9b68641152f7569dd220b82c62b0cf2b,1,-0.0,0.0,social_media,1.0,2,ar,1,exorde
f921f498492723031f4c936992e0d0dd0ac9cdc11c9d17740fdf04a22363c4e9,1,-0.0,0.0,literature,1.0,2,de,1,german_pd
f92ebbcce6b9e9b912a0cb0b038570a8bb4685b3e0ded39517a010e54cbce169,1,-0.0,0.0,social_media,1.0,2,ko,1,exorde
f936f095220360d15d5523bc78d7be99821b39e688074ee2c4542743e23a01eb,1,-0.0,0.0,news,1.0,2,ru,1,babel_briefings
f94884689eb7365dc9640413c508c455b99aaafe4709fd5d98595930c9d8229d,1,-0.0,0.0,news,1.0,2,ru,1,babel_briefings
f94d2625fad70e141e077f7d6ad2bd589ecd79184b1cc1a3513fe97edd112ad3,1,-0.0,0.0,social_media,1.0,2,hi,1,exorde
f951a90dc1e38a3f5695c54c09bb9a21c8f6600b942d1474e96c6b871606c095,1,-0.0,0.0,social_media,1.0,2,ko,1,exorde
f966922d869f2dc673fec12216e3cb9ebc89be54d7ff6ae2420ee07db4cafa3d,1,-0.0,0.0,poetry,1.0,2,ar,1,arabic_poetry
f979dc070833fafd00ab4867477c0789d7e3828b6f701b10629282de054a66aa,1,-0.0,0.0,social_media,1.0,2,en,1,ytcomments
f98593b7eb9444c9ab3162c8f560393aa90fbc1dd4718b3af6a95673d91a7741,1,-0.0,0.0,literature,1.0,2,fr,1,french_pd_books
f99248a7ca6fa6fa970f4e24ce7dbeeb2e47eb2d560993ae32cd1ad48d25f33c,1,-0.0,0.0,literature,1.0,2,ru,1,russian_pd
f99c04f6e1c1db33834c9aeced9b26bd906bde48b261e6b0fc97c3588b6fa0ef,1,-0.0,0.0,literature,1.0,2,es,1,spanish_pd_books
f9a5dceec0563d5f892d00e6bdd8b0560e5196f4c4695f8c3245061f0f1620ce,1,-0.0,0.0,news,1.0,2,ru,1,babel_briefings
f9c525edbc3d47cf387fdc363e3cf97e8da69fef14d6a68b7c032f261152bd38,1,-0.0,0.0,media_reviews,1.0,2,zh,1,douban
f9c743c77fe91b10ae045c4100af0fc3179e65c1b584c6f7807904dd9df4cbde,1,-0.0,0.0,poetry,1.0,2,ar,1,arabic_poetry
f9cdfc5e880d3a52a021f0220931b867576a626a9480650cd38a7d9a8ae981f3,1,-0.0,0.0,news,1.0,2,ru,1,babel_briefings
f9df398599b2ed5bc52359f90559da6021038b5f4e36c3e448eef2f5c28a764c,1,-0.0,0.0,social_media,1.0,2,ar,1,exorde
f9e4b44062b48f54336ac77eafb9e2aa9c0e43804b1b21c44fa975ee5a8015c3,1,-0.0,0.0,social_media,1.0,2,ru,1,exorde
f9ef797c071c982a0a229cea345bc925f2369fb4f221bb072ad99b9d14a036e0,1,-0.0,0.0,social_media,1.0,2,ar,1,exorde
f9f7de8a4bce13ab3fc69b3edf921f1a804ebdf854837502576401bb863e8c16,1,-0.0,0.0,media_reviews,1.0,2,zh,1,douban
fa01e7e0cc4b334b00145a6c5b4794cc1758f6b71c9155c43f0429f8a6c5c14b,1,-0.0,0.0,media_reviews,1.0,2,zh,1,douban
fa10e3c737fe021a1a39f5611fe80d5ec74e29d19b20102bba517df2412555c5,1,-0.0,0.0,blog,1.0,2,en,1,blog_authorship
fa1325f373d238ac036c1713fafdb01f4d7b3fa3970efc879d03f1e8422b1bbd,1,-0.0,0.0,social_media,1.0,2,ar,1,exorde
fa24fbd192e8711beb105acfbd91b5bce0ada222796d0a3dc71cfbe4044cfc05,1,-0.0,0.0,literature,1.0,2,es,1,spanish_pd_books
fa2ae8fc7cf9b90d93e4b6ff5d2ea25626bd990e3170edd5f6643b3fec95775e,1,-0.0,0.0,literature,1.0,2,de,1,german_pd
fa365193ddf42d2a8badb42e1dfea36b5e5eb0e8e7dc219dc0807fbd0707e85d,1,-0.0,0.0,media_reviews,1.0,2,zh,1,douban
fa3b2b18e75e463f08c97c47be68fe4a81ef6e43ed6030a5bfa0b6db6610a66d,1,-0.0,0.0,social_media,1.0,2,ar,1,exorde
fa47a30576c1cbf574891ed2cd4a49355d0abff04596cf9aa969c435627a2ef3,1,-0.0,0.0,literature,1.0,2,es,1,spanish_pd_books
fa480dce9e5c883a61032200858e19e315838426afcce226639e60f0d2128d46,1,-0.0,0.0,social_media,1.0,2,ru,1,exorde
fa5fd0c31ed918ff53555b9985011f5e1c5862085dfb66a640e13b154030e6ba,1,-0.0,0.0,news,1.0,2,zh,1,babel_briefings
fa61e776c04e680de47852fe965a8c3cd1ae1bd268d509daee38560515191b11,1,-0.0,0.0,poetry,1.0,2,ar,1,arabic_poetry
fa6ea2def0baf12a5a89338c3d325d70cc4df4762dbb29e4169b719573d7db16,1,-0.0,0.0,news,1.0,2,ar,1,babel_briefings
fa70d82dc783c6cfaacb5e42dcba993ed7c0f80060c460b68ca6480137a016da,1,-0.0,0.0,social_media,1.0,2,ko,1,exorde
fa7628110ad2e439422381d7bde36768b080d9d405ca0fed3918ae6aed08755a,1,-0.0,0.0,blog,1.0,2,en,1,blog_authorship
fa78e51174dfd33fb37f1858b9086b8f67837e6cfd30cd8ff99f2a7f308243ff,1,-0.0,0.0,blog,1.0,2,en,1,blog_authorship
fa7cca9042a649219d2654e36fd35fc8ba9fa1cb56a4dc63811830a505824c42,1,-0.0,0.0,social_media,1.0,2,ru,1,exorde
fa89a2b8eba689a80382c303f6004114bb1a3b373a562362e50d76e9fae521a2,1,-0.0,0.0,literature,1.0,2,es,1,spanish_pd_books
fa8ef9b5c81fcdd3718e8aafc0641b47d8acf45efe794b4cc9cceb5306bc8146,1,-0.0,0.0,social_media,1.0,2,zh,1,xiaohongshu
fa9838235d132593f6eca999935938a2dbccce8e214a7905c1005e1d10018395,1,-0.0,0.0,social_media,1.0,2,de,1,exorde
fa9a5017d672f435f7f4a14235cd0eaa230d296f4e8a211d166b53a5c96ec0e0,1,-0.0,0.0,social_media,1.0,2,ko,1,exorde
fa9c5376cc8650231f0796d17b0193c55877bb3598aa55c44424d49d3af431ed,1,-0.0,0.0,social_media,1.0,2,hi,1,exorde
fa9d1e83662e0507ac5d507af78ccd2e37a91d4bad65f4f48662f35134067f37,1,-0.0,0.0,social_media,1.0,2,zh,1,xiaohongshu
faade3fd5906fbc7389f2c5db2498e1ac2f34521b1757cb0519adba50e5e728e,1,-0.0,0.0,news,1.0,2,ar,1,babel_briefings
fab824a5bc7ebdf614ed1d40f34076a62de98878a8dadfb9b605c67b549a6572,1,-0.0,0.0,literature,1.0,2,fr,1,french_pd_books
fac3200597e67342ad7df30899e10cb5800b9db700cdfefe3bde897b0573cfd1,1,-0.0,0.0,news,1.0,2,ru,1,babel_briefings
fac69e0009256350ea60e848483ea1546e474be873e3e5f595f4168d084f7ec9,1,-0.0,0.0,literature,1.0,2,es,1,spanish_pd_books
fac8337dd25ce674af47cc153b946ac84c78eeaec0c5be0a7a2b6b9e975585a0,1,-0.0,0.0,news,1.0,2,ru,1,babel_briefings
fad0b1db039786004e952417d9033a7237dd142498a0d4a21c24d1e474eb3f1e,1,-0.0,0.0,literature,1.0,2,es,1,spanish_pd_books
fad9549c5704faa7661fd6ce1a7a89187bae0e70af8c255c595dd483a10c2f60,1,-0.0,0.0,social_media,1.0,2,zh,1,xiaohongshu
fafe108b2268c150b67f4d25ba3d085b844a1c6752f15fbec153ac71f5ed5a94,1,-0.0,0.0,literature,1.0,2,ru,1,russian_pd
fb0344be8ca5f690c14dc147be742a950f2a5666a732fd2ce62e106e00dfae8f,1,-0.0,0.0,social_media,1.0,2,ko,1,exorde
fb1350e3d86be41ac4f1a9632e994b37e30c0c75b5f01533a315c8ee0a3a7451,1,-0.0,0.0,social_media,1.0,2,ar,1,exorde
fb1903dfbd4f21f90895de98b5cfeeebd66b45d674591fc74b74e87576c6b7e9,1,-0.0,0.0,media_reviews,1.0,2,zh,1,douban
fb1e66c8b5e0b7431ccf7d024aaaaa0f9ec58334e0256cdc1c1bb13fc4471bb5,1,-0.0,0.0,blog,1.0,2,en,1,blog_authorship
fb21ecdcc6adf7fdb92a23e84b52469cfe3e70dc9dbbfdaa506756234d783f91,1,-0.0,0.0,social_media,1.0,2,hi,1,exorde
fb2c0f9d66f3ee62132a1385f5e0ad20ec9016740d12dc6a763023a024be16d0,1,-0.0,0.0,literature,1.0,2,ru,1,russian_pd
fb40788d045158e29d955fd525f17eb58b17620c2842a6eef80bba4ce586312e,1,-0.0,0.0,social_media,1.0,2,ru,1,exorde
fb48d41aa7ab5a2528756c8b44d331195fcc8430f04252669f69748488d2fb63,1,-0.0,0.0,media_reviews,1.0,2,zh,1,douban
fb4f3a5d6d8e7ae39fcbbf9874630ffc03c580c745420f41b1410f993c448c28,1,-0.0,0.0,literature,1.0,2,ru,1,russian_pd
fb5b097cf8f6af6421edfc08e38ff68d7213d0d797c9a1095c47e7ccc50e28d2,1,-0.0,0.0,news,1.0,2,ar,1,babel_briefings
fb5e8bf0bb061b27548f44630979f2ab7fa0670f676ce2de2c5b64fc67544f1f,1,-0.0,0.0,social_media,1.0,2,ar,1,exorde
fb6772075743fbd2d787c9ae399a2168e8e2895feb217f9ca9f93307e81c15a6,1,-0.0,0.0,social_media,1.0,2,hi,1,exorde
fb7d1a12e579825d294355141f51a998b0ebe91a5a8c8b0eaeaae6c80a48e8d6,1,-0.0,0.0,literature,1.0,2,ru,1,russian_pd
fb7f814a3e6746e42fb16d5645b46d8c553c07bc58995928c6a900d067bebbf5,1,-0.0,0.0,social_media,1.0,2,fr,1,exorde
fb7ff2ee41bc8a9e4fea79cb30802e8fb953b5b4a0e4a208ff1d563afa223f90,1,-0.0,0.0,social_media,1.0,2,ko,1,exorde
fb807e72a012107756e1a379e884aa7b2271a2872d7a92408e1c55b54361c2e7,1,-0.0,0.0,social_media,1.0,2,ar,1,exorde
fb84b9fc117ed8f0d1e0d9a31f95690e95e2d1970506af28704e8a790743f5c1,1,-0.0,0.0,media_reviews,1.0,2,zh,1,douban
fb8a8a9e9d3f8f286cce6a84769ee6a9ccb4da9890ddb4a3ed97583b2fb5eebc,1,-0.0,0.0,media_reviews,1.0,2,zh,1,douban
fb9792b9b2beb4ce64477214ef9c1a83f1062978557822180fb1716cb9c0dddf,1,-0.0,0.0,news,1.0,2,ar,1,babel_briefings
fb9e9b207ed8e851a41201a6b452e232431f272221ab6f18d163c9bd18cbe6c0,1,-0.0,0.0,social_media,1.0,2,ar,1,exorde
fba381cd024c17c5acbfac44209e0b843f29c4bd7e5c28003cc1c83a1b47237e,1,-0.0,0.0,news,1.0,2,ja,1,babel_briefings
fbae2e8d7a4459ea49d3357a38df31f7812f34164210de2adc5fc49b98b93622,1,-0.0,0.0,literature,1.0,2,ru,1,russian_pd
fbcb180b4939daa8e1af46759b8fd76098efaafd1b7bede4ba3d68015f372e81,1,-0.0,0.0,news,1.0,2,ko,1,babel_briefings
fbcc70fb624f873b38a5a7f537162bcc5b34b1bddf20d2d07330472d520d1331,1,-0.0,0.0,media_reviews,1.0,2,zh,1,douban
fbcc8af668a78b067dcdc5323dc6c662dc032688c4e6ac7759fa5b9919d0ca34,1,-0.0,0.0,news,1.0,2,ko,1,babel_briefings
fbd09dd015b40dfdd6344e6cb51872245d114576e66fd1b2aacbc95a3fb89641,1,-0.0,0.0,media_reviews,1.0,2,zh,1,douban
fbe817d90843fceb3a6c8cf7545736efb2ef242eb1201be953d43da004a24243,1,-0.0,0.0,literature,1.0,2,fr,1,french_pd_books
fbee28d400a4341d19e6cf7ac50a75750d64dd99d4e7db373daecbe69a241632,1,-0.0,0.0,news,1.0,2,ru,1,babel_briefings
fbf70cd5cb0eee74f8db6cc407e6cc1dfb811b48db01da02dda171699c999fb3,1,-0.0,0.0,social_media,1.0,2,de,1,exorde
fc12e4137755668f6f1924d64eaeb153b0556d9b4940bc282c449ca35644adef,1,-0.0,0.0,literature,1.0,2,es,1,spanish_pd_books
fc456499bcf9809b959830af87d6902f8290d3eac10c98f2c012be4b0a890264,1,-0.0,0.0,news,1.0,2,ko,1,babel_briefings
fc49f55f68ed5fa8756e0c05d88157fd2001bfb4c1f5f5ba0780c06e745cd498,1,-0.0,0.0,social_media,1.0,2,ko,1,exorde
fc4d1aecd3305ac181bf080a871c91c9a9dd2d93835b2095abc24f7f72af9186,1,-0.0,0.0,news,1.0,2,ru,1,babel_briefings
fc70328eb725e37316f2a4c5cafc07e927758a24a87758bdc2f4f9ed8a5c2693,1,-0.0,0.0,social_media,1.0,2,ko,1,exorde
fc7ea929f5db5cfd9a91ce58eaee226f4edc69a8b4a4dd9014b7fcb9d1ec7593,1,-0.0,0.0,media_reviews,1.0,2,zh,1,douban
fc959a1017745d264230cd04446df73964ff1cb434aa35178ef58c2d46522934,1,-0.0,0.0,social_media,1.0,2,ko,1,exorde
fc9e0e554ad95a3e4c2ac198956e22228ea1c93b3af3afd58924e81e4e57fcfc,1,-0.0,0.0,news,1.0,2,ar,1,babel_briefings
fca617b0dff8d7d36728ce1f28bdd6fe6228df3dd0657304f88fc7effb39a16b,1,-0.0,0.0,blog,1.0,2,en,1,blog_authorship
fcac7e25323e7be3bfacbdd39a5c857a723435ae7a7be4f34a926e628f0fdf0a,1,-0.0,0.0,literature,1.0,2,ru,1,russian_pd
fcaf4ed3bcf54aae97522aa95a1c7c92fed1482ca25f791b38c14b05495ab761,1,-0.0,0.0,social_media,1.0,2,hi,1,exorde
fcb9fbe8642037a7148cecf10077627431a47dc66bf09f97ab5c7f51051cecfc,1,-0.0,0.0,literature,1.0,2,es,1,spanish_pd_books
fcc1d726f42799ada5f9a0ea69302306a9e217e8b2b134ea073da269fadeb3c9,1,-0.0,0.0,social_media,1.0,2,ko,1,exorde
fcd29bae85c28fc4090b2227ef0a5087e0b31d5bf9ece792455bc0b0be2baf36,1,-0.0,0.0,literature,1.0,2,fr,1,french_pd_books
fcd5095590796886955b4421596036c3471ffdc74f06f7d8daef1f516878cb08,1,-0.0,0.0,news,1.0,2,ru,1,babel_briefings
fcf4e29d3c6fbac81b65c02c62c8422d45f534120531bb5a489da5ab102c6b42,1,-0.0,0.0,news,1.0,2,zh,1,babel_briefings
fd04bb688a439a6aa83f953dc1826b637a3cb540b41d408a39bf4cd379a7a760,1,-0.0,0.0,literature,1.0,2,de,1,german_pd
fd1a7cadf8b5f00bfbabd75e13d5bce905ed56b99bfe281f1fff1a194e9cc0b4,1,-0.0,0.0,social_media,1.0,2,ar,1,exorde
fd1c2feb3a12b7d12b0264517b04e8d0f7612d00d2e7039796a4153730f5735e,1,-0.0,0.0,social_media,1.0,2,ko,1,exorde
fd223f9d0ddff07f34cd9e51a593f55bcb6f2a2255dc377f3137e0387bf7d4b7,1,-0.0,0.0,news,1.0,2,ar,1,babel_briefings
fd4b2bec60a697662bf4c42e35604302b1240a5306936462c93d6844e022d9a2,1,-0.0,0.0,news,1.0,2,fr,1,babel_briefings
fd52e4c0321a3cfe09464da2bdf869c36694ff827ac0fe202e0bfefb5b0da697,1,-0.0,0.0,news,1.0,2,ja,1,babel_briefings
fd5354b78aea60a1551c7f240970e295602a602aa62cf5647a012d6a8ecdcd6c,1,-0.0,0.0,social_media,1.0,2,ko,1,exorde
fd538d3d679d8c7284fea27449b5fb850893f81e13e7b295e9f040d5bec871ed,1,-0.0,0.0,media_reviews,1.0,2,zh,1,douban
fd56b4663535bb2a298eda4f224258d70eb06e332f9e8e29ce5f674711e77a6b,1,-0.0,0.0,social_media,1.0,2,ar,1,exorde
fd5fa6cba83d9d8f6903eb4e60c9ce1f66dddaa4e912d96283fe33a7db5f85cb,1,-0.0,0.0,media_reviews,1.0,2,zh,1,douban
fd603da85b855d7384c7b76d1ff4f5c65c47222621cb43acc1b9df90e52c064b,1,-0.0,0.0,social_media,1.0,2,zh,1,exorde
fd65c93e7015f0e417c30020bc4490be052ee916b64d469c7bc6023fed9507de,1,-0.0,0.0,social_media,1.0,2,ru,1,exorde
fd7334cd9502e84fa97399d078cb2094d17fb7ed10c7720389ba8b7a329ecc4a,1,-0.0,0.0,news,1.0,2,en,1,babel_briefings
fd76c6afb2a5251dc175b045457db3c929c7dbdea5f6b9328c85f15c5314d016,1,-0.0,0.0,social_media,1.0,2,ar,1,exorde
fd779bf317f837fa6636c01a6aa79bee73829cb1aeaa8e36137e6ea6a60b1126,1,-0.0,0.0,news,1.0,2,en,1,babel_briefings
fd7d460ab19bda376c5e1a941e1570640a34010c2b53257d7c437e58adc40435,1,-0.0,0.0,news,1.0,2,ko,1,babel_briefings
fd8118d80a6ff66fd83c4abc4b02bde250ffd3339b59bb53a0f2349b928d13e1,1,-0.0,0.0,social_media,1.0,2,ar,1,exorde
fd847d14f6279a2a0dee56fe5ac43f6e3e114f075645922958220f6e01a50e6c,1,-0.0,0.0,social_media,1.0,2,ru,1,exorde
fd8d9e2a3c4c559226b3d56df30c083355f47b1f4730a40b8ac340bff25cd2ee,1,-0.0,0.0,literature,1.0,2,de,1,german_pd
fd9a08ad031b4879e2016a057773c951ce41c1df996931fd239c77696f46e287,1,-0.0,0.0,news,1.0,2,ar,1,babel_briefings
fd9c74a3c825334bbfce138f18cdbf35636bac25ad0d34123ecb64374aaa32bf,1,-0.0,0.0,news,1.0,2,ar,1,babel_briefings
fda95e9c945ff3cef5b48beba122f6e7de84c4080ea09ff18d0cf2defa430941,1,-0.0,0.0,social_media,1.0,2,de,1,exorde
fdaeaa8e14152bea109f9a7705164a51d4af70d85a33009899e9e977b14158c5,1,-0.0,0.0,news,1.0,2,ko,1,babel_briefings
fdcd54b08559fc8f05786ec81df6c71ee59be0de2b46aa9efe9d683a7fd1feb4,1,-0.0,0.0,media_reviews,1.0,2,zh,1,douban
fdd1e911a13a7a0635f4c96f86bea292ca539ea31046c118822266d784367259,1,-0.0,0.0,social_media,1.0,2,fr,1,exorde
fdde9473ebbbfed833ed6ed1cfaef0741fd1406c93c85c76d8f8b143776303e2,1,-0.0,0.0,literature,1.0,2,es,1,spanish_pd_books
fde65991ee4bb101c3f09de1b6bc5d8146c2ec92566d9d52930dd7fae69bdc07,1,-0.0,0.0,literature,1.0,2,es,1,spanish_pd_books
fdfd05a0057130f38ecbe943a688db3da23857795efe680e009f7436ba38d5d7,1,-0.0,0.0,social_media,1.0,2,de,1,exorde
fe01ccc19286d9580551c8bf803cd0bb94fea6b547efd89b9fe4f7ff747e6282,1,-0.0,0.0,blog,1.0,2,en,1,blog_authorship
fe049005642a51e6b500596b9b9704678882a3b311cac7e3677c411928e943ef,1,-0.0,0.0,media_reviews,1.0,2,zh,1,douban
fe156ad3481b7dd8392d39b67a4184ca56695f8339f9fe9d1d45754ad9b6ac6a,1,-0.0,0.0,literature,1.0,2,de,1,german_pd
fe18a22fb383f0080ea7cde9ede92a32b38fe5df82d9fceabcfde289d11ba1da,1,-0.0,0.0,news,1.0,2,ja,1,babel_briefings
fe36da8003ae7fe047784c29276239da8f5e39c32757a797edf17dd9c638ea23,1,-0.0,0.0,literature,1.0,2,es,1,spanish_pd_books
fe3bd42198987abc824710d521f62cd0d74220325094a99251c227ce45fb0533,1,-0.0,0.0,social_media,1.0,2,hi,1,exorde
fe3cd12555643e81710e740d97bebab8d24ab83c4a36e0abef929fc5a4d184a0,1,-0.0,0.0,social_media,1.0,2,hi,1,exorde
fe3e4315d7b9cb0ec2f2110465179442e1ef148bf8f7b79b3abed5d476bb4f26,1,-0.0,0.0,literature,1.0,2,ru,1,russian_pd
fe54afc65b858c0e2421e655a23c84fee35dd1cf425f660d66ea4625e3a68990,1,-0.0,0.0,social_media,1.0,2,ar,1,exorde
fe56abf20771d773e0b0934a709b98a6dc00272ff546ed3e138bf9668eb59128,1,-0.0,0.0,news,1.0,2,en,1,babel_briefings
fe5e1d5565da792d362062b89cb9a641b818b363716b67b1752cba7841c34ab8,1,-0.0,0.0,literature,1.0,2,es,1,spanish_pd_books
fe63921df2a19d5d93ccc6f3cd9b2874cc3192cd0c1964bcdf236e8f7d656c4a,1,-0.0,0.0,news,1.0,2,zh,1,babel_briefings
fe69411f031fca6d68e7292ad27f7e0a49fe62537c5d07cc468427f9113137e4,1,-0.0,0.0,news,1.0,2,ru,1,babel_briefings
fe72123e293d9223d6809c077db04edc0056996503261f7dd1739ee09d457ebc,1,-0.0,0.0,news,1.0,2,ko,1,babel_briefings
fe751d017cc41ac979404fb609340dc963bc561f7b700871cba73f2593afbd61,1,-0.0,0.0,news,1.0,2,ar,1,babel_briefings
fe775b6ab134804e11c47c671c0d5fdf5a183e62cda55bbdcf7958d667b981cb,1,-0.0,0.0,social_media,1.0,2,ru,1,exorde
fe8301283e2f46923fdf3dbbe36a2ab39b9b469254793a64bc65d5964cd55321,1,-0.0,0.0,news,1.0,2,en,1,babel_briefings
fe831ef0dfde13d6e2fff133749ad7a8edb3c0faec0b47f8797c5a4cc890f9b7,1,-0.0,0.0,social_media,1.0,2,hi,1,exorde
fe84b6a09d074030434af9d3c2201a8050ff4ad15f871413d77a3c4522bac1cd,1,-0.0,0.0,news,1.0,2,es,1,babel_briefings
fe87b7515e6216a88e8f28021058d2615baee322a0ced68ca1a59bd51a57ef3b,1,-0.0,0.0,news,1.0,2,fr,1,babel_briefings
fe8b95d1c7b05561b648c46b26d8948708d70af227430f30a19b2b8b52210908,1,-0.0,0.0,literature,1.0,2,de,1,german_pd
fe96df00ad6ec1bc0b1de8db4a5c5f2836279f7e1e5c30156b0c64cabcd7c11f,1,-0.0,0.0,social_media,1.0,2,ko,1,exorde
fe9e1ca753a886d45a79e904c55daa639ea4e4b202894ba40f42f48a349cd84c,1,-0.0,0.0,ecommerce_reviews,1.0,2,en,1,amazon_multi
fea91d6bbfcf648240b6913daa5be7fc3339e87fc8502a9734cb2500e8f76199,1,-0.0,0.0,literature,1.0,2,es,1,spanish_pd_books
feb4fa688e0ff0d561e5e91944222902d15a3a088d6cdea67530d8e68067068b,1,-0.0,0.0,news,1.0,2,de,1,babel_briefings
febeddb523d9176ac87d23cabf29e0ff162bc137f825d4e253ab382a594f18cd,1,-0.0,0.0,media_reviews,1.0,2,zh,1,douban
feccab99d4b160e65d51de1ab4db42e26683e4aac3a7fc4847155f68440f69d3,1,-0.0,0.0,media_reviews,1.0,2,zh,1,douban
fecdd0a0659423dc8dd33b9faddd0ffebe5ce529181a9cd1bb2597db4939a2ce,1,-0.0,0.0,media_reviews,1.0,2,zh,1,douban
fedb3213ca704304b8fb50087bde6070519c64182cee3b9d0188ee9c25ac8995,1,-0.0,0.0,news,1.0,2,de,1,babel_briefings
fee3777be5e3de36e1acfc989df61012edcf4f4c31b000b8e30b4673c3d15b38,1,-0.0,0.0,news,1.0,2,ru,1,babel_briefings
fef0e33751ebd1c2d8755435e6ea4080fa3985cdec77d799d6408d079ec20335,1,-0.0,0.0,literature,1.0,2,es,1,spanish_pd_books
fefc194eb3e48900c88e81e5c295667237d058ec6f7ee56f05df1a8575100ac6,1,-0.0,0.0,news,1.0,2,fr,1,babel_briefings
fefd87b6c8bd97462bba5bf3c1a2b35f3ba9af64cb89c69c40b84f4611f54385,1,-0.0,0.0,social_media,1.0,2,fr,1,exorde
ff1403d1e45f84f9190e0aed8a33f9ebd5daa38f1ba40094111a09dea808c018,1,-0.0,0.0,literature,1.0,2,ru,1,russian_pd
ff1963eaa5b0bc3087dc5438b62ef72726f964fc0f8c2017e524f6c1bbe3a876,1,-0.0,0.0,social_media,1.0,2,hi,1,exorde
ff2a905bc467fb852a38c48f1ebae221a1e2d3ecc51b079c8c4659966d1bfeff,1,-0.0,0.0,media_reviews,1.0,2,zh,1,douban
ff324a9ab2839b9ebef6e3e804b2efc0936255d577d5a7640b3cfb473d0883c2,1,-0.0,0.0,social_media,1.0,2,ko,1,exorde
ff3841ff24c2f6a57bb26f200ee634c03fcee47ade37c00d0505efccc0bf1185,1,-0.0,0.0,news,1.0,2,ko,1,babel_briefings
ff410b167dfad60a6edf72302eefc368bba08729819119a1c7b0c5cf9fe3ab38,1,-0.0,0.0,social_media,1.0,2,hi,1,exorde
ff44cedb492480a046b35e7715f332386f991714f07e70b2c7e5f5c5a528d9d0,1,-0.0,0.0,literature,1.0,2,fr,1,french_pd_books
ff497890d8ac26194893e5e2fd65313476c7a2580091e80c75a23d2b27d47de5,1,-0.0,0.0,social_media,1.0,2,ru,1,exorde
ff4c24c59b2f73b1f60abd9b04cf180134689e16f36749ca90c14e4dd1d1a344,1,-0.0,0.0,social_media,1.0,2,ar,1,exorde
ff4d9b75851bea75eeb28e2b39f0e082893d9f41435c5d4dfec7579e7e250440,1,-0.0,0.0,news,1.0,2,ar,1,babel_briefings
ff70e8d01b69116ffb316e10d76e7afa49720544b69d24804b2a2b2776b0cfa6,1,-0.0,0.0,social_media,1.0,2,ko,1,exorde
ff77221dea3c02f6435613538c1dbfed51da555863714a3308c635f1a3b50ec3,1,-0.0,0.0,blog,1.0,2,en,1,blog_authorship
ff77e7f4c8e101955a4376f12f93898326ae973f8c4cfbd45aabb287680197ed,1,-0.0,0.0,news,1.0,2,ko,1,babel_briefings
ff87a3c8636c4771262352d2ad550c9eb230d75ec600480ae8874a4e11dbe53a,1,-0.0,0.0,social_media,1.0,2,ar,1,exorde
ff97ed5901ba863ed3a0814afaaf29bcd02ccdd1cef9adb9d457ec1dc9ef04a6,1,-0.0,0.0,news,1.0,2,en,1,babel_briefings
ffb70a33ada2484eb8759095aa02ad37682df83ce52971b8795d146d8099175a,1,-0.0,0.0,ecommerce_reviews,1.0,2,en,1,amazon_multi
ffcf1ee09d7dd629c1114af0028e1d89fdb563f24505871d41d33c0ca0c8157c,1,-0.0,0.0,news,1.0,2,ar,1,babel_briefings
ffd878e1037b274885dee0dfa6f04bf33e1c0cb100802df3d35ee2ec3878eb4d,1,-0.0,0.0,news,1.0,2,ru,1,babel_briefings
ffe73506324eccc2a1bffcf1eb514a7970efca9966faa9568e2247590b1643ba,1,-0.0,0.0,blog,1.0,2,en,1,blog_authorship
ffea8e33fe263059d203f63eefb02b944b947c3642ccbdbb7f5c42be2c418155,1,-0.0,0.0,social_media,1.0,2,ru,1,exorde
ffec3ff275807438dda819e06b9a5000d325601e5a1fcea0d182470ca71f0469,1,-0.0,0.0,news,1.0,2,ja,1,babel_briefings
fff8688ffdd421f93c5ecf8fb51c7f865806b8d896ae318fa928fa36950f1b76,1,-0.0,0.0,literature,1.0,2,ru,1,russian_pd
